#
# There is insufficient memory for the Java Runtime Environment to continue.
# Native memory allocation (mmap) failed to map 65536 bytes. Error detail: Failed to commit metaspace.
# Possible reasons:
#   The system is out of physical RAM or swap space
#   This process is running with CompressedOops enabled, and the Java Heap may be blocking the growth of the native heap
# Possible solutions:
#   Reduce memory load on the system
#   Increase physical memory or swap space
#   Check if swap backing store is full
#   Decrease Java heap size (-Xmx/-Xms)
#   Decrease number of Java threads
#   Decrease Java thread stack sizes (-Xss)
#   Set larger code cache with -XX:ReservedCodeCacheSize=
#   JVM is running with Zero Based Compressed Oops mode in which the Java heap is
#     placed in the first 32GB address space. The Java Heap base address is the
#     maximum limit for the native heap growth. Please use -XX:HeapBaseMinAddress
#     to set the Java Heap base and to place the Java Heap above 32GB virtual address.
# This output file may be truncated or incomplete.
#
#  Out of Memory Error (virtualSpaceNode.cpp:113), pid=19024, tid=15372
#
# JRE version: OpenJDK Runtime Environment Temurin-21.0.7+6 (21.0.7+6) (build 21.0.7+6-LTS)
# Java VM: OpenJDK 64-Bit Server VM Temurin-21.0.7+6 (21.0.7+6-LTS, mixed mode, sharing, tiered, compressed oops, compressed class ptrs, g1 gc, windows-amd64)
# No core dump will be written. Minidumps are not enabled by default on client versions of Windows
#

---------------  S U M M A R Y ------------

Command Line: --add-opens=java.base/java.lang=ALL-UNNAMED --add-opens=java.base/java.lang.invoke=ALL-UNNAMED --add-opens=java.base/java.util=ALL-UNNAMED --add-opens=java.prefs/java.util.prefs=ALL-UNNAMED --add-exports=jdk.compiler/com.sun.tools.javac.api=ALL-UNNAMED --add-exports=jdk.compiler/com.sun.tools.javac.util=ALL-UNNAMED --add-opens=java.base/java.util=ALL-UNNAMED --add-opens=java.prefs/java.util.prefs=ALL-UNNAMED --add-opens=java.base/java.nio.charset=ALL-UNNAMED --add-opens=java.base/java.net=ALL-UNNAMED --add-opens=java.base/java.util.concurrent.atomic=ALL-UNNAMED --add-opens=java.xml/javax.xml.namespace=ALL-UNNAMED -XX:MaxMetaspaceSize=4G -XX:ReservedCodeCacheSize=512m -XX:+HeapDumpOnOutOfMemoryError -Xmx8G -Dfile.encoding=UTF-8 -Duser.country=US -Duser.language=en -Duser.variant -javaagent:C:\Users\babak\.gradle\wrapper\dists\gradle-8.12-all\5w11e38e9s8f05rwiw2wipzpb\gradle-8.12\lib\agents\gradle-instrumentation-agent-8.12.jar org.gradle.launcher.daemon.bootstrap.GradleDaemon 8.12

Host: Intel(R) Core(TM) i7-4790 CPU @ 3.60GHz, 8 cores, 15G,  Windows 11 , 64 bit Build 26100 (10.0.26100.8875)
Time: Tue Aug 11 14:58:44 2026 Iran Standard Time elapsed time: 18.164510 seconds (0d 0h 0m 18s)

---------------  T H R E A D  ---------------

Current thread (0x000001fe717f0900):  JavaThread "Daemon worker"        [_thread_in_vm, id=15372, stack(0x000000f1ccc00000,0x000000f1ccd00000) (1024K)]

Stack: [0x000000f1ccc00000,0x000000f1ccd00000]
Native frames: (J=compiled Java code, j=interpreted, Vv=VM code, C=native code)
V  [jvm.dll+0x6ce119]
V  [jvm.dll+0x8a84a1]
V  [jvm.dll+0x8aa9ce]
V  [jvm.dll+0x8ab0b3]
V  [jvm.dll+0x27f8a6]
V  [jvm.dll+0x8a41ee]
V  [jvm.dll+0x670575]
V  [jvm.dll+0x1e474c]
V  [jvm.dll+0x1e451e]
V  [jvm.dll+0x672e72]
V  [jvm.dll+0x672c92]
V  [jvm.dll+0x670f4e]
V  [jvm.dll+0x2695bf]
V  [jvm.dll+0x67b1b5]
V  [jvm.dll+0x21563d]
V  [jvm.dll+0x215bba]
V  [jvm.dll+0x2165e5]
V  [jvm.dll+0x20bbae]
V  [jvm.dll+0x5ae58c]
V  [jvm.dll+0x821706]
V  [jvm.dll+0x4718d6]
V  [jvm.dll+0x4777a8]
C  [java.dll+0x17ec]

Java frames: (J=compiled Java code, j=interpreted, Vv=VM code)
J 822  java.lang.ClassLoader.defineClass1(Ljava/lang/ClassLoader;Ljava/lang/String;[BIILjava/security/ProtectionDomain;Ljava/lang/String;)Ljava/lang/Class; java.base@21.0.7 (0 bytes) @ 0x000001fe10328011 [0x000001fe10327f40+0x00000000000000d1]
J 4411 c2 java.security.SecureClassLoader.defineClass(Ljava/lang/String;[BIILjava/security/CodeSource;)Ljava/lang/Class; java.base@21.0.7 (16 bytes) @ 0x000001fe1056a5e0 [0x000001fe10569a60+0x0000000000000b80]
J 8255 c2 java.net.URLClassLoader$1.run()Ljava/lang/Object; java.base@21.0.7 (5 bytes) @ 0x000001fe1074e310 [0x000001fe1074cc60+0x00000000000016b0]
J 10880 c2 java.net.URLClassLoader.findClass(Ljava/lang/String;)Ljava/lang/Class; java.base@21.0.7 (47 bytes) @ 0x000001fe10885868 [0x000001fe108857a0+0x00000000000000c8]
J 7434 c1 org.gradle.internal.classloader.VisitableURLClassLoader$InstrumentingVisitableURLClassLoader.findClass(Ljava/lang/String;)Ljava/lang/Class; (36 bytes) @ 0x000001fe003af29c [0x000001fe003af1c0+0x00000000000000dc]
J 4281 c2 java.lang.ClassLoader.loadClass(Ljava/lang/String;Z)Ljava/lang/Class; java.base@21.0.7 (121 bytes) @ 0x000001fe10559740 [0x000001fe10558ea0+0x00000000000008a0]
J 3454 c2 java.lang.ClassLoader.loadClass(Ljava/lang/String;)Ljava/lang/Class; java.base@21.0.7 (7 bytes) @ 0x000001fe104cb5ec [0x000001fe104cb5a0+0x000000000000004c]
v  ~StubRoutines::call_stub 0x000001fe0fd3100d
j  com.google.wireless.android.sdk.stats.GradleBuildProfile.toBuilder()Lcom/google/wireless/android/sdk/stats/GradleBuildProfile$Builder;+7
j  com.google.wireless.android.sdk.stats.GradleBuildProfile.newBuilder()Lcom/google/wireless/android/sdk/stats/GradleBuildProfile$Builder;+3
j  com.android.build.gradle.internal.profile.AnalyticsConfiguratorService.<init>()V+9
j  com.android.build.gradle.internal.profile.NoOpAnalyticsConfiguratorService.<init>()V+1
j  com.android.build.gradle.internal.profile.NoOpAnalyticsConfiguratorService$Inject.<init>()V+1
J 3335 c1 java.lang.invoke.DirectMethodHandle$Holder.newInvokeSpecial(Ljava/lang/Object;)Ljava/lang/Object; java.base@21.0.7 (20 bytes) @ 0x000001fe0066fb14 [0x000001fe0066f580+0x0000000000000594]
J 10813 c2 java.lang.reflect.Constructor.newInstanceWithCaller([Ljava/lang/Object;ZLjava/lang/Class;)Ljava/lang/Object; java.base@21.0.7 (51 bytes) @ 0x000001fe104e9a1c [0x000001fe104e9800+0x000000000000021c]
J 5371 c1 org.gradle.internal.instantiation.generator.AsmBackedClassGenerator$InvokeConstructorStrategy.newInstance(Lorg/gradle/internal/service/ServiceLookup;Lorg/gradle/internal/instantiation/InstanceGenerator;Lorg/gradle/api/Describable;[Ljava/lang/Object;)Ljava/lang/Object; (66 bytes) @ 0x000001fe0092e7d4 [0x000001fe0092dea0+0x0000000000000934]
J 6848 c1 org.gradle.internal.instantiation.generator.AbstractClassGenerator$GeneratedClassImpl$GeneratedConstructorImpl.newInstance(Lorg/gradle/internal/service/ServiceLookup;Lorg/gradle/internal/instantiation/InstanceGenerator;Lorg/gradle/api/Describable;[Ljava/lang/Object;)Ljava/lang/Object; (15 bytes) @ 0x000001fe00bdc4d4 [0x000001fe00bdc3c0+0x0000000000000114]
J 5368 c1 org.gradle.internal.instantiation.generator.DependencyInjectingInstantiator.doCreate(Ljava/lang/Class;Lorg/gradle/api/Describable;[Ljava/lang/Object;)Ljava/lang/Object; (64 bytes) @ 0x000001fe0092a82c [0x000001fe0092a620+0x000000000000020c]
J 6984 c1 org.gradle.internal.instantiation.generator.DependencyInjectingInstantiator.newInstance(Ljava/lang/Class;[Ljava/lang/Object;)Ljava/lang/Object; (8 bytes) @ 0x000001fe00c29fcc [0x000001fe00c29f40+0x000000000000008c]
j  org.gradle.api.services.internal.RegisteredBuildServiceProvider.instantiate(Lorg/gradle/internal/service/ServiceLookup;)Lorg/gradle/api/services/BuildService;+23
j  org.gradle.api.services.internal.RegisteredBuildServiceProvider.instantiate()Lorg/gradle/internal/Try;+30
j  org.gradle.api.services.internal.RegisteredBuildServiceProvider.getInstance()Lorg/gradle/api/services/BuildService;+26
j  org.gradle.api.services.internal.RegisteredBuildServiceProvider.calculateOwnValue(Lorg/gradle/api/internal/provider/ValueSupplier$ValueConsumer;)Lorg/gradle/api/internal/provider/ValueSupplier$Value;+1
J 8438 c1 org.gradle.api.internal.provider.AbstractMinimalProvider.calculateOwnPresentValue()Lorg/gradle/api/internal/provider/ValueSupplier$Value; (32 bytes) @ 0x000001fe002fc79c [0x000001fe002fc680+0x000000000000011c]
J 8437 c1 org.gradle.api.internal.provider.AbstractMinimalProvider.get()Ljava/lang/Object; (10 bytes) @ 0x000001fe006738bc [0x000001fe006737c0+0x00000000000000fc]
j  com.android.build.gradle.internal.plugins.AndroidPluginBaseServices$configuratorService$2$1.invoke(Lorg/gradle/api/Project;)Lcom/android/build/gradle/internal/profile/AnalyticsConfiguratorService;+57
j  com.android.build.gradle.internal.plugins.AndroidPluginBaseServices$configuratorService$2$1.invoke(Ljava/lang/Object;)Ljava/lang/Object;+5
j  com.android.build.gradle.internal.plugins.AndroidPluginBaseServices.withProject(Ljava/lang/String;Lkotlin/jvm/functions/Function1;)Ljava/lang/Object;+28
j  com.android.build.gradle.internal.plugins.AndroidPluginBaseServices$configuratorService$2.invoke()Lcom/android/build/gradle/internal/profile/AnalyticsConfiguratorService;+20
j  com.android.build.gradle.internal.plugins.AndroidPluginBaseServices$configuratorService$2.invoke()Ljava/lang/Object;+1
J 8332 c1 kotlin.SynchronizedLazyImpl.getValue()Ljava/lang/Object; (92 bytes) @ 0x000001fe0038d11c [0x000001fe0038cce0+0x000000000000043c]
j  com.android.build.gradle.internal.plugins.AndroidPluginBaseServices.getConfiguratorService()Lcom/android/build/gradle/internal/profile/AnalyticsConfiguratorService;+6
j  com.android.build.gradle.internal.plugins.AndroidPluginBaseServices.basePluginApply(Lorg/gradle/api/Project;Lorg/gradle/api/configuration/BuildFeatures;)V+316
j  com.android.build.gradle.internal.plugins.BasePlugin$apply$1.run()V+15
j  com.android.build.gradle.internal.crash.CrashReporting.runAction(Ljava/lang/Runnable;)V+8
j  com.android.build.gradle.internal.plugins.BasePlugin.apply(Lorg/gradle/api/Project;)V+19
j  com.android.build.gradle.internal.plugins.BasePlugin.apply(Ljava/lang/Object;)V+5
j  org.gradle.api.internal.plugins.ImperativeOnlyPluginTarget.applyImperative(Ljava/lang/String;Lorg/gradle/api/Plugin;)V+13
j  org.gradle.api.internal.plugins.RuleBasedPluginTarget.applyImperative(Ljava/lang/String;Lorg/gradle/api/Plugin;)V+6
j  org.gradle.api.internal.plugins.DefaultPluginManager.addPlugin(Ljava/lang/Runnable;Lorg/gradle/api/internal/plugins/PluginImplementation;Ljava/lang/String;Ljava/lang/Class;)V+54
j  org.gradle.api.internal.plugins.DefaultPluginManager.access$100(Lorg/gradle/api/internal/plugins/DefaultPluginManager;Ljava/lang/Runnable;Lorg/gradle/api/internal/plugins/PluginImplementation;Ljava/lang/String;Ljava/lang/Class;)V+6
j  org.gradle.api.internal.plugins.DefaultPluginManager$AddPluginBuildOperation.run(Lorg/gradle/internal/operations/BuildOperationContext;)V+20
J 8242 c1 org.gradle.internal.operations.DefaultBuildOperationRunner$1.execute(Lorg/gradle/internal/operations/BuildOperation;Lorg/gradle/internal/operations/BuildOperationContext;)V (10 bytes) @ 0x000001fe00977544 [0x000001fe009772e0+0x0000000000000264]
J 7701 c1 org.gradle.internal.operations.DefaultBuildOperationRunner$2.execute(Lorg/gradle/internal/operations/BuildOperationDescriptor;Lorg/gradle/internal/operations/BuildOperationState;Lorg/gradle/internal/operations/BuildOperationState;Lorg/gradle/internal/operations/DefaultBuildOperationRunner$ReadableBuildOperationContext;Lorg/gradle/internal/operations/DefaultBuildOperationRunner$BuildOperationExecutionListener;)Lorg/gradle/internal/operations/BuildOperation; (110 bytes) @ 0x000001fe00cdfecc [0x000001fe00cdfcc0+0x000000000000020c]
J 7696 c1 org.gradle.internal.operations.DefaultBuildOperationRunner$2.execute(Lorg/gradle/internal/operations/BuildOperationDescriptor;Lorg/gradle/internal/operations/BuildOperationState;Lorg/gradle/internal/operations/BuildOperationState;Lorg/gradle/internal/operations/DefaultBuildOperationRunner$ReadableBuildOperationContext;Lorg/gradle/internal/operations/DefaultBuildOperationRunner$BuildOperationExecutionListener;)Ljava/lang/Object; (12 bytes) @ 0x000001fe00cdf1bc [0x000001fe00cdf140+0x000000000000007c]
J 9016 c1 org.gradle.internal.operations.DefaultBuildOperationRunner.execute(Lorg/gradle/internal/operations/BuildOperationDescriptor$Builder;Lorg/gradle/internal/operations/BuildOperationState;Lorg/gradle/internal/operations/DefaultBuildOperationRunner$BuildOperationExecution;)Ljava/lang/Object; (147 bytes) @ 0x000001fe00df06ec [0x000001fe00defb00+0x0000000000000bec]
J 7643 c1 org.gradle.internal.operations.DefaultBuildOperationRunner.execute(Lorg/gradle/internal/operations/BuildOperation;Lorg/gradle/internal/operations/BuildOperationWorker;Lorg/gradle/internal/operations/BuildOperationState;)V (23 bytes) @ 0x000001fe00cbc724 [0x000001fe00cbc460+0x00000000000002c4]
J 8241 c1 org.gradle.internal.operations.DefaultBuildOperationRunner.run(Lorg/gradle/internal/operations/RunnableBuildOperation;)V (13 bytes) @ 0x000001fe002dce64 [0x000001fe002dca80+0x00000000000003e4]
j  org.gradle.api.internal.plugins.DefaultPluginManager.lambda$doApply$0(Ljava/lang/Runnable;Lorg/gradle/api/internal/plugins/PluginImplementation;Ljava/lang/String;Ljava/lang/Class;Lorg/gradle/internal/code/UserCodeApplicationId;)V+20
j  org.gradle.api.internal.plugins.DefaultPluginManager$$Lambda+0x000001fe2c735688.execute(Ljava/lang/Object;)V+24
j  org.gradle.internal.code.DefaultUserCodeApplicationContext.apply(Lorg/gradle/internal/code/UserCodeSource;Lorg/gradle/api/Action;)V+37
j  org.gradle.api.internal.plugins.DefaultPluginManager.doApply(Lorg/gradle/api/internal/plugins/PluginImplementation;)V+144
j  org.gradle.api.internal.plugins.DefaultPluginManager.apply(Ljava/lang/String;)V+52
j  org.gradle.api.internal.plugins.DefaultObjectConfigurationAction.applyType(Ljava/lang/String;)V+43
j  org.gradle.api.internal.plugins.DefaultObjectConfigurationAction.access$200(Lorg/gradle/api/internal/plugins/DefaultObjectConfigurationAction;Ljava/lang/String;)V+2
j  org.gradle.api.internal.plugins.DefaultObjectConfigurationAction$3.run()V+8
j  org.gradle.api.internal.plugins.DefaultObjectConfigurationAction.execute()V+58
j  org.gradle.api.internal.project.AbstractPluginAware.apply(Ljava/util/Map;)V+12
j  org.gradle.api.internal.project.DefaultProject.apply(Ljava/util/Map;)V+6
j  com.android.build.gradle.AppPlugin.apply(Lorg/gradle/api/Project;)V+15
j  com.android.build.gradle.AppPlugin.apply(Ljava/lang/Object;)V+5
j  org.gradle.api.internal.plugins.ImperativeOnlyPluginTarget.applyImperative(Ljava/lang/String;Lorg/gradle/api/Plugin;)V+13
j  org.gradle.api.internal.plugins.RuleBasedPluginTarget.applyImperative(Ljava/lang/String;Lorg/gradle/api/Plugin;)V+6
j  org.gradle.api.internal.plugins.DefaultPluginManager.addPlugin(Ljava/lang/Runnable;Lorg/gradle/api/internal/plugins/PluginImplementation;Ljava/lang/String;Ljava/lang/Class;)V+54
j  org.gradle.api.internal.plugins.DefaultPluginManager.access$100(Lorg/gradle/api/internal/plugins/DefaultPluginManager;Ljava/lang/Runnable;Lorg/gradle/api/internal/plugins/PluginImplementation;Ljava/lang/String;Ljava/lang/Class;)V+6
j  org.gradle.api.internal.plugins.DefaultPluginManager$AddPluginBuildOperation.run(Lorg/gradle/internal/operations/BuildOperationContext;)V+20
J 8242 c1 org.gradle.internal.operations.DefaultBuildOperationRunner$1.execute(Lorg/gradle/internal/operations/BuildOperation;Lorg/gradle/internal/operations/BuildOperationContext;)V (10 bytes) @ 0x000001fe00977544 [0x000001fe009772e0+0x0000000000000264]
J 7701 c1 org.gradle.internal.operations.DefaultBuildOperationRunner$2.execute(Lorg/gradle/internal/operations/BuildOperationDescriptor;Lorg/gradle/internal/operations/BuildOperationState;Lorg/gradle/internal/operations/BuildOperationState;Lorg/gradle/internal/operations/DefaultBuildOperationRunner$ReadableBuildOperationContext;Lorg/gradle/internal/operations/DefaultBuildOperationRunner$BuildOperationExecutionListener;)Lorg/gradle/internal/operations/BuildOperation; (110 bytes) @ 0x000001fe00cdfecc [0x000001fe00cdfcc0+0x000000000000020c]
J 7696 c1 org.gradle.internal.operations.DefaultBuildOperationRunner$2.execute(Lorg/gradle/internal/operations/BuildOperationDescriptor;Lorg/gradle/internal/operations/BuildOperationState;Lorg/gradle/internal/operations/BuildOperationState;Lorg/gradle/internal/operations/DefaultBuildOperationRunner$ReadableBuildOperationContext;Lorg/gradle/internal/operations/DefaultBuildOperationRunner$BuildOperationExecutionListener;)Ljava/lang/Object; (12 bytes) @ 0x000001fe00cdf1bc [0x000001fe00cdf140+0x000000000000007c]
J 9016 c1 org.gradle.internal.operations.DefaultBuildOperationRunner.execute(Lorg/gradle/internal/operations/BuildOperationDescriptor$Builder;Lorg/gradle/internal/operations/BuildOperationState;Lorg/gradle/internal/operations/DefaultBuildOperationRunner$BuildOperationExecution;)Ljava/lang/Object; (147 bytes) @ 0x000001fe00df06ec [0x000001fe00defb00+0x0000000000000bec]
J 7643 c1 org.gradle.internal.operations.DefaultBuildOperationRunner.execute(Lorg/gradle/internal/operations/BuildOperation;Lorg/gradle/internal/operations/BuildOperationWorker;Lorg/gradle/internal/operations/BuildOperationState;)V (23 bytes) @ 0x000001fe00cbc724 [0x000001fe00cbc460+0x00000000000002c4]
J 8241 c1 org.gradle.internal.operations.DefaultBuildOperationRunner.run(Lorg/gradle/internal/operations/RunnableBuildOperation;)V (13 bytes) @ 0x000001fe002dce64 [0x000001fe002dca80+0x00000000000003e4]
j  org.gradle.api.internal.plugins.DefaultPluginManager.lambda$doApply$0(Ljava/lang/Runnable;Lorg/gradle/api/internal/plugins/PluginImplementation;Ljava/lang/String;Ljava/lang/Class;Lorg/gradle/internal/code/UserCodeApplicationId;)V+20
j  org.gradle.api.internal.plugins.DefaultPluginManager$$Lambda+0x000001fe2c735688.execute(Ljava/lang/Object;)V+24
j  org.gradle.internal.code.DefaultUserCodeApplicationContext.apply(Lorg/gradle/internal/code/UserCodeSource;Lorg/gradle/api/Action;)V+37
j  org.gradle.api.internal.plugins.DefaultPluginManager.doApply(Lorg/gradle/api/internal/plugins/PluginImplementation;)V+144
j  org.gradle.api.internal.plugins.DefaultPluginManager.apply(Lorg/gradle/api/internal/plugins/PluginImplementation;)V+2
j  org.gradle.plugin.use.resolve.internal.ClassPathPluginResolution.applyTo(Lorg/gradle/api/internal/plugins/PluginManagerInternal;)V+5
j  org.gradle.plugin.use.internal.DefaultPluginRequestApplicator$ApplyAction.apply(Lorg/gradle/api/internal/plugins/PluginManagerInternal;)V+21
j  org.gradle.plugin.use.internal.DefaultPluginRequestApplicator.lambda$applyPlugins$1(Lorg/gradle/api/internal/plugins/PluginManagerInternal;Lorg/gradle/plugin/use/internal/DefaultPluginRequestApplicator$ApplyAction;)V+2
j  org.gradle.plugin.use.internal.DefaultPluginRequestApplicator$$Lambda+0x000001fe2c7fb168.accept(Ljava/lang/Object;)V+8
j  java.util.ArrayList.forEach(Ljava/util/function/Consumer;)V+46 java.base@21.0.7
j  org.gradle.plugin.use.internal.DefaultPluginRequestApplicator.applyPlugins(Lorg/gradle/plugin/management/internal/PluginRequests;Lorg/gradle/api/internal/initialization/ScriptHandlerInternal;Lorg/gradle/api/internal/plugins/PluginManagerInternal;Lorg/gradle/api/internal/initialization/ClassLoaderScope;)V+375
j  org.gradle.kotlin.dsl.provider.PluginRequestsHandler.handle(Lorg/gradle/plugin/management/internal/PluginRequests;Lorg/gradle/api/internal/initialization/ScriptHandlerInternal;Lorg/gradle/api/internal/plugins/PluginAwareInternal;Lorg/gradle/api/internal/initialization/ClassLoaderScope;)V+65
j  org.gradle.kotlin.dsl.provider.StandardKotlinScriptEvaluator$InterpreterHost.applyPluginsTo(Lorg/gradle/kotlin/dsl/support/KotlinScriptHost;Lorg/gradle/plugin/management/internal/PluginRequests;)V+52
j  org.gradle.kotlin.dsl.execution.Interpreter$ProgramHost.applyPluginsTo(Lorg/gradle/kotlin/dsl/support/KotlinScriptHost;Lorg/gradle/plugin/management/internal/PluginRequests;)V+21
j  Program.execute(Lorg/gradle/kotlin/dsl/execution/ExecutableProgram$Host;Lorg/gradle/kotlin/dsl/support/KotlinScriptHost;)V+59
j  org.gradle.kotlin.dsl.execution.Interpreter$ProgramHost.eval(Lorg/gradle/kotlin/dsl/execution/CompiledScript;Lorg/gradle/kotlin/dsl/support/KotlinScriptHost;)V+88
j  org.gradle.kotlin.dsl.execution.Interpreter.eval(Ljava/lang/Object;Lorg/gradle/groovy/scripts/ScriptSource;Lorg/gradle/internal/hash/HashCode;Lorg/gradle/api/initialization/dsl/ScriptHandler;Lorg/gradle/api/internal/initialization/ClassLoaderScope;Lorg/gradle/api/internal/initialization/ClassLoaderScope;ZLjava/util/EnumSet;)V+213
j  org.gradle.kotlin.dsl.provider.StandardKotlinScriptEvaluator.evaluate(Ljava/lang/Object;Lorg/gradle/groovy/scripts/ScriptSource;Lorg/gradle/api/initialization/dsl/ScriptHandler;Lorg/gradle/api/internal/initialization/ClassLoaderScope;Lorg/gradle/api/internal/initialization/ClassLoaderScope;ZLjava/util/EnumSet;)V+163
j  org.gradle.kotlin.dsl.provider.KotlinScriptPluginFactory$create$1.invoke(Ljava/lang/Object;)V+253
j  org.gradle.kotlin.dsl.provider.KotlinScriptPluginFactory$create$1.invoke(Ljava/lang/Object;)Ljava/lang/Object;+2
j  org.gradle.kotlin.dsl.provider.KotlinScriptPlugin.apply(Ljava/lang/Object;)V+22
j  org.gradle.configuration.BuildOperationScriptPlugin$1.run(Lorg/gradle/internal/operations/BuildOperationContext;)V+11
J 8242 c1 org.gradle.internal.operations.DefaultBuildOperationRunner$1.execute(Lorg/gradle/internal/operations/BuildOperation;Lorg/gradle/internal/operations/BuildOperationContext;)V (10 bytes) @ 0x000001fe00977544 [0x000001fe009772e0+0x0000000000000264]
J 7701 c1 org.gradle.internal.operations.DefaultBuildOperationRunner$2.execute(Lorg/gradle/internal/operations/BuildOperationDescriptor;Lorg/gradle/internal/operations/BuildOperationState;Lorg/gradle/internal/operations/BuildOperationState;Lorg/gradle/internal/operations/DefaultBuildOperationRunner$ReadableBuildOperationContext;Lorg/gradle/internal/operations/DefaultBuildOperationRunner$BuildOperationExecutionListener;)Lorg/gradle/internal/operations/BuildOperation; (110 bytes) @ 0x000001fe00cdfecc [0x000001fe00cdfcc0+0x000000000000020c]
J 7696 c1 org.gradle.internal.operations.DefaultBuildOperationRunner$2.execute(Lorg/gradle/internal/operations/BuildOperationDescriptor;Lorg/gradle/internal/operations/BuildOperationState;Lorg/gradle/internal/operations/BuildOperationState;Lorg/gradle/internal/operations/DefaultBuildOperationRunner$ReadableBuildOperationContext;Lorg/gradle/internal/operations/DefaultBuildOperationRunner$BuildOperationExecutionListener;)Ljava/lang/Object; (12 bytes) @ 0x000001fe00cdf1bc [0x000001fe00cdf140+0x000000000000007c]
J 9016 c1 org.gradle.internal.operations.DefaultBuildOperationRunner.execute(Lorg/gradle/internal/operations/BuildOperationDescriptor$Builder;Lorg/gradle/internal/operations/BuildOperationState;Lorg/gradle/internal/operations/DefaultBuildOperationRunner$BuildOperationExecution;)Ljava/lang/Object; (147 bytes) @ 0x000001fe00df06ec [0x000001fe00defb00+0x0000000000000bec]
J 7643 c1 org.gradle.internal.operations.DefaultBuildOperationRunner.execute(Lorg/gradle/internal/operations/BuildOperation;Lorg/gradle/internal/operations/BuildOperationWorker;Lorg/gradle/internal/operations/BuildOperationState;)V (23 bytes) @ 0x000001fe00cbc724 [0x000001fe00cbc460+0x00000000000002c4]
J 8241 c1 org.gradle.internal.operations.DefaultBuildOperationRunner.run(Lorg/gradle/internal/operations/RunnableBuildOperation;)V (13 bytes) @ 0x000001fe002dce64 [0x000001fe002dca80+0x00000000000003e4]
j  org.gradle.configuration.BuildOperationScriptPlugin.lambda$apply$0(Ljava/lang/Object;Lorg/gradle/internal/code/UserCodeApplicationId;)V+14
j  org.gradle.configuration.BuildOperationScriptPlugin$$Lambda+0x000001fe2c453bc8.execute(Ljava/lang/Object;)V+12
j  org.gradle.internal.code.DefaultUserCodeApplicationContext.apply(Lorg/gradle/internal/code/UserCodeSource;Lorg/gradle/api/Action;)V+37
j  org.gradle.configuration.BuildOperationScriptPlugin.apply(Ljava/lang/Object;)V+71
j  org.gradle.configuration.project.BuildScriptProcessor$$Lambda+0x000001fe2c7619f8.accept(Ljava/lang/Object;)V+8
j  org.gradle.api.internal.project.DefaultProjectStateRegistry$ProjectStateImpl.lambda$applyToMutableState$1(Ljava/util/function/Consumer;Lorg/gradle/api/internal/project/ProjectInternal;)Ljava/lang/Object;+2
j  org.gradle.api.internal.project.DefaultProjectStateRegistry$ProjectStateImpl$$Lambda+0x000001fe2c70fd08.apply(Ljava/lang/Object;)Ljava/lang/Object;+8
j  org.gradle.api.internal.project.DefaultProjectStateRegistry$ProjectStateImpl.fromMutableState(Ljava/util/function/Function;)Ljava/lang/Object;+97
j  org.gradle.api.internal.project.DefaultProjectStateRegistry$ProjectStateImpl.applyToMutableState(Ljava/util/function/Consumer;)V+7
j  org.gradle.configuration.project.BuildScriptProcessor.execute(Lorg/gradle/api/internal/project/ProjectInternal;)V+88
j  org.gradle.configuration.project.BuildScriptProcessor.execute(Ljava/lang/Object;)V+5
j  org.gradle.configuration.project.ConfigureActionsProjectEvaluator.evaluate(Lorg/gradle/api/internal/project/ProjectInternal;Lorg/gradle/api/internal/project/ProjectStateInternal;)V+33
j  org.gradle.configuration.project.LifecycleProjectEvaluator$EvaluateProject.lambda$run$0(Lorg/gradle/internal/operations/BuildOperationContext;Lorg/gradle/api/internal/project/ProjectInternal;)V+67
j  org.gradle.configuration.project.LifecycleProjectEvaluator$EvaluateProject$$Lambda+0x000001fe2c71cf10.accept(Ljava/lang/Object;)V+12
j  org.gradle.api.internal.project.DefaultProjectStateRegistry$ProjectStateImpl.lambda$applyToMutableState$1(Ljava/util/function/Consumer;Lorg/gradle/api/internal/project/ProjectInternal;)Ljava/lang/Object;+2
j  org.gradle.api.internal.project.DefaultProjectStateRegistry$ProjectStateImpl$$Lambda+0x000001fe2c70fd08.apply(Ljava/lang/Object;)Ljava/lang/Object;+8
j  org.gradle.api.internal.project.DefaultProjectStateRegistry$ProjectStateImpl.fromMutableState(Ljava/util/function/Function;)Ljava/lang/Object;+97
j  org.gradle.api.internal.project.DefaultProjectStateRegistry$ProjectStateImpl.applyToMutableState(Ljava/util/function/Consumer;)V+7
j  org.gradle.configuration.project.LifecycleProjectEvaluator$EvaluateProject.run(Lorg/gradle/internal/operations/BuildOperationContext;)V+16
J 8242 c1 org.gradle.internal.operations.DefaultBuildOperationRunner$1.execute(Lorg/gradle/internal/operations/BuildOperation;Lorg/gradle/internal/operations/BuildOperationContext;)V (10 bytes) @ 0x000001fe00977544 [0x000001fe009772e0+0x0000000000000264]
J 7701 c1 org.gradle.internal.operations.DefaultBuildOperationRunner$2.execute(Lorg/gradle/internal/operations/BuildOperationDescriptor;Lorg/gradle/internal/operations/BuildOperationState;Lorg/gradle/internal/operations/BuildOperationState;Lorg/gradle/internal/operations/DefaultBuildOperationRunner$ReadableBuildOperationContext;Lorg/gradle/internal/operations/DefaultBuildOperationRunner$BuildOperationExecutionListener;)Lorg/gradle/internal/operations/BuildOperation; (110 bytes) @ 0x000001fe00cdfecc [0x000001fe00cdfcc0+0x000000000000020c]
J 7696 c1 org.gradle.internal.operations.DefaultBuildOperationRunner$2.execute(Lorg/gradle/internal/operations/BuildOperationDescriptor;Lorg/gradle/internal/operations/BuildOperationState;Lorg/gradle/internal/operations/BuildOperationState;Lorg/gradle/internal/operations/DefaultBuildOperationRunner$ReadableBuildOperationContext;Lorg/gradle/internal/operations/DefaultBuildOperationRunner$BuildOperationExecutionListener;)Ljava/lang/Object; (12 bytes) @ 0x000001fe00cdf1bc [0x000001fe00cdf140+0x000000000000007c]
J 9016 c1 org.gradle.internal.operations.DefaultBuildOperationRunner.execute(Lorg/gradle/internal/operations/BuildOperationDescriptor$Builder;Lorg/gradle/internal/operations/BuildOperationState;Lorg/gradle/internal/operations/DefaultBuildOperationRunner$BuildOperationExecution;)Ljava/lang/Object; (147 bytes) @ 0x000001fe00df06ec [0x000001fe00defb00+0x0000000000000bec]
J 7643 c1 org.gradle.internal.operations.DefaultBuildOperationRunner.execute(Lorg/gradle/internal/operations/BuildOperation;Lorg/gradle/internal/operations/BuildOperationWorker;Lorg/gradle/internal/operations/BuildOperationState;)V (23 bytes) @ 0x000001fe00cbc724 [0x000001fe00cbc460+0x00000000000002c4]
J 8241 c1 org.gradle.internal.operations.DefaultBuildOperationRunner.run(Lorg/gradle/internal/operations/RunnableBuildOperation;)V (13 bytes) @ 0x000001fe002dce64 [0x000001fe002dca80+0x00000000000003e4]
j  org.gradle.configuration.project.LifecycleProjectEvaluator.evaluate(Lorg/gradle/api/internal/project/ProjectInternal;Lorg/gradle/api/internal/project/ProjectStateInternal;)V+42
j  org.gradle.api.internal.project.DefaultProject.evaluateUnchecked()Lorg/gradle/api/internal/project/ProjectInternal;+20
j  org.gradle.api.internal.project.ProjectLifecycleController.lambda$ensureSelfConfigured$2()V+4
j  org.gradle.api.internal.project.ProjectLifecycleController$$Lambda+0x000001fe2c7159f8.run()V+4
j  org.gradle.internal.model.StateTransitionController.lambda$doTransition$14(Ljava/lang/Runnable;)Lorg/gradle/internal/build/ExecutionResult;+1
j  org.gradle.internal.model.StateTransitionController$$Lambda+0x000001fe2c42c430.get()Ljava/lang/Object;+4
j  org.gradle.internal.model.StateTransitionController.doTransition(Lorg/gradle/internal/model/StateTransitionController$State;Lorg/gradle/internal/model/StateTransitionController$State;Ljava/util/function/Supplier;)Lorg/gradle/internal/build/ExecutionResult;+24
j  org.gradle.internal.model.StateTransitionController.doTransition(Lorg/gradle/internal/model/StateTransitionController$State;Lorg/gradle/internal/model/StateTransitionController$State;Ljava/lang/Runnable;)V+9
j  org.gradle.internal.model.StateTransitionController.lambda$maybeTransitionIfNotCurrentlyTransitioning$10(Lorg/gradle/internal/model/StateTransitionController$State;Lorg/gradle/internal/model/StateTransitionController$State;Ljava/lang/Runnable;)V+16
j  org.gradle.internal.model.StateTransitionController$$Lambda+0x000001fe2c715c10.run()V+16
j  org.gradle.internal.work.DefaultSynchronizer.withLock(Ljava/lang/Runnable;)V+6
j  org.gradle.internal.model.StateTransitionController.maybeTransitionIfNotCurrentlyTransitioning(Lorg/gradle/internal/model/StateTransitionController$State;Lorg/gradle/internal/model/StateTransitionController$State;Ljava/lang/Runnable;)V+13
j  org.gradle.api.internal.project.ProjectLifecycleController.ensureSelfConfigured()V+16
j  org.gradle.api.internal.project.DefaultProjectStateRegistry$ProjectStateImpl.ensureConfigured()V+19
j  org.gradle.api.internal.project.DefaultProject.evaluationDependsOn(Lorg/gradle/api/internal/project/ProjectInternal;)Lorg/gradle/api/Project;+44
j  org.gradle.api.internal.project.DefaultProject.evaluationDependsOn(Ljava/lang/String;)Lorg/gradle/api/Project;+26
j  Build_gradle$3.execute(Lorg/gradle/api/Project;)V+8
j  Build_gradle$3.execute(Ljava/lang/Object;)V+5
J 8662 c1 org.gradle.api.internal.DefaultMutationGuard$1.execute(Ljava/lang/Object;)V (67 bytes) @ 0x000001fe0000c444 [0x000001fe0000bfc0+0x0000000000000484]
j  org.gradle.internal.Actions.with(Ljava/lang/Object;Lorg/gradle/api/Action;)Ljava/lang/Object;+2
j  org.gradle.api.internal.project.BuildOperationCrossProjectConfigurator$1.run(Lorg/gradle/internal/operations/BuildOperationContext;)V+20
J 8242 c1 org.gradle.internal.operations.DefaultBuildOperationRunner$1.execute(Lorg/gradle/internal/operations/BuildOperation;Lorg/gradle/internal/operations/BuildOperationContext;)V (10 bytes) @ 0x000001fe00977544 [0x000001fe009772e0+0x0000000000000264]
J 7701 c1 org.gradle.internal.operations.DefaultBuildOperationRunner$2.execute(Lorg/gradle/internal/operations/BuildOperationDescriptor;Lorg/gradle/internal/operations/BuildOperationState;Lorg/gradle/internal/operations/BuildOperationState;Lorg/gradle/internal/operations/DefaultBuildOperationRunner$ReadableBuildOperationContext;Lorg/gradle/internal/operations/DefaultBuildOperationRunner$BuildOperationExecutionListener;)Lorg/gradle/internal/operations/BuildOperation; (110 bytes) @ 0x000001fe00cdfecc [0x000001fe00cdfcc0+0x000000000000020c]
J 7696 c1 org.gradle.internal.operations.DefaultBuildOperationRunner$2.execute(Lorg/gradle/internal/operations/BuildOperationDescriptor;Lorg/gradle/internal/operations/BuildOperationState;Lorg/gradle/internal/operations/BuildOperationState;Lorg/gradle/internal/operations/DefaultBuildOperationRunner$ReadableBuildOperationContext;Lorg/gradle/internal/operations/DefaultBuildOperationRunner$BuildOperationExecutionListener;)Ljava/lang/Object; (12 bytes) @ 0x000001fe00cdf1bc [0x000001fe00cdf140+0x000000000000007c]
J 9016 c1 org.gradle.internal.operations.DefaultBuildOperationRunner.execute(Lorg/gradle/internal/operations/BuildOperationDescriptor$Builder;Lorg/gradle/internal/operations/BuildOperationState;Lorg/gradle/internal/operations/DefaultBuildOperationRunner$BuildOperationExecution;)Ljava/lang/Object; (147 bytes) @ 0x000001fe00df06ec [0x000001fe00defb00+0x0000000000000bec]
J 7643 c1 org.gradle.internal.operations.DefaultBuildOperationRunner.execute(Lorg/gradle/internal/operations/BuildOperation;Lorg/gradle/internal/operations/BuildOperationWorker;Lorg/gradle/internal/operations/BuildOperationState;)V (23 bytes) @ 0x000001fe00cbc724 [0x000001fe00cbc460+0x00000000000002c4]
J 8241 c1 org.gradle.internal.operations.DefaultBuildOperationRunner.run(Lorg/gradle/internal/operations/RunnableBuildOperation;)V (13 bytes) @ 0x000001fe002dce64 [0x000001fe002dca80+0x00000000000003e4]
j  org.gradle.api.internal.project.BuildOperationCrossProjectConfigurator.lambda$runProjectConfigureAction$0(Lorg/gradle/api/internal/project/ProjectInternal;Lorg/gradle/api/Action;Lorg/gradle/api/internal/project/ProjectInternal;)V+15
j  org.gradle.api.internal.project.BuildOperationCrossProjectConfigurator$$Lambda+0x000001fe2c70fae0.accept(Ljava/lang/Object;)V+16
j  org.gradle.api.internal.project.DefaultProjectStateRegistry$ProjectStateImpl.lambda$applyToMutableState$1(Ljava/util/function/Consumer;Lorg/gradle/api/internal/project/ProjectInternal;)Ljava/lang/Object;+2
j  org.gradle.api.internal.project.DefaultProjectStateRegistry$ProjectStateImpl$$Lambda+0x000001fe2c70fd08.apply(Ljava/lang/Object;)Ljava/lang/Object;+8
j  org.gradle.api.internal.project.DefaultProjectStateRegistry$ProjectStateImpl.fromMutableState(Ljava/util/function/Function;)Ljava/lang/Object;+97
j  org.gradle.api.internal.project.DefaultProjectStateRegistry$ProjectStateImpl.applyToMutableState(Ljava/util/function/Consumer;)V+7
j  org.gradle.api.internal.project.BuildOperationCrossProjectConfigurator.runProjectConfigureAction(Lorg/gradle/api/internal/project/ProjectInternal;Lorg/gradle/api/Action;)V+14
j  org.gradle.api.internal.project.BuildOperationCrossProjectConfigurator.access$100(Lorg/gradle/api/internal/project/BuildOperationCrossProjectConfigurator;Lorg/gradle/api/internal/project/ProjectInternal;Lorg/gradle/api/Action;)V+3
j  org.gradle.api.internal.project.BuildOperationCrossProjectConfigurator$BlockConfigureBuildOperation.run(Lorg/gradle/internal/operations/BuildOperationContext;)V+38
J 8242 c1 org.gradle.internal.operations.DefaultBuildOperationRunner$1.execute(Lorg/gradle/internal/operations/BuildOperation;Lorg/gradle/internal/operations/BuildOperationContext;)V (10 bytes) @ 0x000001fe00977544 [0x000001fe009772e0+0x0000000000000264]
J 7701 c1 org.gradle.internal.operations.DefaultBuildOperationRunner$2.execute(Lorg/gradle/internal/operations/BuildOperationDescriptor;Lorg/gradle/internal/operations/BuildOperationState;Lorg/gradle/internal/operations/BuildOperationState;Lorg/gradle/internal/operations/DefaultBuildOperationRunner$ReadableBuildOperationContext;Lorg/gradle/internal/operations/DefaultBuildOperationRunner$BuildOperationExecutionListener;)Lorg/gradle/internal/operations/BuildOperation; (110 bytes) @ 0x000001fe00cdfecc [0x000001fe00cdfcc0+0x000000000000020c]
J 7696 c1 org.gradle.internal.operations.DefaultBuildOperationRunner$2.execute(Lorg/gradle/internal/operations/BuildOperationDescriptor;Lorg/gradle/internal/operations/BuildOperationState;Lorg/gradle/internal/operations/BuildOperationState;Lorg/gradle/internal/operations/DefaultBuildOperationRunner$ReadableBuildOperationContext;Lorg/gradle/internal/operations/DefaultBuildOperationRunner$BuildOperationExecutionListener;)Ljava/lang/Object; (12 bytes) @ 0x000001fe00cdf1bc [0x000001fe00cdf140+0x000000000000007c]
J 9016 c1 org.gradle.internal.operations.DefaultBuildOperationRunner.execute(Lorg/gradle/internal/operations/BuildOperationDescriptor$Builder;Lorg/gradle/internal/operations/BuildOperationState;Lorg/gradle/internal/operations/DefaultBuildOperationRunner$BuildOperationExecution;)Ljava/lang/Object; (147 bytes) @ 0x000001fe00df06ec [0x000001fe00defb00+0x0000000000000bec]
J 7643 c1 org.gradle.internal.operations.DefaultBuildOperationRunner.execute(Lorg/gradle/internal/operations/BuildOperation;Lorg/gradle/internal/operations/BuildOperationWorker;Lorg/gradle/internal/operations/BuildOperationState;)V (23 bytes) @ 0x000001fe00cbc724 [0x000001fe00cbc460+0x00000000000002c4]
J 8241 c1 org.gradle.internal.operations.DefaultBuildOperationRunner.run(Lorg/gradle/internal/operations/RunnableBuildOperation;)V (13 bytes) @ 0x000001fe002dce64 [0x000001fe002dca80+0x00000000000003e4]
j  org.gradle.api.internal.project.BuildOperationCrossProjectConfigurator.runBlockConfigureAction(Lorg/gradle/internal/operations/BuildOperationDescriptor$Builder;Ljava/lang/Iterable;Lorg/gradle/api/Action;)V+16
j  org.gradle.api.internal.project.BuildOperationCrossProjectConfigurator.subprojects(Ljava/lang/Iterable;Lorg/gradle/api/Action;)V+6
j  org.gradle.api.internal.project.DefaultProject.subprojects(Lorg/gradle/api/internal/project/ProjectInternal;Lorg/gradle/api/Action;)V+10
j  org.gradle.api.internal.project.DefaultProject.subprojects(Lorg/gradle/api/Action;)V+3
j  Build_gradle.<init>(Lorg/gradle/kotlin/dsl/support/KotlinScriptHost;Lorg/gradle/api/Project;)V+197
j  Program.execute(Lorg/gradle/kotlin/dsl/execution/ExecutableProgram$Host;Lorg/gradle/kotlin/dsl/support/KotlinScriptHost;)V+11
j  org.gradle.kotlin.dsl.execution.Interpreter$ProgramHost.eval(Lorg/gradle/kotlin/dsl/execution/CompiledScript;Lorg/gradle/kotlin/dsl/support/KotlinScriptHost;)V+88
j  org.gradle.kotlin.dsl.execution.Interpreter$ProgramHost.evaluateSecondStageOf(Lorg/gradle/kotlin/dsl/execution/ExecutableProgram$StagedProgram;Lorg/gradle/kotlin/dsl/support/KotlinScriptHost;Ljava/lang/String;Lorg/gradle/internal/hash/HashCode;Lorg/gradle/internal/classpath/ClassPath;)V+198
j  Program.execute(Lorg/gradle/kotlin/dsl/execution/ExecutableProgram$Host;Lorg/gradle/kotlin/dsl/support/KotlinScriptHost;)V+145
j  org.gradle.kotlin.dsl.execution.Interpreter$ProgramHost.eval(Lorg/gradle/kotlin/dsl/execution/CompiledScript;Lorg/gradle/kotlin/dsl/support/KotlinScriptHost;)V+88
j  org.gradle.kotlin.dsl.execution.Interpreter.eval(Ljava/lang/Object;Lorg/gradle/groovy/scripts/ScriptSource;Lorg/gradle/internal/hash/HashCode;Lorg/gradle/api/initialization/dsl/ScriptHandler;Lorg/gradle/api/internal/initialization/ClassLoaderScope;Lorg/gradle/api/internal/initialization/ClassLoaderScope;ZLjava/util/EnumSet;)V+213
j  org.gradle.kotlin.dsl.provider.StandardKotlinScriptEvaluator.evaluate(Ljava/lang/Object;Lorg/gradle/groovy/scripts/ScriptSource;Lorg/gradle/api/initialization/dsl/ScriptHandler;Lorg/gradle/api/internal/initialization/ClassLoaderScope;Lorg/gradle/api/internal/initialization/ClassLoaderScope;ZLjava/util/EnumSet;)V+163
j  org.gradle.kotlin.dsl.provider.KotlinScriptPluginFactory$create$1.invoke(Ljava/lang/Object;)V+253
j  org.gradle.kotlin.dsl.provider.KotlinScriptPluginFactory$create$1.invoke(Ljava/lang/Object;)Ljava/lang/Object;+2
j  org.gradle.kotlin.dsl.provider.KotlinScriptPlugin.apply(Ljava/lang/Object;)V+22
j  org.gradle.configuration.BuildOperationScriptPlugin$1.run(Lorg/gradle/internal/operations/BuildOperationContext;)V+11
J 8242 c1 org.gradle.internal.operations.DefaultBuildOperationRunner$1.execute(Lorg/gradle/internal/operations/BuildOperation;Lorg/gradle/internal/operations/BuildOperationContext;)V (10 bytes) @ 0x000001fe00977544 [0x000001fe009772e0+0x0000000000000264]
J 7701 c1 org.gradle.internal.operations.DefaultBuildOperationRunner$2.execute(Lorg/gradle/internal/operations/BuildOperationDescriptor;Lorg/gradle/internal/operations/BuildOperationState;Lorg/gradle/internal/operations/BuildOperationState;Lorg/gradle/internal/operations/DefaultBuildOperationRunner$ReadableBuildOperationContext;Lorg/gradle/internal/operations/DefaultBuildOperationRunner$BuildOperationExecutionListener;)Lorg/gradle/internal/operations/BuildOperation; (110 bytes) @ 0x000001fe00cdfecc [0x000001fe00cdfcc0+0x000000000000020c]
J 7696 c1 org.gradle.internal.operations.DefaultBuildOperationRunner$2.execute(Lorg/gradle/internal/operations/BuildOperationDescriptor;Lorg/gradle/internal/operations/BuildOperationState;Lorg/gradle/internal/operations/BuildOperationState;Lorg/gradle/internal/operations/DefaultBuildOperationRunner$ReadableBuildOperationContext;Lorg/gradle/internal/operations/DefaultBuildOperationRunner$BuildOperationExecutionListener;)Ljava/lang/Object; (12 bytes) @ 0x000001fe00cdf1bc [0x000001fe00cdf140+0x000000000000007c]
J 9016 c1 org.gradle.internal.operations.DefaultBuildOperationRunner.execute(Lorg/gradle/internal/operations/BuildOperationDescriptor$Builder;Lorg/gradle/internal/operations/BuildOperationState;Lorg/gradle/internal/operations/DefaultBuildOperationRunner$BuildOperationExecution;)Ljava/lang/Object; (147 bytes) @ 0x000001fe00df06ec [0x000001fe00defb00+0x0000000000000bec]
J 7643 c1 org.gradle.internal.operations.DefaultBuildOperationRunner.execute(Lorg/gradle/internal/operations/BuildOperation;Lorg/gradle/internal/operations/BuildOperationWorker;Lorg/gradle/internal/operations/BuildOperationState;)V (23 bytes) @ 0x000001fe00cbc724 [0x000001fe00cbc460+0x00000000000002c4]
J 8241 c1 org.gradle.internal.operations.DefaultBuildOperationRunner.run(Lorg/gradle/internal/operations/RunnableBuildOperation;)V (13 bytes) @ 0x000001fe002dce64 [0x000001fe002dca80+0x00000000000003e4]
j  org.gradle.configuration.BuildOperationScriptPlugin.lambda$apply$0(Ljava/lang/Object;Lorg/gradle/internal/code/UserCodeApplicationId;)V+14
j  org.gradle.configuration.BuildOperationScriptPlugin$$Lambda+0x000001fe2c453bc8.execute(Ljava/lang/Object;)V+12
j  org.gradle.internal.code.DefaultUserCodeApplicationContext.apply(Lorg/gradle/internal/code/UserCodeSource;Lorg/gradle/api/Action;)V+37
j  org.gradle.configuration.BuildOperationScriptPlugin.apply(Ljava/lang/Object;)V+71
j  org.gradle.configuration.project.BuildScriptProcessor$$Lambda+0x000001fe2c7619f8.accept(Ljava/lang/Object;)V+8
j  org.gradle.api.internal.project.DefaultProjectStateRegistry$ProjectStateImpl.lambda$applyToMutableState$1(Ljava/util/function/Consumer;Lorg/gradle/api/internal/project/ProjectInternal;)Ljava/lang/Object;+2
j  org.gradle.api.internal.project.DefaultProjectStateRegistry$ProjectStateImpl$$Lambda+0x000001fe2c70fd08.apply(Ljava/lang/Object;)Ljava/lang/Object;+8
j  org.gradle.api.internal.project.DefaultProjectStateRegistry$ProjectStateImpl.fromMutableState(Ljava/util/function/Function;)Ljava/lang/Object;+97
j  org.gradle.api.internal.project.DefaultProjectStateRegistry$ProjectStateImpl.applyToMutableState(Ljava/util/function/Consumer;)V+7
j  org.gradle.configuration.project.BuildScriptProcessor.execute(Lorg/gradle/api/internal/project/ProjectInternal;)V+88
j  org.gradle.configuration.project.BuildScriptProcessor.execute(Ljava/lang/Object;)V+5
j  org.gradle.configuration.project.ConfigureActionsProjectEvaluator.evaluate(Lorg/gradle/api/internal/project/ProjectInternal;Lorg/gradle/api/internal/project/ProjectStateInternal;)V+33
j  org.gradle.configuration.project.LifecycleProjectEvaluator$EvaluateProject.lambda$run$0(Lorg/gradle/internal/operations/BuildOperationContext;Lorg/gradle/api/internal/project/ProjectInternal;)V+67
j  org.gradle.configuration.project.LifecycleProjectEvaluator$EvaluateProject$$Lambda+0x000001fe2c71cf10.accept(Ljava/lang/Object;)V+12
j  org.gradle.api.internal.project.DefaultProjectStateRegistry$ProjectStateImpl.lambda$applyToMutableState$1(Ljava/util/function/Consumer;Lorg/gradle/api/internal/project/ProjectInternal;)Ljava/lang/Object;+2
j  org.gradle.api.internal.project.DefaultProjectStateRegistry$ProjectStateImpl$$Lambda+0x000001fe2c70fd08.apply(Ljava/lang/Object;)Ljava/lang/Object;+8
j  org.gradle.api.internal.project.DefaultProjectStateRegistry$ProjectStateImpl.lambda$fromMutableState$2(Ljava/util/function/Function;)Ljava/lang/Object;+5
j  org.gradle.api.internal.project.DefaultProjectStateRegistry$ProjectStateImpl$$Lambda+0x000001fe2c70a000.create()Ljava/lang/Object;+8
j  org.gradle.internal.work.DefaultWorkerLeaseService.withReplacedLocks(Ljava/util/Collection;Lorg/gradle/internal/resources/ResourceLock;Lorg/gradle/internal/Factory;)Ljava/lang/Object;+40
j  org.gradle.api.internal.project.DefaultProjectStateRegistry$ProjectStateImpl.fromMutableState(Ljava/util/function/Function;)Ljava/lang/Object;+133
j  org.gradle.api.internal.project.DefaultProjectStateRegistry$ProjectStateImpl.applyToMutableState(Ljava/util/function/Consumer;)V+7
j  org.gradle.configuration.project.LifecycleProjectEvaluator$EvaluateProject.run(Lorg/gradle/internal/operations/BuildOperationContext;)V+16
J 8242 c1 org.gradle.internal.operations.DefaultBuildOperationRunner$1.execute(Lorg/gradle/internal/operations/BuildOperation;Lorg/gradle/internal/operations/BuildOperationContext;)V (10 bytes) @ 0x000001fe00977544 [0x000001fe009772e0+0x0000000000000264]
J 7701 c1 org.gradle.internal.operations.DefaultBuildOperationRunner$2.execute(Lorg/gradle/internal/operations/BuildOperationDescriptor;Lorg/gradle/internal/operations/BuildOperationState;Lorg/gradle/internal/operations/BuildOperationState;Lorg/gradle/internal/operations/DefaultBuildOperationRunner$ReadableBuildOperationContext;Lorg/gradle/internal/operations/DefaultBuildOperationRunner$BuildOperationExecutionListener;)Lorg/gradle/internal/operations/BuildOperation; (110 bytes) @ 0x000001fe00cdfecc [0x000001fe00cdfcc0+0x000000000000020c]
J 7696 c1 org.gradle.internal.operations.DefaultBuildOperationRunner$2.execute(Lorg/gradle/internal/operations/BuildOperationDescriptor;Lorg/gradle/internal/operations/BuildOperationState;Lorg/gradle/internal/operations/BuildOperationState;Lorg/gradle/internal/operations/DefaultBuildOperationRunner$ReadableBuildOperationContext;Lorg/gradle/internal/operations/DefaultBuildOperationRunner$BuildOperationExecutionListener;)Ljava/lang/Object; (12 bytes) @ 0x000001fe00cdf1bc [0x000001fe00cdf140+0x000000000000007c]
J 9016 c1 org.gradle.internal.operations.DefaultBuildOperationRunner.execute(Lorg/gradle/internal/operations/BuildOperationDescriptor$Builder;Lorg/gradle/internal/operations/BuildOperationState;Lorg/gradle/internal/operations/DefaultBuildOperationRunner$BuildOperationExecution;)Ljava/lang/Object; (147 bytes) @ 0x000001fe00df06ec [0x000001fe00defb00+0x0000000000000bec]
J 7643 c1 org.gradle.internal.operations.DefaultBuildOperationRunner.execute(Lorg/gradle/internal/operations/BuildOperation;Lorg/gradle/internal/operations/BuildOperationWorker;Lorg/gradle/internal/operations/BuildOperationState;)V (23 bytes) @ 0x000001fe00cbc724 [0x000001fe00cbc460+0x00000000000002c4]
J 8241 c1 org.gradle.internal.operations.DefaultBuildOperationRunner.run(Lorg/gradle/internal/operations/RunnableBuildOperation;)V (13 bytes) @ 0x000001fe002dce64 [0x000001fe002dca80+0x00000000000003e4]
j  org.gradle.configuration.project.LifecycleProjectEvaluator.evaluate(Lorg/gradle/api/internal/project/ProjectInternal;Lorg/gradle/api/internal/project/ProjectStateInternal;)V+42
j  org.gradle.api.internal.project.DefaultProject.evaluateUnchecked()Lorg/gradle/api/internal/project/ProjectInternal;+20
j  org.gradle.api.internal.project.ProjectLifecycleController.lambda$ensureSelfConfigured$2()V+4
j  org.gradle.api.internal.project.ProjectLifecycleController$$Lambda+0x000001fe2c7159f8.run()V+4
j  org.gradle.internal.model.StateTransitionController.lambda$doTransition$14(Ljava/lang/Runnable;)Lorg/gradle/internal/build/ExecutionResult;+1
j  org.gradle.internal.model.StateTransitionController$$Lambda+0x000001fe2c42c430.get()Ljava/lang/Object;+4
j  org.gradle.internal.model.StateTransitionController.doTransition(Lorg/gradle/internal/model/StateTransitionController$State;Lorg/gradle/internal/model/StateTransitionController$State;Ljava/util/function/Supplier;)Lorg/gradle/internal/build/ExecutionResult;+24
j  org.gradle.internal.model.StateTransitionController.doTransition(Lorg/gradle/internal/model/StateTransitionController$State;Lorg/gradle/internal/model/StateTransitionController$State;Ljava/lang/Runnable;)V+9
j  org.gradle.internal.model.StateTransitionController.lambda$maybeTransitionIfNotCurrentlyTransitioning$10(Lorg/gradle/internal/model/StateTransitionController$State;Lorg/gradle/internal/model/StateTransitionController$State;Ljava/lang/Runnable;)V+16
j  org.gradle.internal.model.StateTransitionController$$Lambda+0x000001fe2c715c10.run()V+16
j  org.gradle.internal.work.DefaultSynchronizer.withLock(Ljava/lang/Runnable;)V+6
j  org.gradle.internal.model.StateTransitionController.maybeTransitionIfNotCurrentlyTransitioning(Lorg/gradle/internal/model/StateTransitionController$State;Lorg/gradle/internal/model/StateTransitionController$State;Ljava/lang/Runnable;)V+13
j  org.gradle.api.internal.project.ProjectLifecycleController.ensureSelfConfigured()V+16
j  org.gradle.api.internal.project.DefaultProjectStateRegistry$ProjectStateImpl.ensureConfigured()V+19
j  org.gradle.execution.TaskPathProjectEvaluator.configure(Lorg/gradle/api/internal/project/ProjectInternal;)V+6
j  org.gradle.execution.TaskPathProjectEvaluator.configureHierarchy(Lorg/gradle/api/internal/project/ProjectInternal;)V+2
j  org.gradle.configuration.DefaultProjectsPreparer.prepareProjects(Lorg/gradle/api/internal/GradleInternal;)V+52
j  org.gradle.configuration.BuildTreePreparingProjectsPreparer.prepareProjects(Lorg/gradle/api/internal/GradleInternal;)V+114
j  org.gradle.configuration.BuildOperationFiringProjectsPreparer$ConfigureBuild.run(Lorg/gradle/internal/operations/BuildOperationContext;)V+11
J 8242 c1 org.gradle.internal.operations.DefaultBuildOperationRunner$1.execute(Lorg/gradle/internal/operations/BuildOperation;Lorg/gradle/internal/operations/BuildOperationContext;)V (10 bytes) @ 0x000001fe00977544 [0x000001fe009772e0+0x0000000000000264]
J 7701 c1 org.gradle.internal.operations.DefaultBuildOperationRunner$2.execute(Lorg/gradle/internal/operations/BuildOperationDescriptor;Lorg/gradle/internal/operations/BuildOperationState;Lorg/gradle/internal/operations/BuildOperationState;Lorg/gradle/internal/operations/DefaultBuildOperationRunner$ReadableBuildOperationContext;Lorg/gradle/internal/operations/DefaultBuildOperationRunner$BuildOperationExecutionListener;)Lorg/gradle/internal/operations/BuildOperation; (110 bytes) @ 0x000001fe00cdfecc [0x000001fe00cdfcc0+0x000000000000020c]
J 7696 c1 org.gradle.internal.operations.DefaultBuildOperationRunner$2.execute(Lorg/gradle/internal/operations/BuildOperationDescriptor;Lorg/gradle/internal/operations/BuildOperationState;Lorg/gradle/internal/operations/BuildOperationState;Lorg/gradle/internal/operations/DefaultBuildOperationRunner$ReadableBuildOperationContext;Lorg/gradle/internal/operations/DefaultBuildOperationRunner$BuildOperationExecutionListener;)Ljava/lang/Object; (12 bytes) @ 0x000001fe00cdf1bc [0x000001fe00cdf140+0x000000000000007c]
J 9016 c1 org.gradle.internal.operations.DefaultBuildOperationRunner.execute(Lorg/gradle/internal/operations/BuildOperationDescriptor$Builder;Lorg/gradle/internal/operations/BuildOperationState;Lorg/gradle/internal/operations/DefaultBuildOperationRunner$BuildOperationExecution;)Ljava/lang/Object; (147 bytes) @ 0x000001fe00df06ec [0x000001fe00defb00+0x0000000000000bec]
J 7643 c1 org.gradle.internal.operations.DefaultBuildOperationRunner.execute(Lorg/gradle/internal/operations/BuildOperation;Lorg/gradle/internal/operations/BuildOperationWorker;Lorg/gradle/internal/operations/BuildOperationState;)V (23 bytes) @ 0x000001fe00cbc724 [0x000001fe00cbc460+0x00000000000002c4]
J 8241 c1 org.gradle.internal.operations.DefaultBuildOperationRunner.run(Lorg/gradle/internal/operations/RunnableBuildOperation;)V (13 bytes) @ 0x000001fe002dce64 [0x000001fe002dca80+0x00000000000003e4]
j  org.gradle.configuration.BuildOperationFiringProjectsPreparer.prepareProjects(Lorg/gradle/api/internal/GradleInternal;)V+13
j  org.gradle.initialization.VintageBuildModelController.lambda$prepareProjects$2()V+8
j  org.gradle.initialization.VintageBuildModelController$$Lambda+0x000001fe2c6df8f0.run()V+4
j  org.gradle.internal.model.StateTransitionController.lambda$doTransition$14(Ljava/lang/Runnable;)Lorg/gradle/internal/build/ExecutionResult;+1
j  org.gradle.internal.model.StateTransitionController$$Lambda+0x000001fe2c42c430.get()Ljava/lang/Object;+4
j  org.gradle.internal.model.StateTransitionController.doTransition(Lorg/gradle/internal/model/StateTransitionController$State;Lorg/gradle/internal/model/StateTransitionController$State;Ljava/util/function/Supplier;)Lorg/gradle/internal/build/ExecutionResult;+24
j  org.gradle.internal.model.StateTransitionController.doTransition(Lorg/gradle/internal/model/StateTransitionController$State;Lorg/gradle/internal/model/StateTransitionController$State;Ljava/lang/Runnable;)V+9
j  org.gradle.internal.model.StateTransitionController.lambda$transitionIfNotPreviously$11(Lorg/gradle/internal/model/StateTransitionController$State;Lorg/gradle/internal/model/StateTransitionController$State;Ljava/lang/Runnable;)V+16
j  org.gradle.internal.model.StateTransitionController$$Lambda+0x000001fe2c42c218.run()V+16
j  org.gradle.internal.work.DefaultSynchronizer.withLock(Ljava/lang/Runnable;)V+6
j  org.gradle.internal.model.StateTransitionController.transitionIfNotPreviously(Lorg/gradle/internal/model/StateTransitionController$State;Lorg/gradle/internal/model/StateTransitionController$State;Ljava/lang/Runnable;)V+13
j  org.gradle.initialization.VintageBuildModelController.prepareProjects()V+16
j  org.gradle.initialization.VintageBuildModelController.getConfiguredModel()Lorg/gradle/api/internal/GradleInternal;+5
j  org.gradle.internal.build.DefaultBuildLifecycleController.lambda$withProjectsConfigured$1(Ljava/util/function/Function;)Ljava/lang/Object;+5
j  org.gradle.internal.build.DefaultBuildLifecycleController$$Lambda+0x000001fe2c423a80.get()Ljava/lang/Object;+8
j  org.gradle.internal.model.StateTransitionController.lambda$notInState$3(Lorg/gradle/internal/model/StateTransitionController$State;Ljava/util/function/Supplier;)Ljava/lang/Object;+11
j  org.gradle.internal.model.StateTransitionController$$Lambda+0x000001fe2c423c98.create()Ljava/lang/Object;+12
j  org.gradle.internal.work.DefaultSynchronizer.withLock(Lorg/gradle/internal/Factory;)Ljava/lang/Object;+6
j  org.gradle.internal.model.StateTransitionController.notInState(Lorg/gradle/internal/model/StateTransitionController$State;Ljava/util/function/Supplier;)Ljava/lang/Object;+12
j  org.gradle.internal.build.DefaultBuildLifecycleController.withProjectsConfigured(Ljava/util/function/Function;)Ljava/lang/Object;+14
j  org.gradle.internal.build.DefaultBuildToolingModelController.locateBuilderForTarget(Ljava/lang/String;Z)Lorg/gradle/tooling/provider/model/internal/ToolingModelScope;+38
j  org.gradle.internal.buildtree.DefaultBuildTreeModelCreator$DefaultBuildTreeModelController.lambda$locateBuilderForTarget$0(Ljava/lang/String;ZLorg/gradle/internal/build/BuildToolingModelController;)Lorg/gradle/tooling/provider/model/internal/ToolingModelScope;+3
j  org.gradle.internal.buildtree.DefaultBuildTreeModelCreator$DefaultBuildTreeModelController$$Lambda+0x000001fe2c408868.apply(Ljava/lang/Object;)Ljava/lang/Object;+12
j  org.gradle.internal.build.DefaultBuildLifecycleController.withToolingModels(Ljava/util/function/Function;)Ljava/lang/Object;+15
j  org.gradle.internal.build.AbstractBuildState.withToolingModels(Ljava/util/function/Function;)Ljava/lang/Object;+5
j  org.gradle.internal.buildtree.DefaultBuildTreeModelCreator$DefaultBuildTreeModelController.locateBuilderForTarget(Lorg/gradle/internal/build/BuildState;Ljava/lang/String;Z)Lorg/gradle/tooling/provider/model/internal/ToolingModelScope;+8
j  org.gradle.internal.buildtree.DefaultBuildTreeModelCreator$DefaultBuildTreeModelController.locateBuilderForDefaultTarget(Ljava/lang/String;Z)Lorg/gradle/tooling/provider/model/internal/ToolingModelScope;+10
j  org.gradle.tooling.internal.provider.runner.BuildModelActionRunner$ModelCreateAction.fromBuildModel(Lorg/gradle/internal/buildtree/BuildTreeModelController;)Ljava/lang/Object;+11
j  org.gradle.internal.buildtree.DefaultBuildTreeModelCreator.fromBuildModel(Lorg/gradle/internal/buildtree/BuildTreeModelAction;)Ljava/lang/Object;+10
j  org.gradle.internal.buildtree.DefaultBuildTreeLifecycleController.lambda$fromBuildModel$2(Lorg/gradle/internal/buildtree/BuildTreeModelAction;Z)Lorg/gradle/internal/build/ExecutionResult;+57
j  org.gradle.internal.buildtree.DefaultBuildTreeLifecycleController$$Lambda+0x000001fe2c407a00.get()Ljava/lang/Object;+12
j  org.gradle.internal.buildtree.DefaultBuildTreeLifecycleController.lambda$runBuild$4(Ljava/util/function/Supplier;)Ljava/lang/Object;+1
j  org.gradle.internal.buildtree.DefaultBuildTreeLifecycleController$$Lambda+0x000001fe2c407c18.get()Ljava/lang/Object;+8
j  org.gradle.internal.model.StateTransitionController.lambda$transition$6(Ljava/util/function/Supplier;)Lorg/gradle/internal/build/ExecutionResult;+1
j  org.gradle.internal.model.StateTransitionController$$Lambda+0x000001fe2c408000.get()Ljava/lang/Object;+4
j  org.gradle.internal.model.StateTransitionController.doTransition(Lorg/gradle/internal/model/StateTransitionController$State;Lorg/gradle/internal/model/StateTransitionController$State;Ljava/util/function/Supplier;)Lorg/gradle/internal/build/ExecutionResult;+24
j  org.gradle.internal.model.StateTransitionController.lambda$transition$7(Lorg/gradle/internal/model/StateTransitionController$State;Lorg/gradle/internal/model/StateTransitionController$State;Ljava/util/function/Supplier;)Ljava/lang/Object;+9
j  org.gradle.internal.model.StateTransitionController$$Lambda+0x000001fe2c405c00.create()Ljava/lang/Object;+16
j  org.gradle.internal.work.DefaultSynchronizer.withLock(Lorg/gradle/internal/Factory;)Ljava/lang/Object;+6
j  org.gradle.internal.model.StateTransitionController.transition(Lorg/gradle/internal/model/StateTransitionController$State;Lorg/gradle/internal/model/StateTransitionController$State;Ljava/util/function/Supplier;)Ljava/lang/Object;+13
j  org.gradle.internal.buildtree.DefaultBuildTreeLifecycleController.runBuild(Ljava/util/function/Supplier;)Ljava/lang/Object;+17
j  org.gradle.internal.buildtree.DefaultBuildTreeLifecycleController.fromBuildModel(ZLorg/gradle/internal/buildtree/BuildTreeModelAction;)Ljava/lang/Object;+9
j  org.gradle.tooling.internal.provider.runner.BuildModelActionRunner.run(Lorg/gradle/internal/invocation/BuildAction;Lorg/gradle/internal/buildtree/BuildTreeLifecycleController;)Lorg/gradle/internal/buildtree/BuildActionRunner$Result;+40
j  org.gradle.launcher.exec.ChainingBuildActionRunner.run(Lorg/gradle/internal/invocation/BuildAction;Lorg/gradle/internal/buildtree/BuildTreeLifecycleController;)Lorg/gradle/internal/buildtree/BuildActionRunner$Result;+34
j  org.gradle.internal.buildtree.ProblemReportingBuildActionRunner.run(Lorg/gradle/internal/invocation/BuildAction;Lorg/gradle/internal/buildtree/BuildTreeLifecycleController;)Lorg/gradle/internal/buildtree/BuildActionRunner$Result;+12
j  org.gradle.launcher.exec.BuildOutcomeReportingBuildActionRunner.run(Lorg/gradle/internal/invocation/BuildAction;Lorg/gradle/internal/buildtree/BuildTreeLifecycleController;)Lorg/gradle/internal/buildtree/BuildActionRunner$Result;+69
j  org.gradle.tooling.internal.provider.FileSystemWatchingBuildActionRunner.run(Lorg/gradle/internal/invocation/BuildAction;Lorg/gradle/internal/buildtree/BuildTreeLifecycleController;)Lorg/gradle/internal/buildtree/BuildActionRunner$Result;+317
j  org.gradle.launcher.exec.BuildCompletionNotifyingBuildActionRunner.run(Lorg/gradle/internal/invocation/BuildAction;Lorg/gradle/internal/buildtree/BuildTreeLifecycleController;)Lorg/gradle/internal/buildtree/BuildActionRunner$Result;+6
j  org.gradle.launcher.exec.RootBuildLifecycleBuildActionExecutor.lambda$execute$0(Lorg/gradle/internal/invocation/BuildAction;Lorg/gradle/internal/buildtree/BuildTreeLifecycleController;)Lorg/gradle/internal/buildtree/BuildActionRunner$Result;+6
j  org.gradle.launcher.exec.RootBuildLifecycleBuildActionExecutor$$Lambda+0x000001fe2c3f90c0.apply(Ljava/lang/Object;)Ljava/lang/Object;+12
j  org.gradle.composite.internal.DefaultRootBuildState.run(Ljava/util/function/Function;)Ljava/lang/Object;+87
j  org.gradle.launcher.exec.RootBuildLifecycleBuildActionExecutor.execute(Lorg/gradle/internal/invocation/BuildAction;Lorg/gradle/internal/buildtree/BuildTreeContext;)Lorg/gradle/internal/buildtree/BuildActionRunner$Result;+75
j  org.gradle.internal.buildtree.InitDeprecationLoggingActionExecutor.execute(Lorg/gradle/internal/invocation/BuildAction;Lorg/gradle/internal/buildtree/BuildTreeContext;)Lorg/gradle/internal/buildtree/BuildActionRunner$Result;+83
j  org.gradle.internal.buildtree.InitProblems.execute(Lorg/gradle/internal/invocation/BuildAction;Lorg/gradle/internal/buildtree/BuildTreeContext;)Lorg/gradle/internal/buildtree/BuildActionRunner$Result;+13
j  org.gradle.internal.buildtree.DefaultBuildTreeContext.execute(Lorg/gradle/internal/invocation/BuildAction;)Lorg/gradle/internal/buildtree/BuildActionRunner$Result;+64
j  org.gradle.launcher.exec.BuildTreeLifecycleBuildActionExecutor.lambda$execute$0(Lorg/gradle/internal/invocation/BuildAction;Lorg/gradle/internal/buildtree/BuildTreeContext;)Lorg/gradle/internal/buildtree/BuildActionRunner$Result;+2
j  org.gradle.launcher.exec.BuildTreeLifecycleBuildActionExecutor$$Lambda+0x000001fe2c2b6228.apply(Ljava/lang/Object;)Ljava/lang/Object;+8
j  org.gradle.internal.buildtree.BuildTreeState.run(Ljava/util/function/Function;)Ljava/lang/Object;+47
j  org.gradle.launcher.exec.BuildTreeLifecycleBuildActionExecutor.execute(Lorg/gradle/internal/invocation/BuildAction;Lorg/gradle/internal/session/BuildSessionContext;)Lorg/gradle/internal/buildtree/BuildActionRunner$Result;+74
j  org.gradle.launcher.exec.RunAsBuildOperationBuildActionExecutor$2.call(Lorg/gradle/internal/operations/BuildOperationContext;)Lorg/gradle/internal/buildtree/BuildActionRunner$Result;+25
j  org.gradle.launcher.exec.RunAsBuildOperationBuildActionExecutor$2.call(Lorg/gradle/internal/operations/BuildOperationContext;)Ljava/lang/Object;+2
j  org.gradle.internal.operations.DefaultBuildOperationRunner$CallableBuildOperationWorker.execute(Lorg/gradle/internal/operations/CallableBuildOperation;Lorg/gradle/internal/operations/BuildOperationContext;)V+3
j  org.gradle.internal.operations.DefaultBuildOperationRunner$CallableBuildOperationWorker.execute(Lorg/gradle/internal/operations/BuildOperation;Lorg/gradle/internal/operations/BuildOperationContext;)V+6
j  org.gradle.internal.operations.DefaultBuildOperationRunner$2.execute(Lorg/gradle/internal/operations/BuildOperationDescriptor;Lorg/gradle/internal/operations/BuildOperationState;Lorg/gradle/internal/operations/BuildOperationState;Lorg/gradle/internal/operations/DefaultBuildOperationRunner$ReadableBuildOperationContext;Lorg/gradle/internal/operations/DefaultBuildOperationRunner$BuildOperationExecutionListener;)Lorg/gradle/internal/operations/BuildOperation;+22
j  org.gradle.internal.operations.DefaultBuildOperationRunner$2.execute(Lorg/gradle/internal/operations/BuildOperationDescriptor;Lorg/gradle/internal/operations/BuildOperationState;Lorg/gradle/internal/operations/BuildOperationState;Lorg/gradle/internal/operations/DefaultBuildOperationRunner$ReadableBuildOperationContext;Lorg/gradle/internal/operations/DefaultBuildOperationRunner$BuildOperationExecutionListener;)Ljava/lang/Object;+8
j  org.gradle.internal.operations.DefaultBuildOperationRunner.execute(Lorg/gradle/internal/operations/BuildOperationDescriptor$Builder;Lorg/gradle/internal/operations/BuildOperationState;Lorg/gradle/internal/operations/DefaultBuildOperationRunner$BuildOperationExecution;)Ljava/lang/Object;+141
j  org.gradle.internal.operations.DefaultBuildOperationRunner.execute(Lorg/gradle/internal/operations/BuildOperation;Lorg/gradle/internal/operations/BuildOperationWorker;Lorg/gradle/internal/operations/BuildOperationState;)V+18
j  org.gradle.internal.operations.DefaultBuildOperationRunner.call(Lorg/gradle/internal/operations/CallableBuildOperation;)Ljava/lang/Object;+16
j  org.gradle.launcher.exec.RunAsBuildOperationBuildActionExecutor.execute(Lorg/gradle/internal/invocation/BuildAction;Lorg/gradle/internal/session/BuildSessionContext;)Lorg/gradle/internal/buildtree/BuildActionRunner$Result;+23
j  org.gradle.launcher.exec.RunAsWorkerThreadBuildActionExecutor.lambda$execute$0(Lorg/gradle/internal/invocation/BuildAction;Lorg/gradle/internal/session/BuildSessionContext;)Lorg/gradle/internal/buildtree/BuildActionRunner$Result;+6
j  org.gradle.launcher.exec.RunAsWorkerThreadBuildActionExecutor$$Lambda+0x000001fe2c285670.create()Ljava/lang/Object;+12
j  org.gradle.internal.work.DefaultWorkerLeaseService.withLocks(Ljava/util/Collection;Lorg/gradle/internal/Factory;)Ljava/lang/Object;+28
j  org.gradle.internal.work.DefaultWorkerLeaseService.runAsWorkerThread(Lorg/gradle/internal/Factory;)Ljava/lang/Object;+33
j  org.gradle.launcher.exec.RunAsWorkerThreadBuildActionExecutor.execute(Lorg/gradle/internal/invocation/BuildAction;Lorg/gradle/internal/session/BuildSessionContext;)Lorg/gradle/internal/buildtree/BuildActionRunner$Result;+12
j  org.gradle.tooling.internal.provider.continuous.ContinuousBuildActionExecutor.execute(Lorg/gradle/internal/invocation/BuildAction;Lorg/gradle/internal/session/BuildSessionContext;)Lorg/gradle/internal/buildtree/BuildActionRunner$Result;+58
j  org.gradle.tooling.internal.provider.SubscribableBuildActionExecutor.execute(Lorg/gradle/internal/invocation/BuildAction;Lorg/gradle/internal/session/BuildSessionContext;)Lorg/gradle/internal/buildtree/BuildActionRunner$Result;+30
j  org.gradle.internal.session.DefaultBuildSessionContext.execute(Lorg/gradle/internal/invocation/BuildAction;)Lorg/gradle/internal/buildtree/BuildActionRunner$Result;+64
j  org.gradle.internal.buildprocess.execution.BuildSessionLifecycleBuildActionExecutor$ActionImpl.apply(Lorg/gradle/internal/session/BuildSessionContext;)Lorg/gradle/launcher/exec/BuildActionResult;+6
j  org.gradle.internal.buildprocess.execution.BuildSessionLifecycleBuildActionExecutor$ActionImpl.apply(Ljava/lang/Object;)Ljava/lang/Object;+5
j  org.gradle.internal.session.BuildSessionState.run(Ljava/util/function/Function;)Ljava/lang/Object;+5
j  org.gradle.internal.buildprocess.execution.BuildSessionLifecycleBuildActionExecutor.execute(Lorg/gradle/internal/invocation/BuildAction;Lorg/gradle/launcher/exec/BuildActionParameters;Lorg/gradle/initialization/BuildRequestContext;)Lorg/gradle/launcher/exec/BuildActionResult;+95
j  org.gradle.internal.buildprocess.execution.BuildSessionLifecycleBuildActionExecutor.execute(Lorg/gradle/internal/invocation/BuildAction;Ljava/lang/Object;Ljava/lang/Object;)Lorg/gradle/launcher/exec/BuildActionResult;+10
j  org.gradle.internal.buildprocess.execution.StartParamsValidatingActionExecutor.execute(Lorg/gradle/internal/invocation/BuildAction;Lorg/gradle/launcher/exec/BuildActionParameters;Lorg/gradle/initialization/BuildRequestContext;)Lorg/gradle/launcher/exec/BuildActionResult;+203
j  org.gradle.internal.buildprocess.execution.StartParamsValidatingActionExecutor.execute(Lorg/gradle/internal/invocation/BuildAction;Ljava/lang/Object;Ljava/lang/Object;)Lorg/gradle/launcher/exec/BuildActionResult;+10
j  org.gradle.internal.buildprocess.execution.SessionFailureReportingActionExecutor.execute(Lorg/gradle/internal/invocation/BuildAction;Lorg/gradle/launcher/exec/BuildActionParameters;Lorg/gradle/initialization/BuildRequestContext;)Lorg/gradle/launcher/exec/BuildActionResult;+7
j  org.gradle.internal.buildprocess.execution.SessionFailureReportingActionExecutor.execute(Lorg/gradle/internal/invocation/BuildAction;Ljava/lang/Object;Ljava/lang/Object;)Lorg/gradle/launcher/exec/BuildActionResult;+10
j  org.gradle.internal.buildprocess.execution.SetupLoggingActionExecutor.execute(Lorg/gradle/internal/invocation/BuildAction;Lorg/gradle/launcher/exec/BuildActionParameters;Lorg/gradle/initialization/BuildRequestContext;)Lorg/gradle/launcher/exec/BuildActionResult;+50
j  org.gradle.internal.buildprocess.execution.SetupLoggingActionExecutor.execute(Lorg/gradle/internal/invocation/BuildAction;Ljava/lang/Object;Ljava/lang/Object;)Lorg/gradle/launcher/exec/BuildActionResult;+10
j  org.gradle.launcher.daemon.server.exec.ExecuteBuild.doBuild(Lorg/gradle/launcher/daemon/server/api/DaemonCommandExecution;Lorg/gradle/launcher/daemon/protocol/Build;)V+147
j  org.gradle.launcher.daemon.server.exec.BuildCommandOnly.execute(Lorg/gradle/launcher/daemon/server/api/DaemonCommandExecution;)V+49
j  org.gradle.launcher.daemon.server.api.DaemonCommandExecution.proceed()Z+23
j  org.gradle.launcher.daemon.server.exec.WatchForDisconnection.execute(Lorg/gradle/launcher/daemon/server/api/DaemonCommandExecution;)V+19
j  org.gradle.launcher.daemon.server.api.DaemonCommandExecution.proceed()Z+23
j  org.gradle.launcher.daemon.server.exec.ResetDeprecationLogger.execute(Lorg/gradle/launcher/daemon/server/api/DaemonCommandExecution;)V+7
j  org.gradle.launcher.daemon.server.api.DaemonCommandExecution.proceed()Z+23
j  org.gradle.launcher.daemon.server.exec.RequestStopIfSingleUsedDaemon.execute(Lorg/gradle/launcher/daemon/server/api/DaemonCommandExecution;)V+33
j  org.gradle.launcher.daemon.server.api.DaemonCommandExecution.proceed()Z+23
j  org.gradle.launcher.daemon.server.exec.ForwardClientInput.lambda$execute$0(Lorg/gradle/launcher/daemon/server/api/DaemonCommandExecution;Lorg/gradle/internal/daemon/clientinput/StdinHandler;)Ljava/lang/Object;+11
j  org.gradle.launcher.daemon.server.exec.ForwardClientInput$$Lambda+0x000001fe2c183aa8.apply(Ljava/lang/Object;)Ljava/lang/Object;+8
j  org.gradle.internal.daemon.clientinput.ClientInputForwarder.forwardInput(Ljava/util/function/Function;)Ljava/lang/Object;+46
j  org.gradle.launcher.daemon.server.exec.ForwardClientInput.execute(Lorg/gradle/launcher/daemon/server/api/DaemonCommandExecution;)V+10
j  org.gradle.launcher.daemon.server.api.DaemonCommandExecution.proceed()Z+23
j  org.gradle.launcher.daemon.server.exec.LogAndCheckHealth.execute(Lorg/gradle/launcher/daemon/server/api/DaemonCommandExecution;)V+51
j  org.gradle.launcher.daemon.server.api.DaemonCommandExecution.proceed()Z+23
j  org.gradle.launcher.daemon.server.exec.LogToClient.doBuild(Lorg/gradle/launcher/daemon/server/api/DaemonCommandExecution;Lorg/gradle/launcher/daemon/protocol/Build;)V+87
j  org.gradle.launcher.daemon.server.exec.BuildCommandOnly.execute(Lorg/gradle/launcher/daemon/server/api/DaemonCommandExecution;)V+49
j  org.gradle.launcher.daemon.server.api.DaemonCommandExecution.proceed()Z+23
j  org.gradle.launcher.daemon.server.exec.EstablishBuildEnvironment.doBuild(Lorg/gradle/launcher/daemon/server/api/DaemonCommandExecution;Lorg/gradle/launcher/daemon/protocol/Build;)V+356
j  org.gradle.launcher.daemon.server.exec.BuildCommandOnly.execute(Lorg/gradle/launcher/daemon/server/api/DaemonCommandExecution;)V+49
j  org.gradle.launcher.daemon.server.api.DaemonCommandExecution.proceed()Z+23
j  org.gradle.launcher.daemon.server.exec.StartBuildOrRespondWithBusy$1.run()V+44
j  org.gradle.launcher.daemon.server.DaemonStateCoordinator.lambda$runCommand$0(Ljava/lang/Runnable;)V+1
j  org.gradle.launcher.daemon.server.DaemonStateCoordinator$$Lambda+0x000001fe2c1824d0.run()V+8
j  org.gradle.internal.concurrent.ExecutorPolicy$CatchAndRecordFailures.onExecute(Ljava/lang/Runnable;)V+1
j  org.gradle.internal.concurrent.AbstractManagedExecutor$1.run()V+25
j  java.util.concurrent.ThreadPoolExecutor.runWorker(Ljava/util/concurrent/ThreadPoolExecutor$Worker;)V+92 java.base@21.0.7
j  java.util.concurrent.ThreadPoolExecutor$Worker.run()V+5 java.base@21.0.7
j  java.lang.Thread.runWith(Ljava/lang/Object;Ljava/lang/Runnable;)V+5 java.base@21.0.7
j  java.lang.Thread.run()V+19 java.base@21.0.7
v  ~StubRoutines::call_stub 0x000001fe0fd3100d

Compiled method (n/a) 18184  822     n 0       java.lang.ClassLoader::defineClass1 (native)
 total in heap  [0x000001fe10327d90,0x000001fe103283f0] = 1632
 relocation     [0x000001fe10327ef0,0x000001fe10327f28] = 56
 main code      [0x000001fe10327f40,0x000001fe103283ef] = 1199
 stub code      [0x000001fe103283ef,0x000001fe103283f0] = 1

[Constant Pool (empty)]

[MachCode]
[Entry Point]
  # {method} {0x000001fe2b4310d8} 'defineClass1' '(Ljava/lang/ClassLoader;Ljava/lang/String;[BIILjava/security/ProtectionDomain;Ljava/lang/String;)Ljava/lang/Class;' in 'java/lang/ClassLoader'
  # parm0:    rdx:rdx   = 'java/lang/ClassLoader'
  # parm1:    r8:r8     = 'java/lang/String'
  # parm2:    r9:r9     = '[B'
  # parm3:    rdi       = int
  # parm4:    rsi       = int
  # parm5:    rcx:rcx   = 'java/security/ProtectionDomain'
  # parm6:    [sp+0xa0]   = 'java/lang/String'  (sp of caller)
  0x000001fe10327f40: 448b 5208 | 49bb 0000 | 002b fe01 | 0000 4d03 | d349 3bc2 | 0f84 0600 

  0x000001fe10327f58: ;   {runtime_call ic_miss_stub}
  0x000001fe10327f58: 0000 e921 | 68a5 ff90 
[Verified Entry Point]
  0x000001fe10327f60: 8984 2400 | 80ff ff55 | 488b ec48 | 81ec 9000 | 0000 6690 | 4181 7f20 | 0d00 0000 

  0x000001fe10327f7c: ;   {runtime_call StubRoutines (final stubs)}
  0x000001fe10327f7c: 7405 e8dd | cda3 ff48 | 837d 1000 | 488d 4510 | 480f 4445 | 1048 8944 | 2440 4889 | 4c24 7048 
  0x000001fe10327f9c: 83f9 0048 | 8d44 2470 | 480f 4444 | 2470 4889 | 4424 3848 | 8974 2430 | 4889 7c24 | 284c 894c 
  0x000001fe10327fbc: 2458 4983 | f900 488d | 4424 5848 | 0f44 4424 | 5848 8944 | 2420 4c89 | 4424 5049 | 83f8 004c 
  0x000001fe10327fdc: 8d4c 2450 | 4c0f 444c | 2450 4889 | 5424 4848 | 83fa 004c | 8d44 2448 | 4c0f 4444 

  0x000001fe10327ff8: ;   {oop(a 'java/lang/Class'{0x000000060040d7a0} = 'java/lang/ClassLoader')}
  0x000001fe10327ff8: 2448 49be | a0d7 4000 | 0600 0000 | 4c89 7424 | 784c 8d74 | 2478 498b | d6c5 f877 

  0x000001fe10328014: ;   {internal_word}
  0x000001fe10328014: 49ba 1180 | 3210 fe01 | 0000 4d89 | 97a0 0300 | 0049 89a7 | 9803 0000 

  0x000001fe1032802c: ;   {external_word}
  0x000001fe1032802c: 49ba 3d5b | 46da f97f | 0000 4180 | 3a00 0f84 | 4e00 0000 | 5241 5041 

  0x000001fe10328044: ;   {metadata({method} {0x000001fe2b4310d8} 'defineClass1' '(Ljava/lang/ClassLoader;Ljava/lang/String;[BIILjava/security/ProtectionDomain;Ljava/lang/String;)Ljava/lang/Class;' in 'java/lang/ClassLoader')}
  0x000001fe10328044: 5148 bad0 | 1043 2bfe | 0100 0049 | 8bcf 4883 | ec20 40f6 | c40f 0f84 | 1900 0000 | 4883 ec08 
  0x000001fe10328064: ;   {runtime_call}
  0x000001fe10328064: 48b8 504b | f0d9 f97f | 0000 ffd0 | 4883 c408 | e90c 0000 

  0x000001fe10328078: ;   {runtime_call}
  0x000001fe10328078: 0048 b850 | 4bf0 d9f9 | 7f00 00ff | d048 83c4 | 2041 5941 | 585a 498d | 8fb8 0300 | 0041 c787 
  0x000001fe10328098: 4404 0000 | 0400 0000 

  0x000001fe103280a0: ;   {runtime_call}
  0x000001fe103280a0: 48b8 ac16 | 6b0f fa7f | 0000 ffd0 | c5f8 7741 | c787 4404 | 0000 0500 | 0000 f083 | 4424 c000 
  0x000001fe103280c0: 493b af48 | 0400 000f | 870e 0000 | 0041 83bf | 4004 0000 | 000f 842b | 0000 00c5 | f877 4889 
  0x000001fe103280e0: 45f8 498b | cf4c 8be4 | 4883 ec20 | 4883 e4f0 

  0x000001fe103280f0: ;   {runtime_call}
  0x000001fe103280f0: 48b8 00d1 | bbd9 f97f | 0000 ffd0 | 498b e44d | 33e4 488b | 45f8 41c7 | 8744 0400 | 0008 0000 
  0x000001fe10328110: 0041 83bf | c004 0000 | 020f 84a3 

  0x000001fe1032811c: ;   {external_word}
  0x000001fe1032811c: 0200 0049 | ba3d 5b46 | daf9 7f00 | 0041 803a | 000f 844c | 0000 0048 

  0x000001fe10328134: ;   {metadata({method} {0x000001fe2b4310d8} 'defineClass1' '(Ljava/lang/ClassLoader;Ljava/lang/String;[BIILjava/security/ProtectionDomain;Ljava/lang/String;)Ljava/lang/Class;' in 'java/lang/ClassLoader')}
  0x000001fe10328134: 8945 f848 | bad0 1043 | 2bfe 0100 | 0049 8bcf | 4883 ec20 | 40f6 c40f | 0f84 1900 | 0000 4883 
  0x000001fe10328154: ;   {runtime_call}
  0x000001fe10328154: ec08 48b8 | 504b f0d9 | f97f 0000 | ffd0 4883 | c408 e90c 

  0x000001fe10328168: ;   {runtime_call}
  0x000001fe10328168: 0000 0048 | b850 4bf0 | d9f9 7f00 | 00ff d048 | 83c4 2048 | 8b45 f849 | c787 9803 | 0000 0000 
  0x000001fe10328188: 0000 49c7 | 87a0 0300 | 0000 0000 | 00c5 f877 | 4885 c00f | 84fe 0100 | 00a8 030f | 8508 0000 
  0x000001fe103281a8: 0048 8b00 | e9ee 0100 | 00a8 010f | 8509 0000 | 0048 8b40 | fee9 dd01 | 0000 488b | 40ff 4180 
  0x000001fe103281c8: 7f40 000f | 84ce 0100 | 0048 83f8 | 000f 84c4 | 0100 0049 | 8b4f 2848 | 83f9 000f | 8414 0000 
  0x000001fe103281e8: 0048 83e9 | 0849 894f | 2849 034f | 3848 8901 | e9a2 0100 | 0048 81ec | d000 0000 | 4889 0424 
  0x000001fe10328208: 4889 4c24 | 0848 8954 | 2410 4889 | 7424 1848 | 897c 2420 | 4c89 4424 | 284c 894c | 2430 4c89 
  0x000001fe10328228: 5424 384c | 895c 2440 | c5fb 1144 | 2450 c5fb | 114c 2458 | c5fb 1154 | 2460 c5fb | 115c 2468 
  0x000001fe10328248: c5fb 1164 | 2470 c5fb | 116c 2478 | c5fb 11b4 | 2480 0000 | 00c5 fb11 | bc24 8800 | 0000 c57b 
  0x000001fe10328268: ;   {no_reloc}
  0x000001fe10328268: 1184 2490 | 0000 00c5 | 7b11 8c24 | 9800 0000 | c57b 1194 | 24a0 0000 | 00c5 7b11 | 9c24 a800 
  0x000001fe10328288: 0000 c57b | 11a4 24b0 | 0000 00c5 | 7b11 ac24 | b800 0000 | c57b 11b4 | 24c0 0000 | 00c5 7b11 
  0x000001fe103282a8: bc24 c800 | 0000 498b | d748 8bc8 | 4883 ec20 | 40f6 c40f | 0f84 1900 | 0000 4883 

  0x000001fe103282c4: ;   {runtime_call}
  0x000001fe103282c4: ec08 48b8 | c014 afd9 | f97f 0000 | ffd0 4883 | c408 e90c 

  0x000001fe103282d8: ;   {runtime_call}
  0x000001fe103282d8: 0000 0048 | b8c0 14af | d9f9 7f00 | 00ff d048 | 83c4 20c5 | 7b10 bc24 | c800 0000 | c57b 10b4 
  0x000001fe103282f8: 24c0 0000 | 00c5 7b10 | ac24 b800 | 0000 c57b | 10a4 24b0 | 0000 00c5 | 7b10 9c24 | a800 0000 
  0x000001fe10328318: c57b 1094 | 24a0 0000 | 00c5 7b10 | 8c24 9800 | 0000 c57b | 1084 2490 | 0000 00c5 | fb10 bc24 
  0x000001fe10328338: 8800 0000 | c5fb 10b4 | 2480 0000 | 00c5 fb10 | 6c24 78c5 | fb10 6424 | 70c5 fb10 | 5c24 68c5 
  0x000001fe10328358: fb10 5424 | 60c5 fb10 | 4c24 58c5 | fb10 4424 | 504c 8b5c | 2440 4c8b | 5424 384c | 8b4c 2430 
  0x000001fe10328378: 4c8b 4424 | 2848 8b7c | 2420 488b | 7424 1848 | 8b54 2410 | 488b 4c24 | 0848 8b04 | 2448 81c4 
  0x000001fe10328398: d000 0000 | c5f8 7749 | 8b8f 2804 | 0000 c781 | 0001 0000 | 0000 0000 | c949 837f | 0800 0f85 
  0x000001fe103283b8: 0100 0000 

  0x000001fe103283bc: ;   {runtime_call StubRoutines (initial stubs)}
  0x000001fe103283bc: c3e9 3e8b | a0ff c5f8 | 7748 8945 | f84c 8be4 | 4883 ec20 | 4883 e4f0 

  0x000001fe103283d4: ;   {runtime_call}
  0x000001fe103283d4: 48b8 3083 | f0d9 f97f | 0000 ffd0 | 498b e44d | 33e4 488b | 45f8 e930 | fdff fff4 
[/MachCode]


Compiled method (c2) 18191 4411       4       java.security.SecureClassLoader::defineClass (16 bytes)
 total in heap  [0x000001fe10569490,0x000001fe10570890] = 29696
 relocation     [0x000001fe105695f0,0x000001fe10569a58] = 1128
 main code      [0x000001fe10569a60,0x000001fe1056ddc0] = 17248
 stub code      [0x000001fe1056ddc0,0x000001fe1056df20] = 352
 oops           [0x000001fe1056df20,0x000001fe1056df48] = 40
 metadata       [0x000001fe1056df48,0x000001fe1056e148] = 512
 scopes data    [0x000001fe1056e148,0x000001fe1056f940] = 6136
 scopes pcs     [0x000001fe1056f940,0x000001fe105702e0] = 2464
 dependencies   [0x000001fe105702e0,0x000001fe105702f8] = 24
 handler table  [0x000001fe105702f8,0x000001fe10570790] = 1176
 nul chk table  [0x000001fe10570790,0x000001fe10570890] = 256

[Constant Pool (empty)]

[MachCode]
[Entry Point]
  # {method} {0x000001fe2b04d3e8} 'defineClass' '(Ljava/lang/String;[BIILjava/security/CodeSource;)Ljava/lang/Class;' in 'java/security/SecureClassLoader'
  # this:     rdx:rdx   = 'java/security/SecureClassLoader'
  # parm0:    r8:r8     = 'java/lang/String'
  # parm1:    r9:r9     = '[B'
  # parm2:    rdi       = int
  # parm3:    rsi       = int
  # parm4:    rcx:rcx   = 'java/security/CodeSource'
  #           [sp+0xc0]  (sp of caller)
  0x000001fe10569a60: 448b 5208 | 49bb 0000 | 002b fe01 | 0000 4d03 | d349 3bc2 

  0x000001fe10569a74: ;   {runtime_call ic_miss_stub}
  0x000001fe10569a74: 0f85 064d | 81ff 6690 | 0f1f 4000 
[Verified Entry Point]
  0x000001fe10569a80: 8984 2400 | 80ff ff55 | 4881 ecb0 | 0000 0090 | 4181 7f20 | 0d00 0000 | 0f85 1243 | 0000 8974 
  0x000001fe10569aa0: 2444 897c | 2440 4c89 | 4c24 384c | 8944 2430 | 4889 5424 | 2848 8be9 | 4885 c90f | 843b 3200 
  0x000001fe10569ac0: 004d 8b87 | b801 0000 | 4d8b d049 | 83c2 104d | 3b97 c801 | 0000 0f83 | 4525 0000 | 4d89 97b8 
  0x000001fe10569ae0: 0100 0041 | 0f18 82c0 | 0000 0049 | c700 0100 

  0x000001fe10569af0: ;   {metadata('java/security/SecureClassLoader$CodeSourceKey')}
  0x000001fe10569af0: 0000 41c7 | 4008 20c4 | 1100 4c8b | dd49 c1eb | 0345 8958 | 0c4d 8b8f | b801 0000 | 4c8b 5424 
  0x000001fe10569b10: 2841 8b6a | 504d 8bd1 | 4983 c210 | 4d3b 97c8 | 0100 000f | 83cb 2400 | 004d 8997 | b801 0000 
  0x000001fe10569b30: 410f 1882 | c000 0000 | 49c7 0101 

  0x000001fe10569b3c: ;   {metadata('java/security/SecureClassLoader$1')}
  0x000001fe10569b3c: 0000 0041 | c741 08a8 | c911 004c | 8b54 2428 | 4d8b da49 | c1eb 0345 | 8959 0c45 | 8b5c ec08 
  0x000001fe10569b5c: ;   {metadata('java/util/concurrent/ConcurrentHashMap')}
  0x000001fe10569b5c: 4181 fb80 | 4706 000f | 8523 2c00 | 0049 8d14 | ec66 6690 

  0x000001fe10569b70: ;   {optimized virtual_call}
  0x000001fe10569b70: c5f8 77e8 

  0x000001fe10569b74: ; ImmutableOopMap {[40]=Oop [48]=Oop [56]=Oop }
                      ;*invokeinterface computeIfAbsent {reexecute=0 rethrow=0 return_oop=1}
                      ; - java.security.SecureClassLoader::getProtectionDomain@28 (line 222)
                      ; - java.security.SecureClassLoader::defineClass@9 (line 150)
  0x000001fe10569b74: 8874 d3ef 

  0x000001fe10569b78: ;   {other}
  0x000001fe10569b78: 0f1f 8400 | e806 0000 

  0x000001fe10569b80: ; implicit exception: dispatches to 0x000001fe1056d8cc
  0x000001fe10569b80: 448b 5008 

  0x000001fe10569b84: ;   {metadata('java/security/ProtectionDomain')}
  0x000001fe10569b84: 4181 faa8 | 5700 000f | 8553 3c00 | 0048 8944 | 2448 4c8b | 5424 3045 | 8b5a 14c4 | c179 6ec3 
  0x000001fe10569ba4: ; implicit exception: dispatches to 0x000001fe1056d8f0
  0x000001fe10569ba4: 478b 54dc | 0c45 85d2 | 0f86 262c | 0000 4c8b | 5c24 3045 | 0fbe 4310 | 4585 c00f | 850b 2f00 
  0x000001fe10569bc4: 00c4 423a | f7ca 453b | ca41 8bd9 | 410f 4fda | c4c1 797e | c04f 8d1c | c44f 8d44 | c410 85db 
  0x000001fe10569be4: 0f8e cf00 | 0000 443b | d30f 8205 | 2e00 00b8 | 2f00 0000 | 498b f88b | d348 8bdf | 83fa 100f 
  0x000001fe10569c04: 8c79 0000 | 0083 fa20 | 0f8c 3600 | 0000 c5f9 | 6ed8 c4e2 | 7d78 dbc5 | edef d28b | ca83 e1e0 
  0x000001fe10569c24: 83e2 1fc5 | fe6f 0bc5 | f574 cbc4 | e27d 17d1 | 0f83 6900 | 0000 4883 | c320 83e9 | 2075 e4e9 
  0x000001fe10569c44: 0d00 0000 | c5f9 6ed8 | c5e9 efd2 | c4e2 6100 | da83 fa10 | 0f8c 2400 | 0000 8bca | 83e1 f083 
  0x000001fe10569c64: e20f c5fa | 6f0b c5f1 | 74cb c4e2 | 7917 d10f | 832a 0000 | 0048 83c3 | 1083 e910 

  0x000001fe10569c80: ;   {no_reloc}
  0x000001fe10569c80: 75e4 85d2 | 0f84 1200 | 0000 0fb6 | 0b3b c174 | 1c48 83c3 | 0183 ea01 | 7402 ebee | bbff ffff 
  0x000001fe10569ca0: ffeb 0dc5 | fdd7 c90f | bcc1 4803 | d848 2bdf | 83fb ff0f | 85e7 2f00 | 0041 0fb6 | 2883 fd5b 
  0x000001fe10569cc0: 0f84 6a30 | 0000 418d | 49fb 85c9 | 7c5b 410f | be18 83fb | 6a75 5241 | 83fa 040f | 8627 3600 
  0x000001fe10569ce0: 00c5 f97e | c341 807c | dc11 6175 | 3c41 807c | dc12 7675 | 3441 807c | dc13 6175 | 2c41 807c 
  0x000001fe10569d00: dc14 2e75 

  0x000001fe10569d04: ;   {oop(a 'jdk/internal/loader/ClassLoaders$PlatformClassLoader'{0x0000000600402fb8})}
  0x000001fe10569d04: 2448 b9b8 | 2f40 0006 | 0000 0048 | 8b5c 2428 | 483b d90f | 85a3 3a00 

  0x000001fe10569d1c: ;   {oop(a 'jdk/internal/loader/ClassLoaders$PlatformClassLoader'{0x0000000600402fb8})}
  0x000001fe10569d1c: 0048 bbb8 | 2f40 0006 | 0000 00eb | 0548 8b5c | 2428 488b | 4c24 4844 | 8b71 1041 | 8be9 ffcd 
  0x000001fe10569d3c: 418b caff | c93b e90f | 4fe9 85ed | 0f8c c41a | 0000 413b | ea0f 839d | 2900 0085 | ed0f 8e5d 
  0x000001fe10569d5c: 2c00 008b | fdff cf33 | f6c4 c1f9 | 6ec8 410f | be4c 2b10 | 83f9 2e0f | 844f 1800 | 00ff cd3b 
  0x000001fe10569d7c: ef7f eb83 | fd02 0f8e | 8b00 0000 | 8d7d fe83 | fd02 0f4c | fe81 ffa0 | 0f00 0041 | b8a0 0f00 
  0x000001fe10569d9c: 0041 0f47 | f88b d52b | d766 6666 | 0f1f 8400 | 0000 0000 | 4863 cd45 | 0fbe 440b | 1041 83f8 
  0x000001fe10569dbc: 2e0f 847f | 0000 0041 | 0fbe 4c0b | 0f83 f92e | 7478 8d4d | fe45 0fbe | 440b 1041 | 83f8 2e74 
  0x000001fe10569ddc: 6d8d 4dfd | 410f be7c | 0b10 83ff | 2e74 5f83 | c5fc 3bea | 7fbe 498b | 8750 0400 | 004c 8b44 
  0x000001fe10569dfc: 2428 488b | 4c24 3048 

  0x000001fe10569e04: ; ImmutableOopMap {r11=Oop xmm1=Derived_oop_r11 r8=Oop rcx=Oop rbx=Oop rdi=Oop r14=NarrowOop xmm0=NarrowOop [40]=Oop [48]=Oop [56]=Oop [72]=Oop }
                      ;*goto {reexecute=1 rethrow=0 return_oop=0}
                      ; - (reexecute) java.lang.StringLatin1::lastIndexOf@35 (line 285)
                      ; - java.lang.String::lastIndexOf@13 (line 2573)
                      ; - java.lang.String::lastIndexOf@8 (line 2535)
                      ; - java.lang.ClassLoader::checkCerts@3 (line 1163)
                      ; - java.lang.ClassLoader::preDefineClass@113 (line 917)
                      ; - java.lang.ClassLoader::defineClass@4 (line 1025)
                      ; - java.security.SecureClassLoader::defineClass@12 (line 150)
  0x000001fe10569e04: 8b7c 2448 

  0x000001fe10569e08: ;   {poll}
  0x000001fe10569e08: 8500 83fd | 020f 8f75 | ffff ff83 | fdff 7e20 | 410f be4c | 2b10 83f9 | 2e0f 8499 | 2e00 00ff 
  0x000001fe10569e28: cd83 fdff | 7fea c4c1 | f97e c8e9 | dc19 0000 | c4c1 f97e | c8e9 d219 | 0000 8bcd | eb04 8bcd 
  0x000001fe10569e48: ffc9 c4c1 | f97e c883 | f9ff 0f84 | 5f1c 0000 | 85c9 0f8c | 142e 0000 | 413b c90f | 8f37 3200 
  0x000001fe10569e68: 0041 3bc9 | 0f84 2a12 | 0000 85c9 | 0f84 ee1c | 0000 4d8b | afb8 0100 | 004d 8bcd | 4983 c118 
  0x000001fe10569e88: 4d3b 8fc8 | 0100 000f | 8301 2300 | 004d 898f | b801 0000 | 410f 1881 | c000 0000 | 49c7 4500 
  0x000001fe10569ea8: 0100 0000 

  0x000001fe10569eac: ;   {metadata('java/lang/String')}
  0x000001fe10569eac: 41c7 4508 | 40e7 0000 | 4589 650c | 4d89 6510 | 413b ca0f | 85fb 1000 | 0049 63ea | 4181 fa00 
  0x000001fe10569ecc: 0010 000f | 87f2 2300 | 004c 8944 | 2458 498b | bfb8 0100 | 004c 8d45 | 1749 83e0 | f84c 8bcf 
  0x000001fe10569eec: 4d03 c84d | 3b8f c801 | 0000 0f83 | c623 0000 | 4d89 8fb8 | 0100 0041 | 0f18 81c0 | 0000 0048 
  0x000001fe10569f0c: c707 0100 | 0000 410f | 1881 0001 

  0x000001fe10569f18: ;   {metadata({type array byte})}
  0x000001fe10569f18: 0000 c747 | 0868 2200 | 0044 8957 | 0c41 0f18 | 8140 0100 | 0041 0f18 | 8180 0100 | 0089 7424 
  0x000001fe10569f38: 2448 895c | 2460 4489 | 7424 684c | 896c 2470 | 4889 6c24 | 7848 8bd7 | 4883 c210 | 4c8b 4424 
  0x000001fe10569f58: 7849 83c0 | 0749 c1e8 | 0348 8b4c | 2458 c5f8 | 7749 ba60 | 33d6 0ffe | 0100 0041 

  0x000001fe10569f74: ;   {other}
  0x000001fe10569f74: ffd2 0f1f | 8400 0000 | 0000 8b74 | 2424 488b | 5c24 6044 | 8b74 2468 | 4c8b 6c24 | 704c 8bd7 
  0x000001fe10569f94: 4180 7f40 | 000f 8580 | 1900 004d | 8bdd 4d8b | c249 c1e8 | 0345 8945 | 144d 33d3 | 49c1 ea16 
  0x000001fe10569fb4: 4d85 d274 | 1a49 c1eb | 0948 b900 | 00cc 7bfe | 0100 0049 | 03cb 8039 | 020f 8583 | 1900 0045 
  0x000001fe10569fd4: 8865 1043 | 8b6c f414 | 85ed 0f85 | 642d 0000 | 438b 6cf4 | 1085 ed0f | 8587 2d00 | 0044 8b53 
  0x000001fe10569ff4: 2c45 85d2 | 0f84 ad26 | 0000 4889 | 5c24 5089 | 7424 204b | 8d14 d4bf | 0100 0000 

  0x000001fe1056a010: ;   {oop(a 'java/security/cert/Certificate'[0] {0x0000000600412238})}
  0x000001fe1056a010: 49b9 3822 | 4100 0600 | 0000 4d8b | c566 6690 

  0x000001fe1056a020: ;   {optimized virtual_call}
  0x000001fe1056a020: c5f8 77e8 

  0x000001fe1056a024: ; ImmutableOopMap {[40]=Oop [48]=Oop [56]=Oop [72]=Oop [80]=Oop }
                      ;*invokevirtual putVal {reexecute=0 rethrow=0 return_oop=1}
                      ; - java.util.concurrent.ConcurrentHashMap::putIfAbsent@4 (line 1541)
                      ; - java.lang.ClassLoader::checkCerts@62 (line 1171)
                      ; - java.lang.ClassLoader::preDefineClass@113 (line 917)
                      ; - java.lang.ClassLoader::defineClass@4 (line 1025)
                      ; - java.security.SecureClassLoader::defineClass@12 (line 150)
  0x000001fe1056a024: 58d1 1500 

  0x000001fe1056a028: ;   {other}
  0x000001fe1056a028: 0f1f 8400 | 980b 0002 | 4885 c074 | 1c44 8b50 

  0x000001fe1056a038: ;   {metadata('java/security/cert/Certificate'[])}
  0x000001fe1056a038: 0841 81fa | c051 1000 | 0f85 1238 | 0000 8b68 | 0c85 ed0f | 8783 3000 | 004c 8b6c | 2448 458b 
  0x000001fe1056a058: 5510 438b | 5cd4 0c85 | db0f 8441 | 2d00 0045 | 3b64 dc38 | 0f84 5226 | 0000 498b | 87b8 0100 
  0x000001fe1056a078: 004c 8bd0 | 4983 c218 | 498d 3cdc | 4d3b 97c8 | 0100 000f | 83b3 1f00 | 004d 8997 | b801 0000 
  0x000001fe1056a098: 410f 1882 | c000 0000 | 48c7 0001 

  0x000001fe1056a0a4: ;   {metadata('java/lang/StringBuilder')}
  0x000001fe1056a0a4: 0000 00c7 | 4008 1880 | 0000 4489 | 600c 4c89 | 6010 488b | f049 8b87 | b801 0000 | 4c8b d049 
  0x000001fe1056a0c4: 83c2 204d | 3b97 c801 | 0000 0f83 | a91f 0000 | 4d89 97b8 | 0100 0041 | 0f18 82c0 | 0000 0048 
  0x000001fe1056a0e4: c700 0100 | 0000 410f | 1882 0001 

  0x000001fe1056a0f0: ;   {metadata({type array byte})}
  0x000001fe1056a0f0: 0000 c740 | 0868 2200 | 0041 0f18 | 8240 0100 | 00c7 400c | 1000 0000 | 410f 1882 | 8001 0000 
  0x000001fe1056a110: 4c89 6010 | 4c89 6018 | 4c8b de4c | 8bd0 49c1 | ea03 4489 | 5614 4c8b | c04d 33c3 | 49c1 e816 
  0x000001fe1056a130: 4d85 c00f | 84e5 1600 | 0049 c1eb | 0948 b900 | 00cc 7bfe | 0100 0049 | 03cb 8039 | 020f 850a 
  0x000001fe1056a150: 1700 0045 | 33c0 458b | 5cdc 1444 | 8866 1045 | 85db 0f84 | 0f1a 0000 | 478b 4cdc | 1443 8b54 
  0x000001fe1056a170: cc0c 438b | 4cd4 0c47 | 0fbe 4cdc | 10c4 6232 | f7ca 4503 | c141 8bd0 | 2bd1 85d2 | 0f8f 6812 
  0x000001fe1056a190: 0000 440f | be56 1043 | 0fbe 44dc | 1044 8b46 | 0c44 3bd0 | 0f85 8a2e | 0000 8b4e | 1441 3bc2 
  0x000001fe1056a1b0: 0f85 522a | 0000 438b | 44dc 1445 | 8b5c c40c | c4c2 29f7 | e845 8b54 | cc0c 85ed | 0f8c 8227 
  0x000001fe1056a1d0: 0000 458d | 042b 453b | d00f 8275 | 2700 0045 | 85db 7633 | 458b f14d | 8d14 cc49 | 8d54 2a10 
  0x000001fe1056a1f0: ;   {no_reloc}
  0x000001fe1056a1f0: 4d63 c34d | 8d14 c449 | 8d4c c410 | c5f8 7749 | baa0 2dd6 | 0ffe 0100 | 0041 ffd2 

  0x000001fe1056a20c: ;   {other}
  0x000001fe1056a20c: 0f1f 8400 | 0000 0000 | 458b ce44 | 014e 0c44 | 8b56 1447 | 8b4c d40c | 448b 460c | 0fbe 4e10 
  0x000001fe1056a22c: c442 72f7 | d941 8bc8 | 412b cbff | c185 c90f | 8f65 0e00 | 0080 7e10 | 000f 853d | 1500 008b 
  0x000001fe1056a24c: 6e0c 448b | dd41 ffc3 | 4489 5e0c 

  0x000001fe1056a258: ; implicit exception: dispatches to 0x000001fe1056dac8
  0x000001fe1056a258: 478b 5cd4 | 0c41 3beb | 0f83 ca24 | 0000 49c1 | e203 41c6 | 442a 103a | 418b 6cdc | 2485 ed0f 
  0x000001fe1056a278: 85a3 1400 | 008b 6e14 

  0x000001fe1056a280: ; implicit exception: dispatches to 0x000001fe1056d920
  0x000001fe1056a280: 458b 54ec | 0c44 8b46 | 0c44 0fbe | 5e10 c442 | 22f7 da45 | 8bd0 452b | d345 85d2 | 0f8f ba0e 
  0x000001fe1056a2a0: 0000 440f | be56 1044 | 8b5e 0c45 | 85d2 0f85 | 302b 0000 | 8b6e 1445 | 8b4c ec0c | 4585 db0f 
  0x000001fe1056a2c0: 8c2f 2500 | 0045 3bcb | 0f82 2625 | 0000 458b | 44dc 2847 | 8b54 c414 

  0x000001fe1056a2d8: ; implicit exception: dispatches to 0x000001fe1056d950
  0x000001fe1056a2d8: 478b 4cd4 | 0c8b 4e14 

  0x000001fe1056a2e0: ; implicit exception: dispatches to 0x000001fe1056d968
  0x000001fe1056a2e0: 458b 54cc | 0c89 4c24 | 6448 897c | 2450 895c | 2424 4c89 | 6c24 4843 | 0fbe 4cc4 | 1044 8944 
  0x000001fe1056a300: 2460 8b7e | 0cc4 4272 

  0x000001fe1056a308: ;   {no_reloc}
  0x000001fe1056a308: f7d9 4489 | 5c24 6844 | 8bc9 0fbe | 4e10 4889 | 7424 5845 | 8d04 3bc4 | 4272 f7da | 458b d045 
  0x000001fe1056a328: 2bd3 4585 | d20f 8fdd | 0e00 0048 | 8bde 448b | 4424 6041 | 3bc9 0f85 | 002b 0000 | 8b73 1444 
  0x000001fe1056a348: 3bc9 0f85 | b027 0000 | 478b 4cc4 | 1443 8b44 | cc0c c4e2 | 71f7 ef45 | 8b5c f40c | 85ed 0f8c 
  0x000001fe1056a368: e424 0000 | 448d 0428 | 453b d80f | 82d7 2400 | 0085 c076 | 2d4c 63c0 | 4f8d 14cc | 4b8d 4ccc 
  0x000001fe1056a388: 104d 8d14 | f449 8d54 | 2a10 c5f8 | 7749 baa0 | 2dd6 0ffe | 0100 0041 

  0x000001fe1056a3a0: ;   {other}
  0x000001fe1056a3a0: ffd2 0f1f | 8400 0000 | 0000 448b | 4424 6844 | 0343 0c44 | 8943 0c44 | 8b4c 2424 | 438b 6ccc 
  0x000001fe1056a3c0: 2085 ed0f | 85ef 2a00 | 008b 6b14 

  0x000001fe1056a3cc: ; implicit exception: dispatches to 0x000001fe1056d9b8
  0x000001fe1056a3cc: 458b 54ec | 0c0f be4b | 10c4 4272 | f7d2 418b | c841 2bca | 85c9 0f8f | d60e 0000 | 440f be5b 
  0x000001fe1056a3ec: 1044 8b53 | 0c45 85db | 0f85 1a2b | 0000 8b6b | 1445 8b5c | ec0c 4585 | d20f 8c8d | 2400 0045 
  0x000001fe1056a40c: 3bda 0f82 | 8424 0000 | 438b 6ccc | 3085 ed0f | 855b 2b00 | 008b 4b14 

  0x000001fe1056a424: ; implicit exception: dispatches to 0x000001fe1056d9e8
  0x000001fe1056a424: 458b 54cc | 0c0f be6b | 1044 8b43 | 0cc4 4252 | f7da 458b | d045 2bd3 | 4585 d20f | 8f16 0f00 
  0x000001fe1056a444: 0085 ed0f | 8587 2b00 | 008b 6b14 

  0x000001fe1056a450: ; implicit exception: dispatches to 0x000001fe1056da00
  0x000001fe1056a450: 458b 54ec | 0c45 85c0 | 0f8c 9a24 | 0000 453b | d00f 8291 | 2400 0049 | 8b87 b801 | 0000 4c8b 
  0x000001fe1056a470: d049 83c2 | 184d 3b97 | c801 0000 | 0f83 441c | 0000 4d89 | 97b8 0100 | 0041 0f18 | 82c0 0000 
  0x000001fe1056a490: 0048 c700 | 0100 0000 

  0x000001fe1056a498: ;   {metadata('java/lang/String')}
  0x000001fe1056a498: c740 0840 | e700 0044 | 8960 0c4c | 8960 1048 | 8bf0 440f | be4b 1044 | 8b5b 1444 | 8b43 0c45 
  0x000001fe1056a4b8: 85c9 0f85 | b426 0000 

  0x000001fe1056a4c0: ; implicit exception: dispatches to 0x000001fe1056da18
  0x000001fe1056a4c0: 478b 54dc | 0c4f 8d0c | dc4c 894c | 2478 4f8d | 4cdc 1045 | 3bc2 0f85 | fa09 0000 | 4963 fa41 
  0x000001fe1056a4e0: 81fa 0000 | 1000 0f87 | 3d1d 0000 | 498b 9fb8 | 0100 004c | 8d47 1749 | 83e0 f848 | 8bcb 4903 
  0x000001fe1056a500: c849 3b8f | c801 0000 | 0f83 1b1d | 0000 4989 | 8fb8 0100 | 000f 1881 | c000 0000 | 48c7 0301 
  0x000001fe1056a520: 0000 000f | 1881 0001 

  0x000001fe1056a528: ;   {metadata({type array byte})}
  0x000001fe1056a528: 0000 c743 | 0868 2200 | 0044 8953 | 0c0f 1881 | 4001 0000 | 0f18 8180 | 0100 0048 | 8bd3 4883 
  0x000001fe1056a548: c210 4883 | c707 48c1 | ef03 498b | c94c 8bc7 | c5f8 7749 | ba60 33d6 | 0ffe 0100 | 0041 ffd2 
  0x000001fe1056a568: ;   {other}
  0x000001fe1056a568: 0f1f 8400 | 0000 0000 | 4180 7f40 | 000f 85ab | 1200 004c | 8bd6 4c8b | c349 c1e8 | 0344 8946 
  0x000001fe1056a588: 144c 8bdb | 4d33 da49 | c1eb 164d | 85db 741a | 49c1 ea09 | 48b9 0000 | cc7b fe01 | 0000 4903 
  0x000001fe1056a5a8: ca80 3902 | 0f85 fd12 | 0000 4c8b | d648 8b54 | 2428 4c8b | 4424 304c | 8b4c 2438 | 8b7c 2440 
  0x000001fe1056a5c8: 8b74 2444 | 488b 4c24 | 484c 8914 | 2466 6690 

  0x000001fe1056a5d8: ;   {static_call}
  0x000001fe1056a5d8: c5f8 77e8 

  0x000001fe1056a5dc: ; ImmutableOopMap {[40]=Oop [72]=Oop }
                      ;*invokestatic defineClass1 {reexecute=0 rethrow=0 return_oop=1}
                      ; - java.lang.ClassLoader::defineClass@27 (line 1027)
                      ; - java.security.SecureClassLoader::defineClass@12 (line 150)
  0x000001fe1056a5dc: 80d9 dbff 

  0x000001fe1056a5e0: ;   {other}
  0x000001fe1056a5e0: 0f1f 8400 | 5011 0003 | 4c8b f044 | 8b58 3c45 | 85db 7413 | 4b8d 1cdc | 49bd 0000 | cc7b fe01 
  0x000001fe1056a600: 0000 e95d | 0300 004c | 8b50 1045 | 8b42 0845 | 85c0 0f8c | 6024 0000 | 448b 582c | 4585 db75 
  0x000001fe1056a620: 2e48 8944 | 2430 488b | d066 6690 

  0x000001fe1056a62c: ;   {optimized virtual_call}
  0x000001fe1056a62c: c5f8 77e8 

  0x000001fe1056a630: ; ImmutableOopMap {[40]=Oop [48]=Oop [72]=Oop }
                      ;*invokevirtual initClassName {reexecute=0 rethrow=0 return_oop=1}
                      ; - java.lang.Class::getName@14 (line 948)
                      ; - java.lang.Class::getPackageName@40 (line 1167)
                      ; - java.lang.ClassLoader::postDefineClass@2 (line 934)
                      ; - java.lang.ClassLoader::defineClass@37 (line 1028)
                      ; - java.security.SecureClassLoader::defineClass@12 (line 150)
  0x000001fe1056a630: acb3 d9ff 

  0x000001fe1056a634: ;   {other}
  0x000001fe1056a634: 0f1f 8400 | a411 0004 | 488b f048 | 85c0 0f84 | a02e 0000 | 4c8b 7424 | 30eb 044b | 8d34 dc8b 
  0x000001fe1056a654: 4e14 418b | 54cc 0c44 | 0fbe 5e10 | c462 22f7 | ca41 8bf9 | ffcf 4585 | db0f 8555 | 2b00 0049 
  0x000001fe1056a674: 8d2c cc44 | 8bc2 41ff | c844 3bc7 | 440f 4fc7 | 4585 c00f | 8c73 1200 | 0085 d20f | 86ab 2300 
  0x000001fe1056a694: 0044 3bc2 | 0f83 a223 | 0000 4585 | c00f 8ef1 | 2300 0045 | 8bd0 41ff 

  0x000001fe1056a6ac: ;   {oop(""{0x0000000600401eb8})}
  0x000001fe1056a6ac: ca48 bbb8 | 1e40 0006 | 0000 0049 | bd00 00cc | 7bfe 0100 | 0042 0fbe | 7c05 1083 | ff2e 0f84 
  0x000001fe1056a6cc: 4810 0000 | 41ff c845 | 3bc2 7fe9 | 4183 f802 | 0f8e 8500 | 0000 458d | 50fe 4183 | f802 440f 
  0x000001fe1056a6ec: 4c54 2420 | 4181 faa0 | 0f00 00bf | a00f 0000 | 440f 47d7 | 418b f841 | 2bfa 6666 | 0f1f 8400 
  0x000001fe1056a70c: 0000 0000 | 4d63 d846 | 0fbe 541d | 1041 83fa | 2e74 7346 | 0fbe 541d | 0f41 83fa | 2e74 6c45 
  0x000001fe1056a72c: 8d58 fe46 | 0fbe 541d | 1041 83fa | 2e74 6245 | 8d58 fd46 | 0fbe 541d | 1041 83fa | 2e74 5241 
  0x000001fe1056a74c: 83c0 fc44 | 3bc7 7fbc | 498b 8750 

  0x000001fe1056a758: ; ImmutableOopMap {rcx=NarrowOop rbx=Oop rsi=Oop rbp=Oop r14=Oop [40]=Oop [72]=Oop }
                      ;*goto {reexecute=1 rethrow=0 return_oop=0}
                      ; - (reexecute) java.lang.StringLatin1::lastIndexOf@35 (line 285)
                      ; - java.lang.String::lastIndexOf@13 (line 2573)
                      ; - java.lang.String::lastIndexOf@8 (line 2535)
                      ; - java.lang.Class::getPackageName@47 (line 1168)
                      ; - java.lang.ClassLoader::postDefineClass@2 (line 934)
                      ; - java.lang.ClassLoader::defineClass@37 (line 1028)
                      ; - java.security.SecureClassLoader::defineClass@12 (line 150)
                      ;   {poll}
  0x000001fe1056a758: 0400 0085 | 0041 83f8 | 020f 8f7b | ffff ff41 | 83f8 ff0f | 8ea3 1100 | 0066 6690 | 460f be54 
  0x000001fe1056a778: 0510 4183 | fa2e 0f84 | 182b 0000 | 41ff c841 | 83f8 ff7f | e7e9 8211 | 0000 458b | d8eb 0645 
  0x000001fe1056a798: 8bd8 41ff | cb41 83fb | ff0f 8476 | 0100 0045 | 85db 0f8c | 7c2a 0000 | 453b d90f | 8feb 2a00 
  0x000001fe1056a7b8: 0045 3bd9 | 0f84 f90d | 0000 4585 | db0f 8421 | 1900 0049 | 8b9f b801 | 0000 4c8b | d349 83c2 
  0x000001fe1056a7d8: 184d 3b97 | c801 0000 | 0f83 5b1c | 0000 4d89 | 97b8 0100 | 0041 0f18 | 82c0 0000 | 0048 c703 
  0x000001fe1056a7f8: 0100 0000 

  0x000001fe1056a7fc: ;   {metadata('java/lang/String')}
  0x000001fe1056a7fc: c743 0840 | e700 0044 | 8963 0c4c | 8963 104d | 8d4c cc10 | 443b da0f | 85b3 0c00 | 004c 63c2 
  0x000001fe1056a81c: 81fa 0000 | 1000 0f87 | 6b1c 0000 | 498b b7b8 | 0100 004d | 8d50 1749 | 83e2 f84c | 8bde 4d03 
  0x000001fe1056a83c: da4d 3b9f | c801 0000 | 0f83 491c | 0000 4d89 | 9fb8 0100 | 0041 0f18 | 83c0 0000 | 0048 c706 
  0x000001fe1056a85c: 0100 0000 | 410f 1883 | 0001 0000 

  0x000001fe1056a868: ;   {metadata({type array byte})}
  0x000001fe1056a868: c746 0868 | 2200 0089 | 560c 410f | 1883 4001 | 0000 410f | 1883 8001 | 0000 488b | d648 83c2 
  0x000001fe1056a888: 1049 83c0 | 0749 c1e8 | 0349 8bc9 | c5f8 7749 | ba60 33d6 | 0ffe 0100 | 0041 ffd2 

  0x000001fe1056a8a4: ;   {other}
  0x000001fe1056a8a4: 0f1f 8400 | 0000 0000 | 4180 7f40 | 000f 8578 | 1100 004c | 8bd3 4c8b | de49 c1eb | 0344 895b 
  0x000001fe1056a8c4: 144c 8bde | 4d33 da49 | c1eb 164d | 85db 741a | 49c1 ea09 | 48b9 0000 | cc7b fe01 | 0000 4903 
  0x000001fe1056a8e4: ca80 3902 | 0f85 7811 | 0000 4488 | 6310 4c89 | 6c24 4048 | 8bd3 4c89 | 7424 3090 

  0x000001fe1056a900: ;   {optimized virtual_call}
  0x000001fe1056a900: c5f8 77e8 

  0x000001fe1056a904: ; ImmutableOopMap {[40]=Oop [48]=Oop [72]=Oop }
                      ;*invokevirtual intern {reexecute=0 rethrow=0 return_oop=1}
                      ; - java.lang.Class::getPackageName@65 (line 1169)
                      ; - java.lang.ClassLoader::postDefineClass@2 (line 934)
                      ; - java.lang.ClassLoader::defineClass@37 (line 1028)
                      ; - java.security.SecureClassLoader::defineClass@12 (line 150)
  0x000001fe1056a904: 58dc d7ff 

  0x000001fe1056a908: ;   {other}
  0x000001fe1056a908: 0f1f 8400 | 7814 0006 | 488b d84c | 8b6c 2440 | 4c8b 7424 | 3041 807f | 4000 0f85 | 7f10 0000 
  0x000001fe1056a928: 4d8b d64c | 8bdb 49c1 | eb03 4589 | 5e3c 4c8b | db4d 33da | 49c1 eb16 | 4d85 db74 | 1f48 85db 
  0x000001fe1056a948: 741a 49c1 | ea09 48b9 | 0000 cc7b | fe01 0000 | 4903 ca80 | 3902 0f85 | 7a10 0000 | 4c8b 5424 
  0x000001fe1056a968: 2845 8b42 | 3845 85c0 | 0f84 661d | 0000 4c8b | cb8b 430c | 458b 5e30 | 85c0 0f84 | d304 0000 
  0x000001fe1056a988: 438b 5cc4 | 2885 db0f | 842b 0100 | 0045 8b44 | dc0c 4585 | c00f 8624 | 2300 0044 | 8bd0 41c1 
  0x000001fe1056a9a8: ea10 4433 | d049 8d0c | dc41 81e2 | ffff ff7f | 41ff c845 | 23c2 4d63 | c046 8b44 | 8110 4585 
  0x000001fe1056a9c8: c00f 84f1 | 0000 0043 | 8b6c c40c | 413b ea0f | 84dc 0200 | 0085 ed0f | 8c1b 2b00 | 0049 c1e0 
  0x000001fe1056a9e8: 0345 8b40 | 1845 85c0 | 0f84 ca00 | 0000 4b8d | 0cc4 8b59 | 0c49 8b97 

  0x000001fe1056aa00: ; ImmutableOopMap {r11=NarrowOop r9=Oop rcx=Oop r14=Oop [40]=Oop [72]=Oop }
                      ;*if_icmpne {reexecute=1 rethrow=0 return_oop=0}
                      ; - (reexecute) java.util.concurrent.ConcurrentHashMap::get@127 (line 946)
                      ; - java.lang.ClassLoader::getNamedPackage@5 (line 341)
                      ; - java.lang.ClassLoader::postDefineClass@9 (line 934)
                      ; - java.lang.ClassLoader::defineClass@37 (line 1028)
                      ; - java.security.SecureClassLoader::defineClass@12 (line 150)
  0x000001fe1056aa00: 5004 0000 

  0x000001fe1056aa04: ;   {poll}
  0x000001fe1056aa04: 8502 413b | da74 1344 | 8b41 1845 | 85c0 0f84 | a800 0000 | 4b8d 0cc4 | ebdc 8b69 | 104c 8bc5 
  0x000001fe1056aa24: 49c1 e003 | 4d3b c10f | 8484 0000 | 0085 ed0f | 840f 2d00 | 0048 894c | 2458 4489 | 5424 5444 
  0x000001fe1056aa44: 895c 2450 | 4c89 4c24 | 404c 8974 | 2438 4c89 | 6c24 304c | 8b54 2428 | 4c89 5424 | 204d 8d04 
  0x000001fe1056aa64: ec49 8bd1 | 4c89 7424 | 2866 6690 

  0x000001fe1056aa70: ;   {optimized virtual_call}
  0x000001fe1056aa70: c5f8 77e8 

  0x000001fe1056aa74: ; ImmutableOopMap {[32]=Oop [40]=Oop [56]=Oop [64]=Oop [72]=Oop [80]=NarrowOop [88]=Oop }
                      ;*invokevirtual equals {reexecute=0 rethrow=0 return_oop=0}
                      ; - java.util.concurrent.ConcurrentHashMap::get@149 (line 947)
                      ; - java.lang.ClassLoader::getNamedPackage@5 (line 341)
                      ; - java.lang.ClassLoader::postDefineClass@9 (line 934)
                      ; - java.lang.ClassLoader::defineClass@37 (line 1028)
                      ; - java.security.SecureClassLoader::defineClass@12 (line 150)
  0x000001fe1056aa74: 485e d7ff 

  0x000001fe1056aa78: ;   {other}
  0x000001fe1056aa78: 0f1f 8400 | e815 0008 | 4d8b 9750 

  0x000001fe1056aa84: ; ImmutableOopMap {[32]=Oop [40]=Oop [56]=Oop [64]=Oop [72]=Oop [80]=NarrowOop [88]=Oop }
                      ;*ifeq {reexecute=1 rethrow=0 return_oop=0}
                      ; - (reexecute) java.util.concurrent.ConcurrentHashMap::get@152 (line 947)
                      ; - java.lang.ClassLoader::getNamedPackage@5 (line 341)
                      ; - java.lang.ClassLoader::postDefineClass@9 (line 934)
                      ; - java.lang.ClassLoader::defineClass@37 (line 1028)
                      ; - java.security.SecureClassLoader::defineClass@12 (line 150)
                      ;   {poll}
  0x000001fe1056aa84: 0400 0041 | 8502 85c0 | 0f84 f211 | 0000 4c8b | 5424 204c | 8954 2428 | 4c8b 6c24 | 304c 8b74 
  0x000001fe1056aaa4: 2438 4c8b | 4c24 4044 | 8b5c 2450 | 488b 4c24 | 588b 6914 | 85ed 0f85 | 3303 0000 | 498b 87b8 
  0x000001fe1056aac4: 0100 004c | 8bd0 4983 | c218 4d3b | 97c8 0100 | 000f 8316 | 1a00 004d | 8997 b801 | 0000 410f 
  0x000001fe1056aae4: 1882 c000 | 0000 48c7 | 0001 0000 

  0x000001fe1056aaf0: ;   {metadata('java/lang/NamedPackage')}
  0x000001fe1056aaf0: 00c7 4008 | 20bd 0100 | 4489 600c | 4c89 6010 | 4c89 6c24 | 204c 8974 | 2430 4c89 | 4c24 3844 
  0x000001fe1056ab10: 895c 2440 | 4889 4424 | 5048 8b54 | 2438 6690 

  0x000001fe1056ab20: ;   {optimized virtual_call}
  0x000001fe1056ab20: c5f8 77e8 

  0x000001fe1056ab24: ; ImmutableOopMap {[40]=Oop [48]=Oop [56]=Oop [64]=NarrowOop [72]=Oop [80]=Oop }
                      ;*invokevirtual isEmpty {reexecute=0 rethrow=0 return_oop=0}
                      ; - java.lang.NamedPackage::<init>@5 (line 48)
                      ; - java.lang.ClassLoader::getNamedPackage@22 (line 343)
                      ; - java.lang.ClassLoader::postDefineClass@9 (line 934)
                      ; - java.lang.ClassLoader::defineClass@37 (line 1028)
                      ; - java.security.SecureClassLoader::defineClass@12 (line 150)
  0x000001fe1056ab24: 98ef deff 

  0x000001fe1056ab28: ;   {other}
  0x000001fe1056ab28: 0f1f 8400 | 9816 000a | 85c0 0f84 | 970a 0000 | 448b 5424 | 4045 85d2 | 0f84 ee25 | 0000 49c1 
  0x000001fe1056ab48: e203 4c89 | 5424 5849 | 8bd2 6690 

  0x000001fe1056ab54: ;   {optimized virtual_call}
  0x000001fe1056ab54: c5f8 77e8 

  0x000001fe1056ab58: ; ImmutableOopMap {[40]=Oop [48]=Oop [56]=Oop [64]=NarrowOop [72]=Oop [80]=Oop [88]=Oop }
                      ;*invokevirtual isNamed {reexecute=0 rethrow=0 return_oop=0}
                      ; - java.lang.NamedPackage::<init>@12 (line 48)
                      ; - java.lang.ClassLoader::getNamedPackage@22 (line 343)
                      ; - java.lang.ClassLoader::postDefineClass@9 (line 934)
                      ; - java.lang.ClassLoader::defineClass@37 (line 1028)
                      ; - java.security.SecureClassLoader::defineClass@12 (line 150)
  0x000001fe1056ab58: 644c c1ef 

  0x000001fe1056ab5c: ;   {other}
  0x000001fe1056ab5c: 0f1f 8400 | cc16 000b | 85c0 0f84 | 630a 0000 | 498b 87b8 | 0100 004c | 8bd0 4983 | c228 4d3b 
  0x000001fe1056ab7c: 97c8 0100 | 000f 83c2 | 1900 004d | 8997 b801 | 0000 410f | 1882 c000 | 0000 48c7 | 0001 0000 
  0x000001fe1056ab9c: ;   {metadata('java/lang/InternalError')}
  0x000001fe1056ab9c: 00c7 4008 | 7005 0100 | 4489 600c | 4c89 6010 | 4c89 6018 | 4c89 6020 | 4889 4424 | 7049 8b87 
  0x000001fe1056abbc: b801 0000 | 4c8b d049 | 83c2 184d | 3b97 c801 | 0000 0f83 | 5519 0000 | 4d89 97b8 | 0100 0041 
  0x000001fe1056abdc: 0f18 82c0 | 0000 0048 | c700 0100 

  0x000001fe1056abe8: ;   {metadata('java/lang/StringBuilder')}
  0x000001fe1056abe8: 0000 c740 | 0818 8000 | 0044 8960 | 0c4c 8960 | 1048 8be8 | 488b d54c | 8b54 2470 | 4c89 5424 
  0x000001fe1056ac08: 6866 6690 

  0x000001fe1056ac0c: ;   {optimized virtual_call}
  0x000001fe1056ac0c: c5f8 77e8 

  0x000001fe1056ac10: ; ImmutableOopMap {rbp=Oop [40]=Oop [48]=Oop [56]=Oop [64]=NarrowOop [72]=Oop [80]=Oop [88]=Oop [104]=Oop [112]=Oop }
                      ;*invokespecial <init> {reexecute=0 rethrow=0 return_oop=0}
                      ; - java.lang.NamedPackage::<init>@26 (line 49)
                      ; - java.lang.ClassLoader::getNamedPackage@22 (line 343)
                      ; - java.lang.ClassLoader::postDefineClass@9 (line 934)
                      ; - java.lang.ClassLoader::defineClass@37 (line 1028)
                      ; - java.security.SecureClassLoader::defineClass@12 (line 150)
  0x000001fe1056ac10: 6c3e 81ff 

  0x000001fe1056ac14: ;   {other}
  0x000001fe1056ac14: 0f1f 8400 | 8417 000c 

  0x000001fe1056ac1c: ;   {oop("unnamed package in  "{0x000000060049d638})}
  0x000001fe1056ac1c: 49b8 38d6 | 4900 0600 | 0000 488b | d54c 8b54 | 2468 4c89 | 5424 6090 

  0x000001fe1056ac34: ;   {optimized virtual_call}
  0x000001fe1056ac34: c5f8 77e8 

  0x000001fe1056ac38: ; ImmutableOopMap {[40]=Oop [48]=Oop [56]=Oop [64]=NarrowOop [72]=Oop [80]=Oop [88]=Oop [96]=Oop [104]=Oop }
                      ;*invokevirtual append {reexecute=0 rethrow=0 return_oop=1}
                      ; - java.lang.NamedPackage::<init>@31 (line 49)
                      ; - java.lang.ClassLoader::getNamedPackage@22 (line 343)
                      ; - java.lang.ClassLoader::postDefineClass@9 (line 934)
                      ; - java.lang.ClassLoader::defineClass@37 (line 1028)
                      ; - java.security.SecureClassLoader::defineClass@12 (line 150)
  0x000001fe1056ac38: 443e 81ff 

  0x000001fe1056ac3c: ;   {other}
  0x000001fe1056ac3c: 0f1f 8400 | ac17 000d | 4885 c00f | 841f 2600 | 0048 8bd0 | 4c8b 4424 | 584c 8b54 | 2460 4c89 
  0x000001fe1056ac5c: 5424 2090 

  0x000001fe1056ac60: ;   {optimized virtual_call}
  0x000001fe1056ac60: c5f8 77e8 

  0x000001fe1056ac64: ; ImmutableOopMap {[32]=Oop [40]=Oop [48]=Oop [56]=Oop [64]=NarrowOop [72]=Oop [80]=Oop [96]=Oop }
                      ;*invokevirtual append {reexecute=0 rethrow=0 return_oop=1}
                      ; - java.lang.NamedPackage::<init>@35 (line 49)
                      ; - java.lang.ClassLoader::getNamedPackage@22 (line 343)
                      ; - java.lang.ClassLoader::postDefineClass@9 (line 934)
                      ; - java.lang.ClassLoader::defineClass@37 (line 1028)
                      ; - java.security.SecureClassLoader::defineClass@12 (line 150)
  0x000001fe1056ac64: 183e 81ff 

  0x000001fe1056ac68: ;   {other}
  0x000001fe1056ac68: 0f1f 8400 | d817 000e | 4885 c00f | 840b 2600 | 0048 8bd0 

  0x000001fe1056ac7c: ;   {optimized virtual_call}
  0x000001fe1056ac7c: c5f8 77e8 

  0x000001fe1056ac80: ; ImmutableOopMap {[32]=Oop [40]=Oop [48]=Oop [56]=Oop [64]=NarrowOop [72]=Oop [80]=Oop }
                      ;*invokevirtual toString {reexecute=0 rethrow=0 return_oop=1}
                      ; - java.lang.NamedPackage::<init>@38 (line 49)
                      ; - java.lang.ClassLoader::getNamedPackage@22 (line 343)
                      ; - java.lang.ClassLoader::postDefineClass@9 (line 934)
                      ; - java.lang.ClassLoader::defineClass@37 (line 1028)
                      ; - java.security.SecureClassLoader::defineClass@12 (line 150)
  0x000001fe1056ac80: fc3d 81ff 

  0x000001fe1056ac84: ;   {other}
  0x000001fe1056ac84: 0f1f 8400 | f417 000f | 488b 5424 | 204c 8bc0 

  0x000001fe1056ac94: ;   {optimized virtual_call}
  0x000001fe1056ac94: c5f8 77e8 

  0x000001fe1056ac98: ; ImmutableOopMap {[32]=Oop [40]=Oop [48]=Oop [56]=Oop [64]=NarrowOop [72]=Oop [80]=Oop }
                      ;*invokespecial <init> {reexecute=0 rethrow=0 return_oop=0}
                      ; - java.lang.NamedPackage::<init>@41 (line 49)
                      ; - java.lang.ClassLoader::getNamedPackage@22 (line 343)
                      ; - java.lang.ClassLoader::postDefineClass@9 (line 934)
                      ; - java.lang.ClassLoader::defineClass@37 (line 1028)
                      ; - java.security.SecureClassLoader::defineClass@12 (line 150)
  0x000001fe1056ac98: e43d 81ff 

  0x000001fe1056ac9c: ;   {other}
  0x000001fe1056ac9c: 0f1f 8400 | 0c18 0010 | 488b 5424 | 20c5 f877 | 4881 c4b0 | 0000 005d 

  0x000001fe1056acb4: ;   {runtime_call _rethrow_Java}
  0x000001fe1056acb4: e947 318e | ff43 8b6c | c410 488b | cd48 c1e1 | 0349 3bc9 | 0f84 1801 | 0000 418b | 4cec 0849 
  0x000001fe1056acd4: 8d3c ec4c | 3bcf 0f84 | 0601 0000 

  0x000001fe1056ace0: ;   {metadata('java/lang/String')}
  0x000001fe1056ace0: 81f9 40e7 | 0000 0f85 | 2c2b 0000 | 410f be59 | 100f be6f | 103b dd0f | 85f7 2600 | 008b 5f14 
  0x000001fe1056ad00: 418b 5114 | 418b 7cdc | 0c41 8b4c | d40c 3bcf | 0f85 3a24 | 0000 498d | 3cdc 498d | 74dc 1049 
  0x000001fe1056ad20: 8d1c d449 | 8d7c d410 | 85c9 0f84 | 9d00 0000 | 8bc1 83e0 | 1f83 e1e0 | 0f84 4b00 | 0000 488d 
  0x000001fe1056ad40: 3c0f 488d | 340e 48f7 | d9c5 fe6f | 040f c5fe | 6f0c 0ec5 | fdef c1c4 | e27d 17c0 | 0f85 7200 
  0x000001fe1056ad60: 0000 4883 | c120 75e1 | 85c0 0f84 | 5d00 0000 | c5fe 6f44 | 07e0 c5fe | 6f4c 06e0 | c5fd efc1 
  0x000001fe1056ad80: c4e2 7d17 | c075 4deb | 448b c883 | e1fc 7419 | 488d 3c0f | 488d 340e | 48f7 d98b | 1c0f 3b1c 
  0x000001fe1056ada0: 0e75 3148 | 83c1 0475 | f2a8 0274 | 120f b71f | 0fb7 0e3b | d975 1d48 | 8d7f 0248 | 8d76 02a8 
  0x000001fe1056adc0: 0174 0a0f | b61f 0fb6 | 0e3b d975 | 07b8 0100 | 0000 eb02 | 33c0 c5fd | efc0 c5f5 

  0x000001fe1056addc: ;   {no_reloc}
  0x000001fe1056addc: efc9 85c0 | 0f84 6623 | 0000 438b | 6cc4 1485 | ed0f 84cd | fcff ff45 | 8b54 ec08 | 49bb 0000 
  0x000001fe1056adfc: 002b fe01 | 0000 4d03 | da4d 8b53 

  0x000001fe1056ae08: ;   {metadata('java/lang/NamedPackage')}
  0x000001fe1056ae08: 3849 bb20 | bd01 2bfe | 0100 004d | 3bd3 0f85 | 0c1c 0000 | 4c8b 5424 | 4845 8b5a | 1043 8b6c 
  0x000001fe1056ae28: dc14 85ed | 0f85 5623 | 0000 438b | 6cdc 1085 | ed0f 8569 | 2300 0049 | 8bc6 c5f8 | 7748 81c4 
  0x000001fe1056ae48: b000 0000 

  0x000001fe1056ae4c: ;   {poll_return}
  0x000001fe1056ae4c: 5d49 3ba7 | 4804 0000 | 0f87 402f | 0000 c344 | 0fb6 5311 | 4585 d20f | 855d 0c00 | 0044 8b53 
  0x000001fe1056ae6c: 144b 8d2c | c449 8bd2 | 48c1 e203 | 807b 1000 | 0f85 eb13 | 0000 4489 | 5c24 5044 | 8944 2424 
  0x000001fe1056ae8c: 4889 5c24 | 404c 8974 | 2438 4c89 | 6c24 3090 

  0x000001fe1056ae9c: ;   {static_call}
  0x000001fe1056ae9c: c5f8 77e8 

  0x000001fe1056aea0: ; ImmutableOopMap {rbp=Oop [36]=NarrowOop [40]=Oop [56]=Oop [64]=Oop [72]=Oop [80]=NarrowOop }
                      ;*invokestatic hashCode {reexecute=0 rethrow=0 return_oop=0}
                      ; - java.lang.String::hashCode@27 (line 2369)
                      ; - java.util.concurrent.ConcurrentHashMap::get@1 (line 936)
                      ; - java.lang.ClassLoader::getNamedPackage@5 (line 341)
                      ; - java.lang.ClassLoader::postDefineClass@9 (line 934)
                      ; - java.lang.ClassLoader::defineClass@37 (line 1028)
                      ; - java.security.SecureClassLoader::defineClass@12 (line 150)
  0x000001fe1056aea0: 1c4d d9ff 

  0x000001fe1056aea4: ;   {other}
  0x000001fe1056aea4: 0f1f 8400 | 141a 0011 | 85c0 0f84 | e913 0000 | 4c8b 4c24 | 4041 8941 | 0c4c 8b6c | 2430 4c8b 
  0x000001fe1056aec4: 7424 3844 | 8b44 2424 | 448b 5c24 | 50e9 b2fa | ffff 4585 | c00f 8c05 | 2700 0041 | 81f8 0000 
  0x000001fe1056aee4: 1000 0f87 | 3c24 0000 | 4963 c845 | 3bd0 418b | ea41 0f4f | e844 3bd5 | 0f82 9724 | 0000 443b 
  0x000001fe1056af04: c50f 828e | 2400 0048 | 83c1 174c | 8bd9 4983 | e3f8 4181 | f800 0010 | 000f 8746 | 1600 0049 
  0x000001fe1056af24: 8b9f b801 | 0000 4c8b | d34d 03d3 | 4d3b 97c8 | 0100 000f | 832c 1600 | 004d 8997 | b801 0000 
  0x000001fe1056af44: 410f 1882 | c000 0000 | 48c7 0301 | 0000 0041 | 0f18 8200 

  0x000001fe1056af58: ;   {metadata({type array byte})}
  0x000001fe1056af58: 0100 00c7 | 4308 6822 | 0000 4489 | 430c 410f | 1882 4001 | 0000 410f | 1882 8001 | 0000 4c8b 
  0x000001fe1056af78: d349 83c2 | 1048 c1e9 | 0385 ed0f | 84a7 2300 | 0041 3be8 | 0f8c 3b0b | 0000 4983 | c3f0 49c1 
  0x000001fe1056af98: eb03 498b | c949 8bd2 | 4d8b c3c5 | f877 49ba | 6033 d60f | fe01 0000 

  0x000001fe1056afb0: ;   {other}
  0x000001fe1056afb0: 41ff d20f | 1f84 0000 | 0000 00e9 | b0f5 ffff | 81f9 0000 | 1000 0f87 | 6424 0000 | 4c63 c949 
  0x000001fe1056afd0: 8bf8 443b | d141 8bea | 0f4f e944 | 3bd5 0f82 | c024 0000 | 3bcd 0f82 | b824 0000 | 4983 c117 
  0x000001fe1056aff0: 4d8b c149 | 83e0 f881 | f900 0010 | 000f 87ba | 1500 004d | 8b97 b801 | 0000 498b | d249 03d0 
  0x000001fe1056b010: 493b 97c8 | 0100 000f | 83a0 1500 | 0049 8997 | b801 0000 | 0f18 82c0 | 0000 0049 | c702 0100 
  0x000001fe1056b030: 0000 0f18 | 8200 0100 

  0x000001fe1056b038: ;   {metadata({type array byte})}
  0x000001fe1056b038: 0041 c742 | 0868 2200 | 0041 894a | 0c0f 1882 | 4001 0000 | 0f18 8280 | 0100 0049 | 8bd2 4883 
  0x000001fe1056b058: c210 49c1 | e903 85ed | 0f84 d223 | 0000 3be9 | 0f8c 440b | 0000 498b | ea49 83c0 | f049 c1e8 
  0x000001fe1056b078: 0348 8bcf | c5f8 7749 | ba60 33d6 | 0ffe 0100 | 0041 ffd2 

  0x000001fe1056b08c: ;   {other}
  0x000001fe1056b08c: 0f1f 8400 | 0000 0000 | 4c8b d5e9 | f8ee ffff | 4c8b 6c24 | 30e9 31ef | ffff 4489 | 5424 5848 
  0x000001fe1056b0ac: 8bee 4889 | 7c24 5089 | 5c24 244c | 896c 2448 | 41ff c048 | 8bd6 6690 

  0x000001fe1056b0c4: ;   {optimized virtual_call}
  0x000001fe1056b0c4: c5f8 77e8 

  0x000001fe1056b0c8: ; ImmutableOopMap {rbp=Oop [36]=NarrowOop [40]=Oop [48]=Oop [56]=Oop [72]=Oop [80]=Oop [88]=NarrowOop }
                      ;*invokevirtual newCapacity {reexecute=0 rethrow=0 return_oop=0}
                      ; - java.lang.AbstractStringBuilder::ensureCapacityInternal@24 (line 243)
                      ; - java.lang.AbstractStringBuilder::append@7 (line 806)
                      ; - java.lang.StringBuilder::append@2 (line 246)
                      ; - java.net.URLStreamHandler::toExternalForm@16 (line 480)
                      ; - java.net.URL::toExternalForm@5 (line 1203)
                      ; - java.net.URL::toString@1 (line 1189)
                      ; - java.lang.ClassLoader::defineClassSourceLocation@22 (line 927)
                      ; - java.lang.ClassLoader::defineClass@12 (line 1026)
                      ; - java.security.SecureClassLoader::defineClass@12 (line 150)
  0x000001fe1056b0c8: b439 81ff 

  0x000001fe1056b0cc: ;   {other}
  0x000001fe1056b0cc: 0f1f 8400 | 3c1c 0012 | 440f be5d | 10c4 6221 | f7c0 448b | 5424 5849 | 8bd2 48c1 | e203 6690 
  0x000001fe1056b0ec: ;   {static_call}
  0x000001fe1056b0ec: c5f8 77e8 

  0x000001fe1056b0f0: ; ImmutableOopMap {rbp=Oop [36]=NarrowOop [40]=Oop [48]=Oop [56]=Oop [72]=Oop [80]=Oop }
                      ;*invokestatic copyOf {reexecute=0 rethrow=0 return_oop=1}
                      ; - java.lang.AbstractStringBuilder::ensureCapacityInternal@32 (line 242)
                      ; - java.lang.AbstractStringBuilder::append@7 (line 806)
                      ; - java.lang.StringBuilder::append@2 (line 246)
                      ; - java.net.URLStreamHandler::toExternalForm@16 (line 480)
                      ; - java.net.URL::toExternalForm@5 (line 1203)
                      ; - java.net.URL::toString@1 (line 1189)
                      ; - java.lang.ClassLoader::defineClassSourceLocation@22 (line 927)
                      ; - java.lang.ClassLoader::defineClass@12 (line 1026)
                      ; - java.security.SecureClassLoader::defineClass@12 (line 150)
  0x000001fe1056b0f0: 8c3f 81ff 

  0x000001fe1056b0f4: ;   {other}
  0x000001fe1056b0f4: 0f1f 8400 | 641c 0013 | 488b d841 | 807f 4000 | 0f85 a70b | 0000 488b | f54c 8bd3 | 49c1 ea03 
  0x000001fe1056b114: 4489 5614 | 4c8b de4c | 8bc3 4d33 | c349 c1e8 | 164d 85c0 | 741f 4885 | db74 1a49 | c1eb 0948 
  0x000001fe1056b134: b900 00cc | 7bfe 0100 | 0049 03cb | 8039 020f | 85c8 0c00 | 004c 8b6c | 2448 8b5c | 2424 488b 
  0x000001fe1056b154: 7c24 50e9 | e5f0 ffff | 4889 7424 | 5848 897c | 2450 895c | 2424 4c89 | 6c24 4848 | 8bd6 6690 
  0x000001fe1056b174: ;   {optimized virtual_call}
  0x000001fe1056b174: c5f8 77e8 

  0x000001fe1056b178: ; ImmutableOopMap {rbp=NarrowOop [36]=NarrowOop [40]=Oop [48]=Oop [56]=Oop [72]=Oop [80]=Oop [88]=Oop }
                      ;*invokevirtual newCapacity {reexecute=0 rethrow=0 return_oop=0}
                      ; - java.lang.AbstractStringBuilder::ensureCapacityInternal@24 (line 243)
                      ; - java.lang.AbstractStringBuilder::append@21 (line 587)
                      ; - java.lang.StringBuilder::append@2 (line 179)
                      ; - java.net.URLStreamHandler::toExternalForm@59 (line 483)
                      ; - java.net.URL::toExternalForm@5 (line 1203)
                      ; - java.net.URL::toString@1 (line 1189)
                      ; - java.lang.ClassLoader::defineClassSourceLocation@22 (line 927)
                      ; - java.lang.ClassLoader::defineClass@12 (line 1026)
                      ; - java.security.SecureClassLoader::defineClass@12 (line 150)
  0x000001fe1056b178: 0439 81ff 

  0x000001fe1056b17c: ;   {other}
  0x000001fe1056b17c: 0f1f 8400 | ec1c 0014 | 4c8b 5424 | 5845 0fbe | 5210 c462 | 29f7 c048 | 8bd5 48c1 | e203 488b 
  0x000001fe1056b19c: 6c24 5890 

  0x000001fe1056b1a0: ;   {static_call}
  0x000001fe1056b1a0: c5f8 77e8 

  0x000001fe1056b1a4: ; ImmutableOopMap {rbp=Oop [36]=NarrowOop [40]=Oop [48]=Oop [56]=Oop [72]=Oop [80]=Oop }
                      ;*invokestatic copyOf {reexecute=0 rethrow=0 return_oop=1}
                      ; - java.lang.AbstractStringBuilder::ensureCapacityInternal@32 (line 242)
                      ; - java.lang.AbstractStringBuilder::append@21 (line 587)
                      ; - java.lang.StringBuilder::append@2 (line 179)
                      ; - java.net.URLStreamHandler::toExternalForm@59 (line 483)
                      ; - java.net.URL::toExternalForm@5 (line 1203)
                      ; - java.net.URL::toString@1 (line 1189)
                      ; - java.lang.ClassLoader::defineClassSourceLocation@22 (line 927)
                      ; - java.lang.ClassLoader::defineClass@12 (line 1026)
                      ; - java.security.SecureClassLoader::defineClass@12 (line 150)
  0x000001fe1056b1a4: d83e 81ff 

  0x000001fe1056b1a8: ;   {other}
  0x000001fe1056b1a8: 0f1f 8400 | 181d 0015 | 488b d841 | 807f 4000 | 0f85 2d0b | 0000 488b | f54c 8bdb | 49c1 eb03 
  0x000001fe1056b1c8: 4489 5e14 | 4c8b d64c | 8bdb 4d33 | da49 c1eb | 164d 85db | 741f 4885 | db74 1a49 | c1ea 0948 
  0x000001fe1056b1e8: b900 00cc | 7bfe 0100 | 0049 03ca | 8039 020f | 8562 0c00 | 004c 8b6c | 2448 8b5c | 2424 488b 
  0x000001fe1056b208: 7c24 50e9 | 92f0 ffff | 448b 5c24 | 604b 8d2c | dc48 8bd6 

  0x000001fe1056b21c: ;   {optimized virtual_call}
  0x000001fe1056b21c: c5f8 77e8 

  0x000001fe1056b220: ; ImmutableOopMap {rbp=Oop [36]=NarrowOop [40]=Oop [48]=Oop [56]=Oop [72]=Oop [80]=Oop [88]=Oop [96]=NarrowOop [100]=NarrowOop }
                      ;*invokevirtual newCapacity {reexecute=0 rethrow=0 return_oop=0}
                      ; - java.lang.AbstractStringBuilder::ensureCapacityInternal@24 (line 243)
                      ; - java.lang.AbstractStringBuilder::append@21 (line 587)
                      ; - java.lang.StringBuilder::append@2 (line 179)
                      ; - java.net.URLStreamHandler::toExternalForm@77 (line 484)
                      ; - java.net.URL::toExternalForm@5 (line 1203)
                      ; - java.net.URL::toString@1 (line 1189)
                      ; - java.lang.ClassLoader::defineClassSourceLocation@22 (line 927)
                      ; - java.lang.ClassLoader::defineClass@12 (line 1026)
                      ; - java.security.SecureClassLoader::defineClass@12 (line 150)
  0x000001fe1056b220: 9c15 ddff 

  0x000001fe1056b224: ;   {other}
  0x000001fe1056b224: 0f1f 8400 | 941d 0016 | 4c8b 5424 | 5845 0fbe | 5210 c462 | 29f7 c044 | 8b5c 2464 | 498b d348 
  0x000001fe1056b244: c1e2 0390 

  0x000001fe1056b248: ;   {static_call}
  0x000001fe1056b248: c5f8 77e8 

  0x000001fe1056b24c: ; ImmutableOopMap {rbp=Oop [36]=NarrowOop [40]=Oop [48]=Oop [56]=Oop [72]=Oop [80]=Oop [88]=Oop [96]=NarrowOop }
                      ;*invokestatic copyOf {reexecute=0 rethrow=0 return_oop=1}
                      ; - java.lang.AbstractStringBuilder::ensureCapacityInternal@32 (line 242)
                      ; - java.lang.AbstractStringBuilder::append@21 (line 587)
                      ; - java.lang.StringBuilder::append@2 (line 179)
                      ; - java.net.URLStreamHandler::toExternalForm@77 (line 484)
                      ; - java.net.URL::toExternalForm@5 (line 1203)
                      ; - java.net.URL::toString@1 (line 1189)
                      ; - java.lang.ClassLoader::defineClassSourceLocation@22 (line 927)
                      ; - java.lang.ClassLoader::defineClass@12 (line 1026)
                      ; - java.security.SecureClassLoader::defineClass@12 (line 150)
  0x000001fe1056b24c: f0a8 eeff 

  0x000001fe1056b250: ;   {other}
  0x000001fe1056b250: 0f1f 8400 | c01d 0017 | 488b f841 | 807f 4000 | 0f85 bf0a | 0000 488b | 5c24 584c | 8bd7 49c1 
  0x000001fe1056b270: ea03 4489 | 5314 4c8b | d34c 8bdf | 4d33 da49 | c1eb 164d | 85db 741f | 4885 ff74 | 1a49 c1ea 
  0x000001fe1056b290: 0948 b900 | 00cc 7bfe | 0100 0049 | 03ca 8039 | 020f 8509 | 0c00 000f | be4b 1044 | 8b44 2460 
  0x000001fe1056b2b0: 470f be4c | c410 8b7b | 0ce9 7df0 | ffff 4889 | 5c24 5848 | 8bd3 6690 

  0x000001fe1056b2c8: ;   {optimized virtual_call}
  0x000001fe1056b2c8: c5f8 77e8 

  0x000001fe1056b2cc: ; ImmutableOopMap {rbp=NarrowOop [36]=NarrowOop [40]=Oop [48]=Oop [56]=Oop [72]=Oop [80]=Oop [88]=Oop }
                      ;*invokevirtual newCapacity {reexecute=0 rethrow=0 return_oop=0}
                      ; - java.lang.AbstractStringBuilder::ensureCapacityInternal@24 (line 243)
                      ; - java.lang.AbstractStringBuilder::append@21 (line 587)
                      ; - java.lang.StringBuilder::append@2 (line 179)
                      ; - java.net.URLStreamHandler::toExternalForm@113 (line 485)
                      ; - java.net.URL::toExternalForm@5 (line 1203)
                      ; - java.net.URL::toString@1 (line 1189)
                      ; - java.lang.ClassLoader::defineClassSourceLocation@22 (line 927)
                      ; - java.lang.ClassLoader::defineClass@12 (line 1026)
                      ; - java.security.SecureClassLoader::defineClass@12 (line 150)
  0x000001fe1056b2cc: b037 81ff 

  0x000001fe1056b2d0: ;   {other}
  0x000001fe1056b2d0: 0f1f 8400 | 401e 0018 | 4c8b 5424 | 5845 0fbe | 5a10 c462 | 21f7 c048 | 8bd5 48c1 | e203 498b 
  0x000001fe1056b2f0: ea66 6690 

  0x000001fe1056b2f4: ;   {static_call}
  0x000001fe1056b2f4: c5f8 77e8 

  0x000001fe1056b2f8: ; ImmutableOopMap {rbp=Oop [36]=NarrowOop [40]=Oop [48]=Oop [56]=Oop [72]=Oop [80]=Oop }
                      ;*invokestatic copyOf {reexecute=0 rethrow=0 return_oop=1}
                      ; - java.lang.AbstractStringBuilder::ensureCapacityInternal@32 (line 242)
                      ; - java.lang.AbstractStringBuilder::append@21 (line 587)
                      ; - java.lang.StringBuilder::append@2 (line 179)
                      ; - java.net.URLStreamHandler::toExternalForm@113 (line 485)
                      ; - java.net.URL::toExternalForm@5 (line 1203)
                      ; - java.net.URL::toString@1 (line 1189)
                      ; - java.lang.ClassLoader::defineClassSourceLocation@22 (line 927)
                      ; - java.lang.ClassLoader::defineClass@12 (line 1026)
                      ; - java.security.SecureClassLoader::defineClass@12 (line 150)
  0x000001fe1056b2f8: 843d 81ff 

  0x000001fe1056b2fc: ;   {other}
  0x000001fe1056b2fc: 0f1f 8400 | 6c1e 0019 | 488b f841 | 807f 4000 | 0f85 4f0a | 0000 488b | dd4c 8bd7 | 49c1 ea03 
  0x000001fe1056b31c: 4489 5314 | 4c8b d34c | 8bdf 4d33 | da49 c1eb | 164d 85db | 741f 4885 | ff74 1a49 | c1ea 0948 
  0x000001fe1056b33c: b900 00cc | 7bfe 0100 | 0049 03ca | 8039 020f | 85b0 0b00 | 0044 8b4c | 2424 e98d | f0ff ff89 
  0x000001fe1056b35c: 4c24 2448 | 8beb 488b | d366 6690 

  0x000001fe1056b368: ;   {optimized virtual_call}
  0x000001fe1056b368: c5f8 77e8 

  0x000001fe1056b36c: ; ImmutableOopMap {rbp=Oop [36]=NarrowOop [40]=Oop [48]=Oop [56]=Oop [72]=Oop }
                      ;*invokevirtual newCapacity {reexecute=0 rethrow=0 return_oop=0}
                      ; - java.lang.AbstractStringBuilder::ensureCapacityInternal@24 (line 243)
                      ; - java.lang.AbstractStringBuilder::append@21 (line 587)
                      ; - java.lang.StringBuilder::append@2 (line 179)
                      ; - java.net.URLStreamHandler::toExternalForm@149 (line 486)
                      ; - java.net.URL::toExternalForm@5 (line 1203)
                      ; - java.net.URL::toString@1 (line 1189)
                      ; - java.lang.ClassLoader::defineClassSourceLocation@22 (line 927)
                      ; - java.lang.ClassLoader::defineClass@12 (line 1026)
                      ; - java.security.SecureClassLoader::defineClass@12 (line 150)
  0x000001fe1056b36c: 1037 81ff 

  0x000001fe1056b370: ;   {other}
  0x000001fe1056b370: 0f1f 8400 | e01e 001a | 440f be55 | 10c4 6229 | f7c0 448b | 5c24 2449 | 8bd3 48c1 | e203 6690 
  0x000001fe1056b390: ;   {static_call}
  0x000001fe1056b390: c5f8 77e8 

  0x000001fe1056b394: ; ImmutableOopMap {rbp=Oop [40]=Oop [48]=Oop [56]=Oop [72]=Oop }
                      ;*invokestatic copyOf {reexecute=0 rethrow=0 return_oop=1}
                      ; - java.lang.AbstractStringBuilder::ensureCapacityInternal@32 (line 242)
                      ; - java.lang.AbstractStringBuilder::append@21 (line 587)
                      ; - java.lang.StringBuilder::append@2 (line 179)
                      ; - java.net.URLStreamHandler::toExternalForm@149 (line 486)
                      ; - java.net.URL::toExternalForm@5 (line 1203)
                      ; - java.net.URL::toString@1 (line 1189)
                      ; - java.lang.ClassLoader::defineClassSourceLocation@22 (line 927)
                      ; - java.lang.ClassLoader::defineClass@12 (line 1026)
                      ; - java.security.SecureClassLoader::defineClass@12 (line 150)
  0x000001fe1056b394: e83c 81ff 

  0x000001fe1056b398: ;   {other}
  0x000001fe1056b398: 0f1f 8400 | 081f 001b | 488b f841 | 807f 4000 | 0f85 ed09 | 0000 488b | dd4c 8bd7 | 49c1 ea03 
  0x000001fe1056b3b8: 4489 5314 | 4c8b d34c | 8bdf 4d33 | da49 c1eb | 164d 85db | 741f 4885 | ff74 1a49 | c1ea 0948 
  0x000001fe1056b3d8: b900 00cc | 7bfe 0100 | 0049 03ca | 8039 020f | 8565 0b00 | 000f be6b | 1044 8b43 | 0ce9 4bf0 
  0x000001fe1056b3f8: ffff 4489 | 4c24 6844 | 8954 2460 | 4889 7424 | 5848 897c | 2450 895c | 2424 4c89 | 6c24 484b 
  0x000001fe1056b418: 8d2c dc44 | 895c 2464 | 488b d690 

  0x000001fe1056b424: ;   {optimized virtual_call}
  0x000001fe1056b424: c5f8 77e8 

  0x000001fe1056b428: ; ImmutableOopMap {rbp=Oop [36]=NarrowOop [40]=Oop [48]=Oop [56]=Oop [72]=Oop [80]=Oop [88]=Oop [96]=NarrowOop [100]=NarrowOop }
                      ;*invokevirtual newCapacity {reexecute=0 rethrow=0 return_oop=0}
                      ; - java.lang.AbstractStringBuilder::ensureCapacityInternal@24 (line 243)
                      ; - java.lang.AbstractStringBuilder::append@21 (line 587)
                      ; - java.lang.StringBuilder::append@2 (line 179)
                      ; - java.net.URLStreamHandler::toExternalForm@11 (line 480)
                      ; - java.net.URL::toExternalForm@5 (line 1203)
                      ; - java.net.URL::toString@1 (line 1189)
                      ; - java.lang.ClassLoader::defineClassSourceLocation@22 (line 927)
                      ; - java.lang.ClassLoader::defineClass@12 (line 1026)
                      ; - java.security.SecureClassLoader::defineClass@12 (line 150)
  0x000001fe1056b428: 5436 81ff 

  0x000001fe1056b42c: ;   {other}
  0x000001fe1056b42c: 0f1f 8400 | 9c1f 001c | 4c8b 5424 | 5845 0fbe | 5a10 c462 | 21f7 c044 | 8b54 2460 | 498b d248 
  0x000001fe1056b44c: c1e2 0390 

  0x000001fe1056b450: ;   {static_call}
  0x000001fe1056b450: c5f8 77e8 

  0x000001fe1056b454: ; ImmutableOopMap {rbp=Oop [36]=NarrowOop [40]=Oop [48]=Oop [56]=Oop [72]=Oop [80]=Oop [88]=Oop [100]=NarrowOop }
                      ;*invokestatic copyOf {reexecute=0 rethrow=0 return_oop=1}
                      ; - java.lang.AbstractStringBuilder::ensureCapacityInternal@32 (line 242)
                      ; - java.lang.AbstractStringBuilder::append@21 (line 587)
                      ; - java.lang.StringBuilder::append@2 (line 179)
                      ; - java.net.URLStreamHandler::toExternalForm@11 (line 480)
                      ; - java.net.URL::toExternalForm@5 (line 1203)
                      ; - java.net.URL::toString@1 (line 1189)
                      ; - java.lang.ClassLoader::defineClassSourceLocation@22 (line 927)
                      ; - java.lang.ClassLoader::defineClass@12 (line 1026)
                      ; - java.security.SecureClassLoader::defineClass@12 (line 150)
  0x000001fe1056b454: 283c 81ff 

  0x000001fe1056b458: ;   {other}
  0x000001fe1056b458: 0f1f 8400 | c81f 001d | 488b d841 | 807f 4000 | 0f85 6709 | 0000 488b | 7424 584c | 8bdb 49c1 
  0x000001fe1056b478: eb03 4489 | 5e14 4c8b | d64c 8bdb | 4d33 da49 | c1eb 164d | 85db 741f | 4885 db74 | 1a49 c1ea 
  0x000001fe1056b498: 0948 b900 | 00cc 7bfe | 0100 0049 | 03ca 8039 | 020f 85f4 | 0a00 004c | 8b6c 2448 | 8b5c 2424 
  0x000001fe1056b4b8: 488b 7c24 | 5044 8b5c | 2464 448b | 4c24 68e9 | c6ec ffff | 4181 fb00 | 0010 000f | 875f 2000 
  0x000001fe1056b4d8: 004d 63d3 | 413b d344 | 8bc2 450f | 4fc3 4489 | 8424 8800 | 0000 413b | d00f 82b5 | 2000 0045 
  0x000001fe1056b4f8: 3bd8 0f82 | ac20 0000 | 4983 c217 | 498b fa48 | 83e7 f841 | 81fb 0000 | 1000 0f87 | 2811 0000 
  0x000001fe1056b518: 498b b7b8 | 0100 004c | 8bc6 4c03 | c74d 3b87 | c801 0000 | 0f83 0e11 | 0000 4d89 | 87b8 0100 
  0x000001fe1056b538: 0041 0f18 | 80c0 0000 | 0048 c706 | 0100 0000 | 410f 1880 | 0001 0000 

  0x000001fe1056b550: ;   {metadata({type array byte})}
  0x000001fe1056b550: c746 0868 | 2200 0044 | 895e 0c41 | 0f18 8040 | 0100 0041 | 0f18 8080 | 0100 0048 | 8bd6 4883 
  0x000001fe1056b570: c210 49c1 | ea03 448b | 8424 8800 | 0000 4585 | c00f 84b9 | 1f00 0045 | 3bc3 0f8c | 6b0b 0000 
  0x000001fe1056b590: 4883 c7f0 | 48c1 ef03 | 498b c94c | 8bc7 c5f8 | 7749 ba60 | 33d6 0ffe | 0100 0041 

  0x000001fe1056b5ac: ;   {other}
  0x000001fe1056b5ac: ffd2 0f1f | 8400 0000 | 0000 e9f1 | f2ff ff4c | 896c 2440 | 488b dee9 | 2ff3 ffff | 8bcd e97b 
  0x000001fe1056b5cc: e8ff ff44 | 8b54 2440 | 498b ea48 | c1e5 0348 | 8b54 2438 

  0x000001fe1056b5e0: ;   {optimized virtual_call}
  0x000001fe1056b5e0: c5f8 77e8 

  0x000001fe1056b5e4: ; ImmutableOopMap {rbp=Oop [40]=Oop [48]=Oop [56]=Oop [64]=NarrowOop [72]=Oop [80]=Oop }
                      ;*invokevirtual intern {reexecute=0 rethrow=0 return_oop=1}
                      ; - java.lang.NamedPackage::<init>@47 (line 51)
                      ; - java.lang.ClassLoader::getNamedPackage@22 (line 343)
                      ; - java.lang.ClassLoader::postDefineClass@9 (line 934)
                      ; - java.lang.ClassLoader::defineClass@37 (line 1028)
                      ; - java.security.SecureClassLoader::defineClass@12 (line 150)
  0x000001fe1056b5e4: 78cf d7ff 

  0x000001fe1056b5e8: ;   {other}
  0x000001fe1056b5e8: 0f1f 8400 | 5821 001e | 488b d841 | 807f 4000 | 0f85 160d | 0000 4c8b | 5424 504c | 8954 2458 
  0x000001fe1056b608: 4c8b c34d | 8bd8 49c1 | eb03 4c8b | 5424 5845 | 895a 0c4d | 8bd8 4d33 | da49 c1eb | 164d 85db 
  0x000001fe1056b628: 741f 4d85 | c074 1a49 | c1ea 0948 | b900 00cc | 7bfe 0100 | 0049 03ca | 8039 020f | 85a7 0d00 
  0x000001fe1056b648: 0041 807f | 4000 0f85 | 010d 0000 | 448b 5c24 | 4044 895c | 2450 4c8b | 5424 5845 | 895a 104c 
  0x000001fe1056b668: 8bd5 4c8b | 5c24 584d | 33d3 49c1 | ea16 4d85 | d274 2044 | 8b44 2440 | 4585 c074 | 1649 c1eb 
  0x000001fe1056b688: 094c 8b44 | 2420 4d03 | c341 8038 | 020f 8500 | 0d00 004c | 8b54 2428 | 458b 5a38 | 4585 db0f 
  0x000001fe1056b6a8: 8497 1f00 | 004b 8d14 | dc4c 8b44 | 2438 4c8b | 4c24 5890 

  0x000001fe1056b6bc: ;   {optimized virtual_call}
  0x000001fe1056b6bc: c5f8 77e8 

  0x000001fe1056b6c0: ; ImmutableOopMap {[40]=Oop [48]=Oop [72]=Oop [80]=NarrowOop [88]=Oop }
                      ;*invokevirtual putIfAbsent {reexecute=0 rethrow=0 return_oop=1}
                      ; - java.lang.ClassLoader::getNamedPackage@32 (line 345)
                      ; - java.lang.ClassLoader::postDefineClass@9 (line 934)
                      ; - java.lang.ClassLoader::defineClass@37 (line 1028)
                      ; - java.security.SecureClassLoader::defineClass@12 (line 150)
  0x000001fe1056b6c0: 7cc5 e3ff 

  0x000001fe1056b6c4: ;   {other}
  0x000001fe1056b6c4: 0f1f 8400 | 3422 001f | 4885 c00f | 84bc 0c00 | 0044 8b58 | 0849 ba00 | 0000 2bfe | 0100 004d 
  0x000001fe1056b6e4: 03d3 4d8b 

  0x000001fe1056b6e8: ;   {metadata('java/lang/NamedPackage')}
  0x000001fe1056b6e8: 5238 49bb | 20bd 012b | fe01 0000 | 4d3b d30f | 845f 1f00 | 00ba deff | ffff 488b | e866 6690 
  0x000001fe1056b708: ;   {runtime_call UncommonTrapBlob}
  0x000001fe1056b708: c5f8 77e8 

  0x000001fe1056b70c: ; ImmutableOopMap {rbp=Oop }
                      ;*checkcast {reexecute=0 rethrow=0 return_oop=0}
                      ; - java.lang.ClassLoader::getNamedPackage@35 (line 345)
                      ; - java.lang.ClassLoader::postDefineClass@9 (line 934)
                      ; - java.lang.ClassLoader::defineClass@37 (line 1028)
                      ; - java.security.SecureClassLoader::defineClass@12 (line 150)
  0x000001fe1056b70c: f08e 81ff 

  0x000001fe1056b710: ;   {other}
  0x000001fe1056b710: 0f1f 8400 | 8022 0020 | 458b d8e9 | 7df0 ffff | 458b 5cec | 1447 8b54 | dc0c 4585 | d20f 864a 
  0x000001fe1056b730: ebff ffba | 45ff ffff | 4c8b 5424 | 284c 8954 | 2420 4c8b | 5424 304c | 8954 2428 | 4c8b 5424 
  0x000001fe1056b750: 384c 8954 | 2430 448b | 5424 4044 | 8954 2438 | 448b 5c24 | 4444 895c | 243c 4c89 | 6c24 4089 
  0x000001fe1056b770: 5c24 4848 | 8974 2450 

  0x000001fe1056b778: ;   {runtime_call UncommonTrapBlob}
  0x000001fe1056b778: c5f8 77e8 

  0x000001fe1056b77c: ; ImmutableOopMap {rbp=NarrowOop [32]=Oop [40]=Oop [48]=Oop [64]=Oop [72]=NarrowOop [80]=Oop }
                      ;*ifne {reexecute=1 rethrow=0 return_oop=0}
                      ; - (reexecute) java.net.URLStreamHandler::toExternalForm@32 (line 482)
                      ; - java.net.URL::toExternalForm@5 (line 1203)
                      ; - java.net.URL::toString@1 (line 1189)
                      ; - java.lang.ClassLoader::defineClassSourceLocation@22 (line 927)
                      ; - java.lang.ClassLoader::defineClass@12 (line 1026)
                      ; - java.security.SecureClassLoader::defineClass@12 (line 150)
  0x000001fe1056b77c: 808e 81ff 

  0x000001fe1056b780: ;   {other}
  0x000001fe1056b780: 0f1f 8400 | f022 0021 | 4889 7424 | 5048 897c | 2448 895c | 2424 498b | ed48 8bd6 

  0x000001fe1056b79c: ;   {optimized virtual_call}
  0x000001fe1056b79c: c5f8 77e8 

  0x000001fe1056b7a0: ; ImmutableOopMap {rbp=Oop [36]=NarrowOop [40]=Oop [48]=Oop [56]=Oop [72]=Oop [80]=Oop }
                      ;*invokevirtual isLatin1 {reexecute=0 rethrow=0 return_oop=0}
                      ; - java.lang.AbstractStringBuilder::append@46 (line 810)
                      ; - java.lang.StringBuilder::append@2 (line 246)
                      ; - java.net.URLStreamHandler::toExternalForm@16 (line 480)
                      ; - java.net.URL::toExternalForm@5 (line 1203)
                      ; - java.net.URL::toString@1 (line 1189)
                      ; - java.lang.ClassLoader::defineClassSourceLocation@22 (line 927)
                      ; - java.lang.ClassLoader::defineClass@12 (line 1026)
                      ; - java.security.SecureClassLoader::defineClass@12 (line 150)
  0x000001fe1056b7a0: dc32 81ff 

  0x000001fe1056b7a4: ;   {other}
  0x000001fe1056b7a4: 0f1f 8400 | 1423 0022 | 85c0 7418 | 488b 5424 | 5066 6690 

  0x000001fe1056b7b8: ;   {optimized virtual_call}
  0x000001fe1056b7b8: c5f8 77e8 

  0x000001fe1056b7bc: ; ImmutableOopMap {rbp=Oop [36]=NarrowOop [40]=Oop [48]=Oop [56]=Oop [72]=Oop [80]=Oop }
                      ;*invokevirtual inflate {reexecute=0 rethrow=0 return_oop=0}
                      ; - java.lang.AbstractStringBuilder::append@53 (line 811)
                      ; - java.lang.StringBuilder::append@2 (line 246)
                      ; - java.net.URLStreamHandler::toExternalForm@16 (line 480)
                      ; - java.net.URL::toExternalForm@5 (line 1203)
                      ; - java.net.URL::toString@1 (line 1189)
                      ; - java.lang.ClassLoader::defineClassSourceLocation@22 (line 927)
                      ; - java.lang.ClassLoader::defineClass@12 (line 1026)
                      ; - java.security.SecureClassLoader::defineClass@12 (line 150)
  0x000001fe1056b7bc: c032 81ff 

  0x000001fe1056b7c0: ;   {other}
  0x000001fe1056b7c0: 0f1f 8400 | 3023 0023 | 4c8b 5c24 | 5045 8b53 | 1445 8b43 | 0c49 8bd2 | 48c1 e203 | 458b d041 
  0x000001fe1056b7e0: ffc2 4589 | 530c 41b9 | 3a00 0000 

  0x000001fe1056b7ec: ;   {static_call}
  0x000001fe1056b7ec: c5f8 77e8 

  0x000001fe1056b7f0: ; ImmutableOopMap {rbp=Oop [36]=NarrowOop [40]=Oop [48]=Oop [56]=Oop [72]=Oop [80]=Oop }
                      ;*invokestatic putCharSB {reexecute=0 rethrow=0 return_oop=0}
                      ; - java.lang.AbstractStringBuilder::append@72 (line 813)
                      ; - java.lang.StringBuilder::append@2 (line 246)
                      ; - java.net.URLStreamHandler::toExternalForm@16 (line 480)
                      ; - java.net.URL::toExternalForm@5 (line 1203)
                      ; - java.net.URL::toString@1 (line 1189)
                      ; - java.lang.ClassLoader::defineClassSourceLocation@22 (line 927)
                      ; - java.lang.ClassLoader::defineClass@12 (line 1026)
                      ; - java.security.SecureClassLoader::defineClass@12 (line 150)
  0x000001fe1056b7f0: 8c38 81ff 

  0x000001fe1056b7f4: ;   {other}
  0x000001fe1056b7f4: 0f1f 8400 | 6423 0024 | 4c8b ed8b | 5c24 2448 | 8b7c 2448 | 488b 7424 | 50e9 5eea | ffff 33f6 
  0x000001fe1056b814: b9ff ffff | ffe9 31e6 | ffff 4533 | c0e9 30e9 | ffff 448b | 5614 4585 | d20f 8448 | edff ff4d 
  0x000001fe1056b834: 8b5f 2849 | 8bca 48c1 | e103 4d85 | db0f 84a1 | 1300 004d | 8b57 384b | 894c 1af8 | 4983 c3f8 
  0x000001fe1056b854: 4d89 5f28 | e91e edff | ff4d 8b57 | 484d 8b5f | 58f0 8344 | 24c0 0080 | 3900 7432 | 4488 214d 
  0x000001fe1056b874: 85d2 740f | 4b89 4c13 | f849 83c2 | f84d 8957 | 48eb 1b49 | 8bd7 c5f8 | 7749 baa0 | 14af d9f9 
  0x000001fe1056b894: 7f00 0041 

  0x000001fe1056b898: ;   {other}
  0x000001fe1056b898: ffd2 0f1f | 8400 0000 | 0000 448b | 460c 448b | 5614 e9a7 | e8ff ff4d | 8b57 484d | 8b5f 58f0 
  0x000001fe1056b8b8: 8344 24c0 | 0080 3900 | 0f84 ecec | ffff 4488 | 214d 85d2 | 7520 498b | d7c5 f877 | 49ba a014 
  0x000001fe1056b8d8: afd9 f97f | 0000 41ff 

  0x000001fe1056b8e0: ;   {other}
  0x000001fe1056b8e0: d20f 1f84 | 0000 0000 | 00e9 c4ec | ffff 4b89 | 4c13 f849 | 83c2 f84d | 8957 48e9 | b2ec ffff 
  0x000001fe1056b900: ;   {oop(""{0x0000000600401eb8})}
  0x000001fe1056b900: 48bb b81e | 4000 0600 | 0000 49bd | 0000 cc7b | fe01 0000 | 41bb ffff | ffff e97e | eeff ff45 
  0x000001fe1056b920: 8b45 1445 | 85c0 0f84 | 73e6 ffff | 4d8b 5f28 | 498b c848 | c1e1 034d | 85db 0f84 | b417 0000 
  0x000001fe1056b940: 4d8b 4738 | 4b89 4c18 | f849 83c3 | f84d 895f | 28e9 49e6 | ffff 4d8b | 5748 4d8b | 5f58 f083 
  0x000001fe1056b960: 4424 c000 | 8039 000f | 8466 e6ff | ff44 8821 | 4d85 d275 | 2049 8bd7 | c5f8 7749 | baa0 14af 
  0x000001fe1056b980: d9f9 7f00 | 0041 ffd2 

  0x000001fe1056b988: ;   {other}
  0x000001fe1056b988: 0f1f 8400 | 0000 0000 | e93e e6ff | ff4b 894c | 13f8 4983 | c2f8 4d89 | 5748 e92c | e6ff ff45 
  0x000001fe1056b9a8: 8b5e 3c45 | 85db 0f84 | 74ef ffff | 4d8b 5728 | 498b cb48 | c1e1 034d | 85d2 0f84 | 4418 0000 
  0x000001fe1056b9c8: 4d8b 5f38 | 4b89 4c13 | f849 83c2 | f84d 8957 | 28e9 4aef | ffff 4d8b | 5748 4d8b | 5f58 f083 
  0x000001fe1056b9e8: 4424 c000 | 8039 000f | 846f efff | ff44 8821 | 4d85 d275 | 2049 8bd7 | c5f8 7749 | baa0 14af 
  0x000001fe1056ba08: d9f9 7f00 | 0041 ffd2 

  0x000001fe1056ba10: ;   {other}
  0x000001fe1056ba10: 0f1f 8400 | 0000 0000 | e947 efff | ff4b 894c | 13f8 4983 | c2f8 4d89 | 5748 e935 | efff ff44 
  0x000001fe1056ba30: 8b5b 1445 | 85db 0f84 | 7bee ffff | 4d8b 5728 | 498b cb48 | c1e1 034d | 85d2 0f84 | 9818 0000 
  0x000001fe1056ba50: 4d8b 5f38 | 4b89 4c13 | f849 83c2 | f84d 8957 | 28e9 51ee | ffff 4d8b | 5748 4d8b | 5f58 f083 
  0x000001fe1056ba70: 4424 c000 | 8039 000f | 8471 eeff | ff44 8821 | 4d85 d275 | 2049 8bd7 | c5f8 7749 | baa0 14af 
  0x000001fe1056ba90: d9f9 7f00 | 0041 ffd2 

  0x000001fe1056ba98: ;   {other}
  0x000001fe1056ba98: 0f1f 8400 | 0000 0000 | e949 eeff | ff4b 894c | 13f8 4983 | c2f8 4d89 | 5748 e937 

  0x000001fe1056bab4: ;   {oop(""{0x0000000600401eb8})}
  0x000001fe1056bab4: eeff ff49 | bdb8 1e40 | 0006 0000 | 00e9 11e5 | ffff 33c0 | e9bb eeff | ff4c 63c5 | 4d8d 5810 
  0x000001fe1056bad4: 498b d348 | 83e2 f848 | 8bfb 4803 | fa49 c1eb | 0349 2bcb | 4833 c048 | 83f9 087f | 1048 ffc9 
  0x000001fe1056baf4: 784f 4889 | 04cf 48ff | c97d f7eb | 44c5 fdef | c0e9 0d00 | 0000 c5fe | 7f07 c5fe | 7f47 2048 
  0x000001fe1056bb14: 83c7 4048 | 83e9 087d | ed48 83c1 | 047c 0cc5 | fe7f 0748 | 83c7 2048 | 83e9 0448 | 83c1 047e 
  0x000001fe1056bb34: 1048 ffc9 | c5f9 d607 | 4883 c708 | 48ff c97d | f349 8bc9 | 498b d2c5 | f877 49ba | c02c d60f 
  0x000001fe1056bb54: fe01 0000 

  0x000001fe1056bb58: ;   {other}
  0x000001fe1056bb58: 41ff d20f | 1f84 0000 | 0000 00e9 | 53f4 ffff 

  0x000001fe1056bb68: ;   {oop(""{0x0000000600401eb8})}
  0x000001fe1056bb68: 49bd b81e | 4000 0600 | 0000 e960 | e4ff ff48 | 8974 2450 | 4889 7c24 | 4889 5c24 | 2449 8bed 
  0x000001fe1056bb88: 488b d690 

  0x000001fe1056bb8c: ;   {optimized virtual_call}
  0x000001fe1056bb8c: c5f8 77e8 

  0x000001fe1056bb90: ; ImmutableOopMap {rbp=Oop [36]=NarrowOop [40]=Oop [48]=Oop [56]=Oop [72]=Oop [80]=Oop }
                      ;*invokevirtual appendNull {reexecute=0 rethrow=0 return_oop=1}
                      ; - java.lang.AbstractStringBuilder::append@5 (line 584)
                      ; - java.lang.StringBuilder::append@2 (line 179)
                      ; - java.net.URLStreamHandler::toExternalForm@11 (line 480)
                      ; - java.net.URL::toExternalForm@5 (line 1203)
                      ; - java.net.URL::toString@1 (line 1189)
                      ; - java.lang.ClassLoader::defineClassSourceLocation@22 (line 927)
                      ; - java.lang.ClassLoader::defineClass@12 (line 1026)
                      ; - java.security.SecureClassLoader::defineClass@12 (line 150)
  0x000001fe1056bb90: ec2e 81ff 

  0x000001fe1056bb94: ;   {other}
  0x000001fe1056bb94: 0f1f 8400 | 0427 0025 | 4c8b ed8b | 5c24 2448 | 8b7c 2448 | 488b 7424 | 50e9 69e6 | ffff c4e1 
  0x000001fe1056bbb4: f96e c24c | 896c 2458 | 4489 7424 | 5048 895c | 2420 4c8b | df44 8bf6 | 4c63 c549 | 8d48 1048 
  0x000001fe1056bbd4: 8bd1 4883 | e2f8 498b | fa48 03fa | 498b ea48 | c1e9 034c | 2bc9 498b | c948 33c0 | 4883 f908 
  0x000001fe1056bbf4: 7f10 48ff | c978 4f48 | 8904 cf48 | ffc9 7df7 | eb44 c5f5 | efc9 e90d | 0000 00c5 | fe7f 0fc5 
  0x000001fe1056bc14: fe7f 4f20 | 4883 c740 | 4883 e908 | 7ded 4883 | c104 7c0c | c5fe 7f0f | 4883 c720 | 4883 e904 
  0x000001fe1056bc34: 4883 c104 | 7e10 48ff | c9c5 f9d6 | 0f48 83c7 | 0848 ffc9 | 7df3 498b | cbc4 e1f9 | 7ec2 c5f8 
  0x000001fe1056bc54: 7749 bac0 | 2cd6 0ffe | 0100 0041 

  0x000001fe1056bc60: ;   {other}
  0x000001fe1056bc60: ffd2 0f1f | 8400 0000 | 0000 418b | f648 8b5c | 2420 448b | 7424 504c | 8b6c 2458 | 4c8b d5e9 
  0x000001fe1056bc80: 13f4 ffff | 4c8b 5424 | 204c 8954 | 2428 4c8b | 6c24 304c | 8b74 2438 | 4c8b 4c24 | 4044 8b5c 
  0x000001fe1056bca0: 2450 448b | 5424 544c | 8b44 2458 | e938 edff | ff48 8bf5 | 448b 5614 | 4585 d20f | 844c f4ff 
  0x000001fe1056bcc0: ff4d 8b5f | 2849 8bca | 48c1 e103 | 4d85 db0f | 84b3 1900 | 004d 8b57 | 384b 894c | 1af8 4983 
  0x000001fe1056bce0: c3f8 4d89 | 5f28 e922 | f4ff ff48 | 8bf5 448b | 5614 4585 | d20f 84c6 | f4ff ff4d | 8b5f 2849 
  0x000001fe1056bd00: 8bca 48c1 | e103 4d85 | db0f 8499 | 1900 004d | 8b57 384b | 894c 1af8 | 4983 c3f8 | 4d89 5f28 
  0x000001fe1056bd20: e99c f4ff | ff48 8b5c | 2458 448b | 5b14 4585 | db0f 8434 | f5ff ff4d | 8b57 2849 | 8bcb 48c1 
  0x000001fe1056bd40: e103 4d85 | d20f 847d | 1900 004d | 8b5f 384b | 894c 13f8 | 4983 c2f8 | 4d89 5728 | e90a f5ff 
  0x000001fe1056bd60: ;   {no_reloc}
  0x000001fe1056bd60: ff48 8bdd | 448b 5b14 | 4585 db0f | 84a4 f5ff | ff4d 8b57 | 2849 8bcb | 48c1 e103 | 4d85 d20f 
  0x000001fe1056bd80: 8463 1900 | 004d 8b5f | 384b 894c | 13f8 4983 | c2f8 4d89 | 5728 e97a | f5ff ff48 | 8bdd 448b 
  0x000001fe1056bda0: 5b14 4585 | db0f 8406 | f6ff ff4d | 8b57 2849 | 8bcb 48c1 | e103 4d85 | d20f 8449 | 1900 004d 
  0x000001fe1056bdc0: 8b5f 384b | 894c 13f8 | 4983 c2f8 | 4d89 5728 | e9dc f5ff | ff48 8b74 | 2458 448b | 5614 4585 
  0x000001fe1056bde0: d20f 848c | f6ff ff4d | 8b5f 2849 | 8bca 48c1 | e103 4d85 | db0f 842d | 1900 004d | 8b57 384b 
  0x000001fe1056be00: 894c 1af8 | 4983 c3f8 | 4d89 5f28 | e962 f6ff | ff4d 8b57 | 584d 8b5f | 48f0 8344 | 24c0 0080 
  0x000001fe1056be20: 3900 7432 | 4488 214d | 85db 740f | 4b89 4c1a | f849 83c3 | f84d 895f | 48eb 1b49 | 8bd7 c5f8 
  0x000001fe1056be40: 7749 baa0 | 14af d9f9 | 7f00 0041 

  0x000001fe1056be4c: ;   {other}
  0x000001fe1056be4c: ffd2 0f1f | 8400 0000 | 0000 448b | 5614 e9ea | f2ff ff4d | 8b57 584d | 8b5f 48f0 | 8344 24c0 
  0x000001fe1056be6c: 0080 3900 | 0f84 87f3 | ffff 4488 | 214d 85db | 7520 498b | d7c5 f877 | 49ba a014 | afd9 f97f 
  0x000001fe1056be8c: 0000 41ff 

  0x000001fe1056be90: ;   {other}
  0x000001fe1056be90: d20f 1f84 | 0000 0000 | 00e9 5ff3 | ffff 4b89 | 4c1a f849 | 83c3 f84d | 895f 48e9 | 4df3 ffff 
  0x000001fe1056beb0: 4d8b 5758 | 4d8b 5f48 | f083 4424 | c000 8039 | 000f 84e0 | f3ff ff44 | 8821 4d85 | db75 2049 
  0x000001fe1056bed0: 8bd7 c5f8 | 7749 baa0 | 14af d9f9 | 7f00 0041 

  0x000001fe1056bee0: ;   {other}
  0x000001fe1056bee0: ffd2 0f1f | 8400 0000 | 0000 e9b8 | f3ff ff4b | 894c 1af8 | 4983 c3f8 | 4d89 5f48 | e9a6 f3ff 
  0x000001fe1056bf00: ff4d 8b57 | 584d 8b5f | 48f0 8344 | 24c0 0080 | 3900 0f84 | 39f4 ffff | 4488 214d | 85db 7520 
  0x000001fe1056bf20: 498b d7c5 | f877 49ba | a014 afd9 | f97f 0000 

  0x000001fe1056bf30: ;   {other}
  0x000001fe1056bf30: 41ff d20f | 1f84 0000 | 0000 00e9 | 11f4 ffff | 4b89 4c1a | f849 83c3 | f84d 895f | 48e9 fff3 
  0x000001fe1056bf50: ffff 4d8b | 5758 4d8b | 5f48 f083 | 4424 c000 | 8039 000f | 8484 f4ff | ff44 8821 | 4d85 db75 
  0x000001fe1056bf70: 2049 8bd7 | c5f8 7749 | baa0 14af | d9f9 7f00 | 0041 ffd2 

  0x000001fe1056bf84: ;   {other}
  0x000001fe1056bf84: 0f1f 8400 | 0000 0000 | e95c f4ff | ff4b 894c | 1af8 4983 | c3f8 4d89 | 5f48 e94a | f4ff ff4d 
  0x000001fe1056bfa4: 8b57 584d | 8b5f 48f0 | 8344 24c0 | 0080 3900 | 0f84 f5f4 | ffff 4488 | 214d 85db | 7520 498b 
  0x000001fe1056bfc4: d7c5 f877 | 49ba a014 | afd9 f97f | 0000 41ff 

  0x000001fe1056bfd4: ;   {other}
  0x000001fe1056bfd4: d20f 1f84 | 0000 0000 | 00e9 cdf4 | ffff 4b89 | 4c1a f849 | 83c3 f84d | 895f 48e9 | bbf4 ffff 
  0x000001fe1056bff4: ;   {metadata('java/security/SecureClassLoader$1')}
  0x000001fe1056bff4: 48ba a8c9 | 112b fe01 | 0000 4c89 | 4424 5090 

  0x000001fe1056c004: ;   {runtime_call _new_instance_Java}
  0x000001fe1056c004: c5f8 77e8 

  0x000001fe1056c008: ; ImmutableOopMap {rbp=NarrowOop [40]=Oop [48]=Oop [56]=Oop [80]=Oop }
                      ;*new {reexecute=0 rethrow=0 return_oop=1}
                      ; - java.security.SecureClassLoader::getProtectionDomain@20 (line 222)
                      ; - java.security.SecureClassLoader::defineClass@9 (line 150)
  0x000001fe1056c008: 74db 8dff 

  0x000001fe1056c00c: ;   {other}
  0x000001fe1056c00c: 0f1f 8400 | 7c2b 0026 | 4c8b c84c | 8b44 2450 | e926 dbff 

  0x000001fe1056c020: ;   {metadata('java/security/SecureClassLoader$CodeSourceKey')}
  0x000001fe1056c020: ff48 ba20 | c411 2bfe | 0100 0090 

  0x000001fe1056c02c: ;   {runtime_call _new_instance_Java}
  0x000001fe1056c02c: c5f8 77e8 

  0x000001fe1056c030: ; ImmutableOopMap {rbp=Oop [40]=Oop [48]=Oop [56]=Oop }
                      ;*new {reexecute=0 rethrow=0 return_oop=1}
                      ; - java.security.SecureClassLoader::getProtectionDomain@6 (line 221)
                      ; - java.security.SecureClassLoader::defineClass@9 (line 150)
  0x000001fe1056c030: 4cdb 8dff 

  0x000001fe1056c034: ;   {other}
  0x000001fe1056c034: 0f1f 8400 | a42b 0027 | 4c8b c0e9 | b6da ffff | 4889 7c24 | 4889 5c24 | 2449 8bed 

  0x000001fe1056c050: ;   {metadata('java/lang/StringBuilder')}
  0x000001fe1056c050: 48ba 1880 | 002b fe01 | 0000 6690 

  0x000001fe1056c05c: ;   {runtime_call _new_instance_Java}
  0x000001fe1056c05c: c5f8 77e8 

  0x000001fe1056c060: ; ImmutableOopMap {rbp=Oop [36]=NarrowOop [40]=Oop [48]=Oop [56]=Oop [72]=Oop }
                      ;*new {reexecute=0 rethrow=0 return_oop=1}
                      ; - java.net.URLStreamHandler::toExternalForm@0 (line 480)
                      ; - java.net.URL::toExternalForm@5 (line 1203)
                      ; - java.net.URL::toString@1 (line 1189)
                      ; - java.lang.ClassLoader::defineClassSourceLocation@22 (line 927)
                      ; - java.lang.ClassLoader::defineClass@12 (line 1026)
                      ; - java.security.SecureClassLoader::defineClass@12 (line 150)
  0x000001fe1056c060: 1cdb 8dff 

  0x000001fe1056c064: ;   {other}
  0x000001fe1056c064: 0f1f 8400 | d42b 0028 | 4c8b ed8b | 5c24 2448 | 8b7c 2448 | e939 e0ff | ff48 8974 | 2450 4889 
  0x000001fe1056c084: 7c24 4889 | 5c24 2449 | 8bed 41b8 | 1000 0000 

  0x000001fe1056c094: ;   {metadata({type array byte})}
  0x000001fe1056c094: 48ba 6822 | 002b fe01 | 0000 6690 

  0x000001fe1056c0a0: ;   {runtime_call _new_array_Java}
  0x000001fe1056c0a0: c5f8 77e8 

  0x000001fe1056c0a4: ; ImmutableOopMap {rbp=Oop [36]=NarrowOop [40]=Oop [48]=Oop [56]=Oop [72]=Oop [80]=Oop }
                      ;*newarray {reexecute=0 rethrow=0 return_oop=1}
                      ; - java.lang.AbstractStringBuilder::<init>@12 (line 101)
                      ; - java.lang.StringBuilder::<init>@3 (line 106)
                      ; - java.net.URLStreamHandler::toExternalForm@4 (line 480)
                      ; - java.net.URL::toExternalForm@5 (line 1203)
                      ; - java.net.URL::toString@1 (line 1189)
                      ; - java.lang.ClassLoader::defineClassSourceLocation@22 (line 927)
                      ; - java.lang.ClassLoader::defineClass@12 (line 1026)
                      ; - java.security.SecureClassLoader::defineClass@12 (line 150)
  0x000001fe1056c0a4: d8f9 8dff 

  0x000001fe1056c0a8: ;   {other}
  0x000001fe1056c0a8: 0f1f 8400 | 182c 0029 | 4c8b ed8b | 5c24 2448 | 8b7c 2448 | 488b 7424 | 50e9 52e0 | ffff 488b 
  0x000001fe1056c0c8: ;   {metadata('java/lang/String')}
  0x000001fe1056c0c8: eb48 ba40 | e700 2bfe | 0100 0090 

  0x000001fe1056c0d4: ;   {runtime_call _new_instance_Java}
  0x000001fe1056c0d4: c5f8 77e8 

  0x000001fe1056c0d8: ; ImmutableOopMap {rbp=Oop [40]=Oop [48]=Oop [56]=Oop [72]=Oop }
                      ;*new {reexecute=0 rethrow=0 return_oop=1}
                      ; - java.lang.StringBuilder::toString@0 (line 475)
                      ; - java.net.URLStreamHandler::toExternalForm@152 (line 486)
                      ; - java.net.URL::toExternalForm@5 (line 1203)
                      ; - java.net.URL::toString@1 (line 1189)
                      ; - java.lang.ClassLoader::defineClassSourceLocation@22 (line 927)
                      ; - java.lang.ClassLoader::defineClass@12 (line 1026)
                      ; - java.security.SecureClassLoader::defineClass@12 (line 150)
  0x000001fe1056c0d8: a4da 8dff 

  0x000001fe1056c0dc: ;   {other}
  0x000001fe1056c0dc: 0f1f 8400 | 4c2c 002a | 488b dde9 | bbe3 ffff 

  0x000001fe1056c0ec: ;   {oop(""{0x0000000600401eb8})}
  0x000001fe1056c0ec: 48bb b81e | 4000 0600 | 0000 e9f7 | e7ff ff4d | 63c0 4d8d | 5810 498b | cb48 83e1 | f848 8bfe 
  0x000001fe1056c10c: 4803 f949 | c1eb 034d | 2bd3 498b | ca48 33c0 | 4883 f908 | 7f10 48ff | c978 4f48 | 8904 cf48 
  0x000001fe1056c12c: ffc9 7df7 | eb44 c5fd | efc0 e90d | 0000 00c5 | fe7f 07c5 | fe7f 4720 | 4883 c740 | 4883 e908 
  0x000001fe1056c14c: 7ded 4883 | c104 7c0c | c5fe 7f07 | 4883 c720 | 4883 e904 | 4883 c104 | 7e10 48ff | c9c5 f9d6 
  0x000001fe1056c16c: 0748 83c7 | 0848 ffc9 | 7df3 498b | c9c5 f877 | 49ba c02c | d60f fe01 | 0000 41ff 

  0x000001fe1056c188: ;   {other}
  0x000001fe1056c188: d20f 1f84 | 0000 0000 | 00e9 20f4 | ffff 894c | 2478 4489 | 7424 5c48 | 895c 2470 | 4c89 4424 
  0x000001fe1056c1a8: 684c 895c | 2460 8974 | 2458 4489 | 5424 54c5 | fa11 4424 | 504c 8b54 | 2430 4c89 | 5424 2048 
  0x000001fe1056c1c8: 8b6c 2428 

  0x000001fe1056c1cc: ;   {metadata('java/lang/String')}
  0x000001fe1056c1cc: 48ba 40e7 | 002b fe01 | 0000 6690 

  0x000001fe1056c1d8: ;   {runtime_call _new_instance_Java}
  0x000001fe1056c1d8: c5f8 77e8 

  0x000001fe1056c1dc: ; ImmutableOopMap {rbp=Oop [32]=Oop [56]=Oop [72]=Oop [80]=NarrowOop [92]=NarrowOop [96]=Oop [104]=Derived_oop_[96] [112]=Oop }
                      ;*new {reexecute=0 rethrow=0 return_oop=1}
                      ; - java.lang.StringLatin1::newString@7 (line 752)
                      ; - java.lang.String::substring@41 (line 2839)
                      ; - java.lang.ClassLoader::checkCerts@21 (line 1164)
                      ; - java.lang.ClassLoader::preDefineClass@113 (line 917)
                      ; - java.lang.ClassLoader::defineClass@4 (line 1025)
                      ; - java.security.SecureClassLoader::defineClass@12 (line 150)
  0x000001fe1056c1dc: a0d9 8dff 

  0x000001fe1056c1e0: ;   {other}
  0x000001fe1056c1e0: 0f1f 8400 | 502d 002b | 4889 6c24 | 284c 8b54 | 2420 4c89 | 5424 30c5 | fa10 4424 | 5044 8b54 
  0x000001fe1056c200: 2454 8b74 | 2458 4c8b | 5c24 604c | 8b4c 2468 | 488b 5c24 | 7044 8b74 | 245c 8b4c | 2478 4c8b 
  0x000001fe1056c220: e84d 8bc1 | e993 dcff | ff48 897c | 2458 4c89 | 4c24 5044 | 895c 2424 

  0x000001fe1056c238: ;   {metadata({type array byte})}
  0x000001fe1056c238: 488b ee48 | ba68 2200 | 2bfe 0100 | 0045 8bc2 

  0x000001fe1056c248: ;   {runtime_call _new_array_nozero_Java}
  0x000001fe1056c248: c5f8 77e8 

  0x000001fe1056c24c: ; ImmutableOopMap {rbp=Oop [36]=NarrowOop [40]=Oop [48]=Oop [56]=Oop [72]=Oop [120]=Oop [80]=Derived_oop_[120] }
                      ;*invokevirtual clone {reexecute=1 rethrow=0 return_oop=1}
                      ; - (reexecute) java.util.Arrays::copyOfRange@18 (line 3856)
                      ; - java.lang.String::<init>@32 (line 4788)
                      ; - java.lang.String::<init>@3 (line 1507)
                      ; - java.lang.StringBuilder::toString@5 (line 475)
                      ; - java.net.URLStreamHandler::toExternalForm@152 (line 486)
                      ; - java.net.URL::toExternalForm@5 (line 1203)
                      ; - java.net.URL::toString@1 (line 1189)
                      ; - java.lang.ClassLoader::defineClassSourceLocation@22 (line 927)
                      ; - java.lang.ClassLoader::defineClass@12 (line 1026)
                      ; - java.security.SecureClassLoader::defineClass@12 (line 150)
  0x000001fe1056c24c: 30f5 8dff 

  0x000001fe1056c250: ;   {other}
  0x000001fe1056c250: 0f1f 8400 | c02d 002c | 488b f54c | 8b4c 2450 | 488b 7c24 | 5848 8bd8 | e9d6 e2ff | ff44 895c 
  0x000001fe1056c270: 2450 4489 | 4424 2448 | 895c 2440 | 4c89 7424 | 384c 896c | 2430 6690 

  0x000001fe1056c288: ;   {static_call}
  0x000001fe1056c288: c5f8 77e8 

  0x000001fe1056c28c: ; ImmutableOopMap {rbp=Oop [36]=NarrowOop [40]=Oop [56]=Oop [64]=Oop [72]=Oop [80]=NarrowOop }
                      ;*invokestatic hashCode {reexecute=0 rethrow=0 return_oop=0}
                      ; - java.lang.String::hashCode@37 (line 2370)
                      ; - java.util.concurrent.ConcurrentHashMap::get@1 (line 936)
                      ; - java.lang.ClassLoader::getNamedPackage@5 (line 341)
                      ; - java.lang.ClassLoader::postDefineClass@9 (line 934)
                      ; - java.lang.ClassLoader::defineClass@37 (line 1028)
                      ; - java.security.SecureClassLoader::defineClass@12 (line 150)
  0x000001fe1056c28c: f02d 81ff 

  0x000001fe1056c290: ;   {other}
  0x000001fe1056c290: 0f1f 8400 | 002e 002d | e90f ecff | ff4c 8b4c | 2440 41c6 | 4111 0133 | c04c 8b6c | 2430 4c8b 
  0x000001fe1056c2b0: 7424 3844 | 8b44 2424 | 448b 5c24 | 50e9 c6e6 | ffff 4c8b | 4424 5848 | 896c 2478 | 4c89 6c24 
  0x000001fe1056c2d0: 7044 8974 | 2468 4889 | 5c24 604c | 8944 2458 | 8974 2424 | c5fa 1144 

  0x000001fe1056c2e8: ;   {metadata({type array byte})}
  0x000001fe1056c2e8: 2420 48ba | 6822 002b | fe01 0000 | 4c89 5c24 | 5045 8bc2 

  0x000001fe1056c2fc: ;   {runtime_call _new_array_nozero_Java}
  0x000001fe1056c2fc: c5f8 77e8 

  0x000001fe1056c300: ; ImmutableOopMap {[32]=NarrowOop [40]=Oop [48]=Oop [56]=Oop [72]=Oop [80]=Oop [88]=Derived_oop_[80] [96]=Oop [104]=NarrowOop [112]=Oop }
                      ;*invokevirtual clone {reexecute=1 rethrow=0 return_oop=1}
                      ; - (reexecute) java.util.Arrays::copyOfRange@18 (line 3856)
                      ; - java.lang.StringLatin1::newString@16 (line 752)
                      ; - java.lang.String::substring@41 (line 2839)
                      ; - java.lang.ClassLoader::checkCerts@21 (line 1164)
                      ; - java.lang.ClassLoader::preDefineClass@113 (line 917)
                      ; - java.lang.ClassLoader::defineClass@4 (line 1025)
                      ; - java.security.SecureClassLoader::defineClass@12 (line 150)
  0x000001fe1056c300: 7cf4 8dff 

  0x000001fe1056c304: ;   {other}
  0x000001fe1056c304: 0f1f 8400 | 742e 002e | 488b f8e9 | 39dc ffff | 4c8b 5424 | 504c 8954 | 2458 458b | 520c 4585 
  0x000001fe1056c324: d20f 84dd | f2ff ff4d | 8b5f 2849 | 8bca 48c1 | e103 4d85 | db0f 8461 | 1400 004d | 8b57 384b 
  0x000001fe1056c344: 894c 1af8 | 4983 c3f8 | 4d89 5f28 | e9b3 f2ff | ff4c 8b54 | 2458 458b | 5a10 4585 | db0f 84ed 
  0x000001fe1056c364: f2ff ff4d | 8b57 2849 | 8bcb 48c1 | e103 4d85 | d20f 8405 | 1400 004d | 8b5f 384b | 894c 13f8 
  0x000001fe1056c384: 4983 c2f8 | 4d89 5728 | e9c3 f2ff | ff4c 8b74 | 2430 e981 | eaff ff4d | 8b57 484d | 8b5f 58f0 
  0x000001fe1056c3a4: 8344 24c0 | 0041 8038 | 000f 84e8 | f2ff ff45 | 8820 4d85 | d275 2349 | 8bc8 498b | d7c5 f877 
  0x000001fe1056c3c4: 49ba a014 | afd9 f97f | 0000 41ff 

  0x000001fe1056c3d0: ;   {other}
  0x000001fe1056c3d0: d20f 1f84 | 0000 0000 | 00e9 bdf2 | ffff 4f89 | 4413 f849 | 83c2 f84d | 8957 48e9 | abf2 ffff 
  0x000001fe1056c3f0: 4d8b 5758 | 4d8b 5f48 | f083 4424 | c000 8039 | 000f 8442 | f2ff ff44 | 8821 4d85 | db75 2049 
  0x000001fe1056c410: 8bd7 c5f8 | 7749 baa0 | 14af d9f9 | 7f00 0041 

  0x000001fe1056c420: ;   {other}
  0x000001fe1056c420: ffd2 0f1f | 8400 0000 | 0000 e91a | f2ff ff4b | 894c 1af8 | 4983 c3f8 | 4d89 5f48 | e908 f2ff 
  0x000001fe1056c440: ff44 895c | 2444 8954 | 2440 894c | 2424 4c89 | 7424 384c | 896c 2430 

  0x000001fe1056c458: ;   {metadata('java/lang/String')}
  0x000001fe1056c458: 48ba 40e7 | 002b fe01 | 0000 6690 

  0x000001fe1056c464: ;   {runtime_call _new_instance_Java}
  0x000001fe1056c464: c5f8 77e8 

  0x000001fe1056c468: ; ImmutableOopMap {rbp=Oop [36]=NarrowOop [40]=Oop [56]=Oop [72]=Oop }
                      ;*new {reexecute=0 rethrow=0 return_oop=1}
                      ; - java.lang.StringLatin1::newString@7 (line 752)
                      ; - java.lang.String::substring@41 (line 2839)
                      ; - java.lang.Class::getPackageName@62 (line 1169)
                      ; - java.lang.ClassLoader::postDefineClass@2 (line 934)
                      ; - java.lang.ClassLoader::defineClass@37 (line 1028)
                      ; - java.security.SecureClassLoader::defineClass@12 (line 150)
  0x000001fe1056c468: 14d7 8dff 

  0x000001fe1056c46c: ;   {other}
  0x000001fe1056c46c: 0f1f 8400 | dc2f 002f | 4c8b 6c24 | 304c 8b74 | 2438 8b4c | 2424 8b54 | 2440 448b | 5c24 4448 
  0x000001fe1056c48c: 8bd8 e978 | e3ff ff4c | 8944 2458 | 4c89 4c24 | 5048 895c | 2440 448b | d289 4c24 | 244c 8974 
  0x000001fe1056c4ac: 2438 4c89 

  0x000001fe1056c4b0: ;   {metadata({type array byte})}
  0x000001fe1056c4b0: 6c24 3048 | ba68 2200 | 2bfe 0100 | 0045 8bc2 

  0x000001fe1056c4c0: ;   {runtime_call _new_array_nozero_Java}
  0x000001fe1056c4c0: c5f8 77e8 

  0x000001fe1056c4c4: ; ImmutableOopMap {rbp=Oop [80]=Derived_oop_rbp [36]=NarrowOop [40]=Oop [56]=Oop [64]=Oop [72]=Oop }
                      ;*invokevirtual clone {reexecute=1 rethrow=0 return_oop=1}
                      ; - (reexecute) java.util.Arrays::copyOfRange@18 (line 3856)
                      ; - java.lang.StringLatin1::newString@16 (line 752)
                      ; - java.lang.String::substring@41 (line 2839)
                      ; - java.lang.Class::getPackageName@62 (line 1169)
                      ; - java.lang.ClassLoader::postDefineClass@2 (line 934)
                      ; - java.lang.ClassLoader::defineClass@37 (line 1028)
                      ; - java.security.SecureClassLoader::defineClass@12 (line 150)
  0x000001fe1056c4c4: b8f2 8dff 

  0x000001fe1056c4c8: ;   {other}
  0x000001fe1056c4c8: 0f1f 8400 | 3830 0030 | 4c8b 6c24 | 304c 8b74 | 2438 488b | 5c24 404c | 8b4c 2450 | 4c8b 4424 
  0x000001fe1056c4e8: 5848 8bf0 | e991 e3ff | ff44 895c | 2440 4c89 | 4c24 384c | 8974 2430 | 4c89 6c24 

  0x000001fe1056c504: ;   {metadata('java/lang/NamedPackage')}
  0x000001fe1056c504: 2048 ba20 | bd01 2bfe | 0100 0049 | 8bee 6690 

  0x000001fe1056c514: ;   {runtime_call _new_instance_Java}
  0x000001fe1056c514: c5f8 77e8 

  0x000001fe1056c518: ; ImmutableOopMap {rbp=Oop [40]=Oop [48]=Oop [56]=Oop [64]=NarrowOop [72]=Oop }
                      ;*new {reexecute=0 rethrow=0 return_oop=1}
                      ; - java.lang.ClassLoader::getNamedPackage@16 (line 343)
                      ; - java.lang.ClassLoader::postDefineClass@9 (line 934)
                      ; - java.lang.ClassLoader::defineClass@37 (line 1028)
                      ; - java.security.SecureClassLoader::defineClass@12 (line 150)
  0x000001fe1056c518: 64d6 8dff 

  0x000001fe1056c51c: ;   {other}
  0x000001fe1056c51c: 0f1f 8400 | 8c30 0031 | e9eb e5ff 

  0x000001fe1056c528: ;   {metadata('java/lang/StringBuilder')}
  0x000001fe1056c528: ff48 ba18 | 8000 2bfe | 0100 0090 

  0x000001fe1056c534: ;   {runtime_call _new_instance_Java}
  0x000001fe1056c534: c5f8 77e8 

  0x000001fe1056c538: ; ImmutableOopMap {[40]=Oop [48]=Oop [56]=Oop [64]=NarrowOop [72]=Oop [80]=Oop [88]=Oop [112]=Oop }
                      ;*new {reexecute=0 rethrow=0 return_oop=1}
                      ; - java.lang.NamedPackage::<init>@22 (line 49)
                      ; - java.lang.ClassLoader::getNamedPackage@22 (line 343)
                      ; - java.lang.ClassLoader::postDefineClass@9 (line 934)
                      ; - java.lang.ClassLoader::defineClass@37 (line 1028)
                      ; - java.security.SecureClassLoader::defineClass@12 (line 150)
  0x000001fe1056c538: 44d6 8dff 

  0x000001fe1056c53c: ;   {other}
  0x000001fe1056c53c: 0f1f 8400 | ac30 0032 | e9b0 e6ff 

  0x000001fe1056c548: ;   {metadata('java/lang/InternalError')}
  0x000001fe1056c548: ff48 ba70 | 0501 2bfe | 0100 0090 

  0x000001fe1056c554: ;   {runtime_call _new_instance_Java}
  0x000001fe1056c554: c5f8 77e8 

  0x000001fe1056c558: ; ImmutableOopMap {[40]=Oop [48]=Oop [56]=Oop [64]=NarrowOop [72]=Oop [80]=Oop [88]=Oop }
                      ;*new {reexecute=0 rethrow=0 return_oop=1}
                      ; - java.lang.NamedPackage::<init>@18 (line 49)
                      ; - java.lang.ClassLoader::getNamedPackage@22 (line 343)
                      ; - java.lang.ClassLoader::postDefineClass@9 (line 934)
                      ; - java.lang.ClassLoader::defineClass@37 (line 1028)
                      ; - java.security.SecureClassLoader::defineClass@12 (line 150)
  0x000001fe1056c558: 24d6 8dff 

  0x000001fe1056c55c: ;   {other}
  0x000001fe1056c55c: 0f1f 8400 | cc30 0033 | e94b e6ff | ff4c 895c | 2468 4889 | 4c24 604c | 894c 2458 | 4489 4424 
  0x000001fe1056c57c: 2448 8974 

  0x000001fe1056c580: ;   {metadata({type array byte})}
  0x000001fe1056c580: 2450 48ba | 6822 002b | fe01 0000 

  0x000001fe1056c58c: ;   {runtime_call _new_array_nozero_Java}
  0x000001fe1056c58c: c5f8 77e8 

  0x000001fe1056c590: ; ImmutableOopMap {[40]=Oop [48]=Oop [56]=Oop [72]=Oop [80]=Oop [120]=Oop [88]=Derived_oop_[120] }
                      ;*newarray {reexecute=0 rethrow=0 return_oop=1}
                      ; - java.util.Arrays::copyOfRangeByte@10 (line 3863)
                      ; - java.util.Arrays::copyOfRange@13 (line 3854)
                      ; - java.lang.String::<init>@32 (line 4788)
                      ; - java.lang.String::<init>@3 (line 1507)
                      ; - java.lang.StringBuilder::toString@5 (line 475)
                      ; - java.net.URLStreamHandler::toExternalForm@152 (line 486)
                      ; - java.net.URL::toExternalForm@5 (line 1203)
                      ; - java.net.URL::toString@1 (line 1189)
                      ; - java.lang.ClassLoader::defineClassSourceLocation@22 (line 927)
                      ; - java.lang.ClassLoader::defineClass@12 (line 1026)
                      ; - java.security.SecureClassLoader::defineClass@12 (line 150)
  0x000001fe1056c590: ecf1 8dff 

  0x000001fe1056c594: ;   {other}
  0x000001fe1056c594: 0f1f 8400 | 0431 0034 | 488b 7424 | 5044 8b44 | 2424 4c8b | 4c24 5848 | 8bd8 488b | 4c24 604c 
  0x000001fe1056c5b4: 8b5c 2468 | e9b9 e9ff | ff4c 8984 | 2488 0000 | 004c 898c | 2480 0000 | 004c 896c | 2478 894c 
  0x000001fe1056c5d4: 2470 4489 | 7424 5448 | 895c 2468 | 4889 7c24 | 6089 7424 

  0x000001fe1056c5e8: ;   {metadata({type array byte})}
  0x000001fe1056c5e8: 5048 ba68 | 2200 2bfe | 0100 004c | 895c 2458 | 448b c190 

  0x000001fe1056c5fc: ;   {runtime_call _new_array_nozero_Java}
  0x000001fe1056c5fc: c5f8 77e8 

  0x000001fe1056c600: ; ImmutableOopMap {[40]=Oop [48]=Oop [56]=Oop [72]=Oop [84]=NarrowOop [88]=Oop [96]=Derived_oop_[88] [104]=Oop [120]=Oop }
                      ;*newarray {reexecute=0 rethrow=0 return_oop=1}
                      ; - java.util.Arrays::copyOfRangeByte@10 (line 3863)
                      ; - java.util.Arrays::copyOfRange@13 (line 3854)
                      ; - java.lang.StringLatin1::newString@16 (line 752)
                      ; - java.lang.String::substring@41 (line 2839)
                      ; - java.lang.ClassLoader::checkCerts@21 (line 1164)
                      ; - java.lang.ClassLoader::preDefineClass@113 (line 917)
                      ; - java.lang.ClassLoader::defineClass@4 (line 1025)
                      ; - java.security.SecureClassLoader::defineClass@12 (line 150)
  0x000001fe1056c600: 7cf1 8dff 

  0x000001fe1056c604: ;   {other}
  0x000001fe1056c604: 0f1f 8400 | 7431 0035 | 8b74 2450 | 488b 7c24 | 6048 8b5c | 2468 448b | 7424 548b | 4c24 704c 
  0x000001fe1056c624: 8b6c 2478 | 4c8b d04c | 8b8c 2480 | 0000 004c | 8b84 2488 | 0000 00e9 | 13ea ffff | 4889 7c24 
  0x000001fe1056c644: 604c 8954 | 2458 4c89 | 4c24 5048 | 895c 2440 | 4489 5c24 | 244c 8974 | 2438 4c89 

  0x000001fe1056c660: ;   {metadata({type array byte})}
  0x000001fe1056c660: 6c24 3048 | ba68 2200 | 2bfe 0100 | 0045 8bc3 

  0x000001fe1056c670: ;   {runtime_call _new_array_nozero_Java}
  0x000001fe1056c670: c5f8 77e8 

  0x000001fe1056c674: ; ImmutableOopMap {rbp=Oop [80]=Derived_oop_rbp [40]=Oop [56]=Oop [64]=Oop [72]=Oop }
                      ;*newarray {reexecute=0 rethrow=0 return_oop=1}
                      ; - java.util.Arrays::copyOfRangeByte@10 (line 3863)
                      ; - java.util.Arrays::copyOfRange@13 (line 3854)
                      ; - java.lang.StringLatin1::newString@16 (line 752)
                      ; - java.lang.String::substring@41 (line 2839)
                      ; - java.lang.Class::getPackageName@62 (line 1169)
                      ; - java.lang.ClassLoader::postDefineClass@2 (line 934)
                      ; - java.lang.ClassLoader::defineClass@37 (line 1028)
                      ; - java.security.SecureClassLoader::defineClass@12 (line 150)
  0x000001fe1056c674: 08f1 8dff 

  0x000001fe1056c678: ;   {other}
  0x000001fe1056c678: 0f1f 8400 | e831 0036 | 4c8b 6c24 | 304c 8b74 | 2438 448b | 5c24 2448 | 8b5c 2440 | 4c8b 4c24 
  0x000001fe1056c698: 5048 8bf0 | 4c8b 5424 | 5848 8b7c | 2460 e9c0 | eeff ffba | f6ff ffff | 498b ed90 

  0x000001fe1056c6b4: ;   {runtime_call UncommonTrapBlob}
  0x000001fe1056c6b4: c5f8 77e8 

  0x000001fe1056c6b8: ; ImmutableOopMap {rbp=Oop }
                      ;*invokevirtual putIfAbsent {reexecute=0 rethrow=0 return_oop=0}
                      ; - java.lang.ClassLoader::checkCerts@62 (line 1171)
                      ; - java.lang.ClassLoader::preDefineClass@113 (line 917)
                      ; - java.lang.ClassLoader::defineClass@4 (line 1025)
                      ; - java.security.SecureClassLoader::defineClass@12 (line 150)
  0x000001fe1056c6b8: 447f 81ff 

  0x000001fe1056c6bc: ;   {other}
  0x000001fe1056c6bc: 0f1f 8400 | 2c32 0037 | baf6 ffff | ff8b eb90 

  0x000001fe1056c6cc: ;   {runtime_call UncommonTrapBlob}
  0x000001fe1056c6cc: c5f8 77e8 

  0x000001fe1056c6d0: ; ImmutableOopMap {rbp=NarrowOop }
                      ;*invokevirtual toExternalForm {reexecute=0 rethrow=0 return_oop=0}
                      ; - java.net.URL::toExternalForm@5 (line 1203)
                      ; - java.net.URL::toString@1 (line 1189)
                      ; - java.lang.ClassLoader::defineClassSourceLocation@22 (line 927)
                      ; - java.lang.ClassLoader::defineClass@12 (line 1026)
                      ; - java.security.SecureClassLoader::defineClass@12 (line 150)
  0x000001fe1056c6d0: 2c7f 81ff 

  0x000001fe1056c6d4: ;   {other}
  0x000001fe1056c6d4: 0f1f 8400 | 4432 0038 | baf6 ffff | ff48 8beb 

  0x000001fe1056c6e4: ;   {runtime_call UncommonTrapBlob}
  0x000001fe1056c6e4: c5f8 77e8 

  0x000001fe1056c6e8: ; ImmutableOopMap {rbp=Oop }
                      ;*invokevirtual get {reexecute=0 rethrow=0 return_oop=0}
                      ; - java.lang.ClassLoader::getNamedPackage@5 (line 341)
                      ; - java.lang.ClassLoader::postDefineClass@9 (line 934)
                      ; - java.lang.ClassLoader::defineClass@37 (line 1028)
                      ; - java.security.SecureClassLoader::defineClass@12 (line 150)
  0x000001fe1056c6e8: 147f 81ff 

  0x000001fe1056c6ec: ;   {other}
  0x000001fe1056c6ec: 0f1f 8400 | 5c32 0039 | ba76 ffff | ff44 8b5c | 2440 4489 | 5c24 2444 | 8b54 2444 | 4489 5424 
  0x000001fe1056c70c: 4048 895c | 2450 4489 | 7424 44c5 | fa11 4424 | 6066 6690 

  0x000001fe1056c720: ;   {runtime_call UncommonTrapBlob}
  0x000001fe1056c720: c5f8 77e8 

  0x000001fe1056c724: ; ImmutableOopMap {[40]=Oop [48]=Oop [56]=Oop [68]=NarrowOop [72]=Oop [80]=Oop [96]=NarrowOop }
                      ;*iflt {reexecute=1 rethrow=0 return_oop=0}
                      ; - (reexecute) java.lang.StringLatin1::lastIndexOf@19 (line 285)
                      ; - java.lang.String::lastIndexOf@13 (line 2573)
                      ; - java.lang.String::lastIndexOf@8 (line 2535)
                      ; - java.lang.ClassLoader::checkCerts@3 (line 1163)
                      ; - java.lang.ClassLoader::preDefineClass@113 (line 917)
                      ; - java.lang.ClassLoader::defineClass@4 (line 1025)
                      ; - java.security.SecureClassLoader::defineClass@12 (line 150)
  0x000001fe1056c724: d87e 81ff 

  0x000001fe1056c728: ;   {other}
  0x000001fe1056c728: 0f1f 8400 | 9832 003a | bae4 ffff | ff4c 8b5c | 2428 4c89 | 5c24 204c | 8b5c 2430 | 4c89 5c24 
  0x000001fe1056c748: 284c 8b5c | 2438 4c89 | 5c24 3044 | 8b5c 2440 | 4489 5c24 | 3844 8b44 | 2444 4489 | 4424 3c4c 
  0x000001fe1056c768: 896c 2440 | 895c 2448 | 4889 7424 | 5844 8954 | 244c 6690 

  0x000001fe1056c77c: ;   {runtime_call UncommonTrapBlob}
  0x000001fe1056c77c: c5f8 77e8 

  0x000001fe1056c780: ; ImmutableOopMap {[32]=Oop [40]=Oop [48]=Oop [64]=Oop [72]=NarrowOop [76]=NarrowOop [88]=Oop }
                      ;*bastore {reexecute=0 rethrow=0 return_oop=0}
                      ; - java.lang.AbstractStringBuilder::append@41 (line 808)
                      ; - java.lang.StringBuilder::append@2 (line 246)
                      ; - java.net.URLStreamHandler::toExternalForm@16 (line 480)
                      ; - java.net.URL::toExternalForm@5 (line 1203)
                      ; - java.net.URL::toString@1 (line 1189)
                      ; - java.lang.ClassLoader::defineClassSourceLocation@22 (line 927)
                      ; - java.lang.ClassLoader::defineClass@12 (line 1026)
                      ; - java.security.SecureClassLoader::defineClass@12 (line 150)
  0x000001fe1056c780: 7c7e 81ff 

  0x000001fe1056c784: ;   {other}
  0x000001fe1056c784: 0f1f 8400 | f432 003b | bade ffff | ff4c 8954 | 2420 4c8b | 5424 304c | 8954 2428 | 4c8b 5424 
  0x000001fe1056c7a4: 384c 8954 | 2430 448b | 5424 4044 | 8954 2438 | 448b 5424 | 4444 8954 | 243c 4c89 | 4424 404c 
  0x000001fe1056c7c4: 894c 2448 

  0x000001fe1056c7c8: ;   {runtime_call UncommonTrapBlob}
  0x000001fe1056c7c8: c5f8 77e8 

  0x000001fe1056c7cc: ; ImmutableOopMap {rbp=NarrowOop [32]=Oop [40]=Oop [48]=Oop [64]=Oop [72]=Oop }
                      ;*invokeinterface computeIfAbsent {reexecute=0 rethrow=0 return_oop=0}
                      ; - java.security.SecureClassLoader::getProtectionDomain@28 (line 222)
                      ; - java.security.SecureClassLoader::defineClass@9 (line 150)
  0x000001fe1056c7cc: 307e 81ff 

  0x000001fe1056c7d0: ;   {other}
  0x000001fe1056c7d0: 0f1f 8400 | 4033 003c | ba45 ffff | ff48 8b6c | 2428 6690 

  0x000001fe1056c7e4: ;   {runtime_call UncommonTrapBlob}
  0x000001fe1056c7e4: c5f8 77e8 

  0x000001fe1056c7e8: ; ImmutableOopMap {rbp=Oop [48]=Oop [56]=Oop [72]=Oop }
                      ;*ifeq {reexecute=1 rethrow=0 return_oop=0}
                      ; - (reexecute) java.lang.ClassLoader::checkName@8 (line 1155)
                      ; - java.lang.ClassLoader::preDefineClass@1 (line 900)
                      ; - java.lang.ClassLoader::defineClass@4 (line 1025)
                      ; - java.security.SecureClassLoader::defineClass@12 (line 150)
  0x000001fe1056c7e8: 147e 81ff 

  0x000001fe1056c7ec: ;   {other}
  0x000001fe1056c7ec: 0f1f 8400 | 5c33 003d | bacc ffff | ff4c 8b54 | 2428 4c89 | 5424 204c | 8b54 2430 | 4c89 5424 
  0x000001fe1056c80c: 284c 8b54 | 2438 4c89 | 5424 3044 | 8b44 2440 | 4489 4424 | 3844 8b54 | 2444 4489 | 5424 3c4c 
  0x000001fe1056c82c: 896c 2440 | 895c 2448 | 4889 7424 | 5844 895c | 244c 6690 

  0x000001fe1056c840: ;   {runtime_call UncommonTrapBlob}
  0x000001fe1056c840: c5f8 77e8 

  0x000001fe1056c844: ; ImmutableOopMap {rbp=NarrowOop [32]=Oop [40]=Oop [48]=Oop [64]=Oop [72]=NarrowOop [88]=Oop }
                      ;*invokestatic arraycopy {reexecute=0 rethrow=0 return_oop=0}
                      ; - java.lang.String::getBytes@22 (line 4726)
                      ; - java.lang.AbstractStringBuilder::putStringAt@15 (line 1751)
                      ; - java.lang.AbstractStringBuilder::append@30 (line 588)
                      ; - java.lang.StringBuilder::append@2 (line 179)
                      ; - java.net.URLStreamHandler::toExternalForm@59 (line 483)
                      ; - java.net.URL::toExternalForm@5 (line 1203)
                      ; - java.net.URL::toString@1 (line 1189)
                      ; - java.lang.ClassLoader::defineClassSourceLocation@22 (line 927)
                      ; - java.lang.ClassLoader::defineClass@12 (line 1026)
                      ; - java.security.SecureClassLoader::defineClass@12 (line 150)
  0x000001fe1056c844: b87d 81ff 

  0x000001fe1056c848: ;   {other}
  0x000001fe1056c848: 0f1f 8400 | b833 003e | bacc ffff | ff44 8b54 | 2440 4489 | 5424 2044 | 8b5c 2444 | 4489 5c24 
  0x000001fe1056c868: 4048 895c | 2458 448b | 5c24 6844 | 895c 2444 | 4489 4c24 | 6089 7424 | 6489 4424 | 6866 6690 
  0x000001fe1056c888: ;   {runtime_call UncommonTrapBlob}
  0x000001fe1056c888: c5f8 77e8 

  0x000001fe1056c88c: ; ImmutableOopMap {[36]=NarrowOop [40]=Oop [48]=Oop [56]=Oop [72]=Oop [88]=Oop [96]=NarrowOop [100]=NarrowOop }
                      ;*invokestatic arraycopy {reexecute=0 rethrow=0 return_oop=0}
                      ; - java.lang.String::getBytes@22 (line 4726)
                      ; - java.lang.AbstractStringBuilder::putStringAt@15 (line 1751)
                      ; - java.lang.AbstractStringBuilder::append@30 (line 588)
                      ; - java.lang.StringBuilder::append@2 (line 179)
                      ; - java.net.URLStreamHandler::toExternalForm@77 (line 484)
                      ; - java.net.URL::toExternalForm@5 (line 1203)
                      ; - java.net.URL::toString@1 (line 1189)
                      ; - java.lang.ClassLoader::defineClassSourceLocation@22 (line 927)
                      ; - java.lang.ClassLoader::defineClass@12 (line 1026)
                      ; - java.security.SecureClassLoader::defineClass@12 (line 150)
  0x000001fe1056c88c: 707d 81ff 

  0x000001fe1056c890: ;   {other}
  0x000001fe1056c890: 0f1f 8400 | 0034 003f | bacc ffff | ff4c 8b5c | 2428 4c89 | 5c24 204c | 8b5c 2430 | 4c89 5c24 
  0x000001fe1056c8b0: 284c 8b5c | 2438 4c89 | 5c24 3044 | 8b5c 2440 | 4489 5c24 | 3844 8b44 | 2444 4489 | 4424 3c4c 
  0x000001fe1056c8d0: 8b5c 2448 | 4c89 5c24 | 4044 894c | 2448 4889 | 5c24 5844 | 8954 244c 

  0x000001fe1056c8e8: ;   {runtime_call UncommonTrapBlob}
  0x000001fe1056c8e8: c5f8 77e8 

  0x000001fe1056c8ec: ; ImmutableOopMap {rbp=NarrowOop [32]=Oop [40]=Oop [48]=Oop [64]=Oop [72]=NarrowOop [88]=Oop }
                      ;*invokestatic arraycopy {reexecute=0 rethrow=0 return_oop=0}
                      ; - java.lang.String::getBytes@22 (line 4726)
                      ; - java.lang.AbstractStringBuilder::putStringAt@15 (line 1751)
                      ; - java.lang.AbstractStringBuilder::append@30 (line 588)
                      ; - java.lang.StringBuilder::append@2 (line 179)
                      ; - java.net.URLStreamHandler::toExternalForm@113 (line 485)
                      ; - java.net.URL::toExternalForm@5 (line 1203)
                      ; - java.net.URL::toString@1 (line 1189)
                      ; - java.lang.ClassLoader::defineClassSourceLocation@22 (line 927)
                      ; - java.lang.ClassLoader::defineClass@12 (line 1026)
                      ; - java.security.SecureClassLoader::defineClass@12 (line 150)
  0x000001fe1056c8ec: 107d 81ff 

  0x000001fe1056c8f0: ;   {other}
  0x000001fe1056c8f0: 0f1f 8400 | 6034 0040 | bacc ffff | ff4c 8b54 | 2428 4c89 | 5424 204c | 8b54 2430 | 4c89 5424 
  0x000001fe1056c910: 284c 8b54 | 2438 4c89 | 5424 3044 | 8b54 2440 | 4489 5424 | 3844 8b5c | 2444 4489 | 5c24 3c4c 
  0x000001fe1056c930: 8b54 2448 | 4c89 5424 | 4048 895c | 2450 4489 | 4424 5890 

  0x000001fe1056c944: ;   {runtime_call UncommonTrapBlob}
  0x000001fe1056c944: c5f8 77e8 

  0x000001fe1056c948: ; ImmutableOopMap {rbp=NarrowOop [32]=Oop [40]=Oop [48]=Oop [64]=Oop [80]=Oop }
                      ;*invokestatic arraycopy {reexecute=0 rethrow=0 return_oop=0}
                      ; - java.lang.String::getBytes@22 (line 4726)
                      ; - java.lang.AbstractStringBuilder::putStringAt@15 (line 1751)
                      ; - java.lang.AbstractStringBuilder::append@30 (line 588)
                      ; - java.lang.StringBuilder::append@2 (line 179)
                      ; - java.net.URLStreamHandler::toExternalForm@149 (line 486)
                      ; - java.net.URL::toExternalForm@5 (line 1203)
                      ; - java.net.URL::toString@1 (line 1189)
                      ; - java.lang.ClassLoader::defineClassSourceLocation@22 (line 927)
                      ; - java.lang.ClassLoader::defineClass@12 (line 1026)
                      ; - java.security.SecureClassLoader::defineClass@12 (line 150)
  0x000001fe1056c948: b47c 81ff 

  0x000001fe1056c94c: ;   {other}
  0x000001fe1056c94c: 0f1f 8400 | bc34 0041 | bacc ffff | ff4c 8b54 | 2428 4c89 | 5424 204c | 8b54 2430 | 4c89 5424 
  0x000001fe1056c96c: 284c 8b54 | 2438 4c89 | 5424 3044 | 8b54 2440 | 4489 5424 | 3844 8b44 | 2444 4489 | 4424 3c4c 
  0x000001fe1056c98c: 896c 2440 | 895c 2448 | 4889 7424 | 5844 894c | 244c 8944 | 2460 894c | 2464 4489 | 5c24 6890 
  0x000001fe1056c9ac: ;   {runtime_call UncommonTrapBlob}
  0x000001fe1056c9ac: c5f8 77e8 

  0x000001fe1056c9b0: ; ImmutableOopMap {[32]=Oop [40]=Oop [48]=Oop [64]=Oop [72]=NarrowOop [88]=Oop [96]=NarrowOop [100]=NarrowOop }
                      ;*invokestatic arraycopy {reexecute=0 rethrow=0 return_oop=0}
                      ; - java.lang.String::getBytes@22 (line 4726)
                      ; - java.lang.AbstractStringBuilder::putStringAt@15 (line 1751)
                      ; - java.lang.AbstractStringBuilder::append@30 (line 588)
                      ; - java.lang.StringBuilder::append@2 (line 179)
                      ; - java.net.URLStreamHandler::toExternalForm@11 (line 480)
                      ; - java.net.URL::toExternalForm@5 (line 1203)
                      ; - java.net.URL::toString@1 (line 1189)
                      ; - java.lang.ClassLoader::defineClassSourceLocation@22 (line 927)
                      ; - java.lang.ClassLoader::defineClass@12 (line 1026)
                      ; - java.security.SecureClassLoader::defineClass@12 (line 150)
  0x000001fe1056c9b0: 4c7c 81ff 

  0x000001fe1056c9b4: ;   {other}
  0x000001fe1056c9b4: 0f1f 8400 | 2435 0042 | ba6e ffff | ff44 8b54 | 2440 4489 | 5424 2444 | 8b5c 2444 | 4489 5c24 
  0x000001fe1056c9d4: 4048 895c | 2450 4489 | 7424 44c5 | fa11 4424 | 6066 6690 

  0x000001fe1056c9e8: ;   {runtime_call UncommonTrapBlob}
  0x000001fe1056c9e8: c5f8 77e8 

  0x000001fe1056c9ec: ; ImmutableOopMap {[40]=Oop [48]=Oop [56]=Oop [68]=NarrowOop [72]=Oop [80]=Oop [96]=NarrowOop }
                      ;*iflt {reexecute=1 rethrow=0 return_oop=0}
                      ; - (reexecute) java.lang.StringLatin1::lastIndexOf@19 (line 285)
                      ; - java.lang.String::lastIndexOf@13 (line 2573)
                      ; - java.lang.String::lastIndexOf@8 (line 2535)
                      ; - java.lang.ClassLoader::checkCerts@3 (line 1163)
                      ; - java.lang.ClassLoader::preDefineClass@113 (line 917)
                      ; - java.lang.ClassLoader::defineClass@4 (line 1025)
                      ; - java.security.SecureClassLoader::defineClass@12 (line 150)
  0x000001fe1056c9ec: 107c 81ff 

  0x000001fe1056c9f0: ;   {other}
  0x000001fe1056c9f0: 0f1f 8400 | 6035 0043 | bace ffff | ff48 8b6c | 2428 4c8b | 5424 304c | 8954 2420 | c5fa 1144 
  0x000001fe1056ca10: 2458 895c | 245c 6690 

  0x000001fe1056ca18: ;   {runtime_call UncommonTrapBlob}
  0x000001fe1056ca18: c5f8 77e8 

  0x000001fe1056ca1c: ; ImmutableOopMap {rbp=Oop [32]=Oop [56]=Oop [72]=Oop [88]=NarrowOop }
                      ;*invokestatic indexOfChar {reexecute=0 rethrow=0 return_oop=0}
                      ; - java.lang.StringLatin1::indexOf@33 (line 204)
                      ; - java.lang.String::indexOf@17 (line 2461)
                      ; - java.lang.String::indexOf@3 (line 2405)
                      ; - java.lang.ClassLoader::checkName@16 (line 1157)
                      ; - java.lang.ClassLoader::preDefineClass@1 (line 900)
                      ; - java.lang.ClassLoader::defineClass@4 (line 1025)
                      ; - java.security.SecureClassLoader::defineClass@12 (line 150)
  0x000001fe1056ca1c: e07b 81ff 

  0x000001fe1056ca20: ;   {other}
  0x000001fe1056ca20: 0f1f 8400 | 9035 0044 | bade ffff | ff66 6690 

  0x000001fe1056ca30: ;   {runtime_call UncommonTrapBlob}
  0x000001fe1056ca30: c5f8 77e8 

  0x000001fe1056ca34: ; ImmutableOopMap {rbp=NarrowOop }
                      ;*checkcast {reexecute=0 rethrow=0 return_oop=0}
                      ; - java.lang.ClassLoader::getNamedPackage@8 (line 341)
                      ; - java.lang.ClassLoader::postDefineClass@9 (line 934)
                      ; - java.lang.ClassLoader::defineClass@37 (line 1028)
                      ; - java.security.SecureClassLoader::defineClass@12 (line 150)
  0x000001fe1056ca34: c87b 81ff 

  0x000001fe1056ca38: ;   {other}
  0x000001fe1056ca38: 0f1f 8400 | a835 0045 | ba76 ffff | ff44 8944 | 2420 4c89 | 7424 384c | 8b54 2448 | 4c89 5424 
  0x000001fe1056ca58: 404c 8974 | 2450 4889 | 7424 5889 | 4c24 2490 

  0x000001fe1056ca68: ;   {runtime_call UncommonTrapBlob}
  0x000001fe1056ca68: c5f8 77e8 

  0x000001fe1056ca6c: ; ImmutableOopMap {[36]=NarrowOop [40]=Oop [56]=Oop [64]=Oop [80]=Oop [88]=Oop }
                      ;*iflt {reexecute=1 rethrow=0 return_oop=0}
                      ; - (reexecute) java.lang.StringLatin1::lastIndexOf@19 (line 285)
                      ; - java.lang.String::lastIndexOf@13 (line 2573)
                      ; - java.lang.String::lastIndexOf@8 (line 2535)
                      ; - java.lang.Class::getPackageName@47 (line 1168)
                      ; - java.lang.ClassLoader::postDefineClass@2 (line 934)
                      ; - java.lang.ClassLoader::defineClass@37 (line 1028)
                      ; - java.security.SecureClassLoader::defineClass@12 (line 150)
  0x000001fe1056ca6c: 907b 81ff 

  0x000001fe1056ca70: ;   {other}
  0x000001fe1056ca70: 0f1f 8400 | e035 0046 | ba45 ffff | ff48 8944 | 2430 4889 | 4424 4090 

  0x000001fe1056ca88: ;   {runtime_call UncommonTrapBlob}
  0x000001fe1056ca88: c5f8 77e8 

  0x000001fe1056ca8c: ; ImmutableOopMap {[40]=Oop [48]=Oop [64]=Oop [72]=Oop }
                      ;*ifeq {reexecute=1 rethrow=0 return_oop=0}
                      ; - (reexecute) java.lang.Class::getPackageName@13 (line 1163)
                      ; - java.lang.ClassLoader::postDefineClass@2 (line 934)
                      ; - java.lang.ClassLoader::defineClass@37 (line 1028)
                      ; - java.security.SecureClassLoader::defineClass@12 (line 150)
  0x000001fe1056ca8c: 707b 81ff 

  0x000001fe1056ca90: ;   {other}
  0x000001fe1056ca90: 0f1f 8400 | 0036 0047 | ba6e ffff | ff44 8944 | 2420 4c89 | 7424 384c | 8b54 2448 | 4c89 5424 
  0x000001fe1056cab0: 404c 8974 | 2450 4889 | 7424 5889 | 4c24 2490 

  0x000001fe1056cac0: ;   {runtime_call UncommonTrapBlob}
  0x000001fe1056cac0: c5f8 77e8 

  0x000001fe1056cac4: ; ImmutableOopMap {[36]=NarrowOop [40]=Oop [56]=Oop [64]=Oop [80]=Oop [88]=Oop }
                      ;*iflt {reexecute=1 rethrow=0 return_oop=0}
                      ; - (reexecute) java.lang.StringLatin1::lastIndexOf@19 (line 285)
                      ; - java.lang.String::lastIndexOf@13 (line 2573)
                      ; - java.lang.String::lastIndexOf@8 (line 2535)
                      ; - java.lang.Class::getPackageName@47 (line 1168)
                      ; - java.lang.ClassLoader::postDefineClass@2 (line 934)
                      ; - java.lang.ClassLoader::defineClass@37 (line 1028)
                      ; - java.security.SecureClassLoader::defineClass@12 (line 150)
  0x000001fe1056cac4: 387b 81ff 

  0x000001fe1056cac8: ;   {other}
  0x000001fe1056cac8: 0f1f 8400 | 3836 0048 | 4533 d245 | 85c0 410f | 94c2 ba45 | ffff ff48 | 8b6c 2428 | 4c89 5c24 
  0x000001fe1056cae8: 2044 8954 | 2460 6690 

  0x000001fe1056caf0: ;   {runtime_call UncommonTrapBlob}
  0x000001fe1056caf0: c5f8 77e8 

  0x000001fe1056caf4: ; ImmutableOopMap {rbp=Oop [32]=Oop [56]=Oop [72]=Oop }
                      ;*ifeq {reexecute=1 rethrow=0 return_oop=0}
                      ; - (reexecute) java.lang.String::indexOf@4 (line 2461)
                      ; - java.lang.String::indexOf@3 (line 2405)
                      ; - java.lang.ClassLoader::checkName@16 (line 1157)
                      ; - java.lang.ClassLoader::preDefineClass@1 (line 900)
                      ; - java.lang.ClassLoader::defineClass@4 (line 1025)
                      ; - java.security.SecureClassLoader::defineClass@12 (line 150)
  0x000001fe1056caf4: 087b 81ff 

  0x000001fe1056caf8: ;   {other}
  0x000001fe1056caf8: 0f1f 8400 | 6836 0049 | ba45 ffff | ff48 8b6c | 2428 4c8b | 5424 304c | 8954 2428 | 4c8b 5424 
  0x000001fe1056cb18: 384c 8954 | 2430 448b | 5424 4044 | 8954 2420 | 448b 5c24 | 4444 895c | 2438 4c8b | 5424 484c 
  0x000001fe1056cb38: 8954 2440 | 4889 5c24 | 5044 8b5c | 2468 4489 | 5c24 3c44 | 8944 2458 | 8974 245c | 897c 2460 
  0x000001fe1056cb58: 4489 4c24 | 6489 4c24 | 6866 6690 

  0x000001fe1056cb64: ;   {runtime_call UncommonTrapBlob}
  0x000001fe1056cb64: c5f8 77e8 

  0x000001fe1056cb68: ; ImmutableOopMap {rbp=Oop [36]=NarrowOop [40]=Oop [48]=Oop [64]=Oop [80]=Oop [88]=NarrowOop [92]=NarrowOop }
                      ;*if_icmpne {reexecute=1 rethrow=0 return_oop=0}
                      ; - (reexecute) java.lang.String::getBytes@5 (line 4725)
                      ; - java.lang.AbstractStringBuilder::putStringAt@15 (line 1751)
                      ; - java.lang.AbstractStringBuilder::append@30 (line 588)
                      ; - java.lang.StringBuilder::append@2 (line 179)
                      ; - java.net.URLStreamHandler::toExternalForm@77 (line 484)
                      ; - java.net.URL::toExternalForm@5 (line 1203)
                      ; - java.net.URL::toString@1 (line 1189)
                      ; - java.lang.ClassLoader::defineClassSourceLocation@22 (line 927)
                      ; - java.lang.ClassLoader::defineClass@12 (line 1026)
                      ; - java.security.SecureClassLoader::defineClass@12 (line 150)
  0x000001fe1056cb68: 947a 81ff 

  0x000001fe1056cb6c: ;   {other}
  0x000001fe1056cb6c: 0f1f 8400 | dc36 004a | 4585 c944 | 8b54 2420 | 410f 94c2 | ba45 ffff | ff4c 8b4c | 2428 498b 
  0x000001fe1056cb8c: e94c 8b4c | 2430 4c89 | 4c24 204c | 8b4c 2438 | 4c89 4c24 | 2844 8b4c | 2440 4489 | 4c24 308b 
  0x000001fe1056cbac: 4c24 4489 | 4c24 344c | 8b4c 2448 | 4c89 4c24 | 3848 8974 | 2448 4889 | 5c24 5044 | 895c 2458 
  0x000001fe1056cbcc: 4489 4424 | 5c44 8954 | 2460 6690 

  0x000001fe1056cbd8: ;   {runtime_call UncommonTrapBlob}
  0x000001fe1056cbd8: c5f8 77e8 

  0x000001fe1056cbdc: ; ImmutableOopMap {rbp=Oop [32]=Oop [40]=Oop [56]=Oop [72]=Oop [80]=Oop [88]=NarrowOop }
                      ;*ifeq {reexecute=1 rethrow=0 return_oop=0}
                      ; - (reexecute) java.lang.String::<init>@19 (line 4786)
                      ; - java.lang.String::<init>@3 (line 1507)
                      ; - java.lang.StringBuilder::toString@5 (line 475)
                      ; - java.net.URLStreamHandler::toExternalForm@152 (line 486)
                      ; - java.net.URL::toExternalForm@5 (line 1203)
                      ; - java.net.URL::toString@1 (line 1189)
                      ; - java.lang.ClassLoader::defineClassSourceLocation@22 (line 927)
                      ; - java.lang.ClassLoader::defineClass@12 (line 1026)
                      ; - java.security.SecureClassLoader::defineClass@12 (line 150)
  0x000001fe1056cbdc: 207a 81ff 

  0x000001fe1056cbe0: ;   {other}
  0x000001fe1056cbe0: 0f1f 8400 | 5037 004b | 498b d7c5 | f877 49ba | c014 afd9 | f97f 0000 

  0x000001fe1056cbf8: ;   {other}
  0x000001fe1056cbf8: 41ff d20f | 1f84 0000 | 0000 00e9 | 73d9 ffff | ba45 ffff | ff48 8b7c | 2428 4889 | 7c24 2048 
  0x000001fe1056cc18: 8b7c 2430 | 4889 7c24 | 2848 8b7c | 2438 4889 | 7c24 308b | 6c24 408b | 7c24 4489 | 7c24 384c 
  0x000001fe1056cc38: 896c 2440 | 895c 243c | 4889 7424 | 5044 894c | 2458 4489 | 5c24 5c89 | 4c24 6044 | 8944 2464 
  0x000001fe1056cc58: 8944 2468 | 4489 5424 | 6c66 6690 

  0x000001fe1056cc64: ;   {runtime_call UncommonTrapBlob}
  0x000001fe1056cc64: c5f8 77e8 

  0x000001fe1056cc68: ; ImmutableOopMap {[32]=Oop [40]=Oop [48]=Oop [60]=NarrowOop [64]=Oop [80]=Oop [92]=NarrowOop [96]=NarrowOop }
                      ;*if_icmpne {reexecute=1 rethrow=0 return_oop=0}
                      ; - (reexecute) java.lang.String::getBytes@5 (line 4725)
                      ; - java.lang.AbstractStringBuilder::putStringAt@15 (line 1751)
                      ; - java.lang.AbstractStringBuilder::append@30 (line 588)
                      ; - java.lang.StringBuilder::append@2 (line 179)
                      ; - java.net.URLStreamHandler::toExternalForm@11 (line 480)
                      ; - java.net.URL::toExternalForm@5 (line 1203)
                      ; - java.net.URL::toString@1 (line 1189)
                      ; - java.lang.ClassLoader::defineClassSourceLocation@22 (line 927)
                      ; - java.lang.ClassLoader::defineClass@12 (line 1026)
                      ; - java.security.SecureClassLoader::defineClass@12 (line 150)
  0x000001fe1056cc68: 9479 81ff 

  0x000001fe1056cc6c: ;   {other}
  0x000001fe1056cc6c: 0f1f 8400 | dc37 004c | ba45 ffff | ff89 4c24 | 2089 4c24 | 2448 895c | 2450 4489 | 7424 6044 
  0x000001fe1056cc8c: 894c 2470 

  0x000001fe1056cc90: ;   {runtime_call UncommonTrapBlob}
  0x000001fe1056cc90: c5f8 77e8 

  0x000001fe1056cc94: ; ImmutableOopMap {[40]=Oop [48]=Oop [56]=Oop [72]=Oop [80]=Oop [96]=NarrowOop }
                      ;*if_icmpgt {reexecute=1 rethrow=0 return_oop=0}
                      ; - (reexecute) jdk.internal.util.Preconditions::checkFromToIndex@6 (line 348)
                      ; - java.lang.String::checkBoundsBeginEnd@6 (line 4865)
                      ; - java.lang.String::substring@8 (line 2834)
                      ; - java.lang.ClassLoader::checkCerts@21 (line 1164)
                      ; - java.lang.ClassLoader::preDefineClass@113 (line 917)
                      ; - java.lang.ClassLoader::defineClass@4 (line 1025)
                      ; - java.security.SecureClassLoader::defineClass@12 (line 150)
  0x000001fe1056cc94: 6879 81ff 

  0x000001fe1056cc98: ;   {other}
  0x000001fe1056cc98: 0f1f 8400 | 0838 004d | ba45 ffff | ff48 8b6c | 2428 895c | 2450 6690 

  0x000001fe1056ccb0: ;   {runtime_call UncommonTrapBlob}
  0x000001fe1056ccb0: c5f8 77e8 

  0x000001fe1056ccb4: ; ImmutableOopMap {rbp=Oop [48]=Oop [56]=Oop [72]=Oop }
                      ;*if_icmpne {reexecute=1 rethrow=0 return_oop=0}
                      ; - (reexecute) java.lang.ClassLoader::checkName@20 (line 1157)
                      ; - java.lang.ClassLoader::preDefineClass@1 (line 900)
                      ; - java.lang.ClassLoader::defineClass@4 (line 1025)
                      ; - java.security.SecureClassLoader::defineClass@12 (line 150)
  0x000001fe1056ccb4: 4879 81ff 

  0x000001fe1056ccb8: ;   {other}
  0x000001fe1056ccb8: 0f1f 8400 | 2838 004e | 8bcd e983 | d1ff ffba | 45ff ffff | 4c89 7424 | 304c 8b54 | 2448 4c89 
  0x000001fe1056ccd8: 5424 384c | 894c 2440 | 4489 5c24 | 4844 8944 | 244c 6690 

  0x000001fe1056ccec: ;   {runtime_call UncommonTrapBlob}
  0x000001fe1056ccec: c5f8 77e8 

  0x000001fe1056ccf0: ; ImmutableOopMap {[40]=Oop [48]=Oop [56]=Oop [64]=Oop [72]=NarrowOop }
                      ;*ifle {reexecute=1 rethrow=0 return_oop=0}
                      ; - (reexecute) java.util.concurrent.ConcurrentHashMap::get@23 (line 937)
                      ; - java.lang.ClassLoader::getNamedPackage@5 (line 341)
                      ; - java.lang.ClassLoader::postDefineClass@9 (line 934)
                      ; - java.lang.ClassLoader::defineClass@37 (line 1028)
                      ; - java.security.SecureClassLoader::defineClass@12 (line 150)
  0x000001fe1056ccf0: 0c79 81ff 

  0x000001fe1056ccf4: ;   {other}
  0x000001fe1056ccf4: 0f1f 8400 | 6438 004f | ba45 ffff | ff4c 8b54 | 2428 4c89 | 5424 204c | 8944 2428 | 4c89 4c24 
  0x000001fe1056cd14: 3089 7c24 | 3889 7424 | 3c66 6690 

  0x000001fe1056cd20: ;   {runtime_call UncommonTrapBlob}
  0x000001fe1056cd20: c5f8 77e8 

  0x000001fe1056cd24: ; ImmutableOopMap {rbp=Oop [32]=Oop [40]=Oop [48]=Oop }
                      ;*ifnonnull {reexecute=1 rethrow=0 return_oop=0}
                      ; - (reexecute) java.security.SecureClassLoader::getProtectionDomain@1 (line 213)
                      ; - java.security.SecureClassLoader::defineClass@9 (line 150)
  0x000001fe1056cd24: d878 81ff 

  0x000001fe1056cd28: ;   {other}
  0x000001fe1056cd28: 0f1f 8400 | 9838 0050 | ba45 ffff | ff66 6690 

  0x000001fe1056cd38: ;   {runtime_call UncommonTrapBlob}
  0x000001fe1056cd38: c5f8 77e8 

  0x000001fe1056cd3c: ; ImmutableOopMap {[40]=Oop [48]=Oop [56]=Oop [72]=Oop }
                      ;*if_icmpne {reexecute=1 rethrow=0 return_oop=0}
                      ; - (reexecute) java.lang.ClassLoader::checkName@30 (line 1157)
                      ; - java.lang.ClassLoader::preDefineClass@1 (line 900)
                      ; - java.lang.ClassLoader::defineClass@4 (line 1025)
                      ; - java.security.SecureClassLoader::defineClass@12 (line 150)
  0x000001fe1056cd3c: c078 81ff 

  0x000001fe1056cd40: ;   {other}
  0x000001fe1056cd40: 0f1f 8400 | b038 0051 | ba45 ffff | ff4c 8b54 | 2428 4c89 | 5424 2048 | 895c 2450 | 4c89 6c24 
  0x000001fe1056cd60: 5844 8974 | 2460 6690 

  0x000001fe1056cd68: ;   {runtime_call UncommonTrapBlob}
  0x000001fe1056cd68: c5f8 77e8 

  0x000001fe1056cd6c: ; ImmutableOopMap {rbp=NarrowOop [32]=Oop [48]=Oop [56]=Oop [72]=Oop [80]=Oop [88]=Oop [96]=NarrowOop }
                      ;*ifnull {reexecute=1 rethrow=0 return_oop=0}
                      ; - (reexecute) java.security.CodeSource::getCertificates@4 (line 204)
                      ; - java.lang.ClassLoader::checkCerts@34 (line 1168)
                      ; - java.lang.ClassLoader::preDefineClass@113 (line 917)
                      ; - java.lang.ClassLoader::defineClass@4 (line 1025)
                      ; - java.security.SecureClassLoader::defineClass@12 (line 150)
  0x000001fe1056cd6c: 9078 81ff 

  0x000001fe1056cd70: ;   {other}
  0x000001fe1056cd70: 0f1f 8400 | e038 0052 | ba45 ffff | ff4c 8b54 | 2428 4c89 | 5424 2048 | 895c 2450 | 4c89 6c24 
  0x000001fe1056cd90: 5844 8974 | 2460 6690 

  0x000001fe1056cd98: ;   {runtime_call UncommonTrapBlob}
  0x000001fe1056cd98: c5f8 77e8 

  0x000001fe1056cd9c: ; ImmutableOopMap {rbp=NarrowOop [32]=Oop [48]=Oop [56]=Oop [72]=Oop [80]=Oop [88]=Oop [96]=NarrowOop }
                      ;*ifnull {reexecute=1 rethrow=0 return_oop=0}
                      ; - (reexecute) java.security.CodeSource::getCertificates@22 (line 207)
                      ; - java.lang.ClassLoader::checkCerts@34 (line 1168)
                      ; - java.lang.ClassLoader::preDefineClass@113 (line 917)
                      ; - java.lang.ClassLoader::defineClass@4 (line 1025)
                      ; - java.security.SecureClassLoader::defineClass@12 (line 150)
  0x000001fe1056cd9c: 6078 81ff 

  0x000001fe1056cda0: ;   {other}
  0x000001fe1056cda0: 0f1f 8400 | 1039 0053 | ba45 ffff | ff48 8b6c | 2428 4c8b | 5424 304c | 8954 2420 | 4c8b 5424 
  0x000001fe1056cdc0: 384c 8954 | 2428 448b | 5424 4044 | 8954 2430 | 895c 2440 

  0x000001fe1056cdd4: ;   {runtime_call UncommonTrapBlob}
  0x000001fe1056cdd4: c5f8 77e8 

  0x000001fe1056cdd8: ; ImmutableOopMap {rbp=Oop [32]=Oop [40]=Oop [64]=NarrowOop [72]=Oop }
                      ;*ifnull {reexecute=1 rethrow=0 return_oop=0}
                      ; - (reexecute) java.lang.ClassLoader::defineClassSourceLocation@15 (line 926)
                      ; - java.lang.ClassLoader::defineClass@12 (line 1026)
                      ; - java.security.SecureClassLoader::defineClass@12 (line 150)
  0x000001fe1056cdd8: 2478 81ff 

  0x000001fe1056cddc: ;   {other}
  0x000001fe1056cddc: 0f1f 8400 | 4c39 0054 | ba45 ffff | ff48 8b6c | 2428 4c8b | 4424 304c | 8944 2420 | 4c8b 4424 
  0x000001fe1056cdfc: 384c 8944 | 2428 448b | 4424 4044 | 8944 2430 | 448b 4c24 | 4444 894c | 2434 4c89 | 6c24 3889 
  0x000001fe1056ce1c: 5c24 4048 | 8974 2450 | 4889 7424 | 5844 895c | 2444 4489 | 5424 6890 

  0x000001fe1056ce34: ;   {runtime_call UncommonTrapBlob}
  0x000001fe1056ce34: c5f8 77e8 

  0x000001fe1056ce38: ; ImmutableOopMap {rbp=Oop [32]=Oop [40]=Oop [56]=Oop [64]=NarrowOop [80]=Oop [88]=Oop }
                      ;*if_icmpeq {reexecute=1 rethrow=0 return_oop=0}
                      ; - (reexecute) java.lang.AbstractStringBuilder::inflateIfNeededFor@14 (line 1733)
                      ; - java.lang.AbstractStringBuilder::putStringAt@2 (line 1750)
                      ; - java.lang.AbstractStringBuilder::append@30 (line 588)
                      ; - java.lang.StringBuilder::append@2 (line 179)
                      ; - java.net.URLStreamHandler::toExternalForm@59 (line 483)
                      ; - java.net.URL::toExternalForm@5 (line 1203)
                      ; - java.net.URL::toString@1 (line 1189)
                      ; - java.lang.ClassLoader::defineClassSourceLocation@22 (line 927)
                      ; - java.lang.ClassLoader::defineClass@12 (line 1026)
                      ; - java.security.SecureClassLoader::defineClass@12 (line 150)
  0x000001fe1056ce38: c477 81ff 

  0x000001fe1056ce3c: ;   {other}
  0x000001fe1056ce3c: 0f1f 8400 | ac39 0055 | ba45 ffff | ff48 8b6c | 2428 4c8b | 5424 304c | 8954 2428 | 4c8b 5424 
  0x000001fe1056ce5c: 384c 8954 | 2430 448b | 5424 4044 | 8954 2420 | 448b 5c24 | 4444 895c | 2438 4c8b | 5424 484c 
  0x000001fe1056ce7c: 8954 2440 | 4889 5c24 | 5044 8b5c | 2468 4489 | 5c24 3c48 | 895c 2458 | 897c 2460 | 4489 4424 
  0x000001fe1056ce9c: 6489 4c24 | 7044 894c | 2474 6690 

  0x000001fe1056cea8: ;   {runtime_call UncommonTrapBlob}
  0x000001fe1056cea8: c5f8 77e8 

  0x000001fe1056ceac: ; ImmutableOopMap {rbp=Oop [36]=NarrowOop [40]=Oop [48]=Oop [64]=Oop [80]=Oop [88]=Oop [100]=NarrowOop }
                      ;*if_icmpeq {reexecute=1 rethrow=0 return_oop=0}
                      ; - (reexecute) java.lang.AbstractStringBuilder::inflateIfNeededFor@14 (line 1733)
                      ; - java.lang.AbstractStringBuilder::putStringAt@2 (line 1750)
                      ; - java.lang.AbstractStringBuilder::append@30 (line 588)
                      ; - java.lang.StringBuilder::append@2 (line 179)
                      ; - java.net.URLStreamHandler::toExternalForm@77 (line 484)
                      ; - java.net.URL::toExternalForm@5 (line 1203)
                      ; - java.net.URL::toString@1 (line 1189)
                      ; - java.lang.ClassLoader::defineClassSourceLocation@22 (line 927)
                      ; - java.lang.ClassLoader::defineClass@12 (line 1026)
                      ; - java.security.SecureClassLoader::defineClass@12 (line 150)
  0x000001fe1056ceac: 5077 81ff 

  0x000001fe1056ceb0: ;   {other}
  0x000001fe1056ceb0: 0f1f 8400 | 203a 0056 | ba45 ffff | ff4c 8b54 | 2428 4c89 | 5424 204c | 8b54 2430 | 4c89 5424 
  0x000001fe1056ced0: 284c 8b54 | 2438 4c89 | 5424 3044 | 8b5c 2440 | 4489 5c24 | 3844 8b54 | 2444 4489 | 5424 3c4c 
  0x000001fe1056cef0: 8b54 2448 | 4c89 5424 | 4044 894c | 2448 4889 | 5c24 5090 

  0x000001fe1056cf04: ;   {runtime_call UncommonTrapBlob}
  0x000001fe1056cf04: c5f8 77e8 

  0x000001fe1056cf08: ; ImmutableOopMap {rbp=NarrowOop [32]=Oop [40]=Oop [48]=Oop [64]=Oop [72]=NarrowOop [80]=Oop }
                      ;*ifnull {reexecute=1 rethrow=0 return_oop=0}
                      ; - (reexecute) java.net.URLStreamHandler::toExternalForm@86 (line 485)
                      ; - java.net.URL::toExternalForm@5 (line 1203)
                      ; - java.net.URL::toString@1 (line 1189)
                      ; - java.lang.ClassLoader::defineClassSourceLocation@22 (line 927)
                      ; - java.lang.ClassLoader::defineClass@12 (line 1026)
                      ; - java.security.SecureClassLoader::defineClass@12 (line 150)
  0x000001fe1056cf08: f476 81ff 

  0x000001fe1056cf0c: ;   {other}
  0x000001fe1056cf0c: 0f1f 8400 | 7c3a 0057 | ba45 ffff | ff48 8b6c | 2428 4c8b | 4424 304c | 8944 2420 | 4c8b 4424 
  0x000001fe1056cf2c: 384c 8944 | 2428 448b | 4424 4044 | 8944 2430 | 448b 4424 | 4444 8944 | 2434 4c8b | 4424 484c 
  0x000001fe1056cf4c: 8944 2438 | 4489 4c24 | 4048 895c | 2450 4889 | 5c24 5844 | 8954 2444 | 4489 5c24 | 6866 6690 
  0x000001fe1056cf6c: ;   {runtime_call UncommonTrapBlob}
  0x000001fe1056cf6c: c5f8 77e8 

  0x000001fe1056cf70: ; ImmutableOopMap {rbp=Oop [32]=Oop [40]=Oop [56]=Oop [64]=NarrowOop [80]=Oop [88]=Oop }
                      ;*if_icmpeq {reexecute=1 rethrow=0 return_oop=0}
                      ; - (reexecute) java.lang.AbstractStringBuilder::inflateIfNeededFor@14 (line 1733)
                      ; - java.lang.AbstractStringBuilder::putStringAt@2 (line 1750)
                      ; - java.lang.AbstractStringBuilder::append@30 (line 588)
                      ; - java.lang.StringBuilder::append@2 (line 179)
                      ; - java.net.URLStreamHandler::toExternalForm@113 (line 485)
                      ; - java.net.URL::toExternalForm@5 (line 1203)
                      ; - java.net.URL::toString@1 (line 1189)
                      ; - java.lang.ClassLoader::defineClassSourceLocation@22 (line 927)
                      ; - java.lang.ClassLoader::defineClass@12 (line 1026)
                      ; - java.security.SecureClassLoader::defineClass@12 (line 150)
  0x000001fe1056cf70: 8c76 81ff 

  0x000001fe1056cf74: ;   {other}
  0x000001fe1056cf74: 0f1f 8400 | e43a 0058 | ba45 ffff | ff4c 8b54 | 2428 4c89 | 5424 204c | 8b54 2430 | 4c89 5424 
  0x000001fe1056cf94: 284c 8b54 | 2438 4c89 | 5424 3044 | 8b54 2440 | 4489 5424 | 3844 8b5c | 2444 4489 | 5c24 3c4c 
  0x000001fe1056cfb4: 8b54 2448 | 4c89 5424 | 4048 895c | 2448 6690 

  0x000001fe1056cfc4: ;   {runtime_call UncommonTrapBlob}
  0x000001fe1056cfc4: c5f8 77e8 

  0x000001fe1056cfc8: ; ImmutableOopMap {rbp=NarrowOop [32]=Oop [40]=Oop [48]=Oop [64]=Oop [72]=Oop }
                      ;*ifnull {reexecute=1 rethrow=0 return_oop=0}
                      ; - (reexecute) java.net.URLStreamHandler::toExternalForm@122 (line 486)
                      ; - java.net.URL::toExternalForm@5 (line 1203)
                      ; - java.net.URL::toString@1 (line 1189)
                      ; - java.lang.ClassLoader::defineClassSourceLocation@22 (line 927)
                      ; - java.lang.ClassLoader::defineClass@12 (line 1026)
                      ; - java.security.SecureClassLoader::defineClass@12 (line 150)
  0x000001fe1056cfc8: 3476 81ff 

  0x000001fe1056cfcc: ;   {other}
  0x000001fe1056cfcc: 0f1f 8400 | 3c3b 0059 | ba45 ffff | ff4c 8b54 | 2428 4c89 | 5424 204c | 8b54 2430 | 4c89 5424 
  0x000001fe1056cfec: 284c 8b54 | 2438 4c89 | 5424 3044 | 8b5c 2440 | 4489 5c24 | 3844 8b54 | 2444 4489 | 5424 3c4c 
  0x000001fe1056d00c: 8b54 2448 | 4c89 5424 | 4048 895c | 2450 4889 | 5c24 5844 | 8944 2460 

  0x000001fe1056d024: ;   {runtime_call UncommonTrapBlob}
  0x000001fe1056d024: c5f8 77e8 

  0x000001fe1056d028: ; ImmutableOopMap {[32]=Oop [40]=Oop [48]=Oop [64]=Oop [80]=Oop [88]=Oop }
                      ;*if_icmpeq {reexecute=1 rethrow=0 return_oop=0}
                      ; - (reexecute) java.lang.AbstractStringBuilder::inflateIfNeededFor@14 (line 1733)
                      ; - java.lang.AbstractStringBuilder::putStringAt@2 (line 1750)
                      ; - java.lang.AbstractStringBuilder::append@30 (line 588)
                      ; - java.lang.StringBuilder::append@2 (line 179)
                      ; - java.net.URLStreamHandler::toExternalForm@149 (line 486)
                      ; - java.net.URL::toExternalForm@5 (line 1203)
                      ; - java.net.URL::toString@1 (line 1189)
                      ; - java.lang.ClassLoader::defineClassSourceLocation@22 (line 927)
                      ; - java.lang.ClassLoader::defineClass@12 (line 1026)
                      ; - java.security.SecureClassLoader::defineClass@12 (line 150)
  0x000001fe1056d028: d475 81ff 

  0x000001fe1056d02c: ;   {other}
  0x000001fe1056d02c: 0f1f 8400 | 9c3b 005a | ba45 ffff | ff48 8b6c | 2428 488b | 4c24 3048 | 894c 2420 | 488b 4c24 
  0x000001fe1056d04c: 3848 894c | 2428 8b4c | 2440 894c | 2430 8b7c | 2444 897c | 2434 4c89 | 6c24 3889 | 5c24 4048 
  0x000001fe1056d06c: 8974 2450 | 4489 4c24 | 4448 8974 | 2458 4489 | 4424 6044 | 895c 2464 | 4489 5424 | 7089 4424 
  0x000001fe1056d08c: 7466 6690 

  0x000001fe1056d090: ;   {runtime_call UncommonTrapBlob}
  0x000001fe1056d090: c5f8 77e8 

  0x000001fe1056d094: ; ImmutableOopMap {rbp=Oop [32]=Oop [40]=Oop [56]=Oop [64]=NarrowOop [80]=Oop [88]=Oop [100]=NarrowOop }
                      ;*if_icmpeq {reexecute=1 rethrow=0 return_oop=0}
                      ; - (reexecute) java.lang.AbstractStringBuilder::inflateIfNeededFor@14 (line 1733)
                      ; - java.lang.AbstractStringBuilder::putStringAt@2 (line 1750)
                      ; - java.lang.AbstractStringBuilder::append@30 (line 588)
                      ; - java.lang.StringBuilder::append@2 (line 179)
                      ; - java.net.URLStreamHandler::toExternalForm@11 (line 480)
                      ; - java.net.URL::toExternalForm@5 (line 1203)
                      ; - java.net.URL::toString@1 (line 1189)
                      ; - java.lang.ClassLoader::defineClassSourceLocation@22 (line 927)
                      ; - java.lang.ClassLoader::defineClass@12 (line 1026)
                      ; - java.security.SecureClassLoader::defineClass@12 (line 150)
  0x000001fe1056d094: 6875 81ff 

  0x000001fe1056d098: ;   {other}
  0x000001fe1056d098: 0f1f 8400 | 083c 005b | ba45 ffff | ff89 4c24 | 2089 4c24 | 2448 895c | 2450 4489 | 7424 6044 
  0x000001fe1056d0b8: 894c 2470 | 4489 4c24 | 7466 6690 

  0x000001fe1056d0c4: ;   {runtime_call UncommonTrapBlob}
  0x000001fe1056d0c4: c5f8 77e8 

  0x000001fe1056d0c8: ; ImmutableOopMap {[40]=Oop [48]=Oop [56]=Oop [72]=Oop [80]=Oop [96]=NarrowOop }
                      ;*if_icmple {reexecute=1 rethrow=0 return_oop=0}
                      ; - (reexecute) jdk.internal.util.Preconditions::checkFromToIndex@11 (line 348)
                      ; - java.lang.String::checkBoundsBeginEnd@6 (line 4865)
                      ; - java.lang.String::substring@8 (line 2834)
                      ; - java.lang.ClassLoader::checkCerts@21 (line 1164)
                      ; - java.lang.ClassLoader::preDefineClass@113 (line 917)
                      ; - java.lang.ClassLoader::defineClass@4 (line 1025)
                      ; - java.security.SecureClassLoader::defineClass@12 (line 150)
  0x000001fe1056d0c8: 3475 81ff 

  0x000001fe1056d0cc: ;   {other}
  0x000001fe1056d0cc: 0f1f 8400 | 3c3c 005c | ba45 ffff | ff4c 8b54 | 2428 4c89 | 5424 2090 

  0x000001fe1056d0e4: ;   {runtime_call UncommonTrapBlob}
  0x000001fe1056d0e4: c5f8 77e8 

  0x000001fe1056d0e8: ; ImmutableOopMap {[32]=Oop [48]=Oop [56]=Oop [72]=Oop }
                      ;*ifne {reexecute=1 rethrow=0 return_oop=0}
                      ; - (reexecute) java.lang.ClassLoader::compareCerts@7 (line 1186)
                      ; - java.lang.ClassLoader::checkCerts@80 (line 1172)
                      ; - java.lang.ClassLoader::preDefineClass@113 (line 917)
                      ; - java.lang.ClassLoader::defineClass@4 (line 1025)
                      ; - java.security.SecureClassLoader::defineClass@12 (line 150)
  0x000001fe1056d0e8: 1475 81ff 

  0x000001fe1056d0ec: ;   {other}
  0x000001fe1056d0ec: 0f1f 8400 | 5c3c 005d | 4c89 5424 | 504c 896c | 2420 488b | eb44 8bee | 498b d7c5 | f877 49ba 
  0x000001fe1056d10c: c014 afd9 | f97f 0000 

  0x000001fe1056d114: ;   {other}
  0x000001fe1056d114: 41ff d20f | 1f84 0000 | 0000 0041 | 8bf5 488b | dd4c 8b6c | 2420 4c8b | 5424 50e9 | 6bce ffff 
  0x000001fe1056d134: baf6 ffff | ff66 6690 

  0x000001fe1056d13c: ;   {runtime_call UncommonTrapBlob}
  0x000001fe1056d13c: c5f8 77e8 

  0x000001fe1056d140: ; ImmutableOopMap {}
                      ;*invokevirtual isNamed {reexecute=0 rethrow=0 return_oop=0}
                      ; - java.lang.NamedPackage::<init>@12 (line 48)
                      ; - java.lang.ClassLoader::getNamedPackage@22 (line 343)
                      ; - java.lang.ClassLoader::postDefineClass@9 (line 934)
                      ; - java.lang.ClassLoader::defineClass@37 (line 1028)
                      ; - java.security.SecureClassLoader::defineClass@12 (line 150)
  0x000001fe1056d140: bc74 81ff 

  0x000001fe1056d144: ;   {other}
  0x000001fe1056d144: 0f1f 8400 | b43c 005e | 8944 2420 | ba45 ffff | ff4c 8974 | 2430 488b | 4c24 4848 | 894c 2438 
  0x000001fe1056d164: 4489 5c24 | 244c 894c | 2450 4489 | 4424 5844 | 8954 245c 

  0x000001fe1056d178: ;   {runtime_call UncommonTrapBlob}
  0x000001fe1056d178: c5f8 77e8 

  0x000001fe1056d17c: ; ImmutableOopMap {[36]=NarrowOop [40]=Oop [48]=Oop [56]=Oop [80]=Oop [88]=NarrowOop }
                      ;*ifeq {reexecute=1 rethrow=0 return_oop=0}
                      ; - (reexecute) java.util.concurrent.ConcurrentHashMap::get@76 (line 940)
                      ; - java.lang.ClassLoader::getNamedPackage@5 (line 341)
                      ; - java.lang.ClassLoader::postDefineClass@9 (line 934)
                      ; - java.lang.ClassLoader::defineClass@37 (line 1028)
                      ; - java.security.SecureClassLoader::defineClass@12 (line 150)
  0x000001fe1056d17c: 8074 81ff 

  0x000001fe1056d180: ;   {other}
  0x000001fe1056d180: 0f1f 8400 | f03c 005f | ba45 ffff | ff4c 8974 | 2430 4489 | 5c24 3890 

  0x000001fe1056d198: ;   {runtime_call UncommonTrapBlob}
  0x000001fe1056d198: c5f8 77e8 

  0x000001fe1056d19c: ; ImmutableOopMap {rbp=NarrowOop [40]=Oop [48]=Oop [56]=NarrowOop }
                      ;*ifnull {reexecute=1 rethrow=0 return_oop=0}
                      ; - (reexecute) java.security.CodeSource::getCertificates@4 (line 204)
                      ; - java.lang.ClassLoader::postDefineClass@24 (line 937)
                      ; - java.lang.ClassLoader::defineClass@37 (line 1028)
                      ; - java.security.SecureClassLoader::defineClass@12 (line 150)
  0x000001fe1056d19c: 6074 81ff 

  0x000001fe1056d1a0: ;   {other}
  0x000001fe1056d1a0: 0f1f 8400 | 103d 0060 | ba45 ffff | ff4c 8974 | 2430 4489 | 5c24 3890 

  0x000001fe1056d1b8: ;   {runtime_call UncommonTrapBlob}
  0x000001fe1056d1b8: c5f8 77e8 

  0x000001fe1056d1bc: ; ImmutableOopMap {rbp=NarrowOop [40]=Oop [48]=Oop [56]=NarrowOop }
                      ;*ifnull {reexecute=1 rethrow=0 return_oop=0}
                      ; - (reexecute) java.security.CodeSource::getCertificates@22 (line 207)
                      ; - java.lang.ClassLoader::postDefineClass@24 (line 937)
                      ; - java.lang.ClassLoader::defineClass@37 (line 1028)
                      ; - java.security.SecureClassLoader::defineClass@12 (line 150)
  0x000001fe1056d1bc: 4074 81ff 

  0x000001fe1056d1c0: ;   {other}
  0x000001fe1056d1c0: 0f1f 8400 | 303d 0061 | 4585 db44 | 8b54 2420 | 410f 94c2 | ba45 ffff | ff4c 8974 | 2430 4c8b 
  0x000001fe1056d1e0: 5c24 484c | 895c 2438 | 4c89 7424 | 4048 8974 | 2450 897c | 2458 4489 | 5424 5c90 

  0x000001fe1056d1fc: ;   {runtime_call UncommonTrapBlob}
  0x000001fe1056d1fc: c5f8 77e8 

  0x000001fe1056d200: ; ImmutableOopMap {[40]=Oop [48]=Oop [56]=Oop [64]=Oop [80]=Oop }
                      ;*ifeq {reexecute=1 rethrow=0 return_oop=0}
                      ; - (reexecute) java.lang.String::lastIndexOf@4 (line 2573)
                      ; - java.lang.String::lastIndexOf@8 (line 2535)
                      ; - java.lang.Class::getPackageName@47 (line 1168)
                      ; - java.lang.ClassLoader::postDefineClass@2 (line 934)
                      ; - java.lang.ClassLoader::defineClass@37 (line 1028)
                      ; - java.security.SecureClassLoader::defineClass@12 (line 150)
  0x000001fe1056d200: fc73 81ff 

  0x000001fe1056d204: ;   {other}
  0x000001fe1056d204: 0f1f 8400 | 743d 0062 | 498b d7c5 | f877 49ba | c014 afd9 | f97f 0000 

  0x000001fe1056d21c: ;   {other}
  0x000001fe1056d21c: 41ff d20f | 1f84 0000 | 0000 00e9 | fcd6 ffff | ba45 ffff | ff44 895c | 2420 4489 | 5c24 244c 
  0x000001fe1056d23c: 8974 2438 | 4c8b 5424 | 484c 8954 | 2440 4c89 | 7424 5048 | 8974 2458 | 4489 4c24 | 6466 6690 
  0x000001fe1056d25c: ;   {runtime_call UncommonTrapBlob}
  0x000001fe1056d25c: c5f8 77e8 

  0x000001fe1056d260: ; ImmutableOopMap {[40]=Oop [56]=Oop [64]=Oop [80]=Oop [88]=Oop }
                      ;*if_icmpgt {reexecute=1 rethrow=0 return_oop=0}
                      ; - (reexecute) jdk.internal.util.Preconditions::checkFromToIndex@6 (line 348)
                      ; - java.lang.String::checkBoundsBeginEnd@6 (line 4865)
                      ; - java.lang.String::substring@8 (line 2834)
                      ; - java.lang.Class::getPackageName@62 (line 1169)
                      ; - java.lang.ClassLoader::postDefineClass@2 (line 934)
                      ; - java.lang.ClassLoader::defineClass@37 (line 1028)
                      ; - java.security.SecureClassLoader::defineClass@12 (line 150)
  0x000001fe1056d260: 9c73 81ff 

  0x000001fe1056d264: ;   {other}
  0x000001fe1056d264: 0f1f 8400 | d43d 0063 | baf6 ffff | ff66 6690 

  0x000001fe1056d274: ;   {runtime_call UncommonTrapBlob}
  0x000001fe1056d274: c5f8 77e8 

  0x000001fe1056d278: ; ImmutableOopMap {[64]=NarrowOop }
                      ;*invokevirtual append {reexecute=0 rethrow=0 return_oop=0}
                      ; - java.lang.NamedPackage::<init>@35 (line 49)
                      ; - java.lang.ClassLoader::getNamedPackage@22 (line 343)
                      ; - java.lang.ClassLoader::postDefineClass@9 (line 934)
                      ; - java.lang.ClassLoader::defineClass@37 (line 1028)
                      ; - java.security.SecureClassLoader::defineClass@12 (line 150)
  0x000001fe1056d278: 8473 81ff 

  0x000001fe1056d27c: ;   {other}
  0x000001fe1056d27c: 0f1f 8400 | ec3d 0064 | baf6 ffff | ff66 6690 

  0x000001fe1056d28c: ;   {runtime_call UncommonTrapBlob}
  0x000001fe1056d28c: c5f8 77e8 

  0x000001fe1056d290: ; ImmutableOopMap {}
                      ;*invokevirtual toString {reexecute=0 rethrow=0 return_oop=0}
                      ; - java.lang.NamedPackage::<init>@38 (line 49)
                      ; - java.lang.ClassLoader::getNamedPackage@22 (line 343)
                      ; - java.lang.ClassLoader::postDefineClass@9 (line 934)
                      ; - java.lang.ClassLoader::defineClass@37 (line 1028)
                      ; - java.security.SecureClassLoader::defineClass@12 (line 150)
  0x000001fe1056d290: 6c73 81ff 

  0x000001fe1056d294: ;   {other}
  0x000001fe1056d294: 0f1f 8400 | 043e 0065 | 458b d8e9 | f9d4 ffff | ba45 ffff | ff44 895c | 2420 4489 | 5c24 244c 
  0x000001fe1056d2b4: 8974 2438 | 4c8b 5424 | 484c 8954 | 2440 4c89 | 7424 5048 | 8974 2458 | 4489 4c24 | 6444 894c 
  0x000001fe1056d2d4: 2468 6690 

  0x000001fe1056d2d8: ;   {runtime_call UncommonTrapBlob}
  0x000001fe1056d2d8: c5f8 77e8 

  0x000001fe1056d2dc: ; ImmutableOopMap {[40]=Oop [56]=Oop [64]=Oop [80]=Oop [88]=Oop }
                      ;*if_icmple {reexecute=1 rethrow=0 return_oop=0}
                      ; - (reexecute) jdk.internal.util.Preconditions::checkFromToIndex@11 (line 348)
                      ; - java.lang.String::checkBoundsBeginEnd@6 (line 4865)
                      ; - java.lang.String::substring@8 (line 2834)
                      ; - java.lang.Class::getPackageName@62 (line 1169)
                      ; - java.lang.ClassLoader::postDefineClass@2 (line 934)
                      ; - java.lang.ClassLoader::defineClass@37 (line 1028)
                      ; - java.security.SecureClassLoader::defineClass@12 (line 150)
  0x000001fe1056d2dc: 2073 81ff 

  0x000001fe1056d2e0: ;   {other}
  0x000001fe1056d2e0: 0f1f 8400 | 503e 0066 | 498b d7c5 | f877 49ba | c014 afd9 | f97f 0000 

  0x000001fe1056d2f8: ;   {other}
  0x000001fe1056d2f8: 41ff d20f | 1f84 0000 | 0000 00e9 | afd5 ffff | bae4 ffff | ff48 8b6c | 2428 c5fa | 1144 2454 
  0x000001fe1056d318: ;   {runtime_call UncommonTrapBlob}
  0x000001fe1056d318: c5f8 77e8 

  0x000001fe1056d31c: ; ImmutableOopMap {rbp=Oop [48]=Oop [56]=Oop [72]=Oop [84]=NarrowOop }
                      ;*baload {reexecute=0 rethrow=0 return_oop=0}
                      ; - jdk.internal.util.ArraysSupport::mismatch@82 (line 402)
                      ; - java.lang.String::startsWith@70 (line 2297)
                      ; - java.lang.String::startsWith@3 (line 2327)
                      ; - java.lang.ClassLoader::preDefineClass@43 (line 906)
                      ; - java.lang.ClassLoader::defineClass@4 (line 1025)
                      ; - java.security.SecureClassLoader::defineClass@12 (line 150)
  0x000001fe1056d31c: e072 81ff 

  0x000001fe1056d320: ;   {other}
  0x000001fe1056d320: 0f1f 8400 | 903e 0067 | 4963 c8e9 | bfdb ffff | 4883 c1fe | 498b fa48 | 33c0 4883 | f908 7f10 
  0x000001fe1056d340: 48ff c978 | 4f48 8904 | cf48 ffc9 | 7df7 eb44 | c5fd efc0 | e90d 0000 | 00c5 fe7f | 07c5 fe7f 
  0x000001fe1056d360: 4720 4883 | c740 4883 | e908 7ded | 4883 c104 | 7c0c c5fe | 7f07 4883 | c720 4883 | e904 4883 
  0x000001fe1056d380: c104 7e10 | 48ff c9c5 | f9d6 0748 | 83c7 0848 | ffc9 7df3 | e922 dcff | ffba ccff | ffff 488b 
  0x000001fe1056d3a0: 6c24 284c | 8b54 2430 | 4c89 5424 | 204c 8b54 | 2438 4c89 | 5424 2844 | 8b54 2440 | 4489 5424 
  0x000001fe1056d3c0: 3044 8b4c | 2444 4489 | 4c24 344c | 8b54 2448 | 4c89 5424 | 3848 8974 | 2448 4489 | 5c24 5044 
  0x000001fe1056d3e0: 8944 2458 

  0x000001fe1056d3e4: ;   {runtime_call UncommonTrapBlob}
  0x000001fe1056d3e4: c5f8 77e8 

  0x000001fe1056d3e8: ; ImmutableOopMap {rbp=Oop [32]=Oop [40]=Oop [56]=Oop [72]=Oop [80]=NarrowOop }
                      ;*newarray {reexecute=1 rethrow=0 return_oop=0}
                      ; - (reexecute) java.util.Arrays::copyOfRangeByte@10 (line 3863)
                      ; - java.util.Arrays::copyOfRange@13 (line 3854)
                      ; - java.lang.String::<init>@32 (line 4788)
                      ; - java.lang.String::<init>@3 (line 1507)
                      ; - java.lang.StringBuilder::toString@5 (line 475)
                      ; - java.net.URLStreamHandler::toExternalForm@152 (line 486)
                      ; - java.net.URL::toExternalForm@5 (line 1203)
                      ; - java.net.URL::toString@1 (line 1189)
                      ; - java.lang.ClassLoader::defineClassSourceLocation@22 (line 927)
                      ; - java.lang.ClassLoader::defineClass@12 (line 1026)
                      ; - java.security.SecureClassLoader::defineClass@12 (line 150)
  0x000001fe1056d3e8: 1472 81ff 

  0x000001fe1056d3ec: ;   {other}
  0x000001fe1056d3ec: 0f1f 8400 | 5c3f 0068 | ba45 ffff | ff4c 8974 | 2430 488b | 4c24 4848 | 894c 2438 | 4489 5c24 
  0x000001fe1056d40c: 504c 894c | 2458 4489 | 4424 5444 | 8954 2460 | 895c 2464 

  0x000001fe1056d420: ;   {runtime_call UncommonTrapBlob}
  0x000001fe1056d420: c5f8 77e8 

  0x000001fe1056d424: ; ImmutableOopMap {[40]=Oop [48]=Oop [56]=Oop [80]=NarrowOop [84]=NarrowOop [88]=Oop }
                      ;*if_icmpne {reexecute=1 rethrow=0 return_oop=0}
                      ; - (reexecute) java.lang.String::equals@33 (line 1861)
                      ; - java.util.concurrent.ConcurrentHashMap::get@73 (line 940)
                      ; - java.lang.ClassLoader::getNamedPackage@5 (line 341)
                      ; - java.lang.ClassLoader::postDefineClass@9 (line 934)
                      ; - java.lang.ClassLoader::defineClass@37 (line 1028)
                      ; - java.security.SecureClassLoader::defineClass@12 (line 150)
  0x000001fe1056d424: d871 81ff 

  0x000001fe1056d428: ;   {other}
  0x000001fe1056d428: 0f1f 8400 | 983f 0069 | 4c63 c9e9 | 97db ffff | 4983 c1fe | 498b c948 | 8bfa 4833 | c048 83f9 
  0x000001fe1056d448: 087f 1048 | ffc9 784f | 4889 04cf | 48ff c97d | f7eb 44c5 | fdef c0e9 | 0d00 0000 | c5fe 7f07 
  0x000001fe1056d468: c5fe 7f47 | 2048 83c7 | 4048 83e9 | 087d ed48 | 83c1 047c | 0cc5 fe7f | 0748 83c7 | 2048 83e9 
  0x000001fe1056d488: 0448 83c1 | 047e 1048 | ffc9 c5f9 | d607 4883 | c708 48ff | c97d f3e9 | f3db ffff | bacc ffff 
  0x000001fe1056d4a8: ff89 4c24 | 2044 8b5c | 2440 4489 | 5c24 2444 | 8b54 2444 | 4489 5424 | 4048 895c | 2450 4489 
  0x000001fe1056d4c8: 7424 444c | 896c 2468 | c5fa 1144 | 2470 6690 

  0x000001fe1056d4d8: ;   {runtime_call UncommonTrapBlob}
  0x000001fe1056d4d8: c5f8 77e8 

  0x000001fe1056d4dc: ; ImmutableOopMap {[40]=Oop [48]=Oop [56]=Oop [68]=NarrowOop [72]=Oop [80]=Oop [104]=Oop [112]=NarrowOop }
                      ;*newarray {reexecute=1 rethrow=0 return_oop=0}
                      ; - (reexecute) java.util.Arrays::copyOfRangeByte@10 (line 3863)
                      ; - java.util.Arrays::copyOfRange@13 (line 3854)
                      ; - java.lang.StringLatin1::newString@16 (line 752)
                      ; - java.lang.String::substring@41 (line 2839)
                      ; - java.lang.ClassLoader::checkCerts@21 (line 1164)
                      ; - java.lang.ClassLoader::preDefineClass@113 (line 917)
                      ; - java.lang.ClassLoader::defineClass@4 (line 1025)
                      ; - java.security.SecureClassLoader::defineClass@12 (line 150)
  0x000001fe1056d4dc: 2071 81ff 

  0x000001fe1056d4e0: ;   {other}
  0x000001fe1056d4e0: 0f1f 8400 | 5040 006a | baf6 ffff | ff66 6690 

  0x000001fe1056d4f0: ;   {runtime_call UncommonTrapBlob}
  0x000001fe1056d4f0: c5f8 77e8 

  0x000001fe1056d4f4: ; ImmutableOopMap {}
                      ;*invokevirtual lastIndexOf {reexecute=0 rethrow=0 return_oop=0}
                      ; - java.lang.Class::getPackageName@47 (line 1168)
                      ; - java.lang.ClassLoader::postDefineClass@2 (line 934)
                      ; - java.lang.ClassLoader::defineClass@37 (line 1028)
                      ; - java.security.SecureClassLoader::defineClass@12 (line 150)
  0x000001fe1056d4f4: 0871 81ff 

  0x000001fe1056d4f8: ;   {other}
  0x000001fe1056d4f8: 0f1f 8400 | 6840 006b | ba45 ffff | ff4c 8974 | 2430 488b | 4c24 4848 | 894c 2438 | 4489 5c24 
  0x000001fe1056d518: 504c 894c | 2458 4489 | 4424 5444 | 8954 2460 

  0x000001fe1056d528: ;   {runtime_call UncommonTrapBlob}
  0x000001fe1056d528: c5f8 77e8 

  0x000001fe1056d52c: ; ImmutableOopMap {[40]=Oop [48]=Oop [56]=Oop [80]=NarrowOop [84]=NarrowOop [88]=Oop }
                      ;*ifge {reexecute=1 rethrow=0 return_oop=0}
                      ; - (reexecute) java.util.concurrent.ConcurrentHashMap::get@86 (line 943)
                      ; - java.lang.ClassLoader::getNamedPackage@5 (line 341)
                      ; - java.lang.ClassLoader::postDefineClass@9 (line 934)
                      ; - java.lang.ClassLoader::defineClass@37 (line 1028)
                      ; - java.security.SecureClassLoader::defineClass@12 (line 150)
  0x000001fe1056d52c: d070 81ff 

  0x000001fe1056d530: ;   {other}
  0x000001fe1056d530: 0f1f 8400 | a040 006c | 4d63 d3e9 | 9cdf ffff | 4983 c2fe | 498b ca48 | 8bfa 4833 | c048 83f9 
  0x000001fe1056d550: 087f 1048 | ffc9 784f | 4889 04cf | 48ff c97d | f7eb 44c5 | fdef c0e9 | 0d00 0000 | c5fe 7f07 
  0x000001fe1056d570: c5fe 7f47 | 2048 83c7 | 4048 83e9 | 087d ed48 | 83c1 047c | 0cc5 fe7f | 0748 83c7 | 2048 83e9 
  0x000001fe1056d590: 0448 83c1 | 047e 1048 | ffc9 c5f9 | d607 4883 | c708 48ff | c97d f3e9 | 0ae0 ffff | bacc ffff 
  0x000001fe1056d5b0: ff44 895c | 2420 4c89 | 7424 384c | 8b54 2448 | 4c89 5424 | 404c 8974 | 2450 4889 | 5c24 6089 
  0x000001fe1056d5d0: 4c24 2490 

  0x000001fe1056d5d4: ;   {runtime_call UncommonTrapBlob}
  0x000001fe1056d5d4: c5f8 77e8 

  0x000001fe1056d5d8: ; ImmutableOopMap {[36]=NarrowOop [40]=Oop [56]=Oop [64]=Oop [80]=Oop [96]=Oop }
                      ;*newarray {reexecute=1 rethrow=0 return_oop=0}
                      ; - (reexecute) java.util.Arrays::copyOfRangeByte@10 (line 3863)
                      ; - java.util.Arrays::copyOfRange@13 (line 3854)
                      ; - java.lang.StringLatin1::newString@16 (line 752)
                      ; - java.lang.String::substring@41 (line 2839)
                      ; - java.lang.Class::getPackageName@62 (line 1169)
                      ; - java.lang.ClassLoader::postDefineClass@2 (line 934)
                      ; - java.lang.ClassLoader::defineClass@37 (line 1028)
                      ; - java.security.SecureClassLoader::defineClass@12 (line 150)
  0x000001fe1056d5d8: 2470 81ff 

  0x000001fe1056d5dc: ;   {other}
  0x000001fe1056d5dc: 0f1f 8400 | 4c41 006d | ba45 ffff | ff48 8b6c | 2428 4c8b | 5424 304c | 8954 2420 | 4c8b 5424 
  0x000001fe1056d5fc: 384c 8954 | 2428 448b | 5424 4044 | 8954 2430 | 448b 4c24 | 4444 894c | 2434 4c8b | 5424 484c 
  0x000001fe1056d61c: 8954 2438 | 4889 7424 | 4844 895c | 2450 4489 | 4424 5844 | 8944 245c 

  0x000001fe1056d634: ;   {runtime_call UncommonTrapBlob}
  0x000001fe1056d634: c5f8 77e8 

  0x000001fe1056d638: ; ImmutableOopMap {rbp=Oop [32]=Oop [40]=Oop [56]=Oop [72]=Oop [80]=NarrowOop }
                      ;*if_icmpge {reexecute=1 rethrow=0 return_oop=0}
                      ; - (reexecute) java.util.Arrays::checkLength@2 (line 3820)
                      ; - java.util.Arrays::copyOfRangeByte@2 (line 3861)
                      ; - java.util.Arrays::copyOfRange@13 (line 3854)
                      ; - java.lang.String::<init>@32 (line 4788)
                      ; - java.lang.String::<init>@3 (line 1507)
                      ; - java.lang.StringBuilder::toString@5 (line 475)
                      ; - java.net.URLStreamHandler::toExternalForm@152 (line 486)
                      ; - java.net.URL::toExternalForm@5 (line 1203)
                      ; - java.net.URL::toString@1 (line 1189)
                      ; - java.lang.ClassLoader::defineClassSourceLocation@22 (line 927)
                      ; - java.lang.ClassLoader::defineClass@12 (line 1026)
                      ; - java.security.SecureClassLoader::defineClass@12 (line 150)
  0x000001fe1056d638: c46f 81ff 

  0x000001fe1056d63c: ;   {other}
  0x000001fe1056d63c: 0f1f 8400 | ac41 006e | baf6 ffff | ff66 6690 

  0x000001fe1056d64c: ;   {runtime_call UncommonTrapBlob}
  0x000001fe1056d64c: c5f8 77e8 

  0x000001fe1056d650: ; ImmutableOopMap {[56]=Oop [88]=Oop }
                      ;*invokevirtual putIfAbsent {reexecute=0 rethrow=0 return_oop=0}
                      ; - java.lang.ClassLoader::getNamedPackage@32 (line 345)
                      ; - java.lang.ClassLoader::postDefineClass@9 (line 934)
                      ; - java.lang.ClassLoader::defineClass@37 (line 1028)
                      ; - java.security.SecureClassLoader::defineClass@12 (line 150)
  0x000001fe1056d650: ac6f 81ff 

  0x000001fe1056d654: ;   {other}
  0x000001fe1056d654: 0f1f 8400 | c441 006f | 488b e8ba | 54ff ffff | 4c8b 5424 | 484c 8954 | 2438 448b | 5c24 5044 
  0x000001fe1056d674: 895c 2440 

  0x000001fe1056d678: ;   {runtime_call UncommonTrapBlob}
  0x000001fe1056d678: c5f8 77e8 

  0x000001fe1056d67c: ; ImmutableOopMap {rbp=Oop [40]=Oop [48]=Oop [56]=Oop [64]=NarrowOop [88]=Oop }
                      ;*ifnull {reexecute=1 rethrow=0 return_oop=0}
                      ; - (reexecute) java.lang.ClassLoader::getNamedPackage@42 (line 346)
                      ; - java.lang.ClassLoader::postDefineClass@9 (line 934)
                      ; - java.lang.ClassLoader::defineClass@37 (line 1028)
                      ; - java.security.SecureClassLoader::defineClass@12 (line 150)
  0x000001fe1056d67c: 806f 81ff 

  0x000001fe1056d680: ;   {other}
  0x000001fe1056d680: 0f1f 8400 | f041 0070 | 498b d7c5 | f877 49ba | c014 afd9 | f97f 0000 

  0x000001fe1056d698: ;   {other}
  0x000001fe1056d698: 41ff d20f | 1f84 0000 | 0000 00e9 | 65da ffff | 498b d7c5 | f877 49ba | c014 afd9 | f97f 0000 
  0x000001fe1056d6b8: ;   {other}
  0x000001fe1056d6b8: 41ff d20f | 1f84 0000 | 0000 00e9 | f9da ffff | 498b d7c5 | f877 49ba | c014 afd9 | f97f 0000 
  0x000001fe1056d6d8: ;   {other}
  0x000001fe1056d6d8: 41ff d20f | 1f84 0000 | 0000 00e9 | 83db ffff | 498b d7c5 | f877 49ba | c014 afd9 | f97f 0000 
  0x000001fe1056d6f8: ;   {other}
  0x000001fe1056d6f8: 41ff d20f | 1f84 0000 | 0000 00e9 | 0ddc ffff | 498b d7c5 | f877 49ba | c014 afd9 | f97f 0000 
  0x000001fe1056d718: ;   {other}
  0x000001fe1056d718: 41ff d20f | 1f84 0000 | 0000 00e9 | 89dc ffff | 498b d7c5 | f877 49ba | c014 afd9 | f97f 0000 
  0x000001fe1056d738: ;   {other}
  0x000001fe1056d738: 41ff d20f | 1f84 0000 | 0000 00e9 | 2bdd ffff | ba45 ffff | ff4c 8974 | 2430 4c8b | 4424 484c 
  0x000001fe1056d758: 8944 2438 | 4489 5c24 | 504c 894c | 2458 4889 | 4c24 6044 | 8954 2454 

  0x000001fe1056d770: ;   {runtime_call UncommonTrapBlob}
  0x000001fe1056d770: c5f8 77e8 

  0x000001fe1056d774: ; ImmutableOopMap {rbp=NarrowOop [40]=Oop [48]=Oop [56]=Oop [80]=NarrowOop [88]=Oop [96]=Oop }
                      ;*ifnull {reexecute=1 rethrow=0 return_oop=0}
                      ; - (reexecute) java.util.concurrent.ConcurrentHashMap::get@143 (line 946)
                      ; - java.lang.ClassLoader::getNamedPackage@5 (line 341)
                      ; - java.lang.ClassLoader::postDefineClass@9 (line 934)
                      ; - java.lang.ClassLoader::defineClass@37 (line 1028)
                      ; - java.security.SecureClassLoader::defineClass@12 (line 150)
  0x000001fe1056d774: 886e 81ff 

  0x000001fe1056d778: ;   {other}
  0x000001fe1056d778: 0f1f 8400 | e842 0071 | 498b d7c5 | f877 49ba | c014 afd9 | f97f 0000 

  0x000001fe1056d790: ;   {other}
  0x000001fe1056d790: 41ff d20f | 1f84 0000 | 0000 00e9 | b4de ffff | 498b d7c5 | f877 49ba | c014 afd9 | f97f 0000 
  0x000001fe1056d7b0: ;   {other}
  0x000001fe1056d7b0: 41ff d20f | 1f84 0000 | 0000 00e9 | 48de ffff | ba37 0100 | 0048 8beb | 4c8b 5424 | 384c 8954 
  0x000001fe1056d7d0: 2428 6690 

  0x000001fe1056d7d4: ;   {runtime_call UncommonTrapBlob}
  0x000001fe1056d7d4: c5f8 77e8 

  0x000001fe1056d7d8: ; ImmutableOopMap {rbp=Oop [40]=Oop [48]=Oop }
                      ;*new {reexecute=0 rethrow=0 return_oop=0}
                      ; - java.lang.ClassLoader::preDefineClass@56 (line 908)
                      ; - java.lang.ClassLoader::defineClass@4 (line 1025)
                      ; - java.security.SecureClassLoader::defineClass@12 (line 150)
  0x000001fe1056d7d8: 246e 81ff 

  0x000001fe1056d7dc: ;   {other}
  0x000001fe1056d7dc: 0f1f 8400 | 4c43 0072 | bade ffff | ff48 8b6c | 2428 4c8b | 5424 304c | 8954 2420 | 4c8b 5424 
  0x000001fe1056d7fc: 384c 8954 | 2428 4889 | 4424 3890 

  0x000001fe1056d808: ;   {runtime_call UncommonTrapBlob}
  0x000001fe1056d808: c5f8 77e8 

  0x000001fe1056d80c: ; ImmutableOopMap {rbp=Oop [32]=Oop [40]=Oop [56]=Oop }
                      ;*checkcast {reexecute=0 rethrow=0 return_oop=0}
                      ; - java.security.SecureClassLoader::getProtectionDomain@33 (line 222)
                      ; - java.security.SecureClassLoader::defineClass@9 (line 150)
  0x000001fe1056d80c: f06d 81ff 

  0x000001fe1056d810: ;   {other}
  0x000001fe1056d810: 0f1f 8400 | 8043 0073 | bade ffff | ff4c 8974 | 2430 488b | 4c24 4848 | 894c 2438 | 4489 5c24 
  0x000001fe1056d830: 504c 894c | 2458 4489 | 4424 5444 | 8954 2460 | 4c89 4c24 | 6866 6690 

  0x000001fe1056d848: ;   {runtime_call UncommonTrapBlob}
  0x000001fe1056d848: c5f8 77e8 

  0x000001fe1056d84c: ; ImmutableOopMap {rbp=NarrowOop [40]=Oop [48]=Oop [56]=Oop [80]=NarrowOop [84]=NarrowOop [88]=Oop [104]=Oop }
                      ;*instanceof {reexecute=0 rethrow=0 return_oop=0}
                      ; - java.lang.String::equals@8 (line 1863)
                      ; - java.util.concurrent.ConcurrentHashMap::get@73 (line 940)
                      ; - java.lang.ClassLoader::getNamedPackage@5 (line 341)
                      ; - java.lang.ClassLoader::postDefineClass@9 (line 934)
                      ; - java.lang.ClassLoader::defineClass@37 (line 1028)
                      ; - java.security.SecureClassLoader::defineClass@12 (line 150)
  0x000001fe1056d84c: b06d 81ff 

  0x000001fe1056d850: ;   {other}
  0x000001fe1056d850: 0f1f 8400 | c043 0074 | bade ffff | ff48 8b6c | 2428 4c8b | 5424 384c | 8954 2428 | 448b 5424 
  0x000001fe1056d870: 4044 8954 | 2438 448b | 5c24 4444 | 895c 243c | 4c8b 5424 | 484c 8954 | 2440 4c8b | 5424 504c 
  0x000001fe1056d890: 8954 2448 | 4889 4424 | 5066 6690 

  0x000001fe1056d89c: ;   {runtime_call UncommonTrapBlob}
  0x000001fe1056d89c: c5f8 77e8 

  0x000001fe1056d8a0: ; ImmutableOopMap {rbp=Oop [40]=Oop [48]=Oop [64]=Oop [72]=Oop [80]=Oop }
                      ;*checkcast {reexecute=0 rethrow=0 return_oop=0}
                      ; - java.lang.ClassLoader::checkCerts@65 (line 1171)
                      ; - java.lang.ClassLoader::preDefineClass@113 (line 917)
                      ; - java.lang.ClassLoader::defineClass@4 (line 1025)
                      ; - java.security.SecureClassLoader::defineClass@12 (line 150)
  0x000001fe1056d8a0: 5c6d 81ff 

  0x000001fe1056d8a4: ;   {other}
  0x000001fe1056d8a4: 0f1f 8400 | 1444 0075 | baf6 ffff | ff49 8be8 | 4c89 4c24 | 2066 6690 

  0x000001fe1056d8bc: ;   {runtime_call UncommonTrapBlob}
  0x000001fe1056d8bc: c5f8 77e8 

  0x000001fe1056d8c0: ; ImmutableOopMap {rbp=Oop [32]=Oop }
                      ;*invokeinterface computeIfAbsent {reexecute=0 rethrow=0 return_oop=0}
                      ; - java.security.SecureClassLoader::getProtectionDomain@28 (line 222)
                      ; - java.security.SecureClassLoader::defineClass@9 (line 150)
  0x000001fe1056d8c0: 3c6d 81ff 

  0x000001fe1056d8c4: ;   {other}
  0x000001fe1056d8c4: 0f1f 8400 | 3444 0076 | baf4 ffff | ff48 8b6c | 2428 4c8b | 5424 304c | 8954 2420 

  0x000001fe1056d8e0: ;   {runtime_call UncommonTrapBlob}
  0x000001fe1056d8e0: c5f8 77e8 

  0x000001fe1056d8e4: ; ImmutableOopMap {rbp=Oop [32]=Oop [56]=Oop }
                      ;*checkcast {reexecute=0 rethrow=0 return_oop=0}
                      ; - java.security.SecureClassLoader::getProtectionDomain@33 (line 222)
                      ; - java.security.SecureClassLoader::defineClass@9 (line 150)
  0x000001fe1056d8e4: 186d 81ff 

  0x000001fe1056d8e8: ;   {other}
  0x000001fe1056d8e8: 0f1f 8400 | 5844 0077 | baf6 ffff | ff66 6690 

  0x000001fe1056d8f8: ;   {runtime_call UncommonTrapBlob}
  0x000001fe1056d8f8: c5f8 77e8 

  0x000001fe1056d8fc: ; ImmutableOopMap {}
                      ;*arraylength {reexecute=0 rethrow=0 return_oop=0}
                      ; - java.lang.String::isEmpty@4 (line 1532)
                      ; - java.lang.ClassLoader::checkName@5 (line 1155)
                      ; - java.lang.ClassLoader::preDefineClass@1 (line 900)
                      ; - java.lang.ClassLoader::defineClass@4 (line 1025)
                      ; - java.security.SecureClassLoader::defineClass@12 (line 150)
  0x000001fe1056d8fc: 006d 81ff 

  0x000001fe1056d900: ;   {other}
  0x000001fe1056d900: 0f1f 8400 | 7044 0078 | baf6 ffff | ff66 6690 

  0x000001fe1056d910: ;   {runtime_call UncommonTrapBlob}
  0x000001fe1056d910: c5f8 77e8 

  0x000001fe1056d914: ; ImmutableOopMap {}
                      ;*arraylength {reexecute=0 rethrow=0 return_oop=0}
                      ; - java.lang.AbstractStringBuilder::ensureCapacityInternal@4 (line 240)
                      ; - java.lang.AbstractStringBuilder::append@7 (line 806)
                      ; - java.lang.StringBuilder::append@2 (line 246)
                      ; - java.net.URLStreamHandler::toExternalForm@16 (line 480)
                      ; - java.net.URL::toExternalForm@5 (line 1203)
                      ; - java.net.URL::toString@1 (line 1189)
                      ; - java.lang.ClassLoader::defineClassSourceLocation@22 (line 927)
                      ; - java.lang.ClassLoader::defineClass@12 (line 1026)
                      ; - java.security.SecureClassLoader::defineClass@12 (line 150)
  0x000001fe1056d914: e86c 81ff 

  0x000001fe1056d918: ;   {other}
  0x000001fe1056d918: 0f1f 8400 | 8844 0079 | baf6 ffff | ff66 6690 

  0x000001fe1056d928: ;   {runtime_call UncommonTrapBlob}
  0x000001fe1056d928: c5f8 77e8 

  0x000001fe1056d92c: ; ImmutableOopMap {}
                      ;*arraylength {reexecute=0 rethrow=0 return_oop=0}
                      ; - java.lang.AbstractStringBuilder::ensureCapacityInternal@4 (line 240)
                      ; - java.lang.AbstractStringBuilder::append@21 (line 587)
                      ; - java.lang.StringBuilder::append@2 (line 179)
                      ; - java.net.URLStreamHandler::toExternalForm@59 (line 483)
                      ; - java.net.URL::toExternalForm@5 (line 1203)
                      ; - java.net.URL::toString@1 (line 1189)
                      ; - java.lang.ClassLoader::defineClassSourceLocation@22 (line 927)
                      ; - java.lang.ClassLoader::defineClass@12 (line 1026)
                      ; - java.security.SecureClassLoader::defineClass@12 (line 150)
  0x000001fe1056d92c: d06c 81ff 

  0x000001fe1056d930: ;   {other}
  0x000001fe1056d930: 0f1f 8400 | a044 007a | baf6 ffff | ff41 8beb 

  0x000001fe1056d940: ;   {runtime_call UncommonTrapBlob}
  0x000001fe1056d940: c5f8 77e8 

  0x000001fe1056d944: ; ImmutableOopMap {}
                      ;*invokestatic arraycopy {reexecute=0 rethrow=0 return_oop=0}
                      ; - java.lang.String::getBytes@22 (line 4726)
                      ; - java.lang.AbstractStringBuilder::putStringAt@15 (line 1751)
                      ; - java.lang.AbstractStringBuilder::append@30 (line 588)
                      ; - java.lang.StringBuilder::append@2 (line 179)
                      ; - java.net.URLStreamHandler::toExternalForm@59 (line 483)
                      ; - java.net.URL::toExternalForm@5 (line 1203)
                      ; - java.net.URL::toString@1 (line 1189)
                      ; - java.lang.ClassLoader::defineClassSourceLocation@22 (line 927)
                      ; - java.lang.ClassLoader::defineClass@12 (line 1026)
                      ; - java.security.SecureClassLoader::defineClass@12 (line 150)
  0x000001fe1056d944: b86c 81ff 

  0x000001fe1056d948: ;   {other}
  0x000001fe1056d948: 0f1f 8400 | b844 007b | baf6 ffff | ff66 6690 

  0x000001fe1056d958: ;   {runtime_call UncommonTrapBlob}
  0x000001fe1056d958: c5f8 77e8 

  0x000001fe1056d95c: ; ImmutableOopMap {}
                      ;*arraylength {reexecute=0 rethrow=0 return_oop=0}
                      ; - java.lang.String::length@4 (line 1519)
                      ; - java.lang.AbstractStringBuilder::append@10 (line 586)
                      ; - java.lang.StringBuilder::append@2 (line 179)
                      ; - java.net.URLStreamHandler::toExternalForm@77 (line 484)
                      ; - java.net.URL::toExternalForm@5 (line 1203)
                      ; - java.net.URL::toString@1 (line 1189)
                      ; - java.lang.ClassLoader::defineClassSourceLocation@22 (line 927)
                      ; - java.lang.ClassLoader::defineClass@12 (line 1026)
                      ; - java.security.SecureClassLoader::defineClass@12 (line 150)
  0x000001fe1056d95c: a06c 81ff 

  0x000001fe1056d960: ;   {other}
  0x000001fe1056d960: 0f1f 8400 | d044 007c | baf6 ffff | ff66 6690 

  0x000001fe1056d970: ;   {runtime_call UncommonTrapBlob}
  0x000001fe1056d970: c5f8 77e8 

  0x000001fe1056d974: ; ImmutableOopMap {}
                      ;*arraylength {reexecute=0 rethrow=0 return_oop=0}
                      ; - java.lang.AbstractStringBuilder::ensureCapacityInternal@4 (line 240)
                      ; - java.lang.AbstractStringBuilder::append@21 (line 587)
                      ; - java.lang.StringBuilder::append@2 (line 179)
                      ; - java.net.URLStreamHandler::toExternalForm@77 (line 484)
                      ; - java.net.URL::toExternalForm@5 (line 1203)
                      ; - java.net.URL::toString@1 (line 1189)
                      ; - java.lang.ClassLoader::defineClassSourceLocation@22 (line 927)
                      ; - java.lang.ClassLoader::defineClass@12 (line 1026)
                      ; - java.security.SecureClassLoader::defineClass@12 (line 150)
  0x000001fe1056d974: 886c 81ff 

  0x000001fe1056d978: ;   {other}
  0x000001fe1056d978: 0f1f 8400 | e844 007d | baf6 ffff | ff66 6690 

  0x000001fe1056d988: ;   {runtime_call UncommonTrapBlob}
  0x000001fe1056d988: c5f8 77e8 

  0x000001fe1056d98c: ; ImmutableOopMap {}
                      ;*arraylength {reexecute=0 rethrow=0 return_oop=0}
                      ; - java.lang.String::getBytes@21 (line 4726)
                      ; - java.lang.AbstractStringBuilder::putStringAt@15 (line 1751)
                      ; - java.lang.AbstractStringBuilder::append@30 (line 588)
                      ; - java.lang.StringBuilder::append@2 (line 179)
                      ; - java.net.URLStreamHandler::toExternalForm@77 (line 484)
                      ; - java.net.URL::toExternalForm@5 (line 1203)
                      ; - java.net.URL::toString@1 (line 1189)
                      ; - java.lang.ClassLoader::defineClassSourceLocation@22 (line 927)
                      ; - java.lang.ClassLoader::defineClass@12 (line 1026)
                      ; - java.security.SecureClassLoader::defineClass@12 (line 150)
  0x000001fe1056d98c: 706c 81ff 

  0x000001fe1056d990: ;   {other}
  0x000001fe1056d990: 0f1f 8400 | 0045 007e | baf6 ffff | ff44 894c | 2420 8944 | 2424 6690 

  0x000001fe1056d9a8: ;   {runtime_call UncommonTrapBlob}
  0x000001fe1056d9a8: c5f8 77e8 

  0x000001fe1056d9ac: ; ImmutableOopMap {[32]=NarrowOop }
                      ;*invokestatic arraycopy {reexecute=0 rethrow=0 return_oop=0}
                      ; - java.lang.String::getBytes@22 (line 4726)
                      ; - java.lang.AbstractStringBuilder::putStringAt@15 (line 1751)
                      ; - java.lang.AbstractStringBuilder::append@30 (line 588)
                      ; - java.lang.StringBuilder::append@2 (line 179)
                      ; - java.net.URLStreamHandler::toExternalForm@77 (line 484)
                      ; - java.net.URL::toExternalForm@5 (line 1203)
                      ; - java.net.URL::toString@1 (line 1189)
                      ; - java.lang.ClassLoader::defineClassSourceLocation@22 (line 927)
                      ; - java.lang.ClassLoader::defineClass@12 (line 1026)
                      ; - java.security.SecureClassLoader::defineClass@12 (line 150)
  0x000001fe1056d9ac: 506c 81ff 

  0x000001fe1056d9b0: ;   {other}
  0x000001fe1056d9b0: 0f1f 8400 | 2045 007f | baf6 ffff | ff66 6690 

  0x000001fe1056d9c0: ;   {runtime_call UncommonTrapBlob}
  0x000001fe1056d9c0: c5f8 77e8 

  0x000001fe1056d9c4: ; ImmutableOopMap {}
                      ;*arraylength {reexecute=0 rethrow=0 return_oop=0}
                      ; - java.lang.AbstractStringBuilder::ensureCapacityInternal@4 (line 240)
                      ; - java.lang.AbstractStringBuilder::append@21 (line 587)
                      ; - java.lang.StringBuilder::append@2 (line 179)
                      ; - java.net.URLStreamHandler::toExternalForm@113 (line 485)
                      ; - java.net.URL::toExternalForm@5 (line 1203)
                      ; - java.net.URL::toString@1 (line 1189)
                      ; - java.lang.ClassLoader::defineClassSourceLocation@22 (line 927)
                      ; - java.lang.ClassLoader::defineClass@12 (line 1026)
                      ; - java.security.SecureClassLoader::defineClass@12 (line 150)
  0x000001fe1056d9c4: 386c 81ff 

  0x000001fe1056d9c8: ;   {other}
  0x000001fe1056d9c8: 0f1f 8400 | 3845 0080 | baf6 ffff | ff41 8bea 

  0x000001fe1056d9d8: ;   {runtime_call UncommonTrapBlob}
  0x000001fe1056d9d8: c5f8 77e8 

  0x000001fe1056d9dc: ; ImmutableOopMap {}
                      ;*invokestatic arraycopy {reexecute=0 rethrow=0 return_oop=0}
                      ; - java.lang.String::getBytes@22 (line 4726)
                      ; - java.lang.AbstractStringBuilder::putStringAt@15 (line 1751)
                      ; - java.lang.AbstractStringBuilder::append@30 (line 588)
                      ; - java.lang.StringBuilder::append@2 (line 179)
                      ; - java.net.URLStreamHandler::toExternalForm@113 (line 485)
                      ; - java.net.URL::toExternalForm@5 (line 1203)
                      ; - java.net.URL::toString@1 (line 1189)
                      ; - java.lang.ClassLoader::defineClassSourceLocation@22 (line 927)
                      ; - java.lang.ClassLoader::defineClass@12 (line 1026)
                      ; - java.security.SecureClassLoader::defineClass@12 (line 150)
  0x000001fe1056d9dc: 206c 81ff 

  0x000001fe1056d9e0: ;   {other}
  0x000001fe1056d9e0: 0f1f 8400 | 5045 0081 | baf6 ffff | ff66 6690 

  0x000001fe1056d9f0: ;   {runtime_call UncommonTrapBlob}
  0x000001fe1056d9f0: c5f8 77e8 

  0x000001fe1056d9f4: ; ImmutableOopMap {}
                      ;*arraylength {reexecute=0 rethrow=0 return_oop=0}
                      ; - java.lang.AbstractStringBuilder::ensureCapacityInternal@4 (line 240)
                      ; - java.lang.AbstractStringBuilder::append@21 (line 587)
                      ; - java.lang.StringBuilder::append@2 (line 179)
                      ; - java.net.URLStreamHandler::toExternalForm@149 (line 486)
                      ; - java.net.URL::toExternalForm@5 (line 1203)
                      ; - java.net.URL::toString@1 (line 1189)
                      ; - java.lang.ClassLoader::defineClassSourceLocation@22 (line 927)
                      ; - java.lang.ClassLoader::defineClass@12 (line 1026)
                      ; - java.security.SecureClassLoader::defineClass@12 (line 150)
  0x000001fe1056d9f4: 086c 81ff 

  0x000001fe1056d9f8: ;   {other}
  0x000001fe1056d9f8: 0f1f 8400 | 6845 0082 | baf6 ffff | ff41 8be8 

  0x000001fe1056da08: ;   {runtime_call UncommonTrapBlob}
  0x000001fe1056da08: c5f8 77e8 

  0x000001fe1056da0c: ; ImmutableOopMap {}
                      ;*invokestatic arraycopy {reexecute=0 rethrow=0 return_oop=0}
                      ; - java.lang.String::getBytes@22 (line 4726)
                      ; - java.lang.AbstractStringBuilder::putStringAt@15 (line 1751)
                      ; - java.lang.AbstractStringBuilder::append@30 (line 588)
                      ; - java.lang.StringBuilder::append@2 (line 179)
                      ; - java.net.URLStreamHandler::toExternalForm@149 (line 486)
                      ; - java.net.URL::toExternalForm@5 (line 1203)
                      ; - java.net.URL::toString@1 (line 1189)
                      ; - java.lang.ClassLoader::defineClassSourceLocation@22 (line 927)
                      ; - java.lang.ClassLoader::defineClass@12 (line 1026)
                      ; - java.security.SecureClassLoader::defineClass@12 (line 150)
  0x000001fe1056da0c: f06b 81ff 

  0x000001fe1056da10: ;   {other}
  0x000001fe1056da10: 0f1f 8400 | 8045 0083 | baf6 ffff | ff66 6690 

  0x000001fe1056da20: ;   {runtime_call UncommonTrapBlob}
  0x000001fe1056da20: c5f8 77e8 

  0x000001fe1056da24: ; ImmutableOopMap {}
                      ;*arraylength {reexecute=0 rethrow=0 return_oop=0}
                      ; - java.util.Arrays::copyOfRange@6 (line 3853)
                      ; - java.lang.String::<init>@32 (line 4788)
                      ; - java.lang.String::<init>@3 (line 1507)
                      ; - java.lang.StringBuilder::toString@5 (line 475)
                      ; - java.net.URLStreamHandler::toExternalForm@152 (line 486)
                      ; - java.net.URL::toExternalForm@5 (line 1203)
                      ; - java.net.URL::toString@1 (line 1189)
                      ; - java.lang.ClassLoader::defineClassSourceLocation@22 (line 927)
                      ; - java.lang.ClassLoader::defineClass@12 (line 1026)
                      ; - java.security.SecureClassLoader::defineClass@12 (line 150)
  0x000001fe1056da24: d86b 81ff 

  0x000001fe1056da28: ;   {other}
  0x000001fe1056da28: 0f1f 8400 | 9845 0084 | baf6 ffff | ff66 6690 

  0x000001fe1056da38: ;   {runtime_call UncommonTrapBlob}
  0x000001fe1056da38: c5f8 77e8 

  0x000001fe1056da3c: ; ImmutableOopMap {}
                      ;*invokevirtual getPackageName {reexecute=0 rethrow=0 return_oop=0}
                      ; - java.lang.ClassLoader::postDefineClass@2 (line 934)
                      ; - java.lang.ClassLoader::defineClass@37 (line 1028)
                      ; - java.security.SecureClassLoader::defineClass@12 (line 150)
  0x000001fe1056da3c: c06b 81ff 

  0x000001fe1056da40: ;   {other}
  0x000001fe1056da40: 0f1f 8400 | b045 0085 | baf6 ffff | ff66 6690 

  0x000001fe1056da50: ;   {runtime_call UncommonTrapBlob}
  0x000001fe1056da50: c5f8 77e8 

  0x000001fe1056da54: ; ImmutableOopMap {}
                      ;*invokevirtual hashCode {reexecute=0 rethrow=0 return_oop=0}
                      ; - java.util.concurrent.ConcurrentHashMap::get@1 (line 936)
                      ; - java.lang.ClassLoader::getNamedPackage@5 (line 341)
                      ; - java.lang.ClassLoader::postDefineClass@9 (line 934)
                      ; - java.lang.ClassLoader::defineClass@37 (line 1028)
                      ; - java.security.SecureClassLoader::defineClass@12 (line 150)
  0x000001fe1056da54: a86b 81ff 

  0x000001fe1056da58: ;   {other}
  0x000001fe1056da58: 0f1f 8400 | c845 0086 | baf6 ffff | ff66 6690 

  0x000001fe1056da68: ;   {runtime_call UncommonTrapBlob}
  0x000001fe1056da68: c5f8 77e8 

  0x000001fe1056da6c: ; ImmutableOopMap {}
                      ;*arraylength {reexecute=0 rethrow=0 return_oop=0}
                      ; - java.lang.String::length@4 (line 1519)
                      ; - java.lang.AbstractStringBuilder::append@10 (line 586)
                      ; - java.lang.StringBuilder::append@2 (line 179)
                      ; - java.net.URLStreamHandler::toExternalForm@11 (line 480)
                      ; - java.net.URL::toExternalForm@5 (line 1203)
                      ; - java.net.URL::toString@1 (line 1189)
                      ; - java.lang.ClassLoader::defineClassSourceLocation@22 (line 927)
                      ; - java.lang.ClassLoader::defineClass@12 (line 1026)
                      ; - java.security.SecureClassLoader::defineClass@12 (line 150)
  0x000001fe1056da6c: 906b 81ff 

  0x000001fe1056da70: ;   {other}
  0x000001fe1056da70: 0f1f 8400 | e045 0087 | baf6 ffff | ff66 6690 

  0x000001fe1056da80: ;   {runtime_call UncommonTrapBlob}
  0x000001fe1056da80: c5f8 77e8 

  0x000001fe1056da84: ; ImmutableOopMap {}
                      ;*arraylength {reexecute=0 rethrow=0 return_oop=0}
                      ; - java.lang.AbstractStringBuilder::ensureCapacityInternal@4 (line 240)
                      ; - java.lang.AbstractStringBuilder::append@21 (line 587)
                      ; - java.lang.StringBuilder::append@2 (line 179)
                      ; - java.net.URLStreamHandler::toExternalForm@11 (line 480)
                      ; - java.net.URL::toExternalForm@5 (line 1203)
                      ; - java.net.URL::toString@1 (line 1189)
                      ; - java.lang.ClassLoader::defineClassSourceLocation@22 (line 927)
                      ; - java.lang.ClassLoader::defineClass@12 (line 1026)
                      ; - java.security.SecureClassLoader::defineClass@12 (line 150)
  0x000001fe1056da84: 786b 81ff 

  0x000001fe1056da88: ;   {other}
  0x000001fe1056da88: 0f1f 8400 | f845 0088 | baf6 ffff | ff66 6690 

  0x000001fe1056da98: ;   {runtime_call UncommonTrapBlob}
  0x000001fe1056da98: c5f8 77e8 

  0x000001fe1056da9c: ; ImmutableOopMap {}
                      ;*arraylength {reexecute=0 rethrow=0 return_oop=0}
                      ; - java.lang.String::getBytes@21 (line 4726)
                      ; - java.lang.AbstractStringBuilder::putStringAt@15 (line 1751)
                      ; - java.lang.AbstractStringBuilder::append@30 (line 588)
                      ; - java.lang.StringBuilder::append@2 (line 179)
                      ; - java.net.URLStreamHandler::toExternalForm@11 (line 480)
                      ; - java.net.URL::toExternalForm@5 (line 1203)
                      ; - java.net.URL::toString@1 (line 1189)
                      ; - java.lang.ClassLoader::defineClassSourceLocation@22 (line 927)
                      ; - java.lang.ClassLoader::defineClass@12 (line 1026)
                      ; - java.security.SecureClassLoader::defineClass@12 (line 150)
  0x000001fe1056da9c: 606b 81ff 

  0x000001fe1056daa0: ;   {other}
  0x000001fe1056daa0: 0f1f 8400 | 1046 0089 | baf6 ffff | ff89 4424 | 2044 895c | 2424 6690 

  0x000001fe1056dab8: ;   {runtime_call UncommonTrapBlob}
  0x000001fe1056dab8: c5f8 77e8 

  0x000001fe1056dabc: ; ImmutableOopMap {[32]=NarrowOop }
                      ;*invokestatic arraycopy {reexecute=0 rethrow=0 return_oop=0}
                      ; - java.lang.String::getBytes@22 (line 4726)
                      ; - java.lang.AbstractStringBuilder::putStringAt@15 (line 1751)
                      ; - java.lang.AbstractStringBuilder::append@30 (line 588)
                      ; - java.lang.StringBuilder::append@2 (line 179)
                      ; - java.net.URLStreamHandler::toExternalForm@11 (line 480)
                      ; - java.net.URL::toExternalForm@5 (line 1203)
                      ; - java.net.URL::toString@1 (line 1189)
                      ; - java.lang.ClassLoader::defineClassSourceLocation@22 (line 927)
                      ; - java.lang.ClassLoader::defineClass@12 (line 1026)
                      ; - java.security.SecureClassLoader::defineClass@12 (line 150)
  0x000001fe1056dabc: 406b 81ff 

  0x000001fe1056dac0: ;   {other}
  0x000001fe1056dac0: 0f1f 8400 | 3046 008a | baf6 ffff | ff66 6690 

  0x000001fe1056dad0: ;   {runtime_call UncommonTrapBlob}
  0x000001fe1056dad0: c5f8 77e8 

  0x000001fe1056dad4: ; ImmutableOopMap {}
                      ;*bastore {reexecute=0 rethrow=0 return_oop=0}
                      ; - java.lang.AbstractStringBuilder::append@41 (line 808)
                      ; - java.lang.StringBuilder::append@2 (line 246)
                      ; - java.net.URLStreamHandler::toExternalForm@16 (line 480)
                      ; - java.net.URL::toExternalForm@5 (line 1203)
                      ; - java.net.URL::toString@1 (line 1189)
                      ; - java.lang.ClassLoader::defineClassSourceLocation@22 (line 927)
                      ; - java.lang.ClassLoader::defineClass@12 (line 1026)
                      ; - java.security.SecureClassLoader::defineClass@12 (line 150)
  0x000001fe1056dad4: 286b 81ff 

  0x000001fe1056dad8: ;   {other}
  0x000001fe1056dad8: 0f1f 8400 | 4846 008b | 4d85 d244 | 8b54 2420 | 410f 94c2 | ba45 ffff | ff48 8944 | 2430 4c8b 
  0x000001fe1056daf8: 5c24 484c | 895c 2438 | 4889 4424 | 4044 8954 | 2448 6690 

  0x000001fe1056db0c: ;   {runtime_call UncommonTrapBlob}
  0x000001fe1056db0c: c5f8 77e8 

  0x000001fe1056db10: ; ImmutableOopMap {[40]=Oop [48]=Oop [56]=Oop [64]=Oop }
                      ;*ifeq {reexecute=1 rethrow=0 return_oop=0}
                      ; - (reexecute) java.lang.Class::getPackageName@29 (line 1164)
                      ; - java.lang.ClassLoader::postDefineClass@2 (line 934)
                      ; - java.lang.ClassLoader::defineClass@37 (line 1028)
                      ; - java.security.SecureClassLoader::defineClass@12 (line 150)
  0x000001fe1056db10: ec6a 81ff 

  0x000001fe1056db14: ;   {other}
  0x000001fe1056db14: 0f1f 8400 | 8446 008c | baf6 ffff | ff66 6690 

  0x000001fe1056db24: ;   {runtime_call UncommonTrapBlob}
  0x000001fe1056db24: c5f8 77e8 

  0x000001fe1056db28: ; ImmutableOopMap {}
                      ;*arraylength {reexecute=0 rethrow=0 return_oop=0}
                      ; - java.lang.String::length@4 (line 1519)
                      ; - java.lang.String::lastIndexOf@3 (line 2535)
                      ; - java.lang.Class::getPackageName@47 (line 1168)
                      ; - java.lang.ClassLoader::postDefineClass@2 (line 934)
                      ; - java.lang.ClassLoader::defineClass@37 (line 1028)
                      ; - java.security.SecureClassLoader::defineClass@12 (line 150)
  0x000001fe1056db28: d46a 81ff 

  0x000001fe1056db2c: ;   {other}
  0x000001fe1056db2c: 0f1f 8400 | 9c46 008d | ba45 ffff | ff48 8b6c | 2428 4c89 | 5424 2090 

  0x000001fe1056db44: ;   {runtime_call UncommonTrapBlob}
  0x000001fe1056db44: c5f8 77e8 

  0x000001fe1056db48: ; ImmutableOopMap {rbp=Oop [32]=Oop [56]=Oop [72]=Oop }
                      ;*ifnull {reexecute=1 rethrow=0 return_oop=0}
                      ; - (reexecute) java.lang.ClassLoader::checkName@1 (line 1155)
                      ; - java.lang.ClassLoader::preDefineClass@1 (line 900)
                      ; - java.lang.ClassLoader::defineClass@4 (line 1025)
                      ; - java.security.SecureClassLoader::defineClass@12 (line 150)
  0x000001fe1056db48: b46a 81ff 

  0x000001fe1056db4c: ;   {other}
  0x000001fe1056db4c: 0f1f 8400 | bc46 008e | ba45 ffff | ff48 8b6c | 2428 4c8b | 5424 384c | 8954 2428 | 448b 5424 
  0x000001fe1056db6c: 4044 8954 | 2438 448b | 5424 4444 | 8954 243c | 4c8b 5424 | 484c 8954 | 2440 4889 | 5c24 484c 
  0x000001fe1056db8c: 896c 2458 | 4489 7424 | 5466 6690 

  0x000001fe1056db98: ;   {runtime_call UncommonTrapBlob}
  0x000001fe1056db98: c5f8 77e8 

  0x000001fe1056db9c: ; ImmutableOopMap {rbp=Oop [40]=Oop [48]=Oop [64]=Oop [72]=Oop [84]=NarrowOop [88]=Oop }
                      ;*ifnull {reexecute=1 rethrow=0 return_oop=0}
                      ; - (reexecute) java.lang.ClassLoader::checkCerts@30 (line 1167)
                      ; - java.lang.ClassLoader::preDefineClass@113 (line 917)
                      ; - java.lang.ClassLoader::defineClass@4 (line 1025)
                      ; - java.security.SecureClassLoader::defineClass@12 (line 150)
  0x000001fe1056db9c: 606a 81ff 

  0x000001fe1056dba0: ;   {other}
  0x000001fe1056dba0: 0f1f 8400 | 1047 008f | ba45 ffff | ff48 8b6c | 2428 4c8b | 5c24 304c | 895c 2420 | 4c8b 5c24 
  0x000001fe1056dbc0: 384c 895c | 2428 448b | 5c24 4044 | 895c 2430 | 448b 4424 | 4444 8944 | 2434 4489 | 5424 4490 
  0x000001fe1056dbe0: ;   {runtime_call UncommonTrapBlob}
  0x000001fe1056dbe0: c5f8 77e8 

  0x000001fe1056dbe4: ; ImmutableOopMap {rbp=Oop [32]=Oop [40]=Oop [68]=NarrowOop [72]=Oop }
                      ;*ifnull {reexecute=1 rethrow=0 return_oop=0}
                      ; - (reexecute) java.lang.ClassLoader::defineClassSourceLocation@8 (line 926)
                      ; - java.lang.ClassLoader::defineClass@12 (line 1026)
                      ; - java.security.SecureClassLoader::defineClass@12 (line 150)
  0x000001fe1056dbe4: 186a 81ff 

  0x000001fe1056dbe8: ;   {other}
  0x000001fe1056dbe8: 0f1f 8400 | 5847 0090 | ba45 ffff | ff48 8b6c | 2428 4c8b | 5424 304c | 8954 2420 | 4c8b 5424 
  0x000001fe1056dc08: 384c 8954 | 2428 448b | 5c24 4044 | 895c 2430 | 448b 5424 | 4444 8954 | 2434 4c89 | 6c24 3889 
  0x000001fe1056dc28: 5c24 4048 | 8974 2448 | 4489 4424 | 5066 6690 

  0x000001fe1056dc38: ;   {runtime_call UncommonTrapBlob}
  0x000001fe1056dc38: c5f8 77e8 

  0x000001fe1056dc3c: ; ImmutableOopMap {rbp=Oop [32]=Oop [40]=Oop [56]=Oop [64]=NarrowOop [72]=Oop [80]=NarrowOop }
                      ;*ifnull {reexecute=1 rethrow=0 return_oop=0}
                      ; - (reexecute) java.net.URLStreamHandler::toExternalForm@68 (line 484)
                      ; - java.net.URL::toExternalForm@5 (line 1203)
                      ; - java.net.URL::toString@1 (line 1189)
                      ; - java.lang.ClassLoader::defineClassSourceLocation@22 (line 927)
                      ; - java.lang.ClassLoader::defineClass@12 (line 1026)
                      ; - java.security.SecureClassLoader::defineClass@12 (line 150)
  0x000001fe1056dc3c: c069 81ff 

  0x000001fe1056dc40: ;   {other}
  0x000001fe1056dc40: 0f1f 8400 | b047 0091 | ba45 ffff | ff49 8bee | 4489 5c24 | 2066 6690 

  0x000001fe1056dc58: ;   {runtime_call UncommonTrapBlob}
  0x000001fe1056dc58: c5f8 77e8 

  0x000001fe1056dc5c: ; ImmutableOopMap {rbp=Oop [32]=NarrowOop }
                      ;*ifnull {reexecute=1 rethrow=0 return_oop=0}
                      ; - (reexecute) java.lang.ClassLoader::postDefineClass@17 (line 936)
                      ; - java.lang.ClassLoader::defineClass@37 (line 1028)
                      ; - java.security.SecureClassLoader::defineClass@12 (line 150)
  0x000001fe1056dc5c: a069 81ff 

  0x000001fe1056dc60: ;   {other}
  0x000001fe1056dc60: 0f1f 8400 | d047 0092 | ba45 ffff | ff4c 8974 | 2430 488b | 4c24 4848 | 894c 2438 | 4489 5c24 
  0x000001fe1056dc80: 504c 894c | 2458 4489 | 4424 5444 | 8954 2460 

  0x000001fe1056dc90: ;   {runtime_call UncommonTrapBlob}
  0x000001fe1056dc90: c5f8 77e8 

  0x000001fe1056dc94: ; ImmutableOopMap {rbp=NarrowOop [40]=Oop [48]=Oop [56]=Oop [80]=NarrowOop [84]=NarrowOop [88]=Oop }
                      ;*ifnull {reexecute=1 rethrow=0 return_oop=0}
                      ; - (reexecute) java.util.concurrent.ConcurrentHashMap::get@67 (line 940)
                      ; - java.lang.ClassLoader::getNamedPackage@5 (line 341)
                      ; - java.lang.ClassLoader::postDefineClass@9 (line 934)
                      ; - java.lang.ClassLoader::defineClass@37 (line 1028)
                      ; - java.security.SecureClassLoader::defineClass@12 (line 150)
  0x000001fe1056dc94: 6869 81ff 

  0x000001fe1056dc98: ;   {other}
  0x000001fe1056dc98: 0f1f 8400 | 0848 0093 | baf6 ffff | ff66 6690 

  0x000001fe1056dca8: ;   {runtime_call UncommonTrapBlob}
  0x000001fe1056dca8: c5f8 77e8 

  0x000001fe1056dcac: ; ImmutableOopMap {}
                      ;*arraylength {reexecute=0 rethrow=0 return_oop=0}
                      ; - java.lang.String::isEmpty@4 (line 1532)
                      ; - java.net.URLStreamHandler::toExternalForm@29 (line 482)
                      ; - java.net.URL::toExternalForm@5 (line 1203)
                      ; - java.net.URL::toString@1 (line 1189)
                      ; - java.lang.ClassLoader::defineClassSourceLocation@22 (line 927)
                      ; - java.lang.ClassLoader::defineClass@12 (line 1026)
                      ; - java.security.SecureClassLoader::defineClass@12 (line 150)
  0x000001fe1056dcac: 5069 81ff 

  0x000001fe1056dcb0: ;   {other}
  0x000001fe1056dcb0: 0f1f 8400 | 2048 0094 | ba97 ffff | ff44 8b5c | 2440 4489 | 5c24 2090 

  0x000001fe1056dcc8: ;   {runtime_call UncommonTrapBlob}
  0x000001fe1056dcc8: c5f8 77e8 

  0x000001fe1056dccc: ; ImmutableOopMap {rbp=Oop [36]=NarrowOop [40]=Oop [48]=Oop [56]=Oop [72]=Oop }
                      ;*invokevirtual clone {reexecute=1 rethrow=0 return_oop=0}
                      ; - (reexecute) java.util.Arrays::copyOfRange@18 (line 3856)
                      ; - java.lang.String::<init>@32 (line 4788)
                      ; - java.lang.String::<init>@3 (line 1507)
                      ; - java.lang.StringBuilder::toString@5 (line 475)
                      ; - java.net.URLStreamHandler::toExternalForm@152 (line 486)
                      ; - java.net.URL::toExternalForm@5 (line 1203)
                      ; - java.net.URL::toString@1 (line 1189)
                      ; - java.lang.ClassLoader::defineClassSourceLocation@22 (line 927)
                      ; - java.lang.ClassLoader::defineClass@12 (line 1026)
                      ; - java.security.SecureClassLoader::defineClass@12 (line 150)
  0x000001fe1056dccc: 3069 81ff 

  0x000001fe1056dcd0: ;   {other}
  0x000001fe1056dcd0: 0f1f 8400 | 4048 0095 | ba97 ffff | ff48 8b6c | 2428 448b | 5424 4044 | 8954 2424 | 448b 5c24 
  0x000001fe1056dcf0: 4444 895c | 2440 4c8b | 5424 604c | 8954 2450 | 4c8b 5424 | 704c 8954 | 2460 6690 

  0x000001fe1056dd0c: ;   {runtime_call UncommonTrapBlob}
  0x000001fe1056dd0c: c5f8 77e8 

  0x000001fe1056dd10: ; ImmutableOopMap {rbp=Oop [32]=NarrowOop [48]=Oop [56]=Oop [72]=Oop [80]=Oop [96]=Oop [104]=NarrowOop [112]=Oop }
                      ;*invokevirtual clone {reexecute=1 rethrow=0 return_oop=0}
                      ; - (reexecute) java.util.Arrays::copyOfRange@18 (line 3856)
                      ; - java.lang.StringLatin1::newString@16 (line 752)
                      ; - java.lang.String::substring@41 (line 2839)
                      ; - java.lang.ClassLoader::checkCerts@21 (line 1164)
                      ; - java.lang.ClassLoader::preDefineClass@113 (line 917)
                      ; - java.lang.ClassLoader::defineClass@4 (line 1025)
                      ; - java.security.SecureClassLoader::defineClass@12 (line 150)
  0x000001fe1056dd10: ec68 81ff 

  0x000001fe1056dd14: ;   {other}
  0x000001fe1056dd14: 0f1f 8400 | 8448 0096 | ba97 ffff | ff48 8b6c | 2438 6690 

  0x000001fe1056dd28: ;   {runtime_call UncommonTrapBlob}
  0x000001fe1056dd28: c5f8 77e8 

  0x000001fe1056dd2c: ; ImmutableOopMap {rbp=Oop [36]=NarrowOop [40]=Oop [64]=Oop [72]=Oop }
                      ;*invokevirtual clone {reexecute=1 rethrow=0 return_oop=0}
                      ; - (reexecute) java.util.Arrays::copyOfRange@18 (line 3856)
                      ; - java.lang.StringLatin1::newString@16 (line 752)
                      ; - java.lang.String::substring@41 (line 2839)
                      ; - java.lang.Class::getPackageName@62 (line 1169)
                      ; - java.lang.ClassLoader::postDefineClass@2 (line 934)
                      ; - java.lang.ClassLoader::defineClass@37 (line 1028)
                      ; - java.security.SecureClassLoader::defineClass@12 (line 150)
  0x000001fe1056dd2c: d068 81ff 

  0x000001fe1056dd30: ;   {other}
  0x000001fe1056dd30: 0f1f 8400 | a048 0097 | eb58 eb56 | eb54 eb52 | eb50 eb4e | eb4c eb4a | eb48 eb46 | eb44 eb42 
  0x000001fe1056dd50: eb40 eb3e | eb3c eb3a | eb38 eb36 | eb34 eb32 | eb30 eb2e | eb2c eb2a | eb28 eb26 | eb24 eb22 
  0x000001fe1056dd70: eb20 eb1e | eb1c eb1a | eb18 eb16 | eb14 eb12 | eb10 eb0e | eb0c eb0a | eb08 eb06 | eb04 eb02 
  0x000001fe1056dd90: eb00 488b | d0e9 0fcf 

  0x000001fe1056dd98: ;   {internal_word}
  0x000001fe1056dd98: ffff 49ba | 4dae 5610 | fe01 0000 | 4d89 9760 

  0x000001fe1056dda8: ;   {runtime_call SafepointBlob}
  0x000001fe1056dda8: 0400 00e9 | 5079 81ff 

  0x000001fe1056ddb0: ;   {runtime_call StubRoutines (final stubs)}
  0x000001fe1056ddb0: e8ab 6f7f | ffe9 e4bc | ffff f4f4 | f4f4 f4f4 
[Stub Code]
  0x000001fe1056ddc0: ;   {no_reloc}
  0x000001fe1056ddc0: 48bb f058 | 062b fe01 

  0x000001fe1056ddc8: ;   {runtime_call I2C/C2I adapters}
  0x000001fe1056ddc8: 0000 e99c 

  0x000001fe1056ddcc: ;   {static_stub}
  0x000001fe1056ddcc: cf80 ff48 | bb00 0000 | 0000 0000 

  0x000001fe1056ddd8: ;   {runtime_call nmethod}
  0x000001fe1056ddd8: 00e9 fbff 

  0x000001fe1056dddc: ;   {static_stub}
  0x000001fe1056dddc: ffff 48bb | 1827 402b | fe01 0000 

  0x000001fe1056dde8: ;   {runtime_call I2C/C2I adapters}
  0x000001fe1056dde8: e981 527e 

  0x000001fe1056ddec: ;   {static_stub}
  0x000001fe1056ddec: ff48 bb00 | 0000 0000 

  0x000001fe1056ddf4: ;   {runtime_call nmethod}
  0x000001fe1056ddf4: 0000 00e9 | fbff ffff 

  0x000001fe1056ddfc: ;   {static_stub}
  0x000001fe1056ddfc: 48bb 0000 | 0000 0000 

  0x000001fe1056de04: ;   {runtime_call nmethod}
  0x000001fe1056de04: 0000 e9fb 

  0x000001fe1056de08: ;   {static_stub}
  0x000001fe1056de08: ffff ff48 | bb00 0000 | 0000 0000 

  0x000001fe1056de14: ;   {runtime_call nmethod}
  0x000001fe1056de14: 00e9 fbff 

  0x000001fe1056de18: ;   {static_stub}
  0x000001fe1056de18: ffff 48bb | 0000 0000 | 0000 0000 

  0x000001fe1056de24: ;   {runtime_call nmethod}
  0x000001fe1056de24: e9fb ffff 

  0x000001fe1056de28: ;   {static_stub}
  0x000001fe1056de28: ff48 bb00 | 0000 0000 

  0x000001fe1056de30: ;   {runtime_call nmethod}
  0x000001fe1056de30: 0000 00e9 | fbff ffff 

  0x000001fe1056de38: ;   {static_stub}
  0x000001fe1056de38: 48bb 0000 | 0000 0000 

  0x000001fe1056de40: ;   {runtime_call nmethod}
  0x000001fe1056de40: 0000 e9fb 

  0x000001fe1056de44: ;   {static_stub}
  0x000001fe1056de44: ffff ff48 | bb00 0000 | 0000 0000 

  0x000001fe1056de50: ;   {runtime_call nmethod}
  0x000001fe1056de50: 00e9 fbff 

  0x000001fe1056de54: ;   {static_stub}
  0x000001fe1056de54: ffff 48bb | 0000 0000 | 0000 0000 

  0x000001fe1056de60: ;   {runtime_call nmethod}
  0x000001fe1056de60: e9fb ffff 

  0x000001fe1056de64: ;   {static_stub}
  0x000001fe1056de64: ff48 bb00 | 0000 0000 

  0x000001fe1056de6c: ;   {runtime_call nmethod}
  0x000001fe1056de6c: 0000 00e9 | fbff ffff 

  0x000001fe1056de74: ;   {static_stub}
  0x000001fe1056de74: 48bb 0000 | 0000 0000 

  0x000001fe1056de7c: ;   {runtime_call nmethod}
  0x000001fe1056de7c: 0000 e9fb 

  0x000001fe1056de80: ;   {static_stub}
  0x000001fe1056de80: ffff ff48 | bb00 0000 | 0000 0000 

  0x000001fe1056de8c: ;   {runtime_call nmethod}
  0x000001fe1056de8c: 00e9 fbff 

  0x000001fe1056de90: ;   {static_stub}
  0x000001fe1056de90: ffff 48bb | 0000 0000 | 0000 0000 

  0x000001fe1056de9c: ;   {runtime_call nmethod}
  0x000001fe1056de9c: e9fb ffff 

  0x000001fe1056dea0: ;   {static_stub}
  0x000001fe1056dea0: ff48 bb00 | 0000 0000 

  0x000001fe1056dea8: ;   {runtime_call nmethod}
  0x000001fe1056dea8: 0000 00e9 | fbff ffff 

  0x000001fe1056deb0: ;   {static_stub}
  0x000001fe1056deb0: 48bb 0000 | 0000 0000 

  0x000001fe1056deb8: ;   {runtime_call nmethod}
  0x000001fe1056deb8: 0000 e9fb 

  0x000001fe1056debc: ;   {static_stub}
  0x000001fe1056debc: ffff ff48 | bb00 0000 | 0000 0000 

  0x000001fe1056dec8: ;   {runtime_call nmethod}
  0x000001fe1056dec8: 00e9 fbff 

  0x000001fe1056decc: ;   {static_stub}
  0x000001fe1056decc: ffff 48bb | 0000 0000 | 0000 0000 

  0x000001fe1056ded8: ;   {runtime_call nmethod}
  0x000001fe1056ded8: e9fb ffff 

  0x000001fe1056dedc: ;   {static_stub}
  0x000001fe1056dedc: ff48 bb00 | 0000 0000 

  0x000001fe1056dee4: ;   {runtime_call nmethod}
  0x000001fe1056dee4: 0000 00e9 | fbff ffff 

  0x000001fe1056deec: ;   {static_stub}
  0x000001fe1056deec: 48bb 0000 | 0000 0000 

  0x000001fe1056def4: ;   {runtime_call nmethod}
  0x000001fe1056def4: 0000 e9fb 

  0x000001fe1056def8: ;   {static_stub}
  0x000001fe1056def8: ffff ff48 | bb00 0000 | 0000 0000 

  0x000001fe1056df04: ;   {runtime_call nmethod}
  0x000001fe1056df04: 00e9 fbff 

  0x000001fe1056df08: ;   {runtime_call ExceptionBlob}
  0x000001fe1056df08: ffff e9f1 | c58d ffe8 | 0000 0000 | 4883 2c24 

  0x000001fe1056df18: ;   {runtime_call DeoptimizationBlob}
  0x000001fe1056df18: 05e9 826a | 81ff f4f4 
[/MachCode]


Compiled method (c2) 18303 8255       4       java.net.URLClassLoader$1::run (5 bytes)
 total in heap  [0x000001fe1074c390,0x000001fe10758708] = 50040
 relocation     [0x000001fe1074c4f0,0x000001fe1074cc28] = 1848
 constants      [0x000001fe1074cc40,0x000001fe1074cc60] = 32
 main code      [0x000001fe1074cc60,0x000001fe10754748] = 31464
 stub code      [0x000001fe10754748,0x000001fe10754960] = 536
 oops           [0x000001fe10754960,0x000001fe107549a8] = 72
 metadata       [0x000001fe107549a8,0x000001fe10754dc0] = 1048
 scopes data    [0x000001fe10754dc0,0x000001fe10756fe0] = 8736
 scopes pcs     [0x000001fe10756fe0,0x000001fe10757d60] = 3456
 dependencies   [0x000001fe10757d60,0x000001fe10757de0] = 128
 handler table  [0x000001fe10757de0,0x000001fe10758620] = 2112
 nul chk table  [0x000001fe10758620,0x000001fe10758708] = 232


[Constant Pool]
             Address          hex4                    hex8      
  0x000001fe1074cc40:   0x3f400000      0xf4f4f4f43f400000      
  0x000001fe1074cc44:   0xf4f4f4f4                              
  0x000001fe1074cc48:   0xf4f4f4f4      0xf4f4f4f4f4f4f4f4      
  0x000001fe1074cc4c:   0xf4f4f4f4                              
  0x000001fe1074cc50:   0xf4f4f4f4      0xf4f4f4f4f4f4f4f4      
  0x000001fe1074cc54:   0xf4f4f4f4                              
  0x000001fe1074cc58:   0xf4f4f4f4      0xf4f4f4f4f4f4f4f4      
  0x000001fe1074cc5c:   0xf4f4f4f4                              

[MachCode]
[Entry Point]
  # {method} {0x000001fe6c09a648} 'run' '()Ljava/lang/Object;' in 'java/net/URLClassLoader$1'
  #           [sp+0x100]  (sp of caller)
  0x000001fe1074cc60: ;   {no_reloc}
  0x000001fe1074cc60: 448b 5208 | 49bb 0000 | 002b fe01 | 0000 4d03 | d349 3bc2 

  0x000001fe1074cc74: ;   {runtime_call ic_miss_stub}
  0x000001fe1074cc74: 0f85 061b | 63ff 6690 | 0f1f 4000 
[Verified Entry Point]
  0x000001fe1074cc80: 8984 2400 | 80ff ff55 | 4881 ecf0 | 0000 0090 | 4181 7f20 | 0d00 0000 | 0f85 9c7a | 0000 4889 
  0x000001fe1074cca0: 5424 588b | 5a0c 450f | be5c dc10 | 4585 db0f | 8577 4e00 | 0045 8b4c | dc14 438b | 4ccc 0c4d 
  0x000001fe1074ccc0: 8d34 dc4d | 8b97 8003 | 0000 4d8b | 2a85 c90f | 86e7 0300 | 008b f9ff | cf3b f90f | 83b3 4c00 
  0x000001fe1074cce0: 008d 51fd | 4b8d 34cc | 4380 7ccc | 102e 0f84 | a229 0000 | 83fa 010f | 8e9b 0300 | 00bd 0100 
  0x000001fe1074cd00: 0000 448b | d144 2bd5 | 4183 c2fd | 4533 c03b | d545 0f4c | d041 81fa | a00f 0000 | 41bb a00f 
  0x000001fe1074cd20: 0000 450f | 47d3 4403 | d5eb 080f | 1f44 0000 | 418b e84c | 63c5 460f | be5c 0610 | 4183 fb2e 
  0x000001fe1074cd40: 746b 460f | be5c 0611 | 4183 fb2e | 7458 460f | be5c 0612 | 4183 fb2e | 7450 460f | be5c 0613 
  0x000001fe1074cd60: 4183 fb2e | 743d 448d | 4504 453b | c27c c14d 

  0x000001fe1074cd70: ;   {no_reloc}
  0x000001fe1074cd70: 8b97 5004 | 0000 83c5 | 0348 8b44 

  0x000001fe1074cd7c: ; ImmutableOopMap {r9=NarrowOop rbx=NarrowOop rsi=Oop rax=Oop r13=Oop r14=Oop [88]=Oop }
                      ;*if_icmpne {reexecute=1 rethrow=0 return_oop=0}
                      ; - (reexecute) java.lang.StringLatin1::replace@28 (line 298)
                      ; - java.lang.String::replace@18 (line 2933)
                      ; - java.net.URLClassLoader$1::run@8 (line 423)
                      ; - java.net.URLClassLoader$1::run@1 (line 421)
                      ;   {poll}
  0x000001fe1074cd7c: 2458 4185 | 0244 3bc2 | 0f8d 1403 | 0000 418b | e8e9 70ff | ffff 418b | fdc5 f97e | d2c4 e1f9 
  0x000001fe1074cd9c: 7ece e9c5 | 0000 0083 | c502 ffc5 | eb03 83c5 | 023b e90f | 8d07 0300 | 0081 f900 | 0010 000f 
  0x000001fe1074cdbc: 8796 3100 | 004d 8b9f | b801 0000 | 4c63 d149 | 83c2 1749 | 83e2 f84d | 8bc3 4d03 | c24d 3b87 
  0x000001fe1074cddc: c801 0000 | 0f83 7131 | 0000 4d89 | 87b8 0100 | 0041 0f18 | 80c0 0000 | 0049 c703 | 0100 0000 
  0x000001fe1074cdfc: 410f 1880 | 0001 0000 

  0x000001fe1074ce04: ;   {metadata({type array byte})}
  0x000001fe1074ce04: 41c7 4308 | 6822 0000 | 4189 4b0c | 410f 1880 | 4001 0000 | 410f 1880 | 8001 0000 | 85ed 0f8e 
  0x000001fe1074ce24: f100 0000 | 448b c541 | ffc8 443b | c10f 8319 | 4d00 0085 | c90f 8611 | 4d00 0047 | 0fbe 54cc 
  0x000001fe1074ce44: 1045 8853 | 1041 83f8 | 010f 8e25 | 4d00 00c4 | c1f9 6edb | c4c1 f96e | c541 bad0 | 0700 00b8 
  0x000001fe1074ce64: 0100 0000 | 448b dd44 | 2bd8 41ff | cb45 33ed | 443b c045 | 0f4c dd41 | 81fb d007 | 0000 450f 
  0x000001fe1074ce84: 47da 4403 | d844 8bef | c5f9 6ed2 | c4e1 f96e | ce66 6666 | 0f1f 8400 | 0000 0000 | 4863 f0c4 
  0x000001fe1074cea4: e1f9 7ecf | 0fbe 7c37 | 10c4 e1f9 | 7eda 4088 | 7c32 10c4 | e1f9 7ecf | 0fbe 5437 | 11c4 e1f9 
  0x000001fe1074cec4: 7edf 8854 | 3711 83c0 | 0241 3bc3 | 7cce 4d8b | 9f50 0400 

  0x000001fe1074ced8: ; ImmutableOopMap {r9=NarrowOop rbx=NarrowOop rdi=Oop r14=Oop xmm0=Oop xmm1=Oop xmm3=Oop [88]=Oop }
                      ;*goto {reexecute=1 rethrow=0 return_oop=0}
                      ; - (reexecute) java.lang.StringLatin1::replace@76 (line 305)
                      ; - java.lang.String::replace@18 (line 2933)
                      ; - java.net.URLClassLoader$1::run@8 (line 423)
                      ; - java.net.URLClassLoader$1::run@1 (line 421)
                      ;   {poll}
  0x000001fe1074ced8: 0041 8503 | 413b c00f | 8cad feff | ff41 8bfd | c5f9 7ed2 | c4e1 f97e | cec4 c1f9 | 7ec5 c4c1 
  0x000001fe1074cef8: f97e db3b | c57d 1a4d | 8bd3 4c63 | c046 0fbe | 5c06 1047 | 885c 0210 | ffc0 3bc5 | 7cec 4d8b 
  0x000001fe1074cf18: da3b e90f | 8d29 0100 | 003b e90f | 83db 4b00 | 003b f90f | 83d3 4b00 | 0044 8bd5 | 41ff c24c 
  0x000001fe1074cf38: 63cd 460f | be44 0e10 | 4183 f82e | 0f84 0a14 | 0000 4788 | 440b 1044 | 8bcd 41ff | c145 3bca 
  0x000001fe1074cf58: 7d05 418b | e9eb d844 | 3bca 0f8d | bb00 0000 | ffc5 e988 | 0000 0041 | b92f 0000 | 0066 6666 
  0x000001fe1074cf78: 0f1f 8400 | 0000 0000 | 4588 4c1b | 1383 c504 | 413b ea7d | 5c48 63dd | 440f be44 | 1e10 4183 
  0x000001fe1074cf98: f82e 743d | 4588 441b | 1044 0fbe | 4c1e 1141 | 83f9 2e74 | 2445 884c | 1b11 440f | be44 1e12 
  0x000001fe1074cfb8: 4183 f82e | 7423 4588 | 441b 1244 | 0fbe 4c1e | 1341 83f9 | 2e75 b1eb | 9e41 b92f | 0000 00eb 
  0x000001fe1074cfd8: ;   {no_reloc}
  0x000001fe1074cfd8: d441 b82f | 0000 00eb | bb41 b82f | 0000 00eb | d54d 8b97 

  0x000001fe1074cfec: ; ImmutableOopMap {r11=Oop rsi=Oop r13=Oop r14=Oop [88]=Oop }
                      ;*goto {reexecute=1 rethrow=0 return_oop=0}
                      ; - (reexecute) java.lang.StringLatin1::replace@113 (line 312)
                      ; - java.lang.String::replace@18 (line 2933)
                      ; - java.net.URLClassLoader$1::run@8 (line 423)
                      ; - java.net.URLClassLoader$1::run@1 (line 421)
  0x000001fe1074cfec: 5004 0000 

  0x000001fe1074cff0: ;   {poll}
  0x000001fe1074cff0: 4185 023b | ea7d 2f44 | 8bd1 442b | d541 83c2 | fd45 33c0 | 3bd5 450f | 4cd0 4181 | faa0 0f00 
  0x000001fe1074d010: 0041 b9a0 | 0f00 0045 | 0f47 d144 | 03d5 e96a | ffff ff41 | 8be9 3be9 | 7d20 6690 | 4c63 d546 
  0x000001fe1074d030: 0fbe 4c16 | 1041 83f9 | 2e0f 843b | 1600 0047 | 884c 1310 | ffc5 3be9 | 7ce2 4d8b | 87b8 0100 
  0x000001fe1074d050: 004d 8bd0 | 4983 c218 | 4d3b 97c8 | 0100 000f | 836b 2f00 | 004d 8997 | b801 0000 | 410f 1882 
  0x000001fe1074d070: c000 0000 | 49c7 0001 

  0x000001fe1074d078: ;   {metadata('java/lang/String')}
  0x000001fe1074d078: 0000 0041 | c740 0840 | e700 0045 | 8960 0c4d | 8960 104d | 8bcb 49c1 | e903 4589 | 4814 eb2e 
  0x000001fe1074d098: 41b8 0100 | 0000 443b | c17d 1990 | 460f be54 | 0610 4183 | fa2e 0f84 | 043f 0000 | 41ff c044 
  0x000001fe1074d0b8: 3bc1 7ce8 | 4d8b d949 | c1e3 034d | 8bc6 418b | 4b0c 85c9 | 0f86 8d12 | 0000 450f | be50 10c4 
  0x000001fe1074d0d8: 622a f7c9 | 4963 c141 | 83fa 010f | 8493 4e00 | 0045 85c9 | 0f8c 1e4e | 0000 488d | 7006 8bee 
  0x000001fe1074d0f8: 85ed 0f8c | 344e 0000 | 488b de48 | c1fb 208b | dbc4 e261 | f7fd 85ff | 0f8c 924e | 0000 81ff 
  0x000001fe1074d118: 0000 1000 | 0f87 8449 | 0000 4863 | d781 ff00 | 0010 000f | 87b1 2c00 | 0049 8b9f | b801 0000 
  0x000001fe1074d138: 4883 c217 | 4883 e2f8 | 488b eb48 | 03ea 493b | afc8 0100 | 000f 838f | 2c00 0049 | 89af b801 
  0x000001fe1074d158: 0000 0f18 | 85c0 0000 | 0048 c703 | 0100 0000 | 0f18 8500 

  0x000001fe1074d16c: ;   {metadata({type array byte})}
  0x000001fe1074d16c: 0100 00c7 | 4308 6822 | 0000 897b | 0c0f 1885 | 4001 0000 | 0f18 8580 | 0100 0041 | 8d71 063b 
  0x000001fe1074d18c: fe0f 821b | 4900 0049 | 63d1 4585 | c90f 8f92 | 1100 00c6 | 4413 102e | c644 1311 | 63c6 4413 
  0x000001fe1074d1ac: 126c c644 | 1313 61c6 | 4413 1473 | c644 1315 | 7345 85d2 | 0f85 8a4d | 0000 3bf9 | 0f82 0e49 
  0x000001fe1074d1cc: 0000 85c9 | 7629 488b | d348 83c2 | 1049 83c3 | 104c 63c1 | 498b cbc5 | f877 49ba | c02c d60f 
  0x000001fe1074d1ec: fe01 0000 

  0x000001fe1074d1f0: ;   {other}
  0x000001fe1074d1f0: 41ff d20f | 1f84 0000 | 0000 0049 | 8b87 b801 | 0000 4c8b | d049 83c2 | 184d 3b97 | c801 0000 
  0x000001fe1074d210: 0f83 4b2c | 0000 4d89 | 97b8 0100 | 0041 0f18 | 82c0 0000 | 0048 c700 | 0100 0000 

  0x000001fe1074d22c: ;   {metadata('java/lang/String')}
  0x000001fe1074d22c: c740 0840 | e700 0044 | 8960 0c44 | 8960 104c | 8bdb 49c1 | eb03 4489 | 5814 4c8b | 5424 5845 
  0x000001fe1074d24c: 8b52 1047 | 8b5c d454 | 4585 db0f | 8416 4700 | 004c 896c | 2470 4b8d | 14dc 4c8b | c045 33c9 
  0x000001fe1074d26c: ;   {optimized virtual_call}
  0x000001fe1074d26c: c5f8 77e8 

  0x000001fe1074d270: ; ImmutableOopMap {[88]=Oop [112]=Oop }
                      ;*invokevirtual getResource {reexecute=0 rethrow=0 return_oop=1}
                      ; - java.net.URLClassLoader$1::run@26 (line 424)
                      ; - java.net.URLClassLoader$1::run@1 (line 421)
  0x000001fe1074d270: ccdc d8ff 

  0x000001fe1074d274: ;   {other}
  0x000001fe1074d274: 0f1f 8400 | e40e 0003 | 4889 4424 | 4048 85c0 | 0f84 c001 | 0000 4c8b | 5424 5845 | 8b5a 1044 
  0x000001fe1074d294: 895c 2478 | 458b 520c | 4489 5424 | 7c45 85db | 0f84 d848 | 0000 c5f8 | 7749 bad0 | 8de9 d9f9 
  0x000001fe1074d2b4: 7f00 0041 

  0x000001fe1074d2b8: ;   {other}
  0x000001fe1074d2b8: ffd2 0f1f | 8400 0000 | 0000 4889 | 4424 3844 | 8b5c 247c 

  0x000001fe1074d2cc: ; implicit exception: dispatches to 0x000001fe107538c4
  0x000001fe1074d2cc: 478b 44dc | 1447 8b5c | c40c 448b | 5424 7c43 | 0fbe 5cd4 | 10c4 c262 | f7cb 448b | d141 ffca 
  0x000001fe1074d2ec: 85db 0f85 | 544d 0000 | 458b cb41 | ffc9 453b | ca45 0f4f | ca8b 5c24 | 7c48 c1e3 | 034b 8d3c 
  0x000001fe1074d30c: c444 8b54 | 2478 4b8d | 14d4 4585 | c90f 8c75 | 2800 0045 | 85db 0f86 | fc48 0000 | 453b cb0f 
  0x000001fe1074d32c: 83f3 4800 | 0045 85c9 | 0f8e 044a | 0000 4889 | 5424 5048 | 895c 2430 | 458b d141 | ffca 4533 
  0x000001fe1074d34c: ed42 0fbe | 6c0f 1083 | fd2e 0f84 | 2823 0000 | 41ff c945 | 3bca 7fe9 | 4183 f902 | 0f8e a000 
  0x000001fe1074d36c: 0000 458d | 51fe 33d2 | 4183 f902 | 440f 4cd2 | 4181 faa0 | 0f00 00ba | a00f 0000 | 440f 47d2 
  0x000001fe1074d38c: 418b d141 | 2bd2 4d63 | d142 0fbe | 5c17 1083 | fb2e 0f84 | ad00 0000 | 460f be54 | 170f 4183 
  0x000001fe1074d3ac: fa2e 0f84 | a200 0000 | 458d 51fe 

  0x000001fe1074d3b8: ;   {no_reloc}
  0x000001fe1074d3b8: 420f be74 | 1710 83fe | 2e0f 8495 | 0000 0045 | 8d51 fd42 | 0fbe 5c17 | 1083 fb2e | 0f84 8200 
  0x000001fe1074d3d8: 0000 4183 | c1fc 443b | ca7f af49 | 8baf 5004 | 0000 4c8b | 5424 5848 | 8b5c 2440 | 488b 5424 
  0x000001fe1074d3f8: 5048 8b74 | 2430 488b 

  0x000001fe1074d400: ; ImmutableOopMap {r10=Oop r8=NarrowOop rdi=Oop rdx=Oop rsi=Oop rax=Oop [48]=Oop [64]=Oop [80]=Oop [88]=Oop [112]=Oop [120]=NarrowOop [124]=NarrowOop }
                      ;*goto {reexecute=1 rethrow=0 return_oop=0}
                      ; - (reexecute) java.lang.StringLatin1::lastIndexOf@35 (line 285)
                      ; - java.lang.String::lastIndexOf@13 (line 2573)
                      ; - java.lang.String::lastIndexOf@8 (line 2535)
                      ; - java.net.URLClassLoader::defineClass@7 (line 486)
                      ; - java.net.URLClassLoader$1::run@43 (line 427)
                      ; - java.net.URLClassLoader$1::run@1 (line 421)
                      ;   {poll}
  0x000001fe1074d400: c385 4500 | 4183 f902 | 0f8f 60ff | ffff 4183 | f9ff 7e27 | 420f be5c | 0f10 83fb | 2e0f 84c5 
  0x000001fe1074d420: 4c00 0041 | ffc9 4183 | f9ff 7fe8 | 488b 5c24 | 3048 8b54 | 2450 e95c | 2700 0048 | 8b5c 2430 
  0x000001fe1074d440: 488b 5424 | 50e9 4d27 | 0000 33c0 | e9c7 0e00 | 0045 8bd1 | eb06 458b | d141 ffca | 4c8b 4c24 
  0x000001fe1074d460: 4045 8b49 

  0x000001fe1074d464: ;   {metadata('jdk/internal/loader/URLClassPath$JarLoader$2')}
  0x000001fe1074d464: 0841 81f9 | e824 2100 | 0f85 e128 | 0000 4c8b | 4c24 4041 | 8b51 2041 | 8b5c d41c | 895c 2460 
  0x000001fe1074d484: 4183 faff | 0f84 ec28 | 0000 4585 | d20f 8cfd | 4b00 0044 | 3bd1 0f8f | c44c 0000 | 443b d10f 
  0x000001fe1074d4a4: 84ea 1000 | 0045 85d2 | 0f84 0723 | 0000 498b | 9fb8 0100 | 004c 8bcb | 4983 c118 | 4d3b 8fc8 
  0x000001fe1074d4c4: 0100 000f | 83bd 2b00 | 004d 898f | b801 0000 | 410f 1881 | c000 0000 | 48c7 0301 

  0x000001fe1074d4e0: ;   {metadata('java/lang/String')}
  0x000001fe1074d4e0: 0000 00c7 | 4308 40e7 | 0000 4489 | 630c 4c89 | 6310 4b8d | 4cc4 1045 | 3bd3 0f85 | 980f 0000 
  0x000001fe1074d500: 4963 eb41 | 81fb 0000 | 1000 0f87 | d72d 0000 | 498b b7b8 | 0100 004c | 8d55 1749 | 83e2 f84c 
  0x000001fe1074d520: 8bce 4d03 | ca4d 3b8f | c801 0000 | 0f83 b52d | 0000 4d89 | 8fb8 0100 | 0041 0f18 | 81c0 0000 
  0x000001fe1074d540: 0048 c706 | 0100 0000 | 410f 1881 | 0001 0000 

  0x000001fe1074d550: ;   {metadata({type array byte})}
  0x000001fe1074d550: c746 0868 | 2200 0044 | 895e 0c41 | 0f18 8140 | 0100 0041 | 0f18 8180 | 0100 004c | 896c 2420 
  0x000001fe1074d570: 4889 5c24 | 6848 898c | 2480 0000 | 0048 89ac | 2488 0000 | 0048 8bd6 | 4883 c210 | 4c8b 8424 
  0x000001fe1074d590: 8800 0000 | 4983 c007 | 49c1 e803 | 488b 8c24 | 8000 0000 | c5f8 7749 | ba60 33d6 | 0ffe 0100 
  0x000001fe1074d5b0: 0041 ffd2 

  0x000001fe1074d5b4: ;   {other}
  0x000001fe1074d5b4: 0f1f 8400 | 0000 0000 | 4c8b 6c24 | 2048 8b5c | 2468 4180 | 7f40 000f | 85fa 2600 | 004c 8bd3 
  0x000001fe1074d5d4: 4c8b de49 | c1eb 0344 | 895b 144c | 8bde 4d33 | da49 c1eb | 164d 85db | 741a 49c1 | ea09 48b9 
  0x000001fe1074d5f4: 0000 cc7b | fe01 0000 | 4903 ca80 | 3902 0f85 | fa26 0000 | 4488 6310 | 4889 9c24 | b800 0000 
  0x000001fe1074d614: 4c8b 5424 | 4045 8b52 

  0x000001fe1074d61c: ;   {metadata('jdk/internal/loader/URLClassPath$JarLoader$2')}
  0x000001fe1074d61c: 0841 81fa | e824 2100 | 0f85 cb25 | 0000 4c8b 

  0x000001fe1074d62c: ;   {oop(a 'java/lang/Class'{0x0000000600400140} = 'jdk/internal/access/SharedSecrets')}
  0x000001fe1074d62c: 5424 4049 | bb40 0140 | 0006 0000 | 0045 8b8b | d400 0000 

  0x000001fe1074d640: ; implicit exception: dispatches to 0x000001fe10753b14
  0x000001fe1074d640: 478b 5ccc | 0841 8b4a | 2041 8b4c 

  0x000001fe1074d64c: ;   {metadata('java/util/jar/JavaUtilJarAccessImpl')}
  0x000001fe1074d64c: cc18 4181 | fb00 3931 | 000f 8509 | 4700 0085 | c90f 84e5 | 4500 004d | 8d1c cc48 | 8d9c 24d0 
  0x000001fe1074d66c: 0000 0049 | 8b03 a802 | 0f85 2300 | 0000 4883 | c801 4889 | 03f0 490f | b11b 0f84 | 3700 0000 
  0x000001fe1074d68c: 482b c448 | 2507 f0ff | ff48 8903 | e924 0000 | 004c 8bc0 | 4833 c0f0 | 4d0f b178 | 3e48 c703 
  0x000001fe1074d6ac: 0300 0000 | 7411 4c3b | f875 1549 | ff80 8600 | 0000 4833 | c075 0949 | ff87 4805 | 0000 33c0 
  0x000001fe1074d6cc: 0f85 c646 | 0000 418b | 6ccc 3085 | ed0f 85bd | 4a00 0045 | 0fb6 4ccc | 1245 85c9 | 0f85 af1f 
  0x000001fe1074d6ec: 0000 488d | 8424 d000 | 0000 4883 | 3800 0f84 | 7900 0000 | 4d8b 0341 | f6c0 020f | 8462 0000 
  0x000001fe1074d70c: 0049 83b8 | 8600 0000 | 0074 0949 | ff88 8600 | 0000 eb4b | 498b 8096 | 0000 0049 | 0b80 8e00 
  0x000001fe1074d72c: 0000 750a | 49c7 403e | 0000 0000 | eb3d 4983 | b89e 0000 | 0000 7422 | 4833 c049 | c740 3e00 
  0x000001fe1074d74c: ;   {no_reloc}
  0x000001fe1074d74c: 0000 00f0 | 8304 2400 | 4983 b89e | 0000 0000 | 750d f04d | 0fb1 783e | 7505 83c8 | 01eb 0ca8 
  0x000001fe1074d76c: 00eb 084c | 8b00 f04d | 0fb1 0375 | 0a49 ff8f | 4805 0000 | 4533 c00f | 850c 4700 | 0045 8b5a 
  0x000001fe1074d78c: 2043 8b6c | dc18 458b 

  0x000001fe1074d794: ;   {metadata('java/util/jar/JarFile')}
  0x000001fe1074d794: 44ec 0841 | 81f8 40e7 | 1600 0f85 | 2647 0000 | 4d8d 1cec | 4d8b cb41 | 8b79 2885 | ff0f 84ce 
  0x000001fe1074d7b4: 0e00 0041 | 8b6c fc0c | 4180 7f40 | 000f 85d2 | 2400 0041 | 8b4c ec08 | 4d8b 5cfc 

  0x000001fe1074d7d0: ;   {oop(a 'java/lang/Class'{0x0000000600412638} = 'java/lang/ref/SoftReference')}
  0x000001fe1074d7d0: 2049 b838 | 2641 0006 | 0000 004d | 8b40 704d | 3bd8 0f85 | a41e 0000 

  0x000001fe1074d7e8: ;   {metadata('java/util/jar/Manifest')}
  0x000001fe1074d7e8: 81f9 e0f0 | 0400 0f85 | 4460 0000 | 48c1 e503 | 4c8b f544 | 8b54 2478 | 478b 5cd4 | 3845 85db 
  0x000001fe1074d808: 0f84 ea43 | 0000 4c8b | 8c24 b800 | 0000 418b | 410c 85c0 | 0f84 a40b | 0000 438b | 4cdc 2885 
  0x000001fe1074d828: c90f 847b | 1f00 0045 | 8b44 cc0c | 4585 c00f | 86b3 4800 | 0044 8bd0 | 41c1 ea10 | 4433 d04d 
  0x000001fe1074d848: 8d1c cc41 | 81e2 ffff | ff7f 41ff | c845 23c2 | 4d63 c047 | 8b44 8310 | 4585 c00f | 84ef 0600 
  0x000001fe1074d868: 0043 8b4c | c40c 413b | ca0f 8442 | 0100 0085 | c90f 8c34 | 2500 0049 | c1e0 0349 | bb00 00cc 
  0x000001fe1074d888: 7bfe 0100 | 0045 8b40 | 1845 85c0 | 0f84 c806 | 0000 4b8d | 0cc4 448b | 410c 498b | af50 0400 
  0x000001fe1074d8a8: ; ImmutableOopMap {r9=Oop rcx=Oop r14=Oop [48]=Oop [64]=Oop [80]=Oop [88]=Oop [96]=NarrowOop [112]=Oop [120]=NarrowOop [124]=NarrowOop }
                      ;*if_icmpne {reexecute=1 rethrow=0 return_oop=0}
                      ; - (reexecute) java.util.concurrent.ConcurrentHashMap::get@127 (line 946)
                      ; - java.lang.ClassLoader::getDefinedPackage@13 (line 2263)
                      ; - java.net.URLClassLoader::getAndVerifyPackage@2 (line 457)
                      ; - java.net.URLClassLoader::defineClass@46 (line 492)
                      ; - java.net.URLClassLoader$1::run@43 (line 427)
                      ; - java.net.URLClassLoader$1::run@1 (line 421)
                      ;   {poll}
  0x000001fe1074d8a8: 0085 4500 | 453b c274 | 118b 4918 | 85c9 0f84 | a606 0000 | 48c1 e103 | ebdc 8b69 | 104c 8bc5 
  0x000001fe1074d8c8: 49c1 e003 | 4d3b c10f | 84cb 0000 | 0085 ed0f | 84d3 5100 | 0048 898c | 2490 0000 | 0044 8954 
  0x000001fe1074d8e8: 2464 4c89 | b424 8800 | 0000 4c89 | 8c24 8000 | 0000 4c89 | 5c24 684c | 8b54 2430 | 4c89 5424 
  0x000001fe1074d908: 4844 8b54 | 247c 4489 | 5424 3444 | 8b5c 2478 | 4489 5c24 | 304c 896c | 2428 4c8b | 5424 704c 
  0x000001fe1074d928: 8954 2420 | 4d8d 04ec | 498b d190 

  0x000001fe1074d934: ;   {optimized virtual_call}
  0x000001fe1074d934: c5f8 77e8 

  0x000001fe1074d938: ; ImmutableOopMap {[32]=Oop [48]=NarrowOop [52]=NarrowOop [64]=Oop [72]=Oop [80]=Oop [88]=Oop [96]=NarrowOop [128]=Oop [136]=Oop [144]=Oop }
                      ;*invokevirtual equals {reexecute=0 rethrow=0 return_oop=0}
                      ; - java.util.concurrent.ConcurrentHashMap::get@149 (line 947)
                      ; - java.lang.ClassLoader::getDefinedPackage@13 (line 2263)
                      ; - java.net.URLClassLoader::getAndVerifyPackage@2 (line 457)
                      ; - java.net.URLClassLoader::defineClass@46 (line 492)
                      ; - java.net.URLClassLoader$1::run@43 (line 427)
                      ; - java.net.URLClassLoader$1::run@1 (line 421)
  0x000001fe1074d938: 842f b9ff 

  0x000001fe1074d93c: ;   {other}
  0x000001fe1074d93c: 0f1f 8400 | ac15 0006 | 4d8b 9750 

  0x000001fe1074d948: ; ImmutableOopMap {[32]=Oop [48]=NarrowOop [52]=NarrowOop [64]=Oop [72]=Oop [80]=Oop [88]=Oop [96]=NarrowOop [128]=Oop [136]=Oop [144]=Oop }
                      ;*ifeq {reexecute=1 rethrow=0 return_oop=0}
                      ; - (reexecute) java.util.concurrent.ConcurrentHashMap::get@152 (line 947)
                      ; - java.lang.ClassLoader::getDefinedPackage@13 (line 2263)
                      ; - java.net.URLClassLoader::getAndVerifyPackage@2 (line 457)
                      ; - java.net.URLClassLoader::defineClass@46 (line 492)
                      ; - java.net.URLClassLoader$1::run@43 (line 427)
                      ; - java.net.URLClassLoader$1::run@1 (line 421)
                      ;   {poll}
  0x000001fe1074d948: 0400 0041 | 8502 85c0 | 0f84 e026 | 0000 4c8b | 5424 204c | 8954 2470 | 4c8b 6c24 | 2844 8b5c 
  0x000001fe1074d968: 2430 4489 | 5c24 7844 | 8b54 2434 | 4489 5424 | 7c4c 8b54 | 2448 4c89 | 5424 304c | 8b5c 2468 
  0x000001fe1074d988: 4c8b 8c24 | 8000 0000 | 4c8b b424 | 8800 0000 | 488b 8c24 | 9000 0000 | 8b69 1485 | ed0f 84b7 
  0x000001fe1074d9a8: 0500 0041 | 8b41 0c45 | 0fb6 4111 | e953 0100 | 0043 8b6c | c410 4c8b | dd49 c1e3 | 034d 3bd9 
  0x000001fe1074d9c8: 0f84 1e01 | 0000 418b | 4cec 084d | 8d1c ec4d | 3bcb 0f84 | 0c01 0000 

  0x000001fe1074d9e0: ;   {metadata('java/lang/String')}
  0x000001fe1074d9e0: 81f9 40e7 | 0000 0f85 | a85d 0000 | 410f be79 | 1041 0fbe | 6b10 3bfd | 0f85 424d | 0000 418b 
  0x000001fe1074da00: 5b14 418b | 7914 458b | 5cdc 0c41 | 8b4c fc0c | 413b cb0f | 85fb 4900 | 004d 8d1c | dc49 8d74 
  0x000001fe1074da20: dc10 4d8d | 1cfc 498d | 7cfc 1085 | c90f 849d | 0000 008b | c183 e01f | 83e1 e00f | 844b 0000 
  0x000001fe1074da40: 0048 8d3c | 0f48 8d34 | 0e48 f7d9 | c5fe 6f04 | 0fc5 fe6f | 0c0e c5fd | efc1 c4e2 | 7d17 c00f 
  0x000001fe1074da60: 8572 0000 | 0048 83c1 | 2075 e185 | c00f 845d | 0000 00c5 | fe6f 4407 | e0c5 fe6f | 4c06 e0c5 
  0x000001fe1074da80: fdef c1c4 | e27d 17c0 | 754d eb44 | 8bc8 83e1 | fc74 1948 | 8d3c 0f48 | 8d34 0e48 | f7d9 8b1c 
  0x000001fe1074daa0: 0f3b 1c0e | 7531 4883 | c104 75f2 | a802 7412 | 0fb7 1f0f | b70e 3bd9 | 751d 488d | 7f02 488d 
  0x000001fe1074dac0: 7602 a801 | 740a 0fb6 | 1f0f b60e | 3bd9 7507 | b801 0000 | 00eb 0233 | c0c5 fdef 

  0x000001fe1074dadc: ;   {no_reloc}
  0x000001fe1074dadc: c0c5 f5ef | c985 c075 | 078b e8e9 | 2a49 0000 | 438b 6cc4 | 1485 ed0f | 8495 2200 | 0045 0fb6 
  0x000001fe1074dafc: 4111 418b | 410c 49bb | 0000 cc7b | fe01 0000 | 458b 54ec 

  0x000001fe1074db10: ;   {metadata('java/lang/Package')}
  0x000001fe1074db10: 0841 81fa | 30ba 0100 | 0f85 ae5b | 0000 458b | 5114 438b | 4cd4 0c49 | 8d1c ec44 | 8b6b 1085 
  0x000001fe1074db30: c90f 86c9 | 4400 008b | 5c24 7841 | 8b5c dc38 | 85db 0f84 | 8844 0000 | 85c0 0f84 | 550a 0000 
  0x000001fe1074db50: 418b 4cdc | 2885 c90f | 84e0 0200 | 0045 8b44 | cc0c 4585 | c00f 86ed | 4700 0044 | 8bd0 41c1 
  0x000001fe1074db70: ea10 4433 | d048 c1e1 | 0341 81e2 | ffff ff7f | 41ff c845 | 23c2 4d63 | c046 8b44 | 8110 4585 
  0x000001fe1074db90: c00f 84a6 | 0200 0043 | 8b4c c40c | 413b ca0f | 8433 0100 | 0085 c90f | 8c7f 0200 | 0049 c1e0 
  0x000001fe1074dbb0: 0345 8b40 | 1845 85c0 | 0f84 7f02 | 0000 4b8d | 34c4 8b7e | 0c49 8baf 

  0x000001fe1074dbc8: ; ImmutableOopMap {r9=Oop rsi=Oop r13=NarrowOop r14=Oop [48]=Oop [64]=Oop [80]=Oop [88]=Oop [96]=NarrowOop [112]=Oop [120]=NarrowOop [124]=NarrowOop }
                      ;*if_icmpne {reexecute=1 rethrow=0 return_oop=0}
                      ; - (reexecute) java.util.concurrent.ConcurrentHashMap::get@127 (line 946)
                      ; - java.lang.ClassLoader::definePackage@47 (line 2125)
                      ; - java.lang.ClassLoader::getDefinedPackage@32 (line 2267)
                      ; - java.net.URLClassLoader::getAndVerifyPackage@2 (line 457)
                      ; - java.net.URLClassLoader::defineClass@46 (line 492)
                      ; - java.net.URLClassLoader$1::run@43 (line 427)
                      ; - java.net.URLClassLoader$1::run@1 (line 421)
  0x000001fe1074dbc8: 5004 0000 

  0x000001fe1074dbcc: ;   {poll}
  0x000001fe1074dbcc: 8545 0041 | 3bfa 7411 | 8b4e 1885 | c90f 845e | 0200 0049 | 8d34 cceb | dd8b 6e10 | 4c8b c549 
  0x000001fe1074dbec: c1e0 034d | 3bc1 0f84 | d000 0000 | 85ed 0f84 | 7b51 0000 | 4889 b424 | 9800 0000 | 4489 9424 
  0x000001fe1074dc0c: 9000 0000 | 4489 6c24 | 644c 89b4 | 2488 0000 | 004c 898c | 2480 0000 | 004c 895c | 2468 4c8b 
  0x000001fe1074dc2c: 5424 504c | 8954 2448 | 448b 5424 | 7c44 8954 | 242c 448b | 5424 7844 | 8954 2428 | 4c8b 5424 
  0x000001fe1074dc4c: 704c 8954 | 2420 4d8d | 04ec 498b | d166 6690 

  0x000001fe1074dc5c: ;   {optimized virtual_call}
  0x000001fe1074dc5c: c5f8 77e8 

  0x000001fe1074dc60: ; ImmutableOopMap {[32]=Oop [40]=NarrowOop [44]=NarrowOop [48]=Oop [64]=Oop [72]=Oop [88]=Oop [96]=NarrowOop [100]=NarrowOop [128]=Oop [136]=Oop [152]=Oop }
                      ;*invokevirtual equals {reexecute=0 rethrow=0 return_oop=0}
                      ; - java.util.concurrent.ConcurrentHashMap::get@149 (line 947)
                      ; - java.lang.ClassLoader::definePackage@47 (line 2125)
                      ; - java.lang.ClassLoader::getDefinedPackage@32 (line 2267)
                      ; - java.net.URLClassLoader::getAndVerifyPackage@2 (line 457)
                      ; - java.net.URLClassLoader::defineClass@46 (line 492)
                      ; - java.net.URLClassLoader$1::run@43 (line 427)
                      ; - java.net.URLClassLoader$1::run@1 (line 421)
  0x000001fe1074dc60: 5c2c b9ff 

  0x000001fe1074dc64: ;   {other}
  0x000001fe1074dc64: 0f1f 8400 | d418 0009 | 4d8b 9750 

  0x000001fe1074dc70: ; ImmutableOopMap {[32]=Oop [40]=NarrowOop [44]=NarrowOop [48]=Oop [64]=Oop [72]=Oop [88]=Oop [96]=NarrowOop [100]=NarrowOop [128]=Oop [136]=Oop [152]=Oop }
                      ;*ifeq {reexecute=1 rethrow=0 return_oop=0}
                      ; - (reexecute) java.util.concurrent.ConcurrentHashMap::get@152 (line 947)
                      ; - java.lang.ClassLoader::definePackage@47 (line 2125)
                      ; - java.lang.ClassLoader::getDefinedPackage@32 (line 2267)
                      ; - java.net.URLClassLoader::getAndVerifyPackage@2 (line 457)
                      ; - java.net.URLClassLoader::defineClass@46 (line 492)
                      ; - java.net.URLClassLoader$1::run@43 (line 427)
                      ; - java.net.URLClassLoader$1::run@1 (line 421)
                      ;   {poll}
  0x000001fe1074dc70: 0400 0041 | 8502 85c0 | 0f84 b226 | 0000 4c8b | 5424 204c | 8954 2470 | 448b 5c24 | 2844 895c 
  0x000001fe1074dc90: 2478 448b | 5c24 2c44 | 895c 247c | 4c8b 5424 | 484c 8954 | 2450 4c8b | 5c24 684c | 8b8c 2480 
  0x000001fe1074dcb0: 0000 004c | 8bb4 2488 | 0000 0044 | 8b6c 2464 | 488b b424 | 9800 0000 | 8b6e 1485 | ed0f 853e 
  0x000001fe1074dcd0: 0100 00e9 | 6501 0000 | 438b 6cc4 | 1048 8bcd | 48c1 e103 | 493b c90f | 841b 0100 | 0041 8b4c 
  0x000001fe1074dcf0: ec08 498d | 3cec 4c3b | cf0f 8409 

  0x000001fe1074dcfc: ;   {metadata('java/lang/String')}
  0x000001fe1074dcfc: 0100 0081 | f940 e700 | 000f 8529 | 5a00 0041 | 0fbe 5910 | 0fbe 6f10 | 3bdd 0f85 | 804a 0000 
  0x000001fe1074dd1c: 8b5f 1441 | 8b51 1441 | 8b7c dc0c | 418b 4cd4 | 0c3b cf0f | 850c 4900 | 0049 8d3c | dc49 8d74 
  0x000001fe1074dd3c: dc10 498d | 1cd4 498d | 7cd4 1085 | c90f 849d | 0000 008b | c183 e01f | 83e1 e00f | 844b 0000 
  0x000001fe1074dd5c: 0048 8d3c | 0f48 8d34 | 0e48 f7d9 | c5fe 6f0c | 0fc5 fe6f | 040e c5f5 | efc8 c4e2 | 7d17 c90f 
  0x000001fe1074dd7c: 8572 0000 | 0048 83c1 | 2075 e185 | c00f 845d | 0000 00c5 | fe6f 4c07 | e0c5 fe6f | 4406 e0c5 
  0x000001fe1074dd9c: f5ef c8c4 | e27d 17c9 | 754d eb44 | 8bc8 83e1 | fc74 1948 | 8d3c 0f48 | 8d34 0e48 | f7d9 8b1c 
  0x000001fe1074ddbc: 0f3b 1c0e | 7531 4883 | c104 75f2 | a802 7412 | 0fb7 1f0f | b70e 3bd9 | 751d 488d | 7f02 488d 
  0x000001fe1074dddc: 7602 a801 | 740a 0fb6 | 1f0f b60e | 3bd9 7507 | b801 0000 | 00eb 0233 | c0c5 f5ef | c9c5 fdef 
  0x000001fe1074ddfc: ;   {no_reloc}
  0x000001fe1074ddfc: c085 c075 | 078b e8e9 | 3b48 0000 | 438b 6cc4 | 1485 ed74 | 2c45 8b54 

  0x000001fe1074de14: ;   {metadata('java/lang/Package')}
  0x000001fe1074de14: ec08 4181 | fa30 ba01 | 000f 85c5 | 5900 0049 | 8d04 ece9 | bc00 0000 | 438b 4cc4 

  0x000001fe1074de30: ;   {metadata('java/util/concurrent/ConcurrentHashMap$ReservationNode')}
  0x000001fe1074de30: 0881 f9d0 | b217 000f | 8553 5500 | 0044 8b54 | 2478 438b | 6cd4 3849 | 8b8f b801 | 0000 4c8b 
  0x000001fe1074de50: d149 83c2 | 184d 3b97 | c801 0000 | 0f83 5e31 | 0000 4d89 | 97b8 0100 | 0041 0f18 | 82c0 0000 
  0x000001fe1074de70: 0048 c701 | 0100 0000 

  0x000001fe1074de78: ;   {metadata('java/lang/ClassLoader$$Lambda+0x000001fe2c0648b0')}
  0x000001fe1074de78: c741 08b0 | 4806 0144 | 8961 0c4c | 8961 1044 | 8b44 2478 | 4489 410c | 4489 6910 | 85ed 0f84 
  0x000001fe1074de98: cc45 0000 | 4c89 7424 | 484c 894c | 2428 4c89 | 5c24 2049 | 8d14 ec4d | 8bc1 4c8b | c966 6690 
  0x000001fe1074deb8: ;   {optimized virtual_call}
  0x000001fe1074deb8: c5f8 77e8 

  0x000001fe1074debc: ; ImmutableOopMap {[40]=Oop [48]=Oop [64]=Oop [72]=Oop [80]=Oop [88]=Oop [96]=NarrowOop [112]=Oop [120]=NarrowOop [124]=NarrowOop }
                      ;*invokevirtual compute {reexecute=0 rethrow=0 return_oop=1}
                      ; - java.lang.ClassLoader::definePackage@78 (line 2129)
                      ; - java.lang.ClassLoader::getDefinedPackage@32 (line 2267)
                      ; - java.net.URLClassLoader::getAndVerifyPackage@2 (line 457)
                      ; - java.net.URLClassLoader::defineClass@46 (line 492)
                      ; - java.net.URLClassLoader$1::run@43 (line 427)
                      ; - java.net.URLClassLoader$1::run@1 (line 421)
  0x000001fe1074debc: c00b 63ff 

  0x000001fe1074dec0: ;   {other}
  0x000001fe1074dec0: 0f1f 8400 | 301b 000b 

  0x000001fe1074dec8: ; implicit exception: dispatches to 0x000001fe10753b78
  0x000001fe1074dec8: 448b 5008 

  0x000001fe1074decc: ;   {metadata('java/lang/Package')}
  0x000001fe1074decc: 4181 fa30 | ba01 000f | 853b 5800 | 004c 8b5c | 2420 4c8b | 4c24 284c | 8b74 2448 | 448b 5010 
  0x000001fe1074deec: ; implicit exception: dispatches to 0x000001fe10753abc
  0x000001fe1074deec: 478b 44d4 | 1c45 85c0 | 0f85 1244 | 0000 448b | 4014 438b | 6cc4 2485 | ed0f 85a5 | 4400 004d 
  0x000001fe1074df0c: 85f6 7441 | 4889 4424 | 684c 8974 | 2448 4c89 | 4c24 284c | 895c 2420 | 488b 5424 | 504d 8bc1 
  0x000001fe1074df2c: 4d8b ce49 | 8be8 6690 

  0x000001fe1074df34: ;   {optimized virtual_call}
  0x000001fe1074df34: c5f8 77e8 

  0x000001fe1074df38: ; ImmutableOopMap {rbp=Oop [40]=Oop [48]=Oop [64]=Oop [72]=Oop [80]=Oop [88]=Oop [96]=NarrowOop [104]=Oop [112]=Oop [120]=NarrowOop [124]=NarrowOop }
                      ;*invokevirtual isSealed {reexecute=0 rethrow=0 return_oop=0}
                      ; - java.net.URLClassLoader::getAndVerifyPackage@68 (line 469)
                      ; - java.net.URLClassLoader::defineClass@46 (line 492)
                      ; - java.net.URLClassLoader$1::run@43 (line 427)
                      ; - java.net.URLClassLoader$1::run@1 (line 421)
  0x000001fe1074df38: 844d ebff 

  0x000001fe1074df3c: ;   {other}
  0x000001fe1074df3c: 0f1f 8400 | ac1b 000c | 85c0 0f85 | a844 0000 | 4c8b 5c24 | 204c 895c | 2428 eb5c | 49bb 0000 
  0x000001fe1074df5c: cc7b fe01 | 0000 448b | 4424 604d | 8bd0 49c1 

  0x000001fe1074df6c: ;   {metadata('java/lang/IllegalArgumentException')}
  0x000001fe1074df6c: e203 48bd | 00ba 062b | fe01 0000 | 4d85 f60f | 842b 1c00 | 004c 8954 | 2468 4c89 | 7424 484c 
  0x000001fe1074df8c: 894c 2420 | 4c89 5c24 | 2848 8b54 | 2450 4d8b | c14d 8bce | 498b fa90 

  0x000001fe1074dfa4: ;   {optimized virtual_call}
  0x000001fe1074dfa4: c5f8 77e8 

  0x000001fe1074dfa8: ; ImmutableOopMap {[32]=Oop [48]=Oop [64]=Oop [72]=Oop [80]=Oop [88]=Oop [96]=NarrowOop [104]=Oop [112]=Oop [120]=NarrowOop [124]=NarrowOop }
                      ;*invokevirtual definePackage {reexecute=0 rethrow=0 return_oop=1}
                      ; - java.net.URLClassLoader::defineClass@64 (line 495)
                      ; - java.net.URLClassLoader$1::run@43 (line 427)
                      ; - java.net.URLClassLoader$1::run@1 (line 421)
  0x000001fe1074dfa8: 7485 bcef 

  0x000001fe1074dfac: ;   {other}
  0x000001fe1074dfac: 0f1f 8400 | 1c1c 000d | 488b 5424 | 4066 6690 

  0x000001fe1074dfbc: ;   {optimized virtual_call}
  0x000001fe1074dfbc: c5f8 77e8 

  0x000001fe1074dfc0: ; ImmutableOopMap {[48]=Oop [64]=Oop [80]=Oop [88]=Oop [96]=NarrowOop [112]=Oop [120]=NarrowOop [124]=NarrowOop }
                      ;*invokevirtual cachedInputStream {reexecute=0 rethrow=0 return_oop=1}
                      ; - jdk.internal.loader.Resource::getByteBuffer@1 (line 163)
                      ; - java.net.URLClassLoader::defineClass@132 (line 511)
                      ; - java.net.URLClassLoader$1::run@43 (line 427)
                      ; - java.net.URLClassLoader$1::run@1 (line 421)
  0x000001fe1074dfc0: fc0c d9ff 

  0x000001fe1074dfc4: ;   {other}
  0x000001fe1074dfc4: 0f1f 8400 | 341c 000e | 4c8b d044 

  0x000001fe1074dfd0: ;   {metadata('sun/nio/ByteBuffered')}
  0x000001fe1074dfd0: 8b40 0848 | b8d8 0736 | 2bfe 0100 | 0048 be00 | 0000 2bfe | 0100 0049 | 03f0 4c8b | 5e20 4c3b 
  0x000001fe1074dff0: d80f 84ad | 3b00 0048 | 8b7e 288b | 0f48 83c7 | 0848 85c0 | f248 af0f | 8504 0000 | 0048 8946 
  0x000001fe1074e010: 200f 848d | 3b00 004c | 8b44 2440 | 458b 5008 

  0x000001fe1074e020: ;   {metadata('jdk/internal/loader/URLClassPath$JarLoader$2')}
  0x000001fe1074e020: 4181 fae8 | 2421 000f | 85c4 1700 | 0049 8bd0 | 498b e890 

  0x000001fe1074e034: ;   {optimized virtual_call}
  0x000001fe1074e034: c5f8 77e8 

  0x000001fe1074e038: ; ImmutableOopMap {rbp=Oop [48]=Oop [64]=Oop [80]=Oop [88]=Oop [96]=NarrowOop [120]=NarrowOop [124]=NarrowOop }
                      ;*invokevirtual getBytes {reexecute=0 rethrow=0 return_oop=1}
                      ; - java.net.URLClassLoader::defineClass@179 (line 519)
                      ; - java.net.URLClassLoader$1::run@43 (line 427)
                      ; - java.net.URLClassLoader$1::run@1 (line 421)
  0x000001fe1074e038: 44d7 bfff 

  0x000001fe1074e03c: ;   {other}
  0x000001fe1074e03c: 0f1f 8400 | ac1c 000f | 4889 4424 | 684c 8b5c | 2440 458b 

  0x000001fe1074e050: ;   {metadata('jdk/internal/loader/URLClassPath$JarLoader$2')}
  0x000001fe1074e050: 4308 4181 | f8e8 2421 | 000f 8502 | 1b00 004c | 8b54 2440 | 418b 6a1c 

  0x000001fe1074e068: ; implicit exception: dispatches to 0x000001fe10753a08
  0x000001fe1074e068: 458b 44ec 

  0x000001fe1074e06c: ;   {metadata('java/util/jar/JarFile$JarFileEntry')}
  0x000001fe1074e06c: 0841 81f8 | b810 3100 | 0f85 763e | 0000 4d8d | 0cec 418b | 4964 418b | 6ccc 3085 | ed0f 8549 
  0x000001fe1074e08c: 4100 0045 | 0fb6 44cc | 1245 85c0 | 0f85 bd16 | 0000 418b | 695c 85ed | 0f85 1e40 | 0000 458b 
  0x000001fe1074e0ac: 5164 438b | 6cd4 3085 | ed0f 8541 | 4100 0049 | 8b87 b801 | 0000 4c8b | d049 83c2 | 284d 3b97 
  0x000001fe1074e0cc: c801 0000 | 0f83 341f | 0000 4d89 | 97b8 0100 | 0041 0f18 | 82c0 0000 | 0048 c700 | 0100 0000 
  0x000001fe1074e0ec: ;   {metadata('java/security/CodeSource')}
  0x000001fe1074e0ec: c740 08c0 | 5c00 0044 | 8960 0c4c | 8960 104c | 8960 184c | 8960 2044 | 8b54 2460 | 4489 500c 
  0x000001fe1074e10c: 4585 d20f | 8423 4000 | 0048 8be8 | 4c89 5c24 | 404b 8d14 | d466 6690 

  0x000001fe1074e124: ;   {static_call}
  0x000001fe1074e124: c5f8 77e8 

  0x000001fe1074e128: ; ImmutableOopMap {rbp=Oop [48]=Oop [64]=Oop [80]=Oop [88]=Oop [104]=Oop [120]=NarrowOop [124]=NarrowOop }
                      ;*invokestatic urlNoFragString {reexecute=0 rethrow=0 return_oop=1}
                      ; - java.security.CodeSource::<init>@30 (line 123)
                      ; - java.net.URLClassLoader::defineClass@198 (line 522)
                      ; - java.net.URLClassLoader$1::run@43 (line 427)
                      ; - java.net.URLClassLoader$1::run@1 (line 421)
  0x000001fe1074e128: 1449 d8ff 

  0x000001fe1074e12c: ;   {other}
  0x000001fe1074e12c: 0f1f 8400 | 9c1d 0010 | 488b d841 | 807f 4000 | 0f85 c81a | 0000 4c8b | ed4c 8bd3 | 49c1 ea03 
  0x000001fe1074e14c: 4589 5520 | 4c8b d34d | 8bdd 4d33 | d349 c1ea | 164d 85d2 | 741b 4885 | db74 1649 | c1eb 094c 
  0x000001fe1074e16c: 8b44 2428 | 4d03 c341 | 8038 020f | 85c7 1a00 | 00c5 f877 | 49ba d08d | e9d9 f97f | 0000 41ff 
  0x000001fe1074e18c: ;   {other}
  0x000001fe1074e18c: d20f 1f84 | 0000 0000 | 004c 8bc0 | 4c2b 4424 

  0x000001fe1074e19c: ;   {oop(a 'jdk/internal/perf/PerfCounter'{0x0000000600400308})}
  0x000001fe1074e19c: 3849 bb08 | 0340 0006 | 0000 0048 | 8d9c 24d0 | 0000 0049 | 8b03 a802 | 0f85 2300 | 0000 4883 
  0x000001fe1074e1bc: c801 4889 | 03f0 490f | b11b 0f84 | 3700 0000 | 482b c448 | 2507 f0ff | ff48 8903 | e924 0000 
  0x000001fe1074e1dc: 004c 8bd0 | 4833 c0f0 | 4d0f b17a | 3e48 c703 | 0300 0000 | 7411 4c3b | f875 1549 | ff82 8600 
  0x000001fe1074e1fc: 0000 4833 | c075 0949 | ff87 4805 | 0000 33c0 | 0f85 623a 

  0x000001fe1074e210: ;   {oop(a 'jdk/internal/perf/PerfCounter'{0x0000000600400308})}
  0x000001fe1074e210: 0000 49ba | 0803 4000 | 0600 0000 | 458b 5a10 

  0x000001fe1074e220: ; implicit exception: dispatches to 0x000001fe1075392c
  0x000001fe1074e220: 438b 6cdc | 2485 ed0f | 8580 3a00 | 0043 8b6c | dc1c 85ed | 0f8c a23a | 0000 85ed | 0f84 8639 
  0x000001fe1074e240: 0000 4f8b | 54dc 104d 

  0x000001fe1074e248: ;   {oop(a 'jdk/internal/perf/PerfCounter'{0x0000000600400308})}
  0x000001fe1074e248: 0102 49bb | 0803 4000 | 0600 0000 | 488d 8424 | d000 0000 | 4883 3800 | 0f84 7900 | 0000 4d8b 
  0x000001fe1074e268: 1341 f6c2 | 020f 8462 | 0000 0049 | 83ba 8600 | 0000 0074 | 0949 ff8a | 8600 0000 | eb4b 498b 
  0x000001fe1074e288: 8296 0000 | 0049 0b82 | 8e00 0000 | 750a 49c7 | 423e 0000 | 0000 eb3d | 4983 ba9e | 0000 0000 
  0x000001fe1074e2a8: 7422 4833 | c049 c742 | 3e00 0000 | 00f0 8304 | 2400 4983 | ba9e 0000 | 0000 750d | f04d 0fb1 
  0x000001fe1074e2c8: 7a3e 7505 | 83c8 01eb | 0ca8 00eb | 084c 8b10 | f04d 0fb1 | 1375 0a49 | ff8f 4805 | 0000 4533 
  0x000001fe1074e2e8: d20f 851d | 3a00 004c | 8b4c 2468 

  0x000001fe1074e2f4: ; implicit exception: dispatches to 0x000001fe10753948
  0x000001fe1074e2f4: 418b 710c | 488b 5424 | 504c 8b44 | 2430 33ff | 498b cd90 

  0x000001fe1074e308: ;   {optimized virtual_call}
  0x000001fe1074e308: c5f8 77e8 

  0x000001fe1074e30c: ; ImmutableOopMap {[64]=Oop [88]=Oop }
                      ;*invokevirtual defineClass {reexecute=0 rethrow=0 return_oop=1}
                      ; - java.net.URLClassLoader::defineClass@220 (line 524)
                      ; - java.net.URLClassLoader$1::run@43 (line 427)
                      ; - java.net.URLClassLoader$1::run@1 (line 421)
  0x000001fe1074e30c: 70b7 e1ff 

  0x000001fe1074e310: ;   {other}
  0x000001fe1074e310: 0f1f 8400 | 801f 0011 | c5f8 7748 | 81c4 f000 

  0x000001fe1074e320: ;   {poll_return}
  0x000001fe1074e320: 0000 5d49 | 3ba7 4804 | 0000 0f87 | f463 0000 | c3c6 4413 | 1573 c644 | 1314 73c6 | 4413 1361 
  0x000001fe1074e340: c644 1312 | 6cc6 4413 | 1163 c644 | 1310 2ee9 | 69ee ffff | 41b8 2f00 | 0000 e9eb | ebff ff49 
  0x000001fe1074e360: 8b87 b801 | 0000 4c8b | d049 83c2 | 184d 3b97 | c801 0000 | 0f83 ec2c | 0000 4d89 | 97b8 0100 
  0x000001fe1074e380: 0041 0f18 | 82c0 0000 | 0048 c700 | 0100 0000 

  0x000001fe1074e390: ;   {metadata('java/lang/String')}
  0x000001fe1074e390: c740 0840 | e700 0044 | 8960 0c44 

  0x000001fe1074e39c: ;   {oop([B{0x00000007ff9ff028})}
  0x000001fe1074e39c: 8960 10c7 | 4014 05fe 

  0x000001fe1074e3a4: ;   {oop(".class"{0x0000000600400338})}
  0x000001fe1074e3a4: f3ff 49ba | 3803 4000 | 0600 0000 | 458b 5a0c | 4489 580c | 450f b65a | 1144 8858 | 11e9 80ee 
  0x000001fe1074e3c4: ffff 450f | b651 1145 | 85d2 0f85 | 001a 0000 | 458b 5114 | 4b8d 2cdc | 498b d248 | c1e2 0341 
  0x000001fe1074e3e4: 8079 1000 | 0f85 341d | 0000 4489 | 5c24 644c | 89b4 2480 | 0000 0048 | ffb4 24b8 | 0000 0048 
  0x000001fe1074e404: 8f44 2468 | 4c8b 5424 | 304c 8954 | 2448 448b | 5424 7c44 | 8954 2434 | 448b 5424 | 7844 8954 
  0x000001fe1074e424: 2430 4c89 | 6c24 284c | 8b54 2470 | 4c89 5424 | 2066 6690 

  0x000001fe1074e438: ;   {static_call}
  0x000001fe1074e438: c5f8 77e8 

  0x000001fe1074e43c: ; ImmutableOopMap {rbp=Oop [32]=Oop [48]=NarrowOop [52]=NarrowOop [64]=Oop [72]=Oop [80]=Oop [88]=Oop [96]=NarrowOop [100]=NarrowOop [104]=Oop [128]=Oop [184]=Oop }
                      ;*invokestatic hashCode {reexecute=0 rethrow=0 return_oop=0}
                      ; - java.lang.String::hashCode@27 (line 2369)
                      ; - java.util.concurrent.ConcurrentHashMap::get@1 (line 936)
                      ; - java.lang.ClassLoader::getDefinedPackage@13 (line 2263)
                      ; - java.net.URLClassLoader::getAndVerifyPackage@2 (line 457)
                      ; - java.net.URLClassLoader::defineClass@46 (line 492)
                      ; - java.net.URLClassLoader$1::run@43 (line 427)
                      ; - java.net.URLClassLoader$1::run@1 (line 421)
  0x000001fe1074e43c: 8017 bbff 

  0x000001fe1074e440: ;   {other}
  0x000001fe1074e440: 0f1f 8400 | b020 0012 | 85c0 0f84 | 311d 0000 | 4c8b 4c24 | 6841 8941 | 0c4c 8b54 | 2420 4c89 
  0x000001fe1074e460: 5424 704c | 8b6c 2428 | 448b 5424 | 3044 8954 | 2478 448b | 5424 3444 | 8954 247c | 4c8b 5424 
  0x000001fe1074e480: 484c 8954 | 2430 4c8b | b424 8000 | 0000 448b | 5c24 64e9 | 8af3 ffff | 4181 fa00 | 0010 000f 
  0x000001fe1074e4a0: 87fb 4100 | 004d 63ca | 453b da41 | 8beb 410f | 4fea 443b | dd0f 8259 | 4200 0044 | 3bd5 0f82 
  0x000001fe1074e4c0: 5042 0000 | 4983 c117 | 4d8b d949 | 83e3 f841 | 81fa 0000 | 1000 0f87 | 412d 0000 | 498b b7b8 
  0x000001fe1074e4e0: 0100 004c | 8bc6 4d03 | c34d 3b87 | c801 0000 | 0f83 272d | 0000 4d89 | 87b8 0100 | 0041 0f18 
  0x000001fe1074e500: 80c0 0000 | 0048 c706 | 0100 0000 | 410f 1880 | 0001 0000 

  0x000001fe1074e514: ;   {metadata({type array byte})}
  0x000001fe1074e514: c746 0868 | 2200 0044 | 8956 0c41 | 0f18 8040 | 0100 0041 | 0f18 8080 | 0100 004c | 8bc6 4983 
  0x000001fe1074e534: c010 49c1 | e903 85ed | 0f84 6641 | 0000 413b | ea0f 8c50 | 1900 004d | 8bc8 4889 | b424 8000 
  0x000001fe1074e554: 0000 4889 | 5c24 6849 | 83c3 f049 | c1eb 0349 | 8bd1 4d8b | c3c5 f877 | 49ba 6033 | d60f fe01 
  0x000001fe1074e574: 0000 41ff 

  0x000001fe1074e578: ;   {other}
  0x000001fe1074e578: d20f 1f84 | 0000 0000 | 0048 8b5c | 2468 488b | b424 8000 | 0000 e933 | f0ff ff4c | 8b54 2430 
  0x000001fe1074e598: 4c89 9424 | b800 0000 | e96f f0ff | ff45 85c0 | 0f85 2d18 | 0000 498b | d248 c1e2 | 0349 8d2c 
  0x000001fe1074e5b8: dc41 8079 | 1000 0f85 | c31d 0000 | 899c 2490 | 0000 0044 | 896c 2464 | 4c89 b424 | 8800 0000 
  0x000001fe1074e5d8: 4c89 8c24 | 8000 0000 | 4c89 5c24 | 684c 8b54 | 2450 4c89 | 5424 4844 | 8b5c 247c | 4489 5c24 
  0x000001fe1074e5f8: 2c44 8b5c | 2478 4489 | 5c24 284c | 8b54 2470 | 4c89 5424 | 2066 6690 

  0x000001fe1074e610: ;   {static_call}
  0x000001fe1074e610: c5f8 77e8 

  0x000001fe1074e614: ; ImmutableOopMap {rbp=Oop [32]=Oop [40]=NarrowOop [44]=NarrowOop [48]=Oop [64]=Oop [72]=Oop [88]=Oop [96]=NarrowOop [100]=NarrowOop [128]=Oop [136]=Oop [144]=NarrowOop }
                      ;*invokestatic hashCode {reexecute=0 rethrow=0 return_oop=0}
                      ; - java.lang.String::hashCode@27 (line 2369)
                      ; - java.util.concurrent.ConcurrentHashMap::get@1 (line 936)
                      ; - java.lang.ClassLoader::definePackage@47 (line 2125)
                      ; - java.lang.ClassLoader::getDefinedPackage@32 (line 2267)
                      ; - java.net.URLClassLoader::getAndVerifyPackage@2 (line 457)
                      ; - java.net.URLClassLoader::defineClass@46 (line 492)
                      ; - java.net.URLClassLoader$1::run@43 (line 427)
                      ; - java.net.URLClassLoader$1::run@1 (line 421)
  0x000001fe1074e614: 680a 63ff 

  0x000001fe1074e618: ;   {other}
  0x000001fe1074e618: 0f1f 8400 | 8822 0013 | 85c0 0f84 | bd1d 0000 | 4c8b 8c24 | 8000 0000 | 4189 410c | 4c8b 5424 
  0x000001fe1074e638: 204c 8954 | 2470 448b | 5c24 2844 | 895c 2478 | 448b 5c24 | 2c44 895c | 247c 4c8b | 5424 484c 
  0x000001fe1074e658: 8954 2450 | 4c8b 5c24 | 684c 8bb4 | 2488 0000 | 0044 8b6c | 2464 8b9c | 2490 0000 | 00e9 d6f4 
  0x000001fe1074e678: ffff 41b9 | 2f00 0000 | e9ba e9ff | ff4c 898c | 2480 0000 | 004c 8954 | 2468 4c8b | 5424 304c 
  0x000001fe1074e698: 8954 2448 | 448b 5424 | 7c44 8954 | 2434 448b | 5c24 7844 | 895c 2430 | 4c89 6c24 | 284c 8b54 
  0x000001fe1074e6b8: 2470 4c89 | 5424 2049 | 8bd1 6690 

  0x000001fe1074e6c4: ;   {optimized virtual_call}
  0x000001fe1074e6c4: c5f8 77e8 

  0x000001fe1074e6c8: ; ImmutableOopMap {[32]=Oop [48]=NarrowOop [52]=NarrowOop [64]=Oop [72]=Oop [80]=Oop [88]=Oop [96]=NarrowOop [104]=Oop [112]=Oop [120]=NarrowOop [124]=NarrowOop [128]=Oop [184]=Oop }
                      ;*invokevirtual getManEntry {reexecute=0 rethrow=0 return_oop=1}
                      ; - java.util.jar.JarFile::getManifestFromReference@27 (line 413)
                      ; - java.util.jar.JarFile::getManifest@1 (line 405)
                      ; - jdk.internal.loader.URLClassPath$JarLoader$2::getManifest@22 (line 853)
                      ; - java.net.URLClassLoader::defineClass@34 (line 491)
                      ; - java.net.URLClassLoader$1::run@43 (line 427)
                      ; - java.net.URLClassLoader$1::run@1 (line 421)
  0x000001fe1074e6c8: 3416 b6ef 

  0x000001fe1074e6cc: ;   {other}
  0x000001fe1074e6cc: 0f1f 8400 | 3c23 0014 | 4885 c00f | 84c0 1600 | 004c 8b84 | 2480 0000 | 0045 0fb6 | 5012 4585 
  0x000001fe1074e6ec: d20f 8572 | 0200 0049 | 8be8 498b | d04c 8bc0 

  0x000001fe1074e6fc: ;   {optimized virtual_call}
  0x000001fe1074e6fc: c5f8 77e8 

  0x000001fe1074e700: ; ImmutableOopMap {rbp=Oop [32]=Oop [48]=NarrowOop [52]=NarrowOop [64]=Oop [72]=Oop [80]=Oop [88]=Oop [96]=NarrowOop [104]=Oop [184]=Oop }
                      ;*invokespecial getInputStream {reexecute=0 rethrow=0 return_oop=1}
                      ; - java.util.jar.JarFile::getManifestFromReference@130 (line 431)
                      ; - java.util.jar.JarFile::getManifest@1 (line 405)
                      ; - jdk.internal.loader.URLClassPath$JarLoader$2::getManifest@22 (line 853)
                      ; - java.net.URLClassLoader::defineClass@34 (line 491)
                      ; - java.net.URLClassLoader$1::run@43 (line 427)
                      ; - java.net.URLClassLoader$1::run@1 (line 421)
  0x000001fe1074e700: bcaf 57f0 

  0x000001fe1074e704: ;   {other}
  0x000001fe1074e704: 0f1f 8400 | 7423 0015 | 4889 4424 | 7049 8b87 | b801 0000 | 4c8b d049 | 83c2 184d | 3b97 c801 
  0x000001fe1074e724: 0000 0f83 | fc31 0000 | 4d89 97b8 | 0100 0041 | 0f18 82c0 | 0000 0048 | c700 0100 

  0x000001fe1074e740: ;   {metadata('java/util/jar/Manifest')}
  0x000001fe1074e740: 0000 c740 | 08e0 f004 | 0044 8960 | 0c4c 8960 | 104c 8bd8 | 4c8b c541 | 8b48 1449 | 8baf b801 
  0x000001fe1074e760: 0000 4c8b | d549 83c2 | 104d 3b97 | c801 0000 | 0f83 7e31 | 0000 4d89 | 97b8 0100 | 0041 0f18 
  0x000001fe1074e780: 82c0 0000 | 0048 c745 | 0001 0000 

  0x000001fe1074e78c: ;   {metadata('java/util/jar/Attributes')}
  0x000001fe1074e78c: 00c7 4508 | 18d1 1600 | 4489 650c | 4c89 4424 | 784c 899c | 2480 0000 | 0089 4c24 | 64ba 1000 
  0x000001fe1074e7ac: 0000 6690 

  0x000001fe1074e7b0: ;   {static_call}
  0x000001fe1074e7b0: c5f8 77e8 

  0x000001fe1074e7b4: ; ImmutableOopMap {rbp=Oop [32]=Oop [48]=NarrowOop [52]=NarrowOop [64]=Oop [72]=Oop [80]=Oop [88]=Oop [96]=NarrowOop [100]=NarrowOop [104]=Oop [112]=Oop [120]=Oop [128]=Oop [184]=Oop }
                      ;*invokestatic newLinkedHashMap {reexecute=0 rethrow=0 return_oop=1}
                      ; - java.util.jar.Attributes::<init>@6 (line 83)
                      ; - java.util.jar.Attributes::<init>@3 (line 73)
                      ; - java.util.jar.Manifest::<init>@9 (line 55)
                      ; - java.util.jar.Manifest::<init>@4 (line 88)
                      ; - java.util.jar.JarFile::getManifestFromReference@143 (line 432)
                      ; - java.util.jar.JarFile::getManifest@1 (line 405)
                      ; - jdk.internal.loader.URLClassPath$JarLoader$2::getManifest@22 (line 853)
                      ; - java.net.URLClassLoader::defineClass@34 (line 491)
                      ; - java.net.URLClassLoader$1::run@43 (line 427)
                      ; - java.net.URLClassLoader$1::run@1 (line 421)
  0x000001fe1074e7b4: 68e7 b9ef 

  0x000001fe1074e7b8: ;   {other}
  0x000001fe1074e7b8: 0f1f 8400 | 2824 0016 | 488b d841 | 807f 4000 | 0f85 7a26 | 0000 4c8b | db4d 8bd3 | 49c1 ea03 
  0x000001fe1074e7d8: 4489 550c | 4d8b d344 | 8b5c 2464 | 49c1 e303 | 4c89 9c24 | 8800 0000 | 488b fd48 | c1ef 034c 
  0x000001fe1074e7f8: 8bdd 4d33 | d349 c1ea | 164d 85d2 | 741f 4885 | db74 1a49 | c1eb 0948 | b900 00cc | 7bfe 0100 
  0x000001fe1074e818: 0049 03cb | 8039 020f | 8542 2700 | 0041 807f | 4000 0f85 | d125 0000 | 4c8b 8424 | 8000 0000 
  0x000001fe1074e838: 4189 780c | 4c8b d54d | 8bd8 4d33 | d349 c1ea | 164d 85d2 | 741a 49c1 | eb09 48b9 | 0000 cc7b 
  0x000001fe1074e858: fe01 0000 | 4903 cb80 | 3902 0f85 | a826 0000 | 4d8b 8fb8 | 0100 004d | 8bd1 4983 | c230 4d3b 
  0x000001fe1074e878: 97c8 0100 | 000f 83c6 | 3000 004d | 8997 b801 | 0000 410f | 1882 c000 | 0000 49c7 | 0101 0000 
  0x000001fe1074e898: ;   {metadata('java/util/HashMap')}
  0x000001fe1074e898: 0041 c741 | 0880 c608 | 0045 8961 | 0c4d 8961 | 104d 8961 | 184d 8961 | 2849 c741 | 2000 0040 
  0x000001fe1074e8b8: 3f41 807f | 4000 0f85 | 0625 0000 | 4d8b d949 | c1eb 0345 | 8958 104d | 8bd0 4d8b | d94d 33da 
  0x000001fe1074e8d8: 49c1 eb16 | 4d85 db74 | 1a49 c1ea | 0948 b900 | 00cc 7bfe | 0100 0049 | 03ca 8039 | 020f 85be 
  0x000001fe1074e8f8: 2500 0049 | 8be8 498b | d04c 8b44 | 2470 4c8b | 8c24 8800 | 0000 6690 

  0x000001fe1074e910: ;   {optimized virtual_call}
  0x000001fe1074e910: c5f8 77e8 

  0x000001fe1074e914: ; ImmutableOopMap {rbp=Oop [32]=Oop [48]=NarrowOop [52]=NarrowOop [64]=Oop [72]=Oop [80]=Oop [88]=Oop [96]=NarrowOop [104]=Oop [112]=Oop [120]=Oop [184]=Oop }
                      ;*invokevirtual read {reexecute=0 rethrow=0 return_oop=0}
                      ; - java.util.jar.Manifest::<init>@29 (line 101)
                      ; - java.util.jar.Manifest::<init>@4 (line 88)
                      ; - java.util.jar.JarFile::getManifestFromReference@143 (line 432)
                      ; - java.util.jar.JarFile::getManifest@1 (line 405)
                      ; - jdk.internal.loader.URLClassPath$JarLoader$2::getManifest@22 (line 853)
                      ; - java.net.URLClassLoader::defineClass@34 (line 491)
                      ; - java.net.URLClassLoader$1::run@43 (line 427)
                      ; - java.net.URLClassLoader$1::run@1 (line 421)
  0x000001fe1074e914: 0863 baef 

  0x000001fe1074e918: ;   {other}
  0x000001fe1074e918: 0f1f 8400 | 8825 0017 | 4180 7f40 | 000f 8554 | 2500 004c | 8bd5 4589 | 6214 4c8b | 4424 7045 
  0x000001fe1074e938: ;   {metadata('java/util/zip/ZipFile$ZipFileInflaterInputStream')}
  0x000001fe1074e938: 8b48 0841 | 81f9 d081 | 3100 0f85 | 2141 0000 | 498b ea49 | 8bd0 6690 

  0x000001fe1074e950: ;   {optimized virtual_call}
  0x000001fe1074e950: c5f8 77e8 

  0x000001fe1074e954: ; ImmutableOopMap {rbp=Oop [32]=Oop [48]=NarrowOop [52]=NarrowOop [64]=Oop [72]=Oop [80]=Oop [88]=Oop [96]=NarrowOop [104]=Oop [120]=Oop [184]=Oop }
                      ;*invokevirtual close {reexecute=0 rethrow=0 return_oop=0}
                      ; - java.util.jar.JarFile::getManifestFromReference@152 (line 433)
                      ; - java.util.jar.JarFile::getManifest@1 (line 405)
                      ; - jdk.internal.loader.URLClassPath$JarLoader$2::getManifest@22 (line 853)
                      ; - java.net.URLClassLoader::defineClass@34 (line 491)
                      ; - java.net.URLClassLoader$1::run@43 (line 427)
                      ; - java.net.URLClassLoader$1::run@1 (line 421)
  0x000001fe1074e954: 086f d6ff 

  0x000001fe1074e958: ;   {other}
  0x000001fe1074e958: 0f1f 8400 | c825 0018 | e9f4 0b00 | 0048 8944 | 2470 498b | e849 8bd0 | 4c8b c090 

  0x000001fe1074e974: ;   {optimized virtual_call}
  0x000001fe1074e974: c5f8 77e8 

  0x000001fe1074e978: ; ImmutableOopMap {rbp=Oop [32]=Oop [48]=NarrowOop [52]=NarrowOop [64]=Oop [72]=Oop [80]=Oop [88]=Oop [96]=NarrowOop [104]=Oop [112]=Oop [128]=Oop [184]=Oop }
                      ;*invokevirtual getBytes {reexecute=0 rethrow=0 return_oop=1}
                      ; - java.util.jar.JarFile::getManifestFromReference@44 (line 418)
                      ; - java.util.jar.JarFile::getManifest@1 (line 405)
                      ; - jdk.internal.loader.URLClassPath$JarLoader$2::getManifest@22 (line 853)
                      ; - java.net.URLClassLoader::defineClass@34 (line 491)
                      ; - java.net.URLClassLoader$1::run@43 (line 427)
                      ; - java.net.URLClassLoader$1::run@1 (line 421)
  0x000001fe1074e978: 0401 63ff 

  0x000001fe1074e97c: ;   {other}
  0x000001fe1074e97c: 0f1f 8400 | ec25 0019 | 4889 4424 | 784c 8bdd | 410f b66b | 1185 ed0f | 856f 4100 | 0049 8bd3 
  0x000001fe1074e99c: ;   {optimized virtual_call}
  0x000001fe1074e99c: c5f8 77e8 

  0x000001fe1074e9a0: ; ImmutableOopMap {[32]=Oop [48]=NarrowOop [52]=NarrowOop [64]=Oop [72]=Oop [80]=Oop [88]=Oop [96]=NarrowOop [104]=Oop [112]=Oop [120]=Oop [128]=Oop [184]=Oop }
                      ;*invokevirtual getManifestNum {reexecute=0 rethrow=0 return_oop=0}
                      ; - java.util.zip.ZipFile$1::getManifestNum@1 (line 1125)
                      ; - java.util.jar.JarFile::getManifestFromReference@59 (line 420)
                      ; - java.util.jar.JarFile::getManifest@1 (line 405)
                      ; - jdk.internal.loader.URLClassPath$JarLoader$2::getManifest@22 (line 853)
                      ; - java.net.URLClassLoader::defineClass@34 (line 491)
                      ; - java.net.URLClassLoader$1::run@43 (line 427)
                      ; - java.net.URLClassLoader$1::run@1 (line 421)
  0x000001fe1074e9a0: dc00 63ff 

  0x000001fe1074e9a4: ;   {other}
  0x000001fe1074e9a4: 0f1f 8400 | 1426 001a | 83f8 010f | 8587 4100 | 004d 8b97 | b801 0000 | 4d8b da49 | 83c3 404d 
  0x000001fe1074e9c4: 3b9f c801 | 0000 0f83 | 202c 0000 | 4d89 9fb8 | 0100 0041 | 0f18 83c0 | 0000 0049 | c702 0100 
  0x000001fe1074e9e4: ;   {metadata('java/util/jar/JarVerifier')}
  0x000001fe1074e9e4: 0000 41c7 | 4208 781a | 1700 4589 | 620c 4d89 | 6210 4d89 | 6218 4d89 | 6220 4d89 | 6228 4d89 
  0x000001fe1074ea04: 6230 4d89 | 6238 4c8b | 4424 7045 

  0x000001fe1074ea10: ;   {metadata('java/util/jar/JarFile$JarFileEntry')}
  0x000001fe1074ea10: 8b58 0841 | 81fb b810 | 3100 0f85 | e03d 0000 | 4d8b d841 | c642 0e01 | 458b 5b60 | 4589 5a30 
  0x000001fe1074ea30: 41c6 420d | 0149 8bda | 4c8b 5424 | 7849 c1ea | 0341 8bfa | 4d8b d349 | c1e2 034c | 8bc3 4d33 
  0x000001fe1074ea50: d049 c1ea | 164d 85d2 | 741f 4585 | db74 1a49 | c1e8 0948 | b900 00cc | 7bfe 0100 | 0049 03c8 
  0x000001fe1074ea70: 8039 020f | 8502 2200 | 0041 807f | 4000 0f85 | b619 0000 | 4c8b cb44 | 8bc7 4589 | 412c 4d8b 
  0x000001fe1074ea90: d148 8b5c | 2478 4c8b | db4d 33da | 49c1 eb16 | 4d85 db74 | 1f48 85db | 741a 49c1 | ea09 48b9 
  0x000001fe1074eab0: 0000 cc7b | fe01 0000 | 4903 ca80 | 3902 0f85 | 0822 0000 | 498b afb8 | 0100 004c | 8bd5 4983 
  0x000001fe1074ead0: c230 4d3b | 97c8 0100 | 000f 8335 | 2b00 004d | 8997 b801 | 0000 410f | 1882 c000 | 0000 48c7 
  0x000001fe1074eaf0: 4500 0100 

  0x000001fe1074eaf4: ;   {metadata('java/util/Hashtable')}
  0x000001fe1074eaf4: 0000 c745 | 0890 d200 | 0044 8965 | 0c4c 8965 | 104c 8965 | 184c 8965 | 204c 8965 | 2848 895c 
  0x000001fe1074eb14: 2470 4c89 | 4c24 7844 | 8944 2464 

  0x000001fe1074eb20: ;   {section_word}
  0x000001fe1074eb20: c5fa 1005 | 18e1 ffff 

  0x000001fe1074eb28: ;   {static_call}
  0x000001fe1074eb28: c5f8 77e8 

  0x000001fe1074eb2c: ; ImmutableOopMap {rbp=Oop [32]=Oop [48]=NarrowOop [52]=NarrowOop [64]=Oop [72]=Oop [80]=Oop [88]=Oop [96]=NarrowOop [100]=NarrowOop [104]=Oop [112]=Oop [120]=Oop [128]=Oop [184]=Oop }
                      ;*invokestatic isNaN {reexecute=0 rethrow=0 return_oop=0}
                      ; - java.util.Hashtable::<init>@47 (line 190)
                      ; - java.util.Hashtable::<init>@5 (line 217)
                      ; - java.util.jar.JarVerifier::<init>@39 (line 105)
                      ; - java.util.jar.JarFile::getManifestFromReference@78 (line 421)
                      ; - java.util.jar.JarFile::getManifest@1 (line 405)
                      ; - jdk.internal.loader.URLClassPath$JarLoader$2::getManifest@22 (line 853)
                      ; - java.net.URLClassLoader::defineClass@34 (line 491)
                      ; - java.net.URLClassLoader$1::run@43 (line 427)
                      ; - java.net.URLClassLoader$1::run@1 (line 421)
  0x000001fe1074eb2c: 5005 63ff 

  0x000001fe1074eb30: ;   {other}
  0x000001fe1074eb30: 0f1f 8400 | a027 001b | 85c0 0f85 | 303d 0000 | c745 1400 | 0040 3f4d | 8b97 b801 | 0000 4d8b 
  0x000001fe1074eb50: da49 83c3 | 404d 3b9f | c801 0000 | 0f83 e62a | 0000 4d89 | 9fb8 0100 | 0041 0f18 | 83c0 0000 
  0x000001fe1074eb70: 0049 c702 | 0100 0000 | 410f 1883 | 0001 0000 

  0x000001fe1074eb80: ;   {metadata('java/util/Hashtable$Entry'[])}
  0x000001fe1074eb80: 41c7 4208 | b08c 1300 | 410f 1883 | 4001 0000 | 41c7 420c | 0b00 0000 | 410f 1883 | 8001 0000 
  0x000001fe1074eba0: 4d89 6210 | 4d89 6218 | 4d89 6220 | 4d89 6228 | 4d89 6230 | 4d89 6238 | 498b da41 | 807f 4000 
  0x000001fe1074ebc0: 0f85 b118 | 0000 4c8b | d34d 8bda | 49c1 eb03 | 4489 5d1c | 4c8b dd4d | 33d3 488b | dd48 c1eb 
  0x000001fe1074ebe0: 0349 c1ea | 164d 85d2 | 741a 49c1 | eb09 48b9 | 0000 cc7b | fe01 0000 | 4903 cb80 | 3902 0f85 
  0x000001fe1074ec00: 551c 0000 | 4180 7f40 | 000f 859f | 1800 004c | 8b54 2478 | 4189 5a14 | c745 1008 | 0000 004c 
  0x000001fe1074ec20: 8bd5 4c8b | 5c24 784d | 33d3 49c1 | ea16 4d85 | d274 1a49 | c1eb 0948 | b900 00cc | 7bfe 0100 
  0x000001fe1074ec40: 0049 03cb | 8039 020f | 85bb 1b00 | 0049 8baf | b801 0000 | 4c8b d549 | 83c2 304d | 3b97 c801 
  0x000001fe1074ec60: 0000 0f83 | 082a 0000 | 4d89 97b8 | 0100 0041 | 0f18 82c0 | 0000 0048 | c745 0001 

  0x000001fe1074ec7c: ;   {metadata('java/util/Hashtable')}
  0x000001fe1074ec7c: 0000 00c7 | 4508 90d2 | 0000 4489 | 650c 4c89 | 6510 4c89 | 6518 4c89 | 6520 4c89 

  0x000001fe1074ec98: ;   {section_word}
  0x000001fe1074ec98: 6528 c5fa | 1005 9edf | ffff 6690 

  0x000001fe1074eca4: ;   {static_call}
  0x000001fe1074eca4: c5f8 77e8 

  0x000001fe1074eca8: ; ImmutableOopMap {rbp=Oop [32]=Oop [48]=NarrowOop [52]=NarrowOop [64]=Oop [72]=Oop [80]=Oop [88]=Oop [96]=NarrowOop [100]=NarrowOop [104]=Oop [112]=Oop [120]=Oop [128]=Oop [184]=Oop }
                      ;*invokestatic isNaN {reexecute=0 rethrow=0 return_oop=0}
                      ; - java.util.Hashtable::<init>@47 (line 190)
                      ; - java.util.Hashtable::<init>@5 (line 217)
                      ; - java.util.jar.JarVerifier::<init>@50 (line 106)
                      ; - java.util.jar.JarFile::getManifestFromReference@78 (line 421)
                      ; - java.util.jar.JarFile::getManifest@1 (line 405)
                      ; - jdk.internal.loader.URLClassPath$JarLoader$2::getManifest@22 (line 853)
                      ; - java.net.URLClassLoader::defineClass@34 (line 491)
                      ; - java.net.URLClassLoader$1::run@43 (line 427)
                      ; - java.net.URLClassLoader$1::run@1 (line 421)
  0x000001fe1074eca8: d403 63ff 

  0x000001fe1074ecac: ;   {other}
  0x000001fe1074ecac: 0f1f 8400 | 1c29 001c | 85c0 0f85 | 083c 0000 | c745 1400 | 0040 3f4d | 8b97 b801 | 0000 4d8b 
  0x000001fe1074eccc: da49 83c3 | 404d 3b9f | c801 0000 | 0f83 b629 | 0000 4d89 | 9fb8 0100 | 0041 0f18 | 83c0 0000 
  0x000001fe1074ecec: 0049 c702 | 0100 0000 | 410f 1883 | 0001 0000 

  0x000001fe1074ecfc: ;   {metadata('java/util/Hashtable$Entry'[])}
  0x000001fe1074ecfc: 41c7 4208 | b08c 1300 | 410f 1883 | 4001 0000 | 41c7 420c | 0b00 0000 | 410f 1883 | 8001 0000 
  0x000001fe1074ed1c: 4d89 6210 | 4d89 6218 | 4d89 6220 | 4d89 6228 | 4d89 6230 | 4d89 6238 | 498b da41 | 807f 4000 
  0x000001fe1074ed3c: 0f85 a817 | 0000 4c8b | d349 c1ea | 0344 8955 | 1c4c 8bd3 | 4c8b dd4d | 33d3 488b | fd48 c1ef 
  0x000001fe1074ed5c: 0349 c1ea | 164d 85d2 | 741a 49c1 | eb09 48b9 | 0000 cc7b | fe01 0000 | 4903 cb80 | 3902 0f85 
  0x000001fe1074ed7c: 7b1b 0000 | 4180 7f40 | 000f 8596 | 1700 004c | 8b54 2478 | 4189 7a10 | c745 1008 | 0000 004c 
  0x000001fe1074ed9c: 8bd5 4c8b | 5c24 784d | 33d3 49c1 | ea16 4d85 | d274 1a49 | c1eb 0948 | b900 00cc | 7bfe 0100 
  0x000001fe1074edbc: 0049 03cb | 8039 020f | 85e1 1a00 | 0049 8baf | b801 0000 | 4c8b d549 | 83c2 304d | 3b97 c801 
  0x000001fe1074eddc: 0000 0f83 | d828 0000 | 4d89 97b8 | 0100 0041 | 0f18 82c0 | 0000 0048 | c745 0001 

  0x000001fe1074edf8: ;   {metadata('java/util/Hashtable')}
  0x000001fe1074edf8: 0000 00c7 | 4508 90d2 | 0000 4489 | 650c 4c89 | 6510 4c89 | 6518 4c89 | 6520 4c89 

  0x000001fe1074ee14: ;   {section_word}
  0x000001fe1074ee14: 6528 c5fa | 1005 22de | ffff 6690 

  0x000001fe1074ee20: ;   {static_call}
  0x000001fe1074ee20: c5f8 77e8 

  0x000001fe1074ee24: ; ImmutableOopMap {rbp=Oop [32]=Oop [48]=NarrowOop [52]=NarrowOop [64]=Oop [72]=Oop [80]=Oop [88]=Oop [96]=NarrowOop [100]=NarrowOop [104]=Oop [112]=Oop [120]=Oop [128]=Oop [184]=Oop }
                      ;*invokestatic isNaN {reexecute=0 rethrow=0 return_oop=0}
                      ; - java.util.Hashtable::<init>@47 (line 190)
                      ; - java.util.Hashtable::<init>@4 (line 209)
                      ; - java.util.jar.JarVerifier::<init>@63 (line 107)
                      ; - java.util.jar.JarFile::getManifestFromReference@78 (line 421)
                      ; - java.util.jar.JarFile::getManifest@1 (line 405)
                      ; - jdk.internal.loader.URLClassPath$JarLoader$2::getManifest@22 (line 853)
                      ; - java.net.URLClassLoader::defineClass@34 (line 491)
                      ; - java.net.URLClassLoader$1::run@43 (line 427)
                      ; - java.net.URLClassLoader$1::run@1 (line 421)
  0x000001fe1074ee24: 5802 63ff 

  0x000001fe1074ee28: ;   {other}
  0x000001fe1074ee28: 0f1f 8400 | 982a 001d | 85c0 0f85 | e03a 0000 | c745 1400 | 0040 3f4d | 8b97 b801 | 0000 4d8b 
  0x000001fe1074ee48: da49 83c3 | 404d 3b9f | c801 0000 | 0f83 ee28 | 0000 4d89 | 9fb8 0100 | 0041 0f18 | 83c0 0000 
  0x000001fe1074ee68: 0049 c702 | 0100 0000 | 410f 1883 | 0001 0000 

  0x000001fe1074ee78: ;   {metadata('java/util/Hashtable$Entry'[])}
  0x000001fe1074ee78: 41c7 4208 | b08c 1300 | 410f 1883 | 4001 0000 | 41c7 420c | 0b00 0000 | 410f 1883 | 8001 0000 
  0x000001fe1074ee98: 4d89 6210 | 4d89 6218 | 4d89 6220 | 4d89 6228 | 4d89 6230 | 4d89 6238 | 4180 7f40 | 000f 8519 
  0x000001fe1074eeb8: 1800 004d | 8bc2 49c1 | e803 4489 | 451c 4c8b | 5c24 7849 | c1eb 0344 | 899c 24b0 | 0000 0048 
  0x000001fe1074eed8: 8bfd 48c1 | ef03 4c8b | dd4d 33d3 | 49c1 ea16 | 4d85 d274 | 1a49 c1eb | 0948 b900 | 00cc 7bfe 
  0x000001fe1074eef8: 0100 0049 | 03cb 8039 | 020f 859c | 1a00 0041 | 807f 4000 | 0f85 0c17 | 0000 4c8b | 5424 7841 
  0x000001fe1074ef18: 897a 18c7 | 4510 0800 | 0000 4c8b | d54c 8b5c | 2478 4d33 | d349 c1ea | 164d 85d2 | 741a 49c1 
  0x000001fe1074ef38: eb09 48b9 | 0000 cc7b | fe01 0000 | 4903 cb80 | 3902 0f85 | 461b 0000 | 4d8b 97b8 | 0100 004d 
  0x000001fe1074ef58: 8bda 4983 | c318 4d3b | 9fc8 0100 | 000f 834e | 2800 004d | 899f b801 | 0000 410f 

  0x000001fe1074ef74: ;   {no_reloc}
  0x000001fe1074ef74: 1883 c000 | 0000 49c7 | 0201 0000 

  0x000001fe1074ef80: ;   {metadata('java/util/ArrayList')}
  0x000001fe1074ef80: 0041 c742 | 08e0 a50b | 0045 8962 | 0c45 8962 

  0x000001fe1074ef90: ;   {oop(a 'java/lang/Object'[0] {0x0000000600407c48})}
  0x000001fe1074ef90: 1041 c742 | 1489 0f08 | c041 807f | 4000 0f85 | b915 0000 | 4d8b da49 | c1eb 034c | 8b44 2478 
  0x000001fe1074efb0: 4589 581c | 4d8b d84d | 33d3 49c1 | ea16 4d85 | d274 1a49 | c1eb 0948 | b900 00cc | 7bfe 0100 
  0x000001fe1074efd0: 0049 03cb | 8039 020f | 85ac 1b00 | 004d 8b9f | b801 0000 | 4d8b d349 | 83c2 184d | 3b97 c801 
  0x000001fe1074eff0: 0000 0f83 | 2d27 0000 | 4d89 97b8 | 0100 0041 | 0f18 82c0 | 0000 0049 | c703 0100 

  0x000001fe1074f00c: ;   {metadata('java/io/ByteArrayOutputStream')}
  0x000001fe1074f00c: 0000 41c7 | 4308 5800 | 2200 4589 | 630c 4d89 | 6310 498b | eb49 8b87 | b801 0000 | 4c8b d049 
  0x000001fe1074f02c: 83c2 304d | 3b97 c801 | 0000 0f83 | 5827 0000 | 4d89 97b8 | 0100 0041 | 0f18 82c0 | 0000 0048 
  0x000001fe1074f04c: c700 0100 | 0000 410f | 1882 0001 

  0x000001fe1074f058: ;   {metadata({type array byte})}
  0x000001fe1074f058: 0000 c740 | 0868 2200 | 0041 0f18 | 8240 0100 | 00c7 400c | 2000 0000 | 410f 1882 | 8001 0000 
  0x000001fe1074f078: 4c89 6010 | 4c89 6018 | 4c89 6020 | 4c89 6028 | 488b fd48 | c1ef 034c | 8bd0 49c1 | ea03 4c8b 
  0x000001fe1074f098: dd45 8953 | 104c 8bd0 | 4d33 d349 | c1ea 164d | 85d2 741a | 49c1 eb09 | 48b9 0000 | cc7b fe01 
  0x000001fe1074f0b8: 0000 4903 | cb80 3902 | 0f85 2e19 | 0000 4180 | 7f40 000f | 8589 1500 | 004c 8b54 | 2478 4189 
  0x000001fe1074f0d8: 7a24 4c8b | dd4d 33da | 49c1 eb16 | 4d85 db74 | 1a49 c1ea | 0948 b900 | 00cc 7bfe | 0100 0049 
  0x000001fe1074f0f8: 03ca 8039 | 020f 8535 | 1a00 004d | 8b97 b801 | 0000 4d8b | da49 83c3 | 184d 3b9f | c801 0000 
  0x000001fe1074f118: 0f83 5226 | 0000 4d89 | 9fb8 0100 | 0041 0f18 | 83c0 0000 | 0049 c702 | 0100 0000 

  0x000001fe1074f134: ;   {metadata('java/util/ArrayList')}
  0x000001fe1074f134: 41c7 4208 | e0a5 0b00 | 4589 620c | 4589 6210 

  0x000001fe1074f144: ;   {oop(a 'java/lang/Object'[0] {0x0000000600407c48})}
  0x000001fe1074f144: 41c7 4214 | 890f 08c0 | 4180 7f40 | 000f 8589 | 1400 004d | 8bda 49c1 | eb03 4c8b | 4424 7845 
  0x000001fe1074f164: 8958 344d | 8bd8 4d33 | d349 c1ea | 164d 85d2 | 741a 49c1 | eb09 48b9 | 0000 cc7b | fe01 0000 
  0x000001fe1074f184: 4903 cb80 | 3902 0f85 | 5719 0000 | 4d8b 97b8 | 0100 004d | 8bda 4983 | c330 4d3b | 9fc8 0100 
  0x000001fe1074f1a4: 000f 8331 | 2600 004d | 899f b801 | 0000 410f | 1883 c000 | 0000 49c7 | 0201 0000 

  0x000001fe1074f1c0: ;   {metadata('java/util/HashMap')}
  0x000001fe1074f1c0: 0041 c742 | 0880 c608 | 0045 8962 | 0c4d 8962 | 104d 8962 | 184d 8962 | 2849 c742 | 2000 0040 
  0x000001fe1074f1e0: 3f41 807f | 4000 0f85 | aa14 0000 | 4d8b da49 | c1eb 034c | 8b44 2478 | 4589 5838 | 4d8b d84d 
  0x000001fe1074f200: 33d3 49c1 | ea16 4d85 | d274 1a49 | c1eb 0948 | b900 00cc | 7bfe 0100 | 0049 03cb | 8039 020f 
  0x000001fe1074f220: 8520 1800 | 0041 807f | 4000 0f85 | 6b13 0000 | 4c8b 8424 | 8000 0000 | 448b 9424 | b000 0000 
  0x000001fe1074f240: 4589 5030 | 4c8b 5424 | 784d 8bd8 | 4d33 d349 | c1ea 164d | 85d2 741a | 49c1 eb09 | 48b9 0000 
  0x000001fe1074f260: cc7b fe01 | 0000 4903 | cb80 3902 | 0f85 da16 | 0000 498b | 87b8 0100 | 004c 8bd0 | 4983 c218 
  0x000001fe1074f280: 4d3b 97c8 | 0100 000f | 8353 2400 | 004d 8997 | b801 0000 | 410f 1882 | c000 0000 | 48c7 0001 
  0x000001fe1074f2a0: ;   {metadata('java/util/jar/Manifest')}
  0x000001fe1074f2a0: 0000 00c7 | 4008 e0f0 | 0400 4489 | 600c 4c89 | 6010 4c89 | 4424 784c | 8bd0 4c89 | 9424 8000 
  0x000001fe1074f2c0: 0000 4c8b | 5424 7845 | 8b5a 3044 | 899c 2488 | 0000 0049 | 8b87 b801 | 0000 4c8b | d049 83c2 
  0x000001fe1074f2e0: 2049 c1e3 | 034c 899c | 2490 0000 | 004d 3b97 | c801 0000 | 0f83 0b24 | 0000 4d89 | 97b8 0100 
  0x000001fe1074f300: 0041 0f18 | 82c0 0000 | 0048 c700 | 0100 0000 

  0x000001fe1074f310: ;   {metadata('java/io/ByteArrayInputStream')}
  0x000001fe1074f310: c740 08c0 | 3205 0044 | 8960 0c4c | 8960 104c | 8960 184c | 8bc0 448b | 5c24 6445 | 8958 184c 
  0x000001fe1074f330: 8b54 2470 

  0x000001fe1074f334: ; implicit exception: dispatches to 0x000001fe10753c48
  0x000001fe1074f334: 458b 5a0c | 4589 5814 | 4c89 4424 | 704c 8b54 | 2478 458b | 5214 4489 | 5424 6449 | 8baf b801 
  0x000001fe1074f354: 0000 4c8b | d549 83c2 | 104d 3b97 | c801 0000 | 0f83 9624 | 0000 4d89 | 97b8 0100 | 0041 0f18 
  0x000001fe1074f374: 82c0 0000 | 0048 c745 | 0001 0000 

  0x000001fe1074f380: ;   {metadata('java/util/jar/Attributes')}
  0x000001fe1074f380: 00c7 4508 | 18d1 1600 | 4489 650c | ba10 0000 | 0066 6690 

  0x000001fe1074f394: ;   {static_call}
  0x000001fe1074f394: c5f8 77e8 

  0x000001fe1074f398: ; ImmutableOopMap {rbp=Oop [32]=Oop [48]=NarrowOop [52]=NarrowOop [64]=Oop [72]=Oop [80]=Oop [88]=Oop [96]=NarrowOop [100]=NarrowOop [104]=Oop [112]=Oop [120]=Oop [128]=Oop [136]=NarrowOop [144]=Oop [184]=Oop }
                      ;*invokestatic newLinkedHashMap {reexecute=0 rethrow=0 return_oop=1}
                      ; - java.util.jar.Attributes::<init>@6 (line 83)
                      ; - java.util.jar.Attributes::<init>@3 (line 73)
                      ; - java.util.jar.Manifest::<init>@9 (line 55)
                      ; - java.util.jar.JarFile::getManifestFromReference@121 (line 429)
                      ; - java.util.jar.JarFile::getManifest@1 (line 405)
                      ; - jdk.internal.loader.URLClassPath$JarLoader$2::getManifest@22 (line 853)
                      ; - java.net.URLClassLoader::defineClass@34 (line 491)
                      ; - java.net.URLClassLoader$1::run@43 (line 427)
                      ; - java.net.URLClassLoader$1::run@1 (line 421)
  0x000001fe1074f398: e4fc 62ff 

  0x000001fe1074f39c: ;   {other}
  0x000001fe1074f39c: 0f1f 8400 | 0c30 001e | 488b f841 | 807f 4000 | 0f85 9a13 | 0000 488b | dd48 c1eb | 0344 8b54 
  0x000001fe1074f3bc: 2464 49c1 | e203 4c89 | 9424 9800 | 0000 4c8b | d74c 8bdf | 49c1 eb03 | 4489 5d0c | 4c8b dd4d 
  0x000001fe1074f3dc: 33d3 49c1 | ea16 4d85 | d274 1f48 | 85ff 741a | 49c1 eb09 | 48b9 0000 | cc7b fe01 | 0000 4903 
  0x000001fe1074f3fc: cb80 3902 | 0f85 1c19 | 0000 4180 | 7f40 000f | 85fc 1200 | 004c 8b94 | 2480 0000 | 0041 895a 
  0x000001fe1074f41c: 0c4c 8bdd | 4d33 da49 | c1eb 164d | 85db 741a | 49c1 ea09 | 48b9 0000 | cc7b fe01 | 0000 4903 
  0x000001fe1074f43c: ca80 3902 | 0f85 9417 | 0000 4d8b | 97b8 0100 | 004d 8bda | 4983 c330 | 4d3b 9fc8 | 0100 000f 
  0x000001fe1074f45c: 83c3 2300 | 004d 899f | b801 0000 | 410f 1883 | c000 0000 | 4d8b c249 | c700 0100 

  0x000001fe1074f478: ;   {metadata('java/util/HashMap')}
  0x000001fe1074f478: 0000 41c7 | 4008 80c6 | 0800 4589 | 600c 4d89 | 6010 4d89 | 6018 4d89 | 6028 49c7 | 4020 0000 
  0x000001fe1074f498: 403f 4180 | 7f40 000f | 85de 1200 | 004c 8b8c | 2480 0000 | 004d 8bd8 | 49c1 eb03 | 4589 5910 
  0x000001fe1074f4b8: 4d8b d14d | 8bd8 4d33 | da49 c1eb | 164d 85db | 741a 49c1 | ea09 48b9 | 0000 cc7b | fe01 0000 
  0x000001fe1074f4d8: 4903 ca80 | 3902 0f85 | 4717 0000 | 498b e949 | 8bd1 4c8b | 4424 704c | 8b8c 2498 | 0000 0090 
  0x000001fe1074f4f8: ;   {optimized virtual_call}
  0x000001fe1074f4f8: c5f8 77e8 

  0x000001fe1074f4fc: ; ImmutableOopMap {rbp=Oop [32]=Oop [48]=NarrowOop [52]=NarrowOop [64]=Oop [72]=Oop [80]=Oop [88]=Oop [96]=NarrowOop [104]=Oop [120]=Oop [136]=NarrowOop [144]=Oop [184]=Oop }
                      ;*invokevirtual read {reexecute=0 rethrow=0 return_oop=0}
                      ; - java.util.jar.Manifest::<init>@29 (line 101)
                      ; - java.util.jar.JarFile::getManifestFromReference@121 (line 429)
                      ; - java.util.jar.JarFile::getManifest@1 (line 405)
                      ; - jdk.internal.loader.URLClassPath$JarLoader$2::getManifest@22 (line 853)
                      ; - java.net.URLClassLoader::defineClass@34 (line 491)
                      ; - java.net.URLClassLoader$1::run@43 (line 427)
                      ; - java.net.URLClassLoader$1::run@1 (line 421)
  0x000001fe1074f4fc: 80f5 62ff 

  0x000001fe1074f500: ;   {other}
  0x000001fe1074f500: 0f1f 8400 | 7031 001f | 4180 7f40 | 000f 85bb | 1200 004c | 8bc5 8b8c | 2488 0000 | 0041 8948 
  0x000001fe1074f520: 144c 8b94 | 2490 0000 | 004d 8bd8 | 4d33 d349 | c1ea 164d | 85d2 741e | 85c9 741a | 49c1 eb09 
  0x000001fe1074f540: 48b9 0000 | cc7b fe01 | 0000 4903 | cb80 3902 | 0f85 1d18 | 0000 498b | e84d 8b87 | b801 0000 
  0x000001fe1074f560: 4d8b d049 | 83c2 284d | 3b97 c801 | 0000 0f83 | 5920 0000 | 4d89 97b8 | 0100 0041 | 0f18 82c0 
  0x000001fe1074f580: 0000 0049 | c700 0100 

  0x000001fe1074f588: ;   {metadata('java/lang/ref/SoftReference')}
  0x000001fe1074f588: 0000 41c7 | 4008 10d4 | 0300 4589 | 600c 4d89 | 6010 4d89 | 6018 4d89 | 6020 4c8b | dd49 c1eb 
  0x000001fe1074f5a8: 0345 8958 | 0c41 807f | 4000 0f85 | 140c 0000 

  0x000001fe1074f5b8: ;   {oop(a 'java/lang/ref/ReferenceQueue$Null'{0x000000060040e128})}
  0x000001fe1074f5b8: 41c7 4010 | 251c 08c0 | 498b d848 | c1eb 034d 

  0x000001fe1074f5c8: ;   {oop(a 'java/lang/ref/ReferenceQueue$Null'{0x000000060040e128})}
  0x000001fe1074f5c8: 8bd0 49bb | 28e1 4000 | 0600 0000 | 4d33 da49 | c1eb 164d | 85db 741a | 49c1 ea09 | 48b9 0000 
  0x000001fe1074f5e8: cc7b fe01 | 0000 4903 | ca80 3902 | 0f85 960c | 0000 f083 | 4424 c000 | 4180 7f40 | 000f 85f8 
  0x000001fe1074f608: 0b00 004c | 8b4c 2478 | 4189 5928 

  0x000001fe1074f614: ;   {oop(a 'java/lang/Class'{0x0000000600412638} = 'java/lang/ref/SoftReference')}
  0x000001fe1074f614: 49ba 3826 | 4100 0600 | 0000 4d8b | 5270 4d89 | 5020 4d8b | d04d 8bd9 | 4d33 d349 | c1ea 164d 
  0x000001fe1074f634: 85d2 741a | 49c1 eb09 | 48b9 0000 | cc7b fe01 | 0000 4903 | cb80 3902 | 0f85 ed0b | 0000 4c8b 
  0x000001fe1074f654: 5424 204c | 8954 2470 | 4c8b 6c24 | 2844 8b5c | 2430 4489 | 5c24 7844 | 8b54 2434 | 4489 5424 
  0x000001fe1074f674: 7c4c 8b54 | 2448 4c89 | 5424 30e9 | 74e1 ffff | 458b d1e9 | d0dd ffff | 4d89 44fc | 20e9 52e1 
  0x000001fe1074f694: ffff 33ed | e910 d7ff | ff4c 899c | 2480 0000 | 0089 4c24 | 644c 8954 | 2468 4c8b | 5424 304c 
  0x000001fe1074f6b4: 8954 2448 | 448b 5c24 | 7c44 895c | 2434 448b | 5424 7844 | 8954 2430 | 4c89 6c24 | 284c 8b54 
  0x000001fe1074f6d4: 2470 4c89 | 5424 2048 | 8b94 2480 | 0000 0041 | b801 0000 | 0066 6690 

  0x000001fe1074f6ec: ;   {optimized virtual_call}
  0x000001fe1074f6ec: c5f8 77e8 

  0x000001fe1074f6f0: ; ImmutableOopMap {[32]=Oop [48]=NarrowOop [52]=NarrowOop [64]=Oop [72]=Oop [80]=Oop [88]=Oop [96]=NarrowOop [100]=NarrowOop [104]=Oop [128]=Oop [184]=Oop }
                      ;*invokevirtual getManifestName {reexecute=0 rethrow=0 return_oop=1}
                      ; - java.util.zip.ZipFile$1::getManifestName@2 (line 1129)
                      ; - java.util.jar.JarFile::maybeInstantiateVerifier@20 (line 722)
                      ; - java.util.jar.JarFile::ensureInitialization@1 (line 1064)
                      ; - java.util.jar.JavaUtilJarAccessImpl::ensureInitialization@1 (line 42)
                      ; - jdk.internal.loader.URLClassPath$JarLoader$2::getManifest@10 (line 852)
                      ; - java.net.URLClassLoader::defineClass@34 (line 491)
                      ; - java.net.URLClassLoader$1::run@43 (line 427)
                      ; - java.net.URLClassLoader$1::run@1 (line 421)
  0x000001fe1074f6f0: 0c8d acef 

  0x000001fe1074f6f4: ;   {other}
  0x000001fe1074f6f4: 0f1f 8400 | 6433 0020 | 4885 c00f | 854f 3800 | 0044 8b54 | 2464 4788 | 64d4 1243 | 8b6c d430 
  0x000001fe1074f714: 85ed 0f85 | 9838 0000 | 4c8b 5424 | 204c 8954 | 2470 4c8b | 6c24 2844 | 8b54 2430 | 4489 5424 
  0x000001fe1074f734: 7844 8b5c | 2434 4489 | 5c24 7c4c | 8b54 2448 | 4c89 5424 | 304c 8b54 | 2468 4c8b | 9c24 8000 
  0x000001fe1074f754: 0000 e993 | dfff ff4c | 894c 2420 | 4d8d 14cc | 894c 2448 | 498b d241 | b801 0000 | 004c 8954 
  0x000001fe1074f774: 2470 6690 

  0x000001fe1074f778: ;   {optimized virtual_call}
  0x000001fe1074f778: c5f8 77e8 

  0x000001fe1074f77c: ; ImmutableOopMap {[32]=Oop [48]=Oop [64]=Oop [72]=NarrowOop [80]=Oop [88]=Oop [96]=NarrowOop [104]=Oop [112]=Oop [120]=NarrowOop [124]=NarrowOop }
                      ;*invokevirtual getManifestName {reexecute=0 rethrow=0 return_oop=1}
                      ; - java.util.zip.ZipFile$1::getManifestName@2 (line 1129)
                      ; - java.util.jar.JarFile::maybeInstantiateVerifier@20 (line 722)
                      ; - java.util.jar.JarFile$JarFileEntry::getCodeSigners@4 (line 670)
                      ; - jdk.internal.loader.URLClassPath$JarLoader$2::getCodeSigners@4 (line 858)
                      ; - java.net.URLClassLoader::defineClass@185 (line 521)
                      ; - java.net.URLClassLoader$1::run@43 (line 427)
                      ; - java.net.URLClassLoader$1::run@1 (line 421)
  0x000001fe1074f77c: 00f3 62ff 

  0x000001fe1074f780: ;   {other}
  0x000001fe1074f780: 0f1f 8400 | f033 0021 | 4885 c00f | 8567 3800 | 0044 8b5c | 2448 4788 | 64dc 124c | 8b5c 2440 
  0x000001fe1074f7a0: 4c8b 4c24 | 20e9 f4e8 | ffff 49bb | 0000 cc7b | fe01 0000 | e9a9 e7ff 

  0x000001fe1074f7b8: ;   {oop(""{0x0000000600401eb8})}
  0x000001fe1074f7b8: ff48 bbb8 | 1e40 0006 | 0000 00e9 | 44de ffff | 0f1f 8400 | 0000 0000 | 4c8b 4c24 | 6844 895c 
  0x000001fe1074f7d8: 2464 488b | 8c24 9800 | 0000 448b | 4424 7048 | 8bfd 8bd8 | e907 0100 

  0x000001fe1074f7f0: ;   {metadata('jdk/internal/loader/URLClassPath$FileLoader$1')}
  0x000001fe1074f7f0: 0041 81fa | 9051 3401 | 0f85 2a3a | 0000 4c8b | 5424 404c | 8954 2448 | 498b d290 

  0x000001fe1074f80c: ;   {optimized virtual_call}
  0x000001fe1074f80c: c5f8 77e8 

  0x000001fe1074f810: ; ImmutableOopMap {[48]=Oop [64]=Oop [72]=Oop [80]=Oop [88]=Oop [96]=NarrowOop [112]=Oop [120]=NarrowOop [124]=NarrowOop }
                      ;*invokevirtual cachedInputStream {reexecute=0 rethrow=0 return_oop=1}
                      ; - jdk.internal.loader.Resource::getBytes@1 (line 89)
                      ; - java.net.URLClassLoader::defineClass@179 (line 519)
                      ; - java.net.URLClassLoader$1::run@43 (line 427)
                      ; - java.net.URLClassLoader$1::run@1 (line 421)
  0x000001fe1074f810: 6cf2 62ff 

  0x000001fe1074f814: ;   {other}
  0x000001fe1074f814: 0f1f 8400 | 8434 0022 | 4889 4424 | 684c 8b44 | 2470 410f | b668 3a85 | ed0f 853d | 3a00 0045 
  0x000001fe1074f834: 33d2 4c8b | 4c24 4845 | 8b59 1845 | 85db 0f84 | 2439 0000 | 4489 5424 | 644c 8944 | 2420 4b8d 
  0x000001fe1074f854: 14dc 6690 

  0x000001fe1074f858: ;   {optimized virtual_call}
  0x000001fe1074f858: c5f8 77e8 

  0x000001fe1074f85c: ; ImmutableOopMap {[32]=Oop [48]=Oop [64]=Oop [72]=Oop [80]=Oop [88]=Oop [96]=NarrowOop [104]=Oop [120]=NarrowOop [124]=NarrowOop }
                      ;*invokevirtual length {reexecute=0 rethrow=0 return_oop=0}
                      ; - jdk.internal.loader.URLClassPath$FileLoader$1::getContentLength@4 (line 1121)
                      ; - jdk.internal.loader.Resource::getBytes@10 (line 100)
                      ; - java.net.URLClassLoader::defineClass@179 (line 519)
                      ; - java.net.URLClassLoader$1::run@43 (line 427)
                      ; - java.net.URLClassLoader$1::run@1 (line 421)
  0x000001fe1074f85c: 20f2 62ff 

  0x000001fe1074f860: ;   {other}
  0x000001fe1074f860: 0f1f 8400 | d034 0023 | 498b 8fb8 | 0100 004c | 8bd1 4983 | c210 448b | c04d 3b97 | c801 0000 
  0x000001fe1074f880: 0f83 222c | 0000 4d89 | 97b8 0100 | 0041 0f18 | 82c0 0000 | 0048 c701 | 0100 0000 | 410f 1882 
  0x000001fe1074f8a0: 0001 0000 

  0x000001fe1074f8a4: ;   {metadata({type array byte})}
  0x000001fe1074f8a4: c741 0868 | 2200 0041 | 0f18 8240 | 0100 0044 | 8961 0c41 | 0f18 8280 | 0100 0041 | 83f8 ff0f 
  0x000001fe1074f8c4: 84db 3900 | 0045 85c0 | 7f0f 4889 | 4c24 2044 | 8b5c 2464 | e935 0200 | 004c 8b4c | 2468 458b 
  0x000001fe1074f8e4: ;   {metadata('java/util/zip/ZipFile$ZipFileInflaterInputStream')}
  0x000001fe1074f8e4: 5908 4181 | fbd0 8131 | 000f 855c | 1a00 0049 | 8bf9 33db | 8b51 0c3b | da0f 8c93 | 1700 0045 
  0x000001fe1074f904: 8bd8 442b | db44 8d92 | 0004 0000 | 453b da45 | 0f4f da45 | 85db 0f8c | bc38 0000 | 458d 141b 
  0x000001fe1074f924: 488b f148 | 83c6 1044 | 3bd2 0f84 | 8820 0000 | 4181 fa00 | 0010 000f | 87e7 3600 | 0049 63c2 
  0x000001fe1074f944: 413b d28b | ea41 0f4f | ea3b d50f | 8247 3700 | 0044 3bd5 | 0f82 4c37 | 0000 4883 | c017 488b 
  0x000001fe1074f964: d048 83e2 | f841 81fa | 0000 1000 | 0f87 2029 | 0000 4889 | 9424 a800 | 0000 4889 | 8424 a000 
  0x000001fe1074f984: 0000 4889 | b424 9800 | 0000 4489 | 9424 9400 | 0000 4489 | 9c24 9000 | 0000 899c | 2484 0000 
  0x000001fe1074f9a4: 0048 89bc | 2488 0000 | 0044 8984 | 2480 0000 | 0048 894c | 2470 4c89 | 4c24 684d | 8b97 b801 
  0x000001fe1074f9c4: 0000 4d8b | c24d 8bda | 4c03 da4d | 3b9f c801 | 0000 0f83 | 0329 0000 | 4d89 9fb8 | 0100 0041 
  0x000001fe1074f9e4: ;   {no_reloc}
  0x000001fe1074f9e4: 0f18 83c0 | 0000 004d | 8bd0 49c7 | 0201 0000 | 0041 0f18 | 8300 0100 

  0x000001fe1074f9fc: ;   {metadata({type array byte})}
  0x000001fe1074f9fc: 0041 c742 | 0868 2200 | 0044 8b94 | 2494 0000 | 0045 8950 | 0c41 0f18 | 8340 0100 | 0041 0f18 
  0x000001fe1074fa1c: 8380 0100 | 004d 8bd0 | 4d8b da49 | 83c3 104c | 8b84 24a0 | 0000 0049 | c1e8 0385 | ed0f 84f1 
  0x000001fe1074fa3c: 3500 003b | ac24 9400 | 0000 0f8c | fc1d 0000 | 498b da4c | 8b94 24a8 | 0000 0049 | 83c2 f049 
  0x000001fe1074fa5c: c1ea 0348 | 8b8c 2498 | 0000 0049 | 8bd3 4d8b | c2c5 f877 | 49ba 6033 | d60f fe01 | 0000 41ff 
  0x000001fe1074fa7c: ;   {other}
  0x000001fe1074fa7c: d20f 1f84 | 0000 0000 | 004c 8bd3 | 4c89 9424 | 9800 0000 | 448b 8424 | 8000 0000 | 488b bc24 
  0x000001fe1074fa9c: 8800 0000 | 8b9c 2484 | 0000 008b | 9424 9000 | 0000 448b | d289 5c24 | 7448 8bef | 4489 4424 
  0x000001fe1074fabc: 7048 8bd7 | 4c8b 8424 | 9800 0000 | 448b cb41 | 8bfa 6690 

  0x000001fe1074fad0: ;   {optimized virtual_call}
  0x000001fe1074fad0: c5f8 77e8 

  0x000001fe1074fad4: ; ImmutableOopMap {rbp=Oop [32]=Oop [48]=Oop [64]=Oop [72]=Oop [80]=Oop [88]=Oop [96]=NarrowOop [104]=Oop [120]=NarrowOop [124]=NarrowOop [152]=Oop }
                      ;*invokevirtual read {reexecute=0 rethrow=0 return_oop=0}
                      ; - jdk.internal.loader.Resource::getBytes@117 (line 126)
                      ; - java.net.URLClassLoader::defineClass@179 (line 519)
                      ; - java.net.URLClassLoader$1::run@43 (line 427)
                      ; - java.net.URLClassLoader$1::run@1 (line 421)
  0x000001fe1074fad4: a8ef 62ff 

  0x000001fe1074fad8: ;   {other}
  0x000001fe1074fad8: 0f1f 8400 | 4837 0024 | 85c0 0f8c | a836 0000 | 0344 2474 | 448b 5c24 | 644d 8b97 

  0x000001fe1074faf4: ; ImmutableOopMap {rbp=Oop [32]=Oop [48]=Oop [64]=Oop [72]=Oop [80]=Oop [88]=Oop [96]=NarrowOop [104]=Oop [120]=NarrowOop [124]=NarrowOop [152]=Oop }
                      ;*goto {reexecute=1 rethrow=0 return_oop=0}
                      ; - (reexecute) jdk.internal.loader.Resource::getBytes@179 (line 142)
                      ; - java.net.URLClassLoader::defineClass@179 (line 519)
                      ; - java.net.URLClassLoader$1::run@43 (line 427)
                      ; - java.net.URLClassLoader$1::run@1 (line 421)
  0x000001fe1074faf4: 5004 0000 

  0x000001fe1074faf8: ;   {poll}
  0x000001fe1074faf8: 4185 023b | 4424 700f | 8ccb fcff | ff4c 8b94 | 2498 0000 | 004c 8954 | 2420 4c8b | 5424 6845 
  0x000001fe1074fb18: ;   {metadata('java/util/zip/ZipFile$ZipFileInflaterInputStream')}
  0x000001fe1074fb18: 8b42 0841 | 81f8 d081 | 3100 0f85 | 8215 0000 | 4489 5c24 | 6448 8b54 | 2468 6690 

  0x000001fe1074fb34: ;   {optimized virtual_call}
  0x000001fe1074fb34: c5f8 77e8 

  0x000001fe1074fb38: ; ImmutableOopMap {[32]=Oop [48]=Oop [64]=Oop [72]=Oop [80]=Oop [88]=Oop [96]=NarrowOop [120]=NarrowOop [124]=NarrowOop }
                      ;*invokevirtual close {reexecute=0 rethrow=0 return_oop=0}
                      ; - jdk.internal.loader.Resource::getBytes@183 (line 145)
                      ; - java.net.URLClassLoader::defineClass@179 (line 519)
                      ; - java.net.URLClassLoader$1::run@43 (line 427)
                      ; - java.net.URLClassLoader$1::run@1 (line 421)
  0x000001fe1074fb38: 44ef 62ff 

  0x000001fe1074fb3c: ;   {other}
  0x000001fe1074fb3c: 0f1f 8400 | ac37 0026 | 448b 5c24 | 6445 85db | 0f85 9037 | 0000 4c8b | 5424 204c | 8954 2468 
  0x000001fe1074fb5c: e9e8 e4ff 

  0x000001fe1074fb60: ;   {metadata('jdk/internal/loader/URLClassPath$FileLoader$1')}
  0x000001fe1074fb60: ff41 81f8 | 9051 3401 | 0f84 4de5 | ffff bac6 | ffff ff4c | 8b54 2438 | 4c89 5424 | 304c 895c 
  0x000001fe1074fb80: 2448 6690 

  0x000001fe1074fb84: ;   {runtime_call UncommonTrapBlob}
  0x000001fe1074fb84: c5f8 77e8 

  0x000001fe1074fb88: ; ImmutableOopMap {[72]=Oop [88]=Oop [96]=NarrowOop [104]=Oop [120]=NarrowOop [124]=NarrowOop }
                      ;*invokevirtual getCodeSigners {reexecute=0 rethrow=0 return_oop=0}
                      ; - java.net.URLClassLoader::defineClass@185 (line 521)
                      ; - java.net.URLClassLoader$1::run@43 (line 427)
                      ; - java.net.URLClassLoader$1::run@1 (line 421)
  0x000001fe1074fb88: 744a 63ff 

  0x000001fe1074fb8c: ;   {other}
  0x000001fe1074fb8c: 0f1f 8400 | fc37 0027 | 4533 ed41 | baff ffff | ff48 895c | 2430 4889 | 5424 50e9 | b0d8 ffff 
  0x000001fe1074fbac: 4c89 5424 | 684c 894c | 2420 4c89 | 5c24 2848 | 8b54 2450 | 4d8b c14d | 8bcd 498b | fd49 8bf5 
  0x000001fe1074fbcc: 498b cd4c | 892c 244c | 896c 2408 | 4c89 6c24 | 1066 6690 

  0x000001fe1074fbe0: ;   {optimized virtual_call}
  0x000001fe1074fbe0: c5f8 77e8 

  0x000001fe1074fbe4: ; ImmutableOopMap {[32]=Oop [48]=Oop [64]=Oop [80]=Oop [88]=Oop [96]=NarrowOop [104]=Oop [112]=Oop [120]=NarrowOop [124]=NarrowOop }
                      ;*invokevirtual definePackage {reexecute=0 rethrow=0 return_oop=1}
                      ; - java.net.URLClassLoader::defineClass@81 (line 497)
                      ; - java.net.URLClassLoader$1::run@43 (line 427)
                      ; - java.net.URLClassLoader$1::run@1 (line 421)
  0x000001fe1074fbe4: 98ee 62ff 

  0x000001fe1074fbe8: ;   {other}
  0x000001fe1074fbe8: 0f1f 8400 | 5838 0028 | e9bf e3ff 

  0x000001fe1074fbf4: ;   {metadata('jdk/internal/loader/URLClassPath$FileLoader$1')}
  0x000001fe1074fbf4: ff41 81fa | 9051 3401 | 0f85 4a36 | 0000 4533 | f6e9 f1db | ffff 4c8b | ed44 8b5d | 2045 85db 
  0x000001fe1074fc14: 0f84 2be5 | ffff 4d8b | 5728 498b | cb48 c1e1 | 034d 85d2 | 0f84 4624 | 0000 4d8b | 5f38 4b89 
  0x000001fe1074fc34: 4c13 f849 | 83c2 f84d | 8957 28e9 | 01e5 ffff | 4d8b 5758 | 4d8b 5f48 | f083 4424 | c000 4180 
  0x000001fe1074fc54: 3800 0f84 | 21e5 ffff | 4588 204d | 85db 7523 | 498b c849 | 8bd7 c5f8 | 7749 baa0 | 14af d9f9 
  0x000001fe1074fc74: 7f00 0041 

  0x000001fe1074fc78: ;   {other}
  0x000001fe1074fc78: ffd2 0f1f | 8400 0000 | 0000 e9f6 | e4ff ff4f | 8944 1af8 | 4983 c3f8 | 4d89 5f48 | e9e4 e4ff 
  0x000001fe1074fc98: ff85 ed0f | 8426 dbff | ff4d 8b5f | 2848 8bcd | 48c1 e103 | 4d85 db0f | 8467 2500 | 004d 8b47 
  0x000001fe1074fcb8: 384b 894c | 18f8 4983 | c3f8 4d89 | 5f28 e9fc | daff ff44 | 8b53 1445 | 85d2 0f84 | f9d8 ffff 
  0x000001fe1074fcd8: 4d8b 5f28 | 498b ca48 | c1e1 034d | 85db 0f84 | 7025 0000 | 4d8b 5738 | 4b89 4c1a | f849 83c3 
  0x000001fe1074fcf8: f84d 895f | 28e9 cfd8 | ffff 4d8b | 5748 4d8b | 5f58 f083 | 4424 c000 | 8039 000f | 84ef d8ff 
  0x000001fe1074fd18: ff44 8821 | 4d85 d275 | 2049 8bd7 | c5f8 7749 | baa0 14af | d9f9 7f00 | 0041 ffd2 

  0x000001fe1074fd34: ;   {other}
  0x000001fe1074fd34: 0f1f 8400 | 0000 0000 | e9c7 d8ff | ff4b 894c | 13f8 4983 | c2f8 4d89 | 5748 e9b5 

  0x000001fe1074fd50: ;   {metadata('jdk/internal/loader/URLClassPath$FileLoader$1')}
  0x000001fe1074fd50: d8ff ff41 | 81f9 9051 | 3401 0f85 | b035 0000 | 4c8b 4c24 | 4049 8bd9 | 448b 4b1c 

  0x000001fe1074fd6c: ; implicit exception: dispatches to 0x000001fe10753d30
  0x000001fe1074fd6c: 438b 54cc | 0c89 5424 | 60e9 0ad7 | ffff 49ba | 0000 cc7b | fe01 0000 | 4c89 5424 | 28e9 26e2 
  0x000001fe1074fd8c: ffff 49bb | 0000 cc7b | fe01 0000 | e9c5 e1ff | ff33 ed4c | 8b6c 2428 | 4c8b 5424 | 484c 8954 
  0x000001fe1074fdac: 2430 e945 | daff ff47 | 8b5c c408 

  0x000001fe1074fdb8: ;   {metadata('java/util/concurrent/ConcurrentHashMap$ReservationNode')}
  0x000001fe1074fdb8: 4181 fbd0 | b217 000f | 8577 3500 | 0049 bb00 | 00cc 7bfe | 0100 00e9 | 8ee1 ffff | 33c0 e947 
  0x000001fe1074fdd8: daff ff33 | c0e9 6edd | ffff 897c | 2444 4889 | 4424 4844 | 894c 2440 | 4489 5424 | 3c89 4c24 
  0x000001fe1074fdf8: 384c 8944 | 2430 4c89 | 5c24 284c | 896c 2420 | 488b 6c24 

  0x000001fe1074fe0c: ;   {metadata({type array byte})}
  0x000001fe1074fe0c: 5848 ba68 | 2200 2bfe | 0100 0044 | 8bc7 4889 | 7424 5090 

  0x000001fe1074fe20: ;   {runtime_call _new_array_Java}
  0x000001fe1074fe20: c5f8 77e8 

  0x000001fe1074fe24: ; ImmutableOopMap {rbp=Oop [32]=Oop [40]=Oop [48]=Oop [88]=Oop }
                      ;*invokevirtual allocateUninitializedArray0 {reexecute=0 rethrow=0 return_oop=1}
                      ; - jdk.internal.misc.Unsafe::allocateUninitializedArray@51 (line 1380)
                      ; - java.lang.StringConcatHelper::newArray@33 (line 511)
                      ; - java.lang.StringConcatHelper::simpleConcat@61 (line 435)
                      ; - java.lang.String::concat@11 (line 2899)
                      ; - java.net.URLClassLoader$1::run@13 (line 423)
                      ; - java.net.URLClassLoader$1::run@1 (line 421)
  0x000001fe1074fe24: 58bc 6fff 

  0x000001fe1074fe28: ;   {other}
  0x000001fe1074fe28: 0f1f 8400 | 983a 0029 | 4c8b d84c | 8b44 2430 | 8b4c 2438 | 448b 5424 | 3c44 8b4c | 2440 488b 
  0x000001fe1074fe48: 4424 488b | 7c24 4449 | 8bdb 4c8b | 6c24 204c | 8b5c 2428 | e926 d3ff | ff48 895c | 2428 4c89 
  0x000001fe1074fe68: 6c24 2048 | 8b6c 2458 

  0x000001fe1074fe70: ;   {metadata('java/lang/String')}
  0x000001fe1074fe70: 48ba 40e7 | 002b fe01 | 0000 6690 

  0x000001fe1074fe7c: ;   {runtime_call _new_instance_Java}
  0x000001fe1074fe7c: c5f8 77e8 

  0x000001fe1074fe80: ; ImmutableOopMap {rbp=Oop [32]=Oop [40]=Oop [88]=Oop }
                      ;*new {reexecute=0 rethrow=0 return_oop=1}
                      ; - java.lang.StringConcatHelper::newString@6 (line 400)
                      ; - java.lang.StringConcatHelper::simpleConcat@90 (line 440)
                      ; - java.lang.String::concat@11 (line 2899)
                      ; - java.net.URLClassLoader$1::run@13 (line 423)
                      ; - java.net.URLClassLoader$1::run@1 (line 421)
  0x000001fe1074fe80: fc9c 6fff 

  0x000001fe1074fe84: ;   {other}
  0x000001fe1074fe84: 0f1f 8400 | f43a 002a | 488b 5c24 | 284c 8b6c | 2420 e9a0 | d3ff ffc4 | c1f9 6ec0 | 488b d148 
  0x000001fe1074fea4: 895c 2468 | 4c89 6c24 | 204c 63c5 | 4d8d 5010 | 4d8b da49 | 83e3 f848 | 8bfe 4903 | fb49 c1ea 
  0x000001fe1074fec4: 034d 2bca | 498b c948 | 33c0 4883 | f908 7f10 | 48ff c978 | 4f48 8904 | cf48 ffc9 | 7df7 eb44 
  0x000001fe1074fee4: c5f5 efc9 | e90d 0000 | 00c5 fe7f | 0fc5 fe7f | 4f20 4883 | c740 4883 | e908 7ded | 4883 c104 
  0x000001fe1074ff04: 7c0c c5fe | 7f0f 4883 | c720 4883 | e904 4883 | c104 7e10 | 48ff c9c5 | f9d6 0f48 | 83c7 0848 
  0x000001fe1074ff24: ffc9 7df3 | 488b cac4 | e1f9 7ec2 | c5f8 7749 | bac0 2cd6 | 0ffe 0100 | 0041 ffd2 

  0x000001fe1074ff40: ;   {other}
  0x000001fe1074ff40: 0f1f 8400 | 0000 0000 | 4c8b 6c24 | 2048 8b5c | 2468 e937 | e6ff ff48 | 8974 2450 | 8954 2448 
  0x000001fe1074ff60: 897c 2434 | 4c89 6c24 | 404c 8974 | 2438 894c | 2430 4489 | 4c24 2c89 | 5c24 284c | 8b54 2458 
  0x000001fe1074ff80: 4c89 5424 

  0x000001fe1074ff84: ;   {metadata({type array byte})}
  0x000001fe1074ff84: 2048 ba68 | 2200 2bfe | 0100 0044 | 8bc1 6690 

  0x000001fe1074ff94: ;   {runtime_call _new_array_Java}
  0x000001fe1074ff94: c5f8 77e8 

  0x000001fe1074ff98: ; ImmutableOopMap {[32]=Oop [40]=NarrowOop [44]=NarrowOop [56]=Oop [64]=Oop [80]=Oop [88]=Oop }
                      ;*invokevirtual allocateUninitializedArray0 {reexecute=0 rethrow=0 return_oop=1}
                      ; - jdk.internal.misc.Unsafe::allocateUninitializedArray@51 (line 1380)
                      ; - java.lang.StringConcatHelper::newArray@33 (line 511)
                      ; - java.lang.StringLatin1::replace@49 (line 304)
                      ; - java.lang.String::replace@18 (line 2933)
                      ; - java.net.URLClassLoader$1::run@8 (line 423)
                      ; - java.net.URLClassLoader$1::run@1 (line 421)
  0x000001fe1074ff98: e4ba 6fff 

  0x000001fe1074ff9c: ;   {other}
  0x000001fe1074ff9c: 0f1f 8400 | 0c3c 002b | 8b5c 2428 | 448b 4c24 | 2c8b 4c24 | 304c 8b74 | 2438 8b7c | 2434 8b54 
  0x000001fe1074ffbc: 2448 488b | 7424 504c | 8b6c 2440 | 4c8b d8e9 | 50ce ffff | 4c89 6c24 

  0x000001fe1074ffd4: ;   {metadata('java/lang/String')}
  0x000001fe1074ffd4: 3048 ba40 | e700 2bfe | 0100 0049 | 8bee 4c89 | 5c24 3890 

  0x000001fe1074ffe8: ;   {runtime_call _new_instance_Java}
  0x000001fe1074ffe8: c5f8 77e8 

  0x000001fe1074ffec: ; ImmutableOopMap {rbp=Oop [48]=Oop [56]=Oop [88]=Oop }
                      ;*new {reexecute=0 rethrow=0 return_oop=1}
                      ; - java.lang.StringLatin1::replace@116 (line 313)
                      ; - java.lang.String::replace@18 (line 2933)
                      ; - java.net.URLClassLoader$1::run@8 (line 423)
                      ; - java.net.URLClassLoader$1::run@1 (line 421)
  0x000001fe1074ffec: 909b 6fff 

  0x000001fe1074fff0: ;   {other}
  0x000001fe1074fff0: 0f1f 8400 | 603c 002c | 4c8b c04c | 8b6c 2430 | 4c8b 5c24 | 38e9 81d0 | ffff 4c89 

  0x000001fe1075000c: ;   {metadata('java/security/CodeSource')}
  0x000001fe1075000c: 5c24 4048 | bac0 5c00 | 2bfe 0100 | 0066 6690 

  0x000001fe1075001c: ;   {runtime_call _new_instance_Java}
  0x000001fe1075001c: c5f8 77e8 

  0x000001fe10750020: ; ImmutableOopMap {[48]=Oop [64]=Oop [80]=Oop [88]=Oop [96]=NarrowOop [104]=Oop [120]=NarrowOop [124]=NarrowOop }
                      ;*new {reexecute=0 rethrow=0 return_oop=1}
                      ; - java.net.URLClassLoader::defineClass@190 (line 522)
                      ; - java.net.URLClassLoader$1::run@43 (line 427)
                      ; - java.net.URLClassLoader$1::run@1 (line 421)
  0x000001fe10750020: 5c9b 6fff 

  0x000001fe10750024: ;   {other}
  0x000001fe10750024: 0f1f 8400 | 943c 002d | 4c8b 5c24 | 40e9 cde0 | ffff 4c8b | 5424 204c | 8954 2470 | 4c8b 6c24 
  0x000001fe10750044: 2844 8b54 | 2430 4489 | 5424 7844 | 8b5c 2434 | 4489 5c24 | 7c4c 8b54 | 2448 4c89 | 5424 304c 
  0x000001fe10750064: 8b5c 2468 | 4c8b 8c24 | 8000 0000 | 4c8b b424 | 8800 0000 | 448b 5424 | 644c 8b84 | 2490 0000 
  0x000001fe10750084: 00e9 03d8 | ffff 448b | 4c24 6044 | 894c 246c | 4489 5424 | 684c 8b54 | 2450 4c89 | 5424 6048 
  0x000001fe107500a4: 897c 2450 | 4c8b 5424 | 304c 8954 | 2448 4489 | 5c24 3444 | 8944 2430 | 4c89 6c24 | 2048 8b6c 
  0x000001fe107500c4: ;   {metadata('java/lang/String')}
  0x000001fe107500c4: 2470 48ba | 40e7 002b | fe01 0000 

  0x000001fe107500d0: ;   {runtime_call _new_instance_Java}
  0x000001fe107500d0: c5f8 77e8 

  0x000001fe107500d4: ; ImmutableOopMap {rbp=Oop [48]=NarrowOop [64]=Oop [72]=Oop [80]=Oop [88]=Oop [96]=Oop [108]=NarrowOop [120]=NarrowOop [124]=NarrowOop }
                      ;*new {reexecute=0 rethrow=0 return_oop=1}
                      ; - java.lang.StringLatin1::newString@7 (line 752)
                      ; - java.lang.String::substring@41 (line 2839)
                      ; - java.net.URLClassLoader::defineClass@28 (line 489)
                      ; - java.net.URLClassLoader$1::run@43 (line 427)
                      ; - java.net.URLClassLoader$1::run@1 (line 421)
  0x000001fe107500d4: a89a 6fff 

  0x000001fe107500d8: ;   {other}
  0x000001fe107500d8: 0f1f 8400 | 483d 002e | 4889 6c24 | 704c 8b6c | 2420 448b | 4424 3044 | 8b5c 2434 | 4c8b 5424 
  0x000001fe107500f8: 484c 8954 | 2430 488b | 7c24 504c | 8b54 2460 | 4c89 5424 | 5044 8b54 | 2468 8b4c | 246c 894c 
  0x000001fe10750118: 2460 488b | d8e9 d0d3 | ffff 4489 | 5c24 644c | 89b4 2480 | 0000 0048 | ffb4 24b8 | 0000 0048 
  0x000001fe10750138: 8f44 2468 | 4c8b 5424 | 304c 8954 | 2448 448b | 5c24 7c44 | 895c 2434 | 448b 5c24 | 7844 895c 
  0x000001fe10750158: 2430 4c89 | 6c24 284c | 8b54 2470 | 4c89 5424 | 2066 6690 

  0x000001fe1075016c: ;   {static_call}
  0x000001fe1075016c: c5f8 77e8 

  0x000001fe10750170: ; ImmutableOopMap {rbp=Oop [32]=Oop [48]=NarrowOop [52]=NarrowOop [64]=Oop [72]=Oop [80]=Oop [88]=Oop [96]=NarrowOop [100]=NarrowOop [104]=Oop [128]=Oop [184]=Oop }
                      ;*invokestatic hashCode {reexecute=0 rethrow=0 return_oop=0}
                      ; - java.lang.String::hashCode@37 (line 2370)
                      ; - java.util.concurrent.ConcurrentHashMap::get@1 (line 936)
                      ; - java.lang.ClassLoader::getDefinedPackage@13 (line 2263)
                      ; - java.net.URLClassLoader::getAndVerifyPackage@2 (line 457)
                      ; - java.net.URLClassLoader::defineClass@46 (line 492)
                      ; - java.net.URLClassLoader$1::run@43 (line 427)
                      ; - java.net.URLClassLoader$1::run@1 (line 421)
  0x000001fe10750170: 0cef 62ff 

  0x000001fe10750174: ;   {other}
  0x000001fe10750174: 0f1f 8400 | e43d 002f | e9c7 e2ff | ff4c 8b4c | 2468 41c6 | 4111 0133 | c04c 8b54 | 2420 4c89 
  0x000001fe10750194: 5424 704c | 8b6c 2428 | 448b 5c24 | 3044 895c | 2478 448b | 5c24 3444 | 895c 247c | 4c8b 5424 
  0x000001fe107501b4: 484c 8954 | 2430 4c8b | b424 8000 | 0000 448b | 5c24 64e9 | 56d6 ffff | 458b 5010 | 4585 d20f 
  0x000001fe107501d4: 84df f3ff | ff4d 8b5f | 2849 8bca | 48c1 e103 | 4d85 db0f | 84aa 2700 | 004d 8b57 | 384b 894c 
  0x000001fe107501f4: 1af8 4983 | c3f8 4d89 | 5f28 e9b5 | f3ff ff4c | 8b4c 2478 | 458b 5128 | 4585 d20f | 84fb f3ff 
  0x000001fe10750214: ff4d 8b5f | 2849 8bca | 48c1 e103 | 4d85 db0f | 8443 2700 | 004d 8b57 | 384b 894c | 1af8 4983 
  0x000001fe10750234: c3f8 4d89 | 5f28 e9d1 | f3ff ff4d | 8b57 484d | 8b5f 58f0 | 8344 24c0 | 0080 3900 | 0f84 fcf3 
  0x000001fe10750254: ffff 4488 | 214d 85d2 | 7520 498b | d7c5 f877 | 49ba a014 | afd9 f97f | 0000 41ff 

  0x000001fe10750270: ;   {other}
  0x000001fe10750270: d20f 1f84 | 0000 0000 | 00e9 d4f3 | ffff 4b89 | 4c13 f849 | 83c2 f84d | 8957 48e9 | c2f3 ffff 
  0x000001fe10750290: 4d8b 5758 | 4d8b 5f48 | f083 4424 | c000 8039 | 000f 8453 | f3ff ff44 | 8821 4d85 | db75 2649 
  0x000001fe107502b0: 8bf8 498b | d7c5 f877 | 49ba a014 | afd9 f97f | 0000 41ff 

  0x000001fe107502c4: ;   {other}
  0x000001fe107502c4: d20f 1f84 | 0000 0000 | 004c 8bc7 | e925 f3ff | ff4b 894c | 1af8 4983 | c3f8 4d89 | 5f48 e913 
  0x000001fe107502e4: f3ff ff48 | 89ac 2488 | 0000 0048 | 898c 2480 | 0000 0048 | 895c 2468 | 4489 4424 | 284c 896c 
  0x000001fe10750304: ;   {metadata({type array byte})}
  0x000001fe10750304: 2420 48ba | 6822 002b | fe01 0000 | 4889 7c24 | 4845 8bc3 

  0x000001fe10750318: ;   {runtime_call _new_array_nozero_Java}
  0x000001fe10750318: c5f8 77e8 

  0x000001fe1075031c: ; ImmutableOopMap {[40]=NarrowOop [48]=Oop [64]=Oop [72]=Oop [128]=Derived_oop_[72] [80]=Oop [88]=Oop [96]=NarrowOop [104]=Oop [112]=Oop [120]=NarrowOop [124]=NarrowOop }
                      ;*invokevirtual clone {reexecute=1 rethrow=0 return_oop=1}
                      ; - (reexecute) java.util.Arrays::copyOfRange@18 (line 3856)
                      ; - java.lang.StringLatin1::newString@16 (line 752)
                      ; - java.lang.String::substring@41 (line 2839)
                      ; - java.net.URLClassLoader::defineClass@28 (line 489)
                      ; - java.net.URLClassLoader$1::run@43 (line 427)
                      ; - java.net.URLClassLoader$1::run@1 (line 421)
  0x000001fe1075031c: 60b4 6fff 

  0x000001fe10750320: ;   {other}
  0x000001fe10750320: 0f1f 8400 | 903f 0030 | 488b f0e9 | 55d2 ffff | 4c8b 5424 | 204c 8954 | 2470 448b | 5424 2844 
  0x000001fe10750340: 8954 2478 | 448b 5424 | 2c44 8954 | 247c 4c8b | 5424 484c | 8954 2450 | 4c8b 5c24 | 684c 8b8c 
  0x000001fe10750360: 2480 0000 | 004c 8bb4 | 2488 0000 | 0044 8b6c | 2464 448b | 9424 9000 | 0000 4c8b | 8424 9800 
  0x000001fe10750380: 0000 e92a | d8ff ff89 | 9c24 9000 | 0000 4489 | 6c24 644c | 89b4 2488 | 0000 004c | 898c 2480 
  0x000001fe107503a0: 0000 004c | 895c 2468 | 4c8b 5424 | 504c 8954 | 2448 448b | 5424 7c44 | 8954 242c | 448b 5424 
  0x000001fe107503c0: 7844 8954 | 2428 4c8b | 5424 704c | 8954 2420 

  0x000001fe107503d0: ;   {static_call}
  0x000001fe107503d0: c5f8 77e8 

  0x000001fe107503d4: ; ImmutableOopMap {rbp=Oop [32]=Oop [40]=NarrowOop [44]=NarrowOop [48]=Oop [64]=Oop [72]=Oop [88]=Oop [96]=NarrowOop [100]=NarrowOop [128]=Oop [136]=Oop [144]=NarrowOop }
                      ;*invokestatic hashCode {reexecute=0 rethrow=0 return_oop=0}
                      ; - java.lang.String::hashCode@37 (line 2370)
                      ; - java.util.concurrent.ConcurrentHashMap::get@1 (line 936)
                      ; - java.lang.ClassLoader::definePackage@47 (line 2125)
                      ; - java.lang.ClassLoader::getDefinedPackage@32 (line 2267)
                      ; - java.net.URLClassLoader::getAndVerifyPackage@2 (line 457)
                      ; - java.net.URLClassLoader::defineClass@46 (line 492)
                      ; - java.net.URLClassLoader$1::run@43 (line 427)
                      ; - java.net.URLClassLoader$1::run@1 (line 421)
  0x000001fe107503d4: a8ec 62ff 

  0x000001fe107503d8: ;   {other}
  0x000001fe107503d8: 0f1f 8400 | 4840 0031 | e93b e2ff | ff4c 8b8c | 2480 0000 | 0041 c641 | 1101 33c0 | 4c8b 5424 
  0x000001fe107503f8: 204c 8954 | 2470 448b | 5424 2844 | 8954 2478 | 448b 5424 | 2c44 8954 | 247c 4c8b | 5424 484c 
  0x000001fe10750418: 8954 2450 | 4c8b 5c24 | 684c 8bb4 | 2488 0000 | 0044 8b6c | 2464 8b9c | 2490 0000 | 00e9 16d7 
  0x000001fe10750438: ffff 4c8b | cb45 8b51 | 2c45 85d2 | 0f84 3de6 | ffff 4d8b | 5f28 498b | ca48 c1e1 | 034d 85db 
  0x000001fe10750458: 0f84 1a27 | 0000 4d8b | 5738 4b89 | 4c1a f849 | 83c3 f84d | 895f 284c | 8bcb e910 | e6ff ff44 
  0x000001fe10750478: 8b55 1c45 | 85d2 0f84 | 42e7 ffff | 4d8b 5f28 | 498b ca48 | c1e1 034d | 85db 0f84 | 2027 0000 
  0x000001fe10750498: 4d8b 5738 | 4b89 4c1a | f849 83c3 | f84d 895f | 28e9 18e7 | ffff 4c8b | 5424 7845 | 8b5a 1445 
  0x000001fe107504b8: 85db 0f84 | 4fe7 ffff | 4d8b 5728 | 498b cb48 | c1e1 034d | 85d2 0f84 | c426 0000 

  0x000001fe107504d4: ;   {no_reloc}
  0x000001fe107504d4: 4d8b 5f38 | 4b89 4c13 | f849 83c2 | f84d 8957 | 28e9 25e7 | ffff 448b | 5d1c 4585 | db0f 844b 
  0x000001fe107504f4: e8ff ff4d | 8b57 2849 | 8bcb 48c1 | e103 4d85 | d20f 84ed | 2600 004d | 8b5f 384b | 894c 13f8 
  0x000001fe10750514: 4983 c2f8 | 4d89 5728 | e921 e8ff | ff4c 8b54 | 2478 458b | 5210 4585 | d20f 8458 | e8ff ff4d 
  0x000001fe10750534: 8b5f 2849 | 8bca 48c1 | e103 4d85 | db0f 8491 | 2600 004d | 8b57 384b | 894c 1af8 | 4983 c3f8 
  0x000001fe10750554: 4d89 5f28 | e92e e8ff | ff49 8bda | 4c8b 5424 | 7845 8b5a | 1c45 85db | 7425 4d8b | 5728 498b 
  0x000001fe10750574: cb48 c1e1 | 034d 85d2 | 0f84 1627 | 0000 4d8b | 5f38 4b89 | 4c13 f849 | 83c2 f84d | 8957 284c 
  0x000001fe10750594: 8bd3 e909 | eaff ff4c | 8b84 2480 | 0000 0045 | 8b58 3045 | 85db 0f84 | 88ec ffff | 498b d84d 
  0x000001fe107505b4: 8b57 2849 | 8bcb 48c1 | e103 4d85 | d20f 8451 | 2600 004d | 8b5f 384b | 894c 13f8 | 4983 c2f8 
  0x000001fe107505d4: ;   {no_reloc}
  0x000001fe107505d4: 4d89 5728 | 4c8b c3e9 | 58ec ffff | 498b da4c | 8b54 2478 | 458b 5a34 | 4585 db74 | 254d 8b57 
  0x000001fe107505f4: 2849 8bcb | 48c1 e103 | 4d85 d20f | 8473 2600 | 004d 8b5f | 384b 894c | 13f8 4983 | c2f8 4d89 
  0x000001fe10750614: 5728 4c8b | d3e9 39eb | ffff 4c8b | 5424 7845 | 8b5a 1845 | 85db 0f84 | e2e8 ffff | 4d8b 5728 
  0x000001fe10750634: 498b cb48 | c1e1 034d | 85d2 0f84 | 7426 0000 | 4d8b 5f38 | 4b89 4c13 | f849 83c2 | f84d 8957 
  0x000001fe10750654: 28e9 b8e8 | ffff 4c8b | 5424 7845 | 8b5a 2445 | 85db 0f84 | 65ea ffff | 4d8b 5728 | 498b cb48 
  0x000001fe10750674: c1e1 034d | 85d2 0f84 | d825 0000 | 4d8b 5f38 | 4b89 4c13 | f849 83c2 | f84d 8957 | 28e9 3bea 
  0x000001fe10750694: ffff 498b | da4c 8b54 | 2478 458b | 5a38 4585 | db74 254d | 8b57 2849 | 8bcb 48c1 | e103 4d85 
  0x000001fe107506b4: d20f 847d | 2500 004d | 8b5f 384b | 894c 13f8 | 4983 c2f8 | 4d89 5728 | 4c8b d3e9 | 18eb ffff 
  0x000001fe107506d4: ;   {no_reloc}
  0x000001fe107506d4: 498b da44 | 8b55 1c45 | 85d2 7425 | 4d8b 5f28 | 498b ca48 | c1e1 034d | 85db 0f84 | e425 0000 
  0x000001fe107506f4: 4d8b 5738 | 4b89 4c1a | f849 83c3 | f84d 895f | 284c 8bd3 | e9ae e7ff | ff4c 8b94 | 2480 0000 
  0x000001fe10750714: 0045 8b52 | 0c45 85d2 | 0f84 efec | ffff 4d8b | 5f28 498b | ca48 c1e1 | 034d 85db | 0f84 e225 
  0x000001fe10750734: 0000 4d8b | 5738 4b89 | 4c1a f849 | 83c3 f84d | 895f 28e9 | c5ec ffff | 448b 5d0c | 4585 db0f 
  0x000001fe10750754: 8459 ecff | ff4d 8b57 | 2849 8bcb | 48c1 e103 | 4d85 d20f | 84cb 2500 | 004d 8b5f | 384b 894c 
  0x000001fe10750774: 13f8 4983 | c2f8 4d89 | 5728 e92f | ecff ff4c | 8b8c 2480 | 0000 0045 | 8b51 1045 | 85d2 0f84 
  0x000001fe10750794: 15ed ffff | 498b f849 | 8bd9 4d8b | 5f28 498b | ca48 c1e1 | 034d 85db | 0f84 4625 | 0000 4d8b 
  0x000001fe107507b4: 5738 4b89 | 4c1a f849 | 83c3 f84d | 895f 284c | 8bcb 4c8b | c7e9 dfec | ffff 4c8b | c545 8b50 
  0x000001fe107507d4: ;   {no_reloc}
  0x000001fe107507d4: 1445 85d2 | 0f84 38ed | ffff 4d8b | 5f28 498b | ca48 c1e1 | 034d 85db | 0f84 6625 | 0000 4d8b 
  0x000001fe107507f4: 5738 4b89 | 4c1a f849 | 83c3 f84d | 895f 28e9 | 0eed ffff | 4d8b 5748 | 4d8b 5f58 | f083 4424 
  0x000001fe10750814: c000 8039 | 000f 842e | e4ff ff44 | 8821 4d85 | d275 2049 | 8bd7 c5f8 | 7749 baa0 | 14af d9f9 
  0x000001fe10750834: 7f00 0041 

  0x000001fe10750838: ;   {other}
  0x000001fe10750838: ffd2 0f1f | 8400 0000 | 0000 e906 | e4ff ff4b | 894c 13f8 | 4983 c2f8 | 4d89 5748 | e9f4 e3ff 
  0x000001fe10750858: ff4d 8b57 | 584d 8b5f | 48f0 8344 | 24c0 0080 | 3900 0f84 | 94e3 ffff | 4488 214d | 85db 7520 
  0x000001fe10750878: 498b d7c5 | f877 49ba | a014 afd9 | f97f 0000 

  0x000001fe10750888: ;   {other}
  0x000001fe10750888: 41ff d20f | 1f84 0000 | 0000 00e9 | 6ce3 ffff | 4b89 4c1a | f849 83c3 | f84d 895f | 48e9 5ae3 
  0x000001fe107508a8: ffff 4d8b | 5748 4d8b | 5f58 f083 | 4424 c000 | 8039 000f | 8408 e5ff | ff44 8821 | 4d85 d275 
  0x000001fe107508c8: 2049 8bd7 | c5f8 7749 | baa0 14af | d9f9 7f00 | 0041 ffd2 

  0x000001fe107508dc: ;   {other}
  0x000001fe107508dc: 0f1f 8400 | 0000 0000 | e9e0 e4ff | ff4b 894c | 13f8 4983 | c2f8 4d89 | 5748 e9ce | e4ff ff4d 
  0x000001fe107508fc: 8b57 584d | 8b5f 48f0 | 8344 24c0 | 0080 3900 | 0f84 6ee4 | ffff 4488 | 214d 85db | 7520 498b 
  0x000001fe1075091c: d7c5 f877 | 49ba a014 | afd9 f97f | 0000 41ff 

  0x000001fe1075092c: ;   {other}
  0x000001fe1075092c: d20f 1f84 | 0000 0000 | 00e9 46e4 | ffff 4b89 | 4c1a f849 | 83c3 f84d | 895f 48e9 | 34e4 ffff 
  0x000001fe1075094c: 4d8b 5748 | 4d8b 5f58 | f083 4424 | c000 8039 | 000f 840f | e9ff ff44 | 8821 4d85 | d275 2649 
  0x000001fe1075096c: 8bd8 498b | d7c5 f877 | 49ba a014 | afd9 f97f | 0000 41ff 

  0x000001fe10750980: ;   {other}
  0x000001fe10750980: d20f 1f84 | 0000 0000 | 004c 8bc3 | e9e1 e8ff | ff4b 894c | 13f8 4983 | c2f8 4d89 | 5748 e9cf 
  0x000001fe107509a0: e8ff ff4d | 8b57 584d | 8b5f 48f0 | 8344 24c0 | 0080 3900 | 0f84 4de5 | ffff 4488 | 214d 85db 
  0x000001fe107509c0: 7520 498b | d7c5 f877 | 49ba a014 | afd9 f97f | 0000 41ff 

  0x000001fe107509d4: ;   {other}
  0x000001fe107509d4: d20f 1f84 | 0000 0000 | 00e9 25e5 | ffff 4b89 | 4c1a f849 | 83c3 f84d | 895f 48e9 | 13e5 ffff 
  0x000001fe107509f4: 4d8b 5758 | 4d8b 5f48 | f083 4424 | c000 8039 | 000f 84bb | e6ff ff44 | 8821 4d85 | db75 2049 
  0x000001fe10750a14: 8bd7 c5f8 | 7749 baa0 | 14af d9f9 | 7f00 0041 

  0x000001fe10750a24: ;   {other}
  0x000001fe10750a24: ffd2 0f1f | 8400 0000 | 0000 e993 | e6ff ff4b | 894c 1af8 | 4983 c3f8 | 4d89 5f48 | e981 e6ff 
  0x000001fe10750a44: ff4d 8b57 | 584d 8b5f | 48f0 8344 | 24c0 0080 | 3900 0f84 | c9e7 ffff | 4488 214d | 85db 7520 
  0x000001fe10750a64: 498b d7c5 | f877 49ba | a014 afd9 | f97f 0000 

  0x000001fe10750a74: ;   {other}
  0x000001fe10750a74: 41ff d20f | 1f84 0000 | 0000 00e9 | a1e7 ffff | 4b89 4c1a | f849 83c3 | f84d 895f | 48e9 8fe7 
  0x000001fe10750a94: ffff 4d8b | 5748 4d8b | 5f58 f083 | 4424 c000 | 8039 000f | 84a3 e4ff | ff44 8821 | 4d85 d275 
  0x000001fe10750ab4: 2049 8bd7 | c5f8 7749 | baa0 14af | d9f9 7f00 | 0041 ffd2 

  0x000001fe10750ac8: ;   {other}
  0x000001fe10750ac8: 0f1f 8400 | 0000 0000 | e97b e4ff | ff4b 894c | 13f8 4983 | c2f8 4d89 | 5748 e969 | e4ff ff4d 
  0x000001fe10750ae8: 8b57 584d | 8b5f 48f0 | 8344 24c0 | 0080 3900 | 0f84 92e6 | ffff 4488 | 214d 85db | 7520 498b 
  0x000001fe10750b08: d7c5 f877 | 49ba a014 | afd9 f97f | 0000 41ff 

  0x000001fe10750b18: ;   {other}
  0x000001fe10750b18: d20f 1f84 | 0000 0000 | 00e9 6ae6 | ffff 4b89 | 4c1a f849 | 83c3 f84d | 895f 48e9 | 58e6 ffff 
  0x000001fe10750b38: 4d8b 5758 | 4d8b 5f48 | f083 4424 | c000 8039 | 000f 84b4 | e5ff ff44 | 8821 4d85 | db75 2049 
  0x000001fe10750b58: 8bd7 c5f8 | 7749 baa0 | 14af d9f9 | 7f00 0041 

  0x000001fe10750b68: ;   {other}
  0x000001fe10750b68: ffd2 0f1f | 8400 0000 | 0000 e98c | e5ff ff4b | 894c 1af8 | 4983 c3f8 | 4d89 5f48 | e97a e5ff 
  0x000001fe10750b88: ff4d 8b57 | 584d 8b5f | 48f0 8344 | 24c0 0080 | 3900 0f84 | 3de4 ffff | 4488 214d | 85db 7520 
  0x000001fe10750ba8: 498b d7c5 | f877 49ba | a014 afd9 | f97f 0000 

  0x000001fe10750bb8: ;   {other}
  0x000001fe10750bb8: 41ff d20f | 1f84 0000 | 0000 00e9 | 15e4 ffff | 4b89 4c1a | f849 83c3 | f84d 895f | 48e9 03e4 
  0x000001fe10750bd8: ffff 4d8b | 5758 4d8b | 5f48 f083 | 4424 c000 | 8039 000f | 8455 e8ff | ff44 8821 | 4d85 db75 
  0x000001fe10750bf8: 2049 8bd7 | c5f8 7749 | baa0 14af | d9f9 7f00 | 0041 ffd2 

  0x000001fe10750c0c: ;   {other}
  0x000001fe10750c0c: 0f1f 8400 | 0000 0000 | e92d e8ff | ff4b 894c | 1af8 4983 | c3f8 4d89 | 5f48 e91b | e8ff ff49 
  0x000001fe10750c2c: 8bd9 4d8b | 5758 4d8b | 5f48 f083 | 4424 c000 | 8039 0074 | 3244 8821 | 4d85 db74 | 0f4b 894c 
  0x000001fe10750c4c: 1af8 4983 | c3f8 4d89 | 5f48 eb1b | 498b d7c5 | f877 49ba | a014 afd9 | f97f 0000 

  0x000001fe10750c68: ;   {other}
  0x000001fe10750c68: 41ff d20f | 1f84 0000 | 0000 004c | 8bcb e969 | e8ff ff4d | 8b57 584d | 8b5f 48f0 | 8344 24c0 
  0x000001fe10750c88: 0080 3900 | 0f84 e7dd | ffff 4488 | 214d 85db | 7520 498b | d7c5 f877 | 49ba a014 | afd9 f97f 
  0x000001fe10750ca8: 0000 41ff 

  0x000001fe10750cac: ;   {other}
  0x000001fe10750cac: d20f 1f84 | 0000 0000 | 00e9 bfdd | ffff 4b89 | 4c1a f849 | 83c3 f84d | 895f 48e9 | addd ffff 
  0x000001fe10750ccc: 418b e849 | 8bf9 4d8b | 5758 4d8b | 5f48 f083 | 4424 c000 | 8039 0074 | 3244 8821 | 4d85 db74 
  0x000001fe10750cec: 0f4b 894c | 1af8 4983 | c3f8 4d89 | 5f48 eb1b | 498b d7c5 | f877 49ba | a014 afd9 | f97f 0000 
  0x000001fe10750d0c: ;   {other}
  0x000001fe10750d0c: 41ff d20f | 1f84 0000 | 0000 004c | 8bcf 448b | c5e9 a2dd | ffff 4d8b | 5758 4d8b | 5f48 f083 
  0x000001fe10750d2c: 4424 c000 | 8039 000f | 84cd e6ff | ff44 8821 | 4d85 db75 | 2049 8bd7 | c5f8 7749 | baa0 14af 
  0x000001fe10750d4c: d9f9 7f00 | 0041 ffd2 

  0x000001fe10750d54: ;   {other}
  0x000001fe10750d54: 0f1f 8400 | 0000 0000 | e9a5 e6ff | ff4b 894c | 1af8 4983 | c3f8 4d89 | 5f48 e993 | e6ff ff4d 
  0x000001fe10750d74: 8b57 484d | 8b5f 58f0 | 8344 24c0 | 0080 3900 | 0f84 cce7 | ffff 4488 | 214d 85d2 | 7526 498b 
  0x000001fe10750d94: d849 8bd7 | c5f8 7749 | baa0 14af | d9f9 7f00 | 0041 ffd2 

  0x000001fe10750da8: ;   {other}
  0x000001fe10750da8: 0f1f 8400 | 0000 0000 | 4c8b c3e9 | 9ee7 ffff | 4b89 4c13 | f849 83c2 | f84d 8957 | 48e9 8ce7 
  0x000001fe10750dc8: ffff 458b | 5010 4585 | d20f 84ed | daff ff4d | 8b5f 2849 | 8bca 48c1 | e103 4d85 | db0f 84da 
  0x000001fe10750de8: 2000 004d | 8b57 384b | 894c 1af8 | 4983 c3f8 | 4d89 5f28 | e9c3 daff | ff4c 8b84 | 2480 0000 
  0x000001fe10750e08: 0045 8b50 | 0c45 85d2 | 0f84 22da | ffff 4d8b | 5f28 498b | ca48 c1e1 | 034d 85db | 0f84 c720 
  0x000001fe10750e28: 0000 4d8b | 5738 4b89 | 4c1a f849 | 83c3 f84d | 895f 284c | 8b84 2480 | 0000 00e9 | f0d9 ffff 
  0x000001fe10750e48: 448b 5d0c | 4585 db0f | 8479 d9ff | ff4d 8b57 | 2849 8bcb | 48c1 e103 | 4d85 d20f | 84a8 2000 
  0x000001fe10750e68: 004d 8b5f | 384b 894c | 13f8 4983 | c2f8 4d89 | 5728 e94f | d9ff ff4c | 8bd5 458b | 5a14 4585 
  0x000001fe10750e88: db0f 849f | daff ff4d | 8b47 2849 | 8bcb 48c1 | e103 4d85 | c00f 848e | 2000 004d 

  0x000001fe10750ea4: ;   {no_reloc}
  0x000001fe10750ea4: 8b5f 384b | 894c 03f8 | 4983 c0f8 | 4d89 4728 | e975 daff | ff4d 8b57 | 584d 8b5f | 48f0 8344 
  0x000001fe10750ec4: 24c0 0080 | 3900 0f84 | 2bda ffff | 4488 214d | 85db 7526 | 498b d849 | 8bd7 c5f8 | 7749 baa0 
  0x000001fe10750ee4: 14af d9f9 | 7f00 0041 

  0x000001fe10750eec: ;   {other}
  0x000001fe10750eec: ffd2 0f1f | 8400 0000 | 0000 4c8b | c3e9 fdd9 | ffff 4b89 | 4c1a f849 | 83c3 f84d | 895f 48e9 
  0x000001fe10750f0c: ebd9 ffff | 4d8b 5748 | 4d8b 5f58 | f083 4424 | c000 8039 | 000f 8441 | d9ff ff44 | 8821 4d85 
  0x000001fe10750f2c: d275 2649 | 8bd8 498b | d7c5 f877 | 49ba a014 | afd9 f97f | 0000 41ff 

  0x000001fe10750f44: ;   {other}
  0x000001fe10750f44: d20f 1f84 | 0000 0000 | 004c 8bc3 | e913 d9ff | ff4b 894c | 13f8 4983 | c2f8 4d89 | 5748 e901 
  0x000001fe10750f64: d9ff ff4d | 8b57 584d | 8b5f 48f0 | 8344 24c0 | 0080 3900 | 0f84 a7d8 | ffff 4488 | 214d 85db 
  0x000001fe10750f84: 7520 498b | d7c5 f877 | 49ba a014 | afd9 f97f | 0000 41ff 

  0x000001fe10750f98: ;   {other}
  0x000001fe10750f98: d20f 1f84 | 0000 0000 | 00e9 7fd8 | ffff 4b89 | 4c1a f849 | 83c3 f84d | 895f 48e9 | 6dd8 ffff 
  0x000001fe10750fb8: 418b e8e9 | edbd ffff | 4489 6c24 | 644c 89b4 | 2488 0000 | 004c 898c | 2480 0000 | 004c 895c 
  0x000001fe10750fd8: 2468 4c8b | 5424 504c | 8954 2448 | 448b 5424 | 7c44 8954 | 242c 448b | 5c24 7844 | 895c 2428 
  0x000001fe10750ff8: 4c8b 5424 | 704c 8954 

  0x000001fe10751000: ;   {metadata('java/lang/ClassLoader$$Lambda+0x000001fe2c0648b0')}
  0x000001fe10751000: 2420 48ba | b048 062c | fe01 0000 

  0x000001fe1075100c: ;   {runtime_call _new_instance_Java}
  0x000001fe1075100c: c5f8 77e8 

  0x000001fe10751010: ; ImmutableOopMap {rbp=NarrowOop [32]=Oop [40]=NarrowOop [44]=NarrowOop [48]=Oop [64]=Oop [72]=Oop [88]=Oop [96]=NarrowOop [100]=NarrowOop [128]=Oop [136]=Oop }
                      ;*invokevirtual allocateInstance {reexecute=0 rethrow=0 return_oop=1}
                      ; - java.lang.invoke.DirectMethodHandle::allocateInstance@12 (line 501)
                      ; - java.lang.invoke.DirectMethodHandle$Holder::newInvokeSpecial@1
                      ; - java.lang.invoke.Invokers$Holder::linkToTargetMethod@6
                      ; - java.lang.ClassLoader::definePackage@73 (line 2129)
                      ; - java.lang.ClassLoader::getDefinedPackage@32 (line 2267)
                      ; - java.net.URLClassLoader::getAndVerifyPackage@2 (line 457)
                      ; - java.net.URLClassLoader::defineClass@46 (line 492)
                      ; - java.net.URLClassLoader$1::run@43 (line 427)
                      ; - java.net.URLClassLoader$1::run@1 (line 421)
  0x000001fe10751010: 6c8b 6fff 

  0x000001fe10751014: ;   {other}
  0x000001fe10751014: 0f1f 8400 | 844c 0032 | 4c8b 5424 | 204c 8954 | 2470 448b | 5424 2844 | 8954 2478 | 448b 5c24 
  0x000001fe10751034: 2c44 895c | 247c 4c8b | 5424 484c | 8954 2450 | 4c8b 5c24 | 684c 8b8c | 2480 0000 | 004c 8bb4 
  0x000001fe10751054: 2488 0000 | 0044 8b6c | 2464 488b | c8e9 21ce | ffff 4c89 | 6c24 2048 | 8b6c 2458 

  0x000001fe10751070: ;   {metadata('java/lang/String')}
  0x000001fe10751070: 48ba 40e7 | 002b fe01 | 0000 6690 

  0x000001fe1075107c: ;   {runtime_call _new_instance_Java}
  0x000001fe1075107c: c5f8 77e8 

  0x000001fe10751080: ; ImmutableOopMap {rbp=Oop [32]=Oop [88]=Oop }
                      ;*new {reexecute=0 rethrow=0 return_oop=1}
                      ; - java.lang.StringConcatHelper::simpleConcat@17 (line 425)
                      ; - java.lang.String::concat@11 (line 2899)
                      ; - java.net.URLClassLoader$1::run@13 (line 423)
                      ; - java.net.URLClassLoader$1::run@1 (line 421)
  0x000001fe10751080: fc8a 6fff 

  0x000001fe10751084: ;   {other}
  0x000001fe10751084: 0f1f 8400 | f44c 0033 | 4c8b 6c24 | 20e9 09d3 | ffff 2bd3 | 4889 8c24 | 9800 0000 | 4c89 4c24 
  0x000001fe107510a4: 68e9 04ea 

  0x000001fe107510a8: ;   {metadata('java/io/FileInputStream')}
  0x000001fe107510a8: ffff 4181 | f8f8 1701 | 000f 8578 | 2400 004c | 8b44 2468 | 450f b648 | 0c45 85c9 | 0f85 7fea 
  0x000001fe107510c8: ffff 458b | 481c 4585 | c90f 841d | 2500 004b | 8d0c cc48 | 8d9c 24d0 | 0000 0048 | 8b01 a802 
  0x000001fe107510e8: 0f85 2300 | 0000 4883 | c801 4889 | 03f0 480f | b119 0f84 | 3700 0000 | 482b c448 | 2507 f0ff 
  0x000001fe10751108: ff48 8903 | e924 0000 | 004c 8bd0 | 4833 c0f0 | 4d0f b17a | 3e48 c703 | 0300 0000 | 7411 4c3b 
  0x000001fe10751128: f875 1549 | ff82 8600 | 0000 4833 | c075 0949 | ff87 4805 | 0000 33c0 | 0f85 e224 | 0000 450f 
  0x000001fe10751148: b648 0c45 | 85c9 0f84 | 7f13 0000 | 488d 8424 | d000 0000 | 4883 3800 | 0f84 7900 | 0000 4c8b 
  0x000001fe10751168: 1141 f6c2 | 020f 8462 | 0000 0049 | 83ba 8600 | 0000 0074 | 0949 ff8a | 8600 0000 | eb4b 498b 
  0x000001fe10751188: 8296 0000 | 0049 0b82 | 8e00 0000 | 750a 49c7 | 423e 0000 | 0000 eb3d | 4983 ba9e | 0000 0000 
  0x000001fe107511a8: ;   {no_reloc}
  0x000001fe107511a8: 7422 4833 | c049 c742 | 3e00 0000 | 00f0 8304 | 2400 4983 | ba9e 0000 | 0000 750d | f04d 0fb1 
  0x000001fe107511c8: 7a3e 7505 | 83c8 01eb | 0ca8 00eb | 084c 8b10 | f04c 0fb1 | 1175 0a49 | ff8f 4805 | 0000 4533 
  0x000001fe107511e8: d20f 845a | e9ff ff41 | 8bdb 488d | 9424 d000 | 0000 4d8b | c7c5 f877 | 49ba 7039 | f0d9 f97f 
  0x000001fe10751208: 0000 41ff 

  0x000001fe1075120c: ;   {other}
  0x000001fe1075120c: d20f 1f84 | 0000 0000 | 0044 8bdb | e92c e9ff | ff4c 899c | 24a0 0000 | 004c 898c | 2498 0000 
  0x000001fe1075122c: 0048 898c | 2490 0000 | 0048 899c | 2488 0000 | 0044 8b44 | 2460 4489 | 8424 8400 | 0000 4489 
  0x000001fe1075124c: 9424 8000 | 0000 4c8b | 5424 504c | 8954 2468 | 4c8b 5424 | 304c 8954 | 2450 448b | 5c24 7c44 
  0x000001fe1075126c: 895c 244c | 448b 5424 | 7844 8954 | 2448 4c89 | 6c24 304c | 8b54 2470 | 4c89 5424 

  0x000001fe10751288: ;   {metadata({type array byte})}
  0x000001fe10751288: 2848 ba68 | 2200 2bfe | 0100 0048 | 897c 2460 | 448b 8424 | 8000 0000 

  0x000001fe107512a0: ;   {runtime_call _new_array_nozero_Java}
  0x000001fe107512a0: c5f8 77e8 

  0x000001fe107512a4: ; ImmutableOopMap {[40]=Oop [64]=Oop [72]=NarrowOop [76]=NarrowOop [80]=Oop [88]=Oop [96]=Oop [144]=Derived_oop_[96] [104]=Oop [132]=NarrowOop [136]=Oop }
                      ;*newarray {reexecute=0 rethrow=0 return_oop=1}
                      ; - java.util.Arrays::copyOfRangeByte@10 (line 3863)
                      ; - java.util.Arrays::copyOfRange@13 (line 3854)
                      ; - java.lang.StringLatin1::newString@16 (line 752)
                      ; - java.lang.String::substring@41 (line 2839)
                      ; - java.net.URLClassLoader::defineClass@28 (line 489)
                      ; - java.net.URLClassLoader$1::run@43 (line 427)
                      ; - java.net.URLClassLoader$1::run@1 (line 421)
  0x000001fe107512a4: d8a4 6fff 

  0x000001fe107512a8: ;   {other}
  0x000001fe107512a8: 0f1f 8400 | 184f 0034 | 4c8b 5424 | 284c 8954 | 2470 4c8b | 6c24 3044 | 8b5c 2448 | 4489 5c24 
  0x000001fe107512c8: 7844 8b54 | 244c 4489 | 5424 7c4c | 8b54 2450 | 4c89 5424 | 304c 8b54 | 2468 4c89 | 5424 5044 
  0x000001fe107512e8: 8b94 2480 | 0000 0044 | 8b84 2484 | 0000 0044 | 8944 2460 | 488b 9c24 | 8800 0000 | 488b 8c24 
  0x000001fe10751308: 9000 0000 | 488b f04c | 8b8c 2498 | 0000 004c | 8b9c 24a0 | 0000 00e9 | 0bd2 ffff | 0f1f 8400 
  0x000001fe10751328: 0000 0000 | 6666 6690 | 418b da4c | 8b4c 2468 | 4489 5c24 | 6448 8b8c | 24a0 0000 | 0044 8b44 
  0x000001fe10751348: 2470 488b 

  0x000001fe1075134c: ;   {metadata('java/io/FileInputStream')}
  0x000001fe1075134c: f5eb 1241 | 81fb f817 | 0100 0f85 | 0422 0000 | 498b f133 | db8b 510c | 3bda 0f8c | ba12 0000 
  0x000001fe1075136c: 458b d844 | 2bdb 448d | 9200 0400 | 0045 3bda | 450f 4fda | 4585 db0f | 8c61 2100 | 0048 8bf9 
  0x000001fe1075138c: 4883 c710 | 468d 141b | 443b d20f | 843f 1a00 | 0041 81fa | 0000 1000 | 0f87 a220 | 0000 4963 
  0x000001fe107513ac: c241 3bd2 | 8bea 410f | 4fea 3bd5 | 0f82 0221 | 0000 443b | d50f 8200 | 2100 0048 | 83c0 1748 
  0x000001fe107513cc: 8bd0 4883 | e2f8 4181 | fa00 0010 | 000f 8719 | 1d00 0048 | 8994 24a8 | 0000 0048 | 8984 24a0 
  0x000001fe107513ec: 0000 0048 | 89bc 2498 | 0000 0089 | 9c24 8c00 | 0000 4889 | b424 9000 | 0000 4489 | 9424 8800 
  0x000001fe1075140c: 0000 4489 | 9c24 8400 | 0000 4489 | 8424 8000 | 0000 4889 | 4c24 704c | 894c 2468 | 4d8b 97b8 
  0x000001fe1075142c: 0100 004d | 8bc2 4c03 | d24d 3b97 | c801 0000 | 0f83 ff1c | 0000 4d89 | 97b8 0100 | 0041 0f18 
  0x000001fe1075144c: ;   {no_reloc}
  0x000001fe1075144c: 82c0 0000 | 0049 c700 | 0100 0000 | 410f 1882 | 0001 0000 

  0x000001fe10751460: ;   {metadata({type array byte})}
  0x000001fe10751460: 41c7 4008 | 6822 0000 | 448b 9c24 | 8800 0000 | 4589 580c | 410f 1882 | 4001 0000 | 410f 1882 
  0x000001fe10751480: 8001 0000 | 4d8b d04d | 8bda 4983 | c310 4c8b | 8424 a000 | 0000 49c1 | e803 85ed | 0f84 b21f 
  0x000001fe107514a0: 0000 3bac | 2488 0000 | 000f 8c0e | 1500 0049 | 8bda 4c8b | 9424 a800 | 0000 4983 | c2f0 49c1 
  0x000001fe107514c0: ea03 488b | 8c24 9800 | 0000 498b | d34d 8bc2 | c5f8 7749 | ba60 33d6 | 0ffe 0100 | 0041 ffd2 
  0x000001fe107514e0: ;   {other}
  0x000001fe107514e0: 0f1f 8400 | 0000 0000 | 4c8b d344 | 8b9c 2484 | 0000 0044 | 899c 249c | 0000 004c | 8994 24a0 
  0x000001fe10751500: 0000 0044 | 8b84 2480 | 0000 0048 | 8bb4 2490 | 0000 008b | 9c24 8c00 | 0000 895c | 2474 488b 
  0x000001fe10751520: ee44 8944 | 2470 6690 

  0x000001fe10751528: ;   {static_call}
  0x000001fe10751528: c5f8 77e8 

  0x000001fe1075152c: ; ImmutableOopMap {rbp=Oop [32]=Oop [48]=Oop [64]=Oop [72]=Oop [80]=Oop [88]=Oop [96]=NarrowOop [104]=Oop [120]=NarrowOop [124]=NarrowOop [160]=Oop }
                      ;*invokestatic begin {reexecute=0 rethrow=0 return_oop=0}
                      ; - java.io.FileInputStream::read@0 (line 285)
                      ; - jdk.internal.loader.Resource::getBytes@117 (line 126)
                      ; - java.net.URLClassLoader::defineClass@179 (line 519)
                      ; - java.net.URLClassLoader$1::run@43 (line 427)
                      ; - java.net.URLClassLoader$1::run@1 (line 421)
  0x000001fe1075152c: 50db 62ff 

  0x000001fe10751530: ;   {other}
  0x000001fe10751530: 0f1f 8400 | a051 0035 | 4889 8424 | 8000 0000 | 488b d54c | 8b84 24a0 | 0000 0044 | 8b4c 2474 
  0x000001fe10751550: 8bbc 249c | 0000 0090 

  0x000001fe10751558: ;   {optimized virtual_call}
  0x000001fe10751558: c5f8 77e8 

  0x000001fe1075155c: ; ImmutableOopMap {rbp=Oop [32]=Oop [48]=Oop [64]=Oop [72]=Oop [80]=Oop [88]=Oop [96]=NarrowOop [104]=Oop [120]=NarrowOop [124]=NarrowOop [160]=Oop }
                      ;*invokevirtual readBytes {reexecute=0 rethrow=0 return_oop=0}
                      ; - java.io.FileInputStream::read@9 (line 287)
                      ; - jdk.internal.loader.Resource::getBytes@117 (line 126)
                      ; - java.net.URLClassLoader::defineClass@179 (line 519)
                      ; - java.net.URLClassLoader$1::run@43 (line 427)
                      ; - java.net.URLClassLoader$1::run@1 (line 421)
  0x000001fe1075155c: 20d5 62ff 

  0x000001fe10751560: ;   {other}
  0x000001fe10751560: 0f1f 8400 | d051 0036 | 8984 2488 | 0000 0048 | 8b94 2480 | 0000 0090 

  0x000001fe10751578: ;   {static_call}
  0x000001fe10751578: c5f8 77e8 

  0x000001fe1075157c: ; ImmutableOopMap {rbp=Oop [32]=Oop [48]=Oop [64]=Oop [72]=Oop [80]=Oop [88]=Oop [96]=NarrowOop [104]=Oop [120]=NarrowOop [124]=NarrowOop [160]=Oop }
                      ;*invokestatic end {reexecute=0 rethrow=0 return_oop=0}
                      ; - java.io.FileInputStream::read@16 (line 289)
                      ; - jdk.internal.loader.Resource::getBytes@117 (line 126)
                      ; - java.net.URLClassLoader::defineClass@179 (line 519)
                      ; - java.net.URLClassLoader$1::run@43 (line 427)
                      ; - java.net.URLClassLoader$1::run@1 (line 421)
  0x000001fe1075157c: 00db 62ff 

  0x000001fe10751580: ;   {other}
  0x000001fe10751580: 0f1f 8400 | f051 0037 | 448b 9c24 | 8800 0000 | 4585 db0f | 8c35 1f00 | 0044 8b54 | 2474 4503 
  0x000001fe107515a0: d344 8b5c | 2464 4d8b | 8750 0400 

  0x000001fe107515ac: ; ImmutableOopMap {rbp=Oop [32]=Oop [48]=Oop [64]=Oop [72]=Oop [80]=Oop [88]=Oop [96]=NarrowOop [104]=Oop [120]=NarrowOop [124]=NarrowOop [160]=Oop }
                      ;*goto {reexecute=1 rethrow=0 return_oop=0}
                      ; - (reexecute) jdk.internal.loader.Resource::getBytes@179 (line 142)
                      ; - java.net.URLClassLoader::defineClass@179 (line 519)
                      ; - java.net.URLClassLoader$1::run@43 (line 427)
                      ; - java.net.URLClassLoader$1::run@1 (line 421)
                      ;   {poll}
  0x000001fe107515ac: 0041 8500 | 443b 5424 | 700f 8c75 | fdff ff4c | 8b94 24a0 | 0000 004c | 8954 2420 | e945 e5ff 
  0x000001fe107515cc: ;   {metadata('java/lang/ref/SoftReference')}
  0x000001fe107515cc: ff48 ba10 | d403 2bfe | 0100 0090 

  0x000001fe107515d8: ;   {runtime_call _new_instance_Java}
  0x000001fe107515d8: c5f8 77e8 

  0x000001fe107515dc: ; ImmutableOopMap {rbp=Oop [32]=Oop [48]=NarrowOop [52]=NarrowOop [64]=Oop [72]=Oop [80]=Oop [88]=Oop [96]=NarrowOop [104]=Oop [120]=Oop [184]=Oop }
                      ;*new {reexecute=0 rethrow=0 return_oop=1}
                      ; - java.util.jar.JarFile::getManifestFromReference@184 (line 435)
                      ; - java.util.jar.JarFile::getManifest@1 (line 405)
                      ; - jdk.internal.loader.URLClassPath$JarLoader$2::getManifest@22 (line 853)
                      ; - java.net.URLClassLoader::defineClass@34 (line 491)
                      ; - java.net.URLClassLoader$1::run@43 (line 427)
                      ; - java.net.URLClassLoader$1::run@1 (line 421)
  0x000001fe107515dc: a085 6fff 

  0x000001fe107515e0: ;   {other}
  0x000001fe107515e0: 0f1f 8400 | 5052 0039 | 4c8b c0e9 | b2df ffff 

  0x000001fe107515f0: ;   {metadata('java/util/jar/JarVerifier')}
  0x000001fe107515f0: 48ba 781a | 172b fe01 | 0000 6690 

  0x000001fe107515fc: ;   {runtime_call _new_instance_Java}
  0x000001fe107515fc: c5f8 77e8 

  0x000001fe10751600: ; ImmutableOopMap {[32]=Oop [48]=NarrowOop [52]=NarrowOop [64]=Oop [72]=Oop [80]=Oop [88]=Oop [96]=NarrowOop [104]=Oop [112]=Oop [120]=Oop [128]=Oop [184]=Oop }
                      ;*new {reexecute=0 rethrow=0 return_oop=1}
                      ; - java.util.jar.JarFile::getManifestFromReference@69 (line 421)
                      ; - java.util.jar.JarFile::getManifest@1 (line 405)
                      ; - jdk.internal.loader.URLClassPath$JarLoader$2::getManifest@22 (line 853)
                      ; - java.net.URLClassLoader::defineClass@34 (line 491)
                      ; - java.net.URLClassLoader$1::run@43 (line 427)
                      ; - java.net.URLClassLoader$1::run@1 (line 421)
  0x000001fe10751600: 7c85 6fff 

  0x000001fe10751604: ;   {other}
  0x000001fe10751604: 0f1f 8400 | 7452 003a | 4c8b d0e9 | f6d3 ffff | 4489 4424 | 644c 894c | 2478 4889 

  0x000001fe10751620: ;   {metadata('java/util/Hashtable')}
  0x000001fe10751620: 5c24 7048 | ba90 d200 | 2bfe 0100 | 0066 6690 

  0x000001fe10751630: ;   {runtime_call _new_instance_Java}
  0x000001fe10751630: c5f8 77e8 

  0x000001fe10751634: ; ImmutableOopMap {[32]=Oop [48]=NarrowOop [52]=NarrowOop [64]=Oop [72]=Oop [80]=Oop [88]=Oop [96]=NarrowOop [100]=NarrowOop [104]=Oop [112]=Oop [120]=Oop [128]=Oop [184]=Oop }
                      ;*new {reexecute=0 rethrow=0 return_oop=1}
                      ; - java.util.jar.JarVerifier::<init>@35 (line 105)
                      ; - java.util.jar.JarFile::getManifestFromReference@78 (line 421)
                      ; - java.util.jar.JarFile::getManifest@1 (line 405)
                      ; - jdk.internal.loader.URLClassPath$JarLoader$2::getManifest@22 (line 853)
                      ; - java.net.URLClassLoader::defineClass@34 (line 491)
                      ; - java.net.URLClassLoader$1::run@43 (line 427)
                      ; - java.net.URLClassLoader$1::run@1 (line 421)
  0x000001fe10751634: 4885 6fff 

  0x000001fe10751638: ;   {other}
  0x000001fe10751638: 0f1f 8400 | a852 003b | 488b e8e9 | d8d4 ffff 

  0x000001fe10751648: ;   {metadata('java/util/Hashtable$Entry'[])}
  0x000001fe10751648: 48ba b08c | 132b fe01 | 0000 41b8 | 0b00 0000 

  0x000001fe10751658: ;   {runtime_call _new_array_Java}
  0x000001fe10751658: c5f8 77e8 

  0x000001fe1075165c: ; ImmutableOopMap {rbp=Oop [32]=Oop [48]=NarrowOop [52]=NarrowOop [64]=Oop [72]=Oop [80]=Oop [88]=Oop [96]=NarrowOop [100]=NarrowOop [104]=Oop [112]=Oop [120]=Oop [128]=Oop [184]=Oop }
                      ;*anewarray {reexecute=0 rethrow=0 return_oop=1}
                      ; - java.util.Hashtable::<init>@93 (line 196)
                      ; - java.util.Hashtable::<init>@5 (line 217)
                      ; - java.util.jar.JarVerifier::<init>@39 (line 105)
                      ; - java.util.jar.JarFile::getManifestFromReference@78 (line 421)
                      ; - java.util.jar.JarFile::getManifest@1 (line 405)
                      ; - jdk.internal.loader.URLClassPath$JarLoader$2::getManifest@22 (line 853)
                      ; - java.net.URLClassLoader::defineClass@34 (line 491)
                      ; - java.net.URLClassLoader$1::run@43 (line 427)
                      ; - java.net.URLClassLoader$1::run@1 (line 421)
  0x000001fe1075165c: 20a4 6fff 

  0x000001fe10751660: ;   {other}
  0x000001fe10751660: 0f1f 8400 | d052 003c | 4c8b d0e9 | 48d5 ffff 

  0x000001fe10751670: ;   {metadata('java/util/Hashtable')}
  0x000001fe10751670: 48ba 90d2 | 002b fe01 | 0000 6690 

  0x000001fe1075167c: ;   {runtime_call _new_instance_Java}
  0x000001fe1075167c: c5f8 77e8 

  0x000001fe10751680: ; ImmutableOopMap {[32]=Oop [48]=NarrowOop [52]=NarrowOop [64]=Oop [72]=Oop [80]=Oop [88]=Oop [96]=NarrowOop [100]=NarrowOop [104]=Oop [112]=Oop [120]=Oop [128]=Oop [184]=Oop }
                      ;*new {reexecute=0 rethrow=0 return_oop=1}
                      ; - java.util.jar.JarVerifier::<init>@46 (line 106)
                      ; - java.util.jar.JarFile::getManifestFromReference@78 (line 421)
                      ; - java.util.jar.JarFile::getManifest@1 (line 405)
                      ; - jdk.internal.loader.URLClassPath$JarLoader$2::getManifest@22 (line 853)
                      ; - java.net.URLClassLoader::defineClass@34 (line 491)
                      ; - java.net.URLClassLoader$1::run@43 (line 427)
                      ; - java.net.URLClassLoader$1::run@1 (line 421)
  0x000001fe10751680: fc84 6fff 

  0x000001fe10751684: ;   {other}
  0x000001fe10751684: 0f1f 8400 | f452 003d | 488b e8e9 | 06d6 ffff 

  0x000001fe10751694: ;   {metadata('java/util/Hashtable$Entry'[])}
  0x000001fe10751694: 48ba b08c | 132b fe01 | 0000 41b8 | 0b00 0000 

  0x000001fe107516a4: ;   {runtime_call _new_array_Java}
  0x000001fe107516a4: c5f8 77e8 

  0x000001fe107516a8: ; ImmutableOopMap {rbp=Oop [32]=Oop [48]=NarrowOop [52]=NarrowOop [64]=Oop [72]=Oop [80]=Oop [88]=Oop [96]=NarrowOop [100]=NarrowOop [104]=Oop [112]=Oop [120]=Oop [128]=Oop [184]=Oop }
                      ;*anewarray {reexecute=0 rethrow=0 return_oop=1}
                      ; - java.util.Hashtable::<init>@93 (line 196)
                      ; - java.util.Hashtable::<init>@5 (line 217)
                      ; - java.util.jar.JarVerifier::<init>@50 (line 106)
                      ; - java.util.jar.JarFile::getManifestFromReference@78 (line 421)
                      ; - java.util.jar.JarFile::getManifest@1 (line 405)
                      ; - jdk.internal.loader.URLClassPath$JarLoader$2::getManifest@22 (line 853)
                      ; - java.net.URLClassLoader::defineClass@34 (line 491)
                      ; - java.net.URLClassLoader$1::run@43 (line 427)
                      ; - java.net.URLClassLoader$1::run@1 (line 421)
  0x000001fe107516a8: d4a3 6fff 

  0x000001fe107516ac: ;   {other}
  0x000001fe107516ac: 0f1f 8400 | 1c53 003e | 4c8b d0e9 | 78d6 ffff 

  0x000001fe107516bc: ;   {metadata('java/util/Hashtable')}
  0x000001fe107516bc: 48ba 90d2 | 002b fe01 | 0000 6690 

  0x000001fe107516c8: ;   {runtime_call _new_instance_Java}
  0x000001fe107516c8: c5f8 77e8 

  0x000001fe107516cc: ; ImmutableOopMap {[32]=Oop [48]=NarrowOop [52]=NarrowOop [64]=Oop [72]=Oop [80]=Oop [88]=Oop [96]=NarrowOop [100]=NarrowOop [104]=Oop [112]=Oop [120]=Oop [128]=Oop [184]=Oop }
                      ;*new {reexecute=0 rethrow=0 return_oop=1}
                      ; - java.util.jar.JarVerifier::<init>@57 (line 107)
                      ; - java.util.jar.JarFile::getManifestFromReference@78 (line 421)
                      ; - java.util.jar.JarFile::getManifest@1 (line 405)
                      ; - jdk.internal.loader.URLClassPath$JarLoader$2::getManifest@22 (line 853)
                      ; - java.net.URLClassLoader::defineClass@34 (line 491)
                      ; - java.net.URLClassLoader$1::run@43 (line 427)
                      ; - java.net.URLClassLoader$1::run@1 (line 421)
  0x000001fe107516cc: b084 6fff 

  0x000001fe107516d0: ;   {other}
  0x000001fe107516d0: 0f1f 8400 | 4053 003f | 488b e8e9 | 36d7 ffff | 4c89 4424 

  0x000001fe107516e4: ;   {metadata('java/util/jar/Manifest')}
  0x000001fe107516e4: 7848 bae0 | f004 2bfe | 0100 0090 

  0x000001fe107516f0: ;   {runtime_call _new_instance_Java}
  0x000001fe107516f0: c5f8 77e8 

  0x000001fe107516f4: ; ImmutableOopMap {[32]=Oop [48]=NarrowOop [52]=NarrowOop [64]=Oop [72]=Oop [80]=Oop [88]=Oop [96]=NarrowOop [100]=NarrowOop [104]=Oop [112]=Oop [120]=Oop [184]=Oop }
                      ;*new {reexecute=0 rethrow=0 return_oop=1}
                      ; - java.util.jar.JarFile::getManifestFromReference@101 (line 429)
                      ; - java.util.jar.JarFile::getManifest@1 (line 405)
                      ; - jdk.internal.loader.URLClassPath$JarLoader$2::getManifest@22 (line 853)
                      ; - java.net.URLClassLoader::defineClass@34 (line 491)
                      ; - java.net.URLClassLoader$1::run@43 (line 427)
                      ; - java.net.URLClassLoader$1::run@1 (line 421)
  0x000001fe107516f4: 8884 6fff 

  0x000001fe107516f8: ;   {other}
  0x000001fe107516f8: 0f1f 8400 | 6853 0040 | e9b2 dbff 

  0x000001fe10751704: ;   {metadata('java/io/ByteArrayInputStream')}
  0x000001fe10751704: ff48 bac0 | 3205 2bfe | 0100 0090 

  0x000001fe10751710: ;   {runtime_call _new_instance_Java}
  0x000001fe10751710: c5f8 77e8 

  0x000001fe10751714: ; ImmutableOopMap {[32]=Oop [48]=NarrowOop [52]=NarrowOop [64]=Oop [72]=Oop [80]=Oop [88]=Oop [96]=NarrowOop [100]=NarrowOop [104]=Oop [112]=Oop [120]=Oop [128]=Oop [136]=NarrowOop [144]=Oop [184]=Oop }
                      ;*new {reexecute=0 rethrow=0 return_oop=1}
                      ; - java.util.jar.JarFile::getManifestFromReference@109 (line 429)
                      ; - java.util.jar.JarFile::getManifest@1 (line 405)
                      ; - jdk.internal.loader.URLClassPath$JarLoader$2::getManifest@22 (line 853)
                      ; - java.net.URLClassLoader::defineClass@34 (line 491)
                      ; - java.net.URLClassLoader$1::run@43 (line 427)
                      ; - java.net.URLClassLoader$1::run@1 (line 421)
  0x000001fe10751714: 6884 6fff 

  0x000001fe10751718: ;   {other}
  0x000001fe10751718: 0f1f 8400 | 8853 0041 | e9fe dbff 

  0x000001fe10751724: ;   {metadata('java/io/ByteArrayOutputStream')}
  0x000001fe10751724: ff48 ba58 | 0022 2bfe | 0100 0090 

  0x000001fe10751730: ;   {runtime_call _new_instance_Java}
  0x000001fe10751730: c5f8 77e8 

  0x000001fe10751734: ; ImmutableOopMap {[32]=Oop [48]=NarrowOop [52]=NarrowOop [64]=Oop [72]=Oop [80]=Oop [88]=Oop [96]=NarrowOop [100]=NarrowOop [104]=Oop [112]=Oop [120]=Oop [128]=Oop [176]=NarrowOop [184]=Oop }
                      ;*new {reexecute=0 rethrow=0 return_oop=1}
                      ; - java.util.jar.JarVerifier::<init>@81 (line 109)
                      ; - java.util.jar.JarFile::getManifestFromReference@78 (line 421)
                      ; - java.util.jar.JarFile::getManifest@1 (line 405)
                      ; - jdk.internal.loader.URLClassPath$JarLoader$2::getManifest@22 (line 853)
                      ; - java.net.URLClassLoader::defineClass@34 (line 491)
                      ; - java.net.URLClassLoader$1::run@43 (line 427)
                      ; - java.net.URLClassLoader$1::run@1 (line 421)
  0x000001fe10751734: 4884 6fff 

  0x000001fe10751738: ;   {other}
  0x000001fe10751738: 0f1f 8400 | a853 0042 | 4c8b d8e9 | d6d8 ffff 

  0x000001fe10751748: ;   {metadata('java/util/Hashtable$Entry'[])}
  0x000001fe10751748: 48ba b08c | 132b fe01 | 0000 41b8 | 0b00 0000 

  0x000001fe10751758: ;   {runtime_call _new_array_Java}
  0x000001fe10751758: c5f8 77e8 

  0x000001fe1075175c: ; ImmutableOopMap {rbp=Oop [32]=Oop [48]=NarrowOop [52]=NarrowOop [64]=Oop [72]=Oop [80]=Oop [88]=Oop [96]=NarrowOop [100]=NarrowOop [104]=Oop [112]=Oop [120]=Oop [128]=Oop [184]=Oop }
                      ;*anewarray {reexecute=0 rethrow=0 return_oop=1}
                      ; - java.util.Hashtable::<init>@93 (line 196)
                      ; - java.util.Hashtable::<init>@4 (line 209)
                      ; - java.util.jar.JarVerifier::<init>@63 (line 107)
                      ; - java.util.jar.JarFile::getManifestFromReference@78 (line 421)
                      ; - java.util.jar.JarFile::getManifest@1 (line 405)
                      ; - jdk.internal.loader.URLClassPath$JarLoader$2::getManifest@22 (line 853)
                      ; - java.net.URLClassLoader::defineClass@34 (line 491)
                      ; - java.net.URLClassLoader$1::run@43 (line 427)
                      ; - java.net.URLClassLoader$1::run@1 (line 421)
  0x000001fe1075175c: 20a3 6fff 

  0x000001fe10751760: ;   {other}
  0x000001fe10751760: 0f1f 8400 | d053 0043 | 4c8b d0e9 | 40d7 ffff 

  0x000001fe10751770: ;   {metadata('java/util/ArrayList')}
  0x000001fe10751770: 48ba e0a5 | 0b2b fe01 | 0000 6690 

  0x000001fe1075177c: ;   {runtime_call _new_instance_Java}
  0x000001fe1075177c: c5f8 77e8 

  0x000001fe10751780: ; ImmutableOopMap {[32]=Oop [48]=NarrowOop [52]=NarrowOop [64]=Oop [72]=Oop [80]=Oop [88]=Oop [96]=NarrowOop [100]=NarrowOop [104]=Oop [112]=Oop [120]=Oop [128]=Oop [176]=NarrowOop [184]=Oop }
                      ;*new {reexecute=0 rethrow=0 return_oop=1}
                      ; - java.util.jar.JarVerifier::<init>@92 (line 110)
                      ; - java.util.jar.JarFile::getManifestFromReference@78 (line 421)
                      ; - java.util.jar.JarFile::getManifest@1 (line 405)
                      ; - jdk.internal.loader.URLClassPath$JarLoader$2::getManifest@22 (line 853)
                      ; - java.net.URLClassLoader::defineClass@34 (line 491)
                      ; - java.net.URLClassLoader$1::run@43 (line 427)
                      ; - java.net.URLClassLoader$1::run@1 (line 421)
  0x000001fe10751780: fc83 6fff 

  0x000001fe10751784: ;   {other}
  0x000001fe10751784: 0f1f 8400 | f453 0044 | 4c8b d0e9 | b0d9 ffff | 41b8 2000 

  0x000001fe10751798: ;   {metadata({type array byte})}
  0x000001fe10751798: 0000 48ba | 6822 002b | fe01 0000 

  0x000001fe107517a4: ;   {runtime_call _new_array_Java}
  0x000001fe107517a4: c5f8 77e8 

  0x000001fe107517a8: ; ImmutableOopMap {rbp=Oop [32]=Oop [48]=NarrowOop [52]=NarrowOop [64]=Oop [72]=Oop [80]=Oop [88]=Oop [96]=NarrowOop [100]=NarrowOop [104]=Oop [112]=Oop [120]=Oop [128]=Oop [176]=NarrowOop [184]=Oop }
                      ;*newarray {reexecute=0 rethrow=0 return_oop=1}
                      ; - java.io.ByteArrayOutputStream::<init>@37 (line 81)
                      ; - java.io.ByteArrayOutputStream::<init>@3 (line 66)
                      ; - java.util.jar.JarVerifier::<init>@85 (line 109)
                      ; - java.util.jar.JarFile::getManifestFromReference@78 (line 421)
                      ; - java.util.jar.JarFile::getManifest@1 (line 405)
                      ; - jdk.internal.loader.URLClassPath$JarLoader$2::getManifest@22 (line 853)
                      ; - java.net.URLClassLoader::defineClass@34 (line 491)
                      ; - java.net.URLClassLoader$1::run@43 (line 427)
                      ; - java.net.URLClassLoader$1::run@1 (line 421)
  0x000001fe107517a8: d4a2 6fff 

  0x000001fe107517ac: ;   {other}
  0x000001fe107517ac: 0f1f 8400 | 1c54 0045 | e9cf d8ff 

  0x000001fe107517b8: ;   {metadata('java/util/ArrayList')}
  0x000001fe107517b8: ff48 bae0 | a50b 2bfe | 0100 0090 

  0x000001fe107517c4: ;   {runtime_call _new_instance_Java}
  0x000001fe107517c4: c5f8 77e8 

  0x000001fe107517c8: ; ImmutableOopMap {[32]=Oop [48]=NarrowOop [52]=NarrowOop [64]=Oop [72]=Oop [80]=Oop [88]=Oop [96]=NarrowOop [100]=NarrowOop [104]=Oop [112]=Oop [120]=Oop [128]=Oop [176]=NarrowOop [184]=Oop }
                      ;*new {reexecute=0 rethrow=0 return_oop=1}
                      ; - java.util.jar.JarVerifier::<init>@70 (line 108)
                      ; - java.util.jar.JarFile::getManifestFromReference@78 (line 421)
                      ; - java.util.jar.JarFile::getManifest@1 (line 405)
                      ; - jdk.internal.loader.URLClassPath$JarLoader$2::getManifest@22 (line 853)
                      ; - java.net.URLClassLoader::defineClass@34 (line 491)
                      ; - java.net.URLClassLoader$1::run@43 (line 427)
                      ; - java.net.URLClassLoader$1::run@1 (line 421)
  0x000001fe107517c8: b483 6fff 

  0x000001fe107517cc: ;   {other}
  0x000001fe107517cc: 0f1f 8400 | 3c54 0046 | 4c8b d0e9 | b5d7 ffff 

  0x000001fe107517dc: ;   {metadata('java/util/HashMap')}
  0x000001fe107517dc: 48ba 80c6 | 082b fe01 | 0000 6690 

  0x000001fe107517e8: ;   {runtime_call _new_instance_Java}
  0x000001fe107517e8: c5f8 77e8 

  0x000001fe107517ec: ; ImmutableOopMap {[32]=Oop [48]=NarrowOop [52]=NarrowOop [64]=Oop [72]=Oop [80]=Oop [88]=Oop [96]=NarrowOop [100]=NarrowOop [104]=Oop [112]=Oop [120]=Oop [128]=Oop [176]=NarrowOop [184]=Oop }
                      ;*new {reexecute=0 rethrow=0 return_oop=1}
                      ; - java.util.jar.JarVerifier::<init>@103 (line 111)
                      ; - java.util.jar.JarFile::getManifestFromReference@78 (line 421)
                      ; - java.util.jar.JarFile::getManifest@1 (line 405)
                      ; - jdk.internal.loader.URLClassPath$JarLoader$2::getManifest@22 (line 853)
                      ; - java.net.URLClassLoader::defineClass@34 (line 491)
                      ; - java.net.URLClassLoader$1::run@43 (line 427)
                      ; - java.net.URLClassLoader$1::run@1 (line 421)
  0x000001fe107517ec: 9083 6fff 

  0x000001fe107517f0: ;   {other}
  0x000001fe107517f0: 0f1f 8400 | 6054 0047 | 4c8b d0e9 | d9d9 ffff 

  0x000001fe10751800: ;   {metadata('java/util/jar/Attributes')}
  0x000001fe10751800: 48ba 18d1 | 162b fe01 | 0000 6690 

  0x000001fe1075180c: ;   {runtime_call _new_instance_Java}
  0x000001fe1075180c: c5f8 77e8 

  0x000001fe10751810: ; ImmutableOopMap {[32]=Oop [48]=NarrowOop [52]=NarrowOop [64]=Oop [72]=Oop [80]=Oop [88]=Oop [96]=NarrowOop [100]=NarrowOop [104]=Oop [112]=Oop [120]=Oop [128]=Oop [136]=NarrowOop [144]=Oop [184]=Oop }
                      ;*new {reexecute=0 rethrow=0 return_oop=1}
                      ; - java.util.jar.Manifest::<init>@5 (line 55)
                      ; - java.util.jar.JarFile::getManifestFromReference@121 (line 429)
                      ; - java.util.jar.JarFile::getManifest@1 (line 405)
                      ; - jdk.internal.loader.URLClassPath$JarLoader$2::getManifest@22 (line 853)
                      ; - java.net.URLClassLoader::defineClass@34 (line 491)
                      ; - java.net.URLClassLoader$1::run@43 (line 427)
                      ; - java.net.URLClassLoader$1::run@1 (line 421)
  0x000001fe10751810: 6c83 6fff 

  0x000001fe10751814: ;   {other}
  0x000001fe10751814: 0f1f 8400 | 8454 0048 | 488b e8e9 | 68db ffff 

  0x000001fe10751824: ;   {metadata('java/util/HashMap')}
  0x000001fe10751824: 48ba 80c6 | 082b fe01 | 0000 6690 

  0x000001fe10751830: ;   {runtime_call _new_instance_Java}
  0x000001fe10751830: c5f8 77e8 

  0x000001fe10751834: ; ImmutableOopMap {[32]=Oop [48]=NarrowOop [52]=NarrowOop [64]=Oop [72]=Oop [80]=Oop [88]=Oop [96]=NarrowOop [100]=NarrowOop [104]=Oop [112]=Oop [120]=Oop [128]=Oop [136]=NarrowOop [144]=Oop [152]=Oop [184]=Oop }
                      ;*new {reexecute=0 rethrow=0 return_oop=1}
                      ; - java.util.jar.Manifest::<init>@16 (line 58)
                      ; - java.util.jar.JarFile::getManifestFromReference@121 (line 429)
                      ; - java.util.jar.JarFile::getManifest@1 (line 405)
                      ; - jdk.internal.loader.URLClassPath$JarLoader$2::getManifest@22 (line 853)
                      ; - java.net.URLClassLoader::defineClass@34 (line 491)
                      ; - java.net.URLClassLoader$1::run@43 (line 427)
                      ; - java.net.URLClassLoader$1::run@1 (line 421)
  0x000001fe10751834: 4883 6fff 

  0x000001fe10751838: ;   {other}
  0x000001fe10751838: 0f1f 8400 | a854 0049 | 4c8b c0e9 | 4adc ffff | 498b d349 | 8bda 4d8b | d04c 63c5 | 4d8d 5810 
  0x000001fe10751858: 4d8b cb49 | 83e1 f848 | 8bfb 4903 | f949 c1eb | 034d 2bd3 | 498b ca48 | 33c0 4883 | f908 7f10 
  0x000001fe10751878: 48ff c978 | 4f48 8904 | cf48 ffc9 | 7df7 eb44 | c5fd efc0 | e90d 0000 | 00c5 fe7f | 07c5 fe7f 
  0x000001fe10751898: 4720 4883 | c740 4883 | e908 7ded | 4883 c104 | 7c0c c5fe | 7f07 4883 | c720 4883 | e904 4883 
  0x000001fe107518b8: c104 7e10 | 48ff c9c5 | f9d6 0748 | 83c7 0848 | ffc9 7df3 | 488b 8c24 | 9800 0000 | c5f8 7749 
  0x000001fe107518d8: bac0 2cd6 | 0ffe 0100 | 0041 ffd2 

  0x000001fe107518e4: ;   {other}
  0x000001fe107518e4: 0f1f 8400 | 0000 0000 | 4c8b d3e9 | 94e1 ffff | 894c 2464 | 4c89 9c24 | 8000 0000 | 4c89 4424 
  0x000001fe10751904: ;   {metadata('java/util/jar/Attributes')}
  0x000001fe10751904: 7848 ba18 | d116 2bfe | 0100 0090 

  0x000001fe10751910: ;   {runtime_call _new_instance_Java}
  0x000001fe10751910: c5f8 77e8 

  0x000001fe10751914: ; ImmutableOopMap {[32]=Oop [48]=NarrowOop [52]=NarrowOop [64]=Oop [72]=Oop [80]=Oop [88]=Oop [96]=NarrowOop [100]=NarrowOop [104]=Oop [112]=Oop [120]=Oop [128]=Oop [184]=Oop }
                      ;*new {reexecute=0 rethrow=0 return_oop=1}
                      ; - java.util.jar.Manifest::<init>@5 (line 55)
                      ; - java.util.jar.Manifest::<init>@4 (line 88)
                      ; - java.util.jar.JarFile::getManifestFromReference@143 (line 432)
                      ; - java.util.jar.JarFile::getManifest@1 (line 405)
                      ; - jdk.internal.loader.URLClassPath$JarLoader$2::getManifest@22 (line 853)
                      ; - java.net.URLClassLoader::defineClass@34 (line 491)
                      ; - java.net.URLClassLoader$1::run@43 (line 427)
                      ; - java.net.URLClassLoader$1::run@1 (line 421)
  0x000001fe10751914: 6882 6fff 

  0x000001fe10751918: ;   {other}
  0x000001fe10751918: 0f1f 8400 | 8855 004a | 488b e8e9 | 81ce ffff 

  0x000001fe10751928: ;   {metadata('java/util/jar/Manifest')}
  0x000001fe10751928: 48ba e0f0 | 042b fe01 | 0000 6690 

  0x000001fe10751934: ;   {runtime_call _new_instance_Java}
  0x000001fe10751934: c5f8 77e8 

  0x000001fe10751938: ; ImmutableOopMap {rbp=Oop [32]=Oop [48]=NarrowOop [52]=NarrowOop [64]=Oop [72]=Oop [80]=Oop [88]=Oop [96]=NarrowOop [104]=Oop [112]=Oop [184]=Oop }
                      ;*new {reexecute=0 rethrow=0 return_oop=1}
                      ; - java.util.jar.JarFile::getManifestFromReference@134 (line 432)
                      ; - java.util.jar.JarFile::getManifest@1 (line 405)
                      ; - jdk.internal.loader.URLClassPath$JarLoader$2::getManifest@22 (line 853)
                      ; - java.net.URLClassLoader::defineClass@34 (line 491)
                      ; - java.net.URLClassLoader$1::run@43 (line 427)
                      ; - java.net.URLClassLoader$1::run@1 (line 421)
  0x000001fe10751938: 4482 6fff 

  0x000001fe1075193c: ;   {other}
  0x000001fe1075193c: 0f1f 8400 | ac55 004b | e908 ceff | ff49 8be8 

  0x000001fe1075194c: ;   {metadata('java/util/HashMap')}
  0x000001fe1075194c: 48ba 80c6 | 082b fe01 | 0000 6690 

  0x000001fe10751958: ;   {runtime_call _new_instance_Java}
  0x000001fe10751958: c5f8 77e8 

  0x000001fe1075195c: ; ImmutableOopMap {rbp=Oop [32]=Oop [48]=NarrowOop [52]=NarrowOop [64]=Oop [72]=Oop [80]=Oop [88]=Oop [96]=NarrowOop [100]=NarrowOop [104]=Oop [112]=Oop [120]=Oop [136]=Oop [184]=Oop }
                      ;*new {reexecute=0 rethrow=0 return_oop=1}
                      ; - java.util.jar.Manifest::<init>@16 (line 58)
                      ; - java.util.jar.Manifest::<init>@4 (line 88)
                      ; - java.util.jar.JarFile::getManifestFromReference@143 (line 432)
                      ; - java.util.jar.JarFile::getManifest@1 (line 405)
                      ; - jdk.internal.loader.URLClassPath$JarLoader$2::getManifest@22 (line 853)
                      ; - java.net.URLClassLoader::defineClass@34 (line 491)
                      ; - java.net.URLClassLoader$1::run@43 (line 427)
                      ; - java.net.URLClassLoader$1::run@1 (line 421)
  0x000001fe1075195c: 2082 6fff 

  0x000001fe10751960: ;   {other}
  0x000001fe10751960: 0f1f 8400 | d055 004c | 4c8b c54c | 8bc8 e93e | cfff ffba | f6ff ffff | 488b 6c24 | 5848 8944 
  0x000001fe10751980: 2420 6690 

  0x000001fe10751984: ;   {runtime_call UncommonTrapBlob}
  0x000001fe10751984: c5f8 77e8 

  0x000001fe10751988: ; ImmutableOopMap {rbp=Oop [32]=Oop }
                      ;*invokevirtual getResource {reexecute=0 rethrow=0 return_oop=0}
                      ; - java.net.URLClassLoader$1::run@26 (line 424)
                      ; - java.net.URLClassLoader$1::run@1 (line 421)
  0x000001fe10751988: 742c 63ff 

  0x000001fe1075198c: ;   {other}
  0x000001fe1075198c: 0f1f 8400 | fc55 004d | ba76 ffff | ff48 8b6c | 2458 894c | 2424 895c | 2428 4489 | 4c24 2c90 
  0x000001fe107519ac: ;   {runtime_call UncommonTrapBlob}
  0x000001fe107519ac: c5f8 77e8 

  0x000001fe107519b0: ; ImmutableOopMap {rbp=Oop [40]=NarrowOop [44]=NarrowOop }
                      ;*if_icmpge {reexecute=1 rethrow=0 return_oop=0}
                      ; - (reexecute) java.lang.StringLatin1::replace@19 (line 297)
                      ; - java.lang.String::replace@18 (line 2933)
                      ; - java.net.URLClassLoader$1::run@8 (line 423)
                      ; - java.net.URLClassLoader$1::run@1 (line 421)
  0x000001fe107519b0: 4c2c 63ff 

  0x000001fe107519b4: ;   {other}
  0x000001fe107519b4: 0f1f 8400 | 2456 004e | 4c63 d281 | fa00 0010 | 000f 8725 | 1a00 0048 | 8974 2470 | 4489 9c24 
  0x000001fe107519d4: 9000 0000 | 448b ea89 | 9c24 8400 | 0000 4889 | bc24 8800 | 0000 4489 | 8424 8000 | 0000 488b 
  0x000001fe107519f4: e94c 894c | 2468 4d8b | 9fb8 0100 | 004d 8bc2 | 4c89 9424 | 9800 0000 | 4983 c017 | 4983 e0f8 
  0x000001fe10751a14: 4d8b d34d | 03d0 4d3b | 97c8 0100 | 000f 8300 | 1a00 004d | 8997 b801 | 0000 410f | 1882 c000 
  0x000001fe10751a34: 0000 4d8b | c349 c700 | 0100 0000 | 410f 1882 | 0001 0000 

  0x000001fe10751a48: ;   {metadata({type array byte})}
  0x000001fe10751a48: 41c7 4008 | 6822 0000 | 4189 500c | 410f 1882 | 4001 0000 | 410f 1882 | 8001 0000 | 498b d048 
  0x000001fe10751a68: 83c2 1049 | 8bd8 4c8b | 9424 9800 | 0000 4983 | c207 49c1 | ea03 488b | 4c24 704d | 8bc2 c5f8 
  0x000001fe10751a88: 7749 ba60 | 33d6 0ffe | 0100 0041 

  0x000001fe10751a94: ;   {other}
  0x000001fe10751a94: ffd2 0f1f | 8400 0000 | 0000 4c8b | d3e9 e2df | ffff 4863 | d7e9 77b6 | ffff bacc | ffff ff48 
  0x000001fe10751ab4: 8b6c 2458 | 4c89 4424 | 2048 8944 | 2430 4889 | 5c24 3844 | 894c 2440 

  0x000001fe10751acc: ;   {runtime_call UncommonTrapBlob}
  0x000001fe10751acc: c5f8 77e8 

  0x000001fe10751ad0: ; ImmutableOopMap {rbp=Oop [32]=Oop [56]=Oop }
                      ;*invokestatic arraycopy {reexecute=0 rethrow=0 return_oop=0}
                      ; - java.lang.String::getBytes@22 (line 4726)
                      ; - java.lang.StringConcatHelper::prepend@21 (line 324)
                      ; - java.lang.StringConcatHelper::simpleConcat@71 (line 438)
                      ; - java.lang.String::concat@11 (line 2899)
                      ; - java.net.URLClassLoader$1::run@13 (line 423)
                      ; - java.net.URLClassLoader$1::run@1 (line 421)
  0x000001fe10751ad0: 2c2b 63ff 

  0x000001fe10751ad4: ;   {other}
  0x000001fe10751ad4: 0f1f 8400 | 4457 004f | bacc ffff | ff48 8b6c | 2458 4c89 | 5c24 2048 | 895c 2430 | 894c 2438 
  0x000001fe10751af4: ;   {runtime_call UncommonTrapBlob}
  0x000001fe10751af4: c5f8 77e8 

  0x000001fe10751af8: ; ImmutableOopMap {rbp=Oop [32]=Oop [48]=Oop }
                      ;*invokestatic arraycopy {reexecute=0 rethrow=0 return_oop=0}
                      ; - java.lang.String::getBytes@22 (line 4726)
                      ; - java.lang.StringConcatHelper::prepend@21 (line 324)
                      ; - java.lang.StringConcatHelper::simpleConcat@81 (line 439)
                      ; - java.lang.String::concat@11 (line 2899)
                      ; - java.net.URLClassLoader$1::run@13 (line 423)
                      ; - java.net.URLClassLoader$1::run@1 (line 421)
  0x000001fe10751af8: 042b 63ff 

  0x000001fe10751afc: ;   {other}
  0x000001fe10751afc: 0f1f 8400 | 6c57 0050 | ba76 ffff | ff4c 895c | 2430 894c | 2438 895c | 243c 4489 | 4c24 4090 
  0x000001fe10751b1c: ;   {runtime_call UncommonTrapBlob}
  0x000001fe10751b1c: c5f8 77e8 

  0x000001fe10751b20: ; ImmutableOopMap {[48]=Oop [60]=NarrowOop [64]=NarrowOop [88]=Oop }
                      ;*if_icmpge {reexecute=1 rethrow=0 return_oop=0}
                      ; - (reexecute) java.lang.StringLatin1::replace@82 (line 308)
                      ; - java.lang.String::replace@18 (line 2933)
                      ; - java.net.URLClassLoader$1::run@8 (line 423)
                      ; - java.net.URLClassLoader$1::run@1 (line 421)
  0x000001fe10751b20: dc2a 63ff 

  0x000001fe10751b24: ;   {other}
  0x000001fe10751b24: 0f1f 8400 | 9457 0051 | 33ed 4585 | db40 0f94 | c5ba 45ff | ffff 895c | 2428 6690 

  0x000001fe10751b40: ;   {runtime_call UncommonTrapBlob}
  0x000001fe10751b40: c5f8 77e8 

  0x000001fe10751b44: ; ImmutableOopMap {[40]=NarrowOop [88]=Oop }
                      ;*ifeq {reexecute=1 rethrow=0 return_oop=0}
                      ; - (reexecute) java.lang.String::replace@9 (line 2933)
                      ; - java.net.URLClassLoader$1::run@8 (line 423)
                      ; - java.net.URLClassLoader$1::run@1 (line 421)
  0x000001fe10751b44: b82a 63ff 

  0x000001fe10751b48: ;   {other}
  0x000001fe10751b48: 0f1f 8400 | b857 0052 | ba76 ffff | ff89 4c24 | 284c 895c | 2430 895c | 2438 4489 | 4c24 3c90 
  0x000001fe10751b68: ;   {runtime_call UncommonTrapBlob}
  0x000001fe10751b68: c5f8 77e8 

  0x000001fe10751b6c: ; ImmutableOopMap {[48]=Oop [56]=NarrowOop [60]=NarrowOop [88]=Oop }
                      ;*if_icmpge {reexecute=1 rethrow=0 return_oop=0}
                      ; - (reexecute) java.lang.StringLatin1::replace@61 (line 305)
                      ; - java.lang.String::replace@18 (line 2933)
                      ; - java.net.URLClassLoader$1::run@8 (line 423)
                      ; - java.net.URLClassLoader$1::run@1 (line 421)
  0x000001fe10751b6c: 902a 63ff 

  0x000001fe10751b70: ;   {other}
  0x000001fe10751b70: 0f1f 8400 | e057 0053 | b801 0000 | 00e9 79b3 | ffff baf6 | ffff ff48 | 8b6c 2458 | 4889 4424 
  0x000001fe10751b90: 3066 6690 

  0x000001fe10751b94: ;   {runtime_call UncommonTrapBlob}
  0x000001fe10751b94: c5f8 77e8 

  0x000001fe10751b98: ; ImmutableOopMap {rbp=Oop [48]=Oop [64]=Oop [124]=NarrowOop }
                      ;*invokevirtual defineClass {reexecute=0 rethrow=0 return_oop=0}
                      ; - java.net.URLClassLoader$1::run@43 (line 427)
                      ; - java.net.URLClassLoader$1::run@1 (line 421)
  0x000001fe10751b98: 642a 63ff 

  0x000001fe10751b9c: ;   {other}
  0x000001fe10751b9c: 0f1f 8400 | 0c58 0054 | ba45 ffff | ff4c 8b5c | 2440 4c89 | 5c24 304c | 8954 2448 

  0x000001fe10751bb8: ;   {runtime_call UncommonTrapBlob}
  0x000001fe10751bb8: c5f8 77e8 

  0x000001fe10751bbc: ; ImmutableOopMap {[48]=Oop [72]=Oop [88]=Oop [96]=NarrowOop [120]=NarrowOop [124]=NarrowOop }
                      ;*ifeq {reexecute=1 rethrow=0 return_oop=0}
                      ; - (reexecute) jdk.internal.loader.Resource::getByteBuffer@9 (line 164)
                      ; - java.net.URLClassLoader::defineClass@132 (line 511)
                      ; - java.net.URLClassLoader$1::run@43 (line 427)
                      ; - java.net.URLClassLoader$1::run@1 (line 421)
  0x000001fe10751bbc: 402a 63ff 

  0x000001fe10751bc0: ;   {other}
  0x000001fe10751bc0: 0f1f 8400 | 3058 0055 | bae4 ffff | ff4c 8b54 | 2440 4c89 | 5424 284c | 896c 2440 | 4c89 4424 
  0x000001fe10751be0: 4844 895c | 2454 6690 

  0x000001fe10751be8: ;   {runtime_call UncommonTrapBlob}
  0x000001fe10751be8: c5f8 77e8 

  0x000001fe10751bec: ; ImmutableOopMap {[40]=Oop [64]=Oop [84]=NarrowOop [88]=Oop [104]=Oop [120]=NarrowOop [124]=NarrowOop }
                      ;*invokestatic checkIndex {reexecute=0 rethrow=0 return_oop=0}
                      ; - java.nio.Buffer::checkIndex@8 (line 768)
                      ; - java.nio.DirectLongBufferU::get@11 (line 342)
                      ; - jdk.internal.perf.PerfCounter::get@5 (line 84)
                      ; - jdk.internal.perf.PerfCounter::add@1 (line 98)
                      ; - jdk.internal.perf.PerfCounter::addElapsedTimeFrom@6 (line 120)
                      ; - java.net.URLClassLoader::defineClass@207 (line 523)
                      ; - java.net.URLClassLoader$1::run@43 (line 427)
                      ; - java.net.URLClassLoader$1::run@1 (line 421)
  0x000001fe10751bec: 102a 63ff 

  0x000001fe10751bf0: ;   {other}
  0x000001fe10751bf0: 0f1f 8400 | 6058 0056 | baf6 ffff | ff48 8b6c | 2458 4c8b | 5424 404c | 8954 2430 | 4c89 7424 
  0x000001fe10751c10: 5066 6690 

  0x000001fe10751c14: ;   {runtime_call UncommonTrapBlob}
  0x000001fe10751c14: c5f8 77e8 

  0x000001fe10751c18: ; ImmutableOopMap {rbp=Oop [48]=Oop [80]=Oop [96]=NarrowOop [120]=NarrowOop [124]=NarrowOop [184]=Oop }
                      ;*invokevirtual get {reexecute=0 rethrow=0 return_oop=0}
                      ; - java.lang.ClassLoader::getDefinedPackage@13 (line 2263)
                      ; - java.net.URLClassLoader::getAndVerifyPackage@2 (line 457)
                      ; - java.net.URLClassLoader::defineClass@46 (line 492)
                      ; - java.net.URLClassLoader$1::run@43 (line 427)
                      ; - java.net.URLClassLoader$1::run@1 (line 421)
  0x000001fe10751c18: e429 63ff 

  0x000001fe10751c1c: ;   {other}
  0x000001fe10751c1c: 0f1f 8400 | 8c58 0057 | ba76 ffff | ff48 8b6c | 2458 4489 | 4c24 2444 | 8944 2448 

  0x000001fe10751c38: ;   {runtime_call UncommonTrapBlob}
  0x000001fe10751c38: c5f8 77e8 

  0x000001fe10751c3c: ; ImmutableOopMap {rbp=Oop [64]=Oop [72]=NarrowOop [120]=NarrowOop [124]=NarrowOop }
                      ;*iflt {reexecute=1 rethrow=0 return_oop=0}
                      ; - (reexecute) java.lang.StringLatin1::lastIndexOf@19 (line 285)
                      ; - java.lang.String::lastIndexOf@13 (line 2573)
                      ; - java.lang.String::lastIndexOf@8 (line 2535)
                      ; - java.net.URLClassLoader::defineClass@7 (line 486)
                      ; - java.net.URLClassLoader$1::run@43 (line 427)
                      ; - java.net.URLClassLoader$1::run@1 (line 421)
  0x000001fe10751c3c: c029 63ff 

  0x000001fe10751c40: ;   {other}
  0x000001fe10751c40: 0f1f 8400 | b058 0058 | baf6 ffff | ff48 8b6c | 2458 4c8b | 5c24 404c | 895c 2420 | 4c89 5424 
  0x000001fe10751c60: 3066 6690 

  0x000001fe10751c64: ;   {runtime_call UncommonTrapBlob}
  0x000001fe10751c64: c5f8 77e8 

  0x000001fe10751c68: ; ImmutableOopMap {rbp=Oop [32]=Oop [48]=Oop [96]=NarrowOop [120]=NarrowOop [124]=NarrowOop [184]=Oop }
                      ;*invokevirtual ensureInitialization {reexecute=0 rethrow=0 return_oop=0}
                      ; - java.util.jar.JavaUtilJarAccessImpl::ensureInitialization@1 (line 42)
                      ; - jdk.internal.loader.URLClassPath$JarLoader$2::getManifest@10 (line 852)
                      ; - java.net.URLClassLoader::defineClass@34 (line 491)
                      ; - java.net.URLClassLoader$1::run@43 (line 427)
                      ; - java.net.URLClassLoader$1::run@1 (line 421)
  0x000001fe10751c68: 9429 63ff 

  0x000001fe10751c6c: ;   {other}
  0x000001fe10751c6c: 0f1f 8400 | dc58 0059 | 4c89 4424 | 2049 8bed 

  0x000001fe10751c7c: ;   {oop(a 'jdk/internal/perf/PerfCounter'{0x0000000600400308})}
  0x000001fe10751c7c: 48ba 0803 | 4000 0600 | 0000 4c8d | 8424 d000 | 0000 6690 

  0x000001fe10751c90: ;   {runtime_call _complete_monitor_locking_Java}
  0x000001fe10751c90: c5f8 77e8 

  0x000001fe10751c94: ; ImmutableOopMap {rbp=Oop [48]=Oop [64]=Oop [80]=Oop [88]=Oop [104]=Oop [120]=NarrowOop [124]=NarrowOop }
                      ;*synchronization entry
                      ; - jdk.internal.perf.PerfCounter::add@-1 (line 98)
                      ; - jdk.internal.perf.PerfCounter::addElapsedTimeFrom@6 (line 120)
                      ; - java.net.URLClassLoader::defineClass@207 (line 523)
                      ; - java.net.URLClassLoader$1::run@43 (line 427)
                      ; - java.net.URLClassLoader$1::run@1 (line 421)
  0x000001fe10751c94: 68ca 6fff 

  0x000001fe10751c98: ;   {other}
  0x000001fe10751c98: 0f1f 8400 | 0859 005a | 4c8b ed4c | 8b44 2420 | e965 c5ff | ffba ecff | ffff 4c8b | 5424 404c 
  0x000001fe10751cb8: 8954 2428 | 4c89 6c24 | 404c 8944 | 2448 4489 | 5c24 5490 

  0x000001fe10751ccc: ;   {runtime_call UncommonTrapBlob}
  0x000001fe10751ccc: c5f8 77e8 

  0x000001fe10751cd0: ; ImmutableOopMap {rbp=NarrowOop [40]=Oop [64]=Oop [84]=NarrowOop [88]=Oop [104]=Oop [120]=NarrowOop [124]=NarrowOop }
                      ;*ifnull {reexecute=1 rethrow=0 return_oop=0}
                      ; - (reexecute) java.nio.Buffer::session@4 (line 792)
                      ; - java.nio.DirectLongBufferU::get@4 (line 342)
                      ; - jdk.internal.perf.PerfCounter::get@5 (line 84)
                      ; - jdk.internal.perf.PerfCounter::add@1 (line 98)
                      ; - jdk.internal.perf.PerfCounter::addElapsedTimeFrom@6 (line 120)
                      ; - java.net.URLClassLoader::defineClass@207 (line 523)
                      ; - java.net.URLClassLoader$1::run@43 (line 427)
                      ; - java.net.URLClassLoader$1::run@1 (line 421)
  0x000001fe10751cd0: 2c29 63ff 

  0x000001fe10751cd4: ;   {other}
  0x000001fe10751cd4: 0f1f 8400 | 4459 005b | bacc ffff | ff4c 8b54 | 2440 4c89 | 5424 284c | 896c 2440 | 4c89 4424 
  0x000001fe10751cf4: 4844 895c | 2454 6690 

  0x000001fe10751cfc: ;   {runtime_call UncommonTrapBlob}
  0x000001fe10751cfc: c5f8 77e8 

  0x000001fe10751d00: ; ImmutableOopMap {[40]=Oop [64]=Oop [84]=NarrowOop [88]=Oop [104]=Oop [120]=NarrowOop [124]=NarrowOop }
                      ;*invokestatic checkIndex {reexecute=0 rethrow=0 return_oop=0}
                      ; - java.nio.Buffer::checkIndex@8 (line 768)
                      ; - java.nio.DirectLongBufferU::get@11 (line 342)
                      ; - jdk.internal.perf.PerfCounter::get@5 (line 84)
                      ; - jdk.internal.perf.PerfCounter::add@1 (line 98)
                      ; - jdk.internal.perf.PerfCounter::addElapsedTimeFrom@6 (line 120)
                      ; - java.net.URLClassLoader::defineClass@207 (line 523)
                      ; - java.net.URLClassLoader$1::run@43 (line 427)
                      ; - java.net.URLClassLoader$1::run@1 (line 421)
  0x000001fe10751d00: fc28 63ff 

  0x000001fe10751d04: ;   {other}
  0x000001fe10751d04: 0f1f 8400 | 7459 005c 

  0x000001fe10751d0c: ;   {oop(a 'jdk/internal/perf/PerfCounter'{0x0000000600400308})}
  0x000001fe10751d0c: 48b9 0803 | 4000 0600 | 0000 488d | 9424 d000 | 0000 4d8b | c7c5 f877 | 49ba 7039 | f0d9 f97f 
  0x000001fe10751d2c: 0000 41ff 

  0x000001fe10751d30: ;   {other}
  0x000001fe10751d30: d20f 1f84 | 0000 0000 | 00e9 b1c5 | ffff ba6e | ffff ff48 | 8b6c 2458 | 4489 4c24 | 2444 8944 
  0x000001fe10751d50: 2448 6690 

  0x000001fe10751d54: ;   {runtime_call UncommonTrapBlob}
  0x000001fe10751d54: c5f8 77e8 

  0x000001fe10751d58: ; ImmutableOopMap {rbp=Oop [64]=Oop [72]=NarrowOop [120]=NarrowOop [124]=NarrowOop }
                      ;*iflt {reexecute=1 rethrow=0 return_oop=0}
                      ; - (reexecute) java.lang.StringLatin1::lastIndexOf@19 (line 285)
                      ; - java.lang.String::lastIndexOf@13 (line 2573)
                      ; - java.lang.String::lastIndexOf@8 (line 2535)
                      ; - java.net.URLClassLoader::defineClass@7 (line 486)
                      ; - java.net.URLClassLoader$1::run@43 (line 427)
                      ; - java.net.URLClassLoader$1::run@1 (line 421)
  0x000001fe10751d58: a428 63ff 

  0x000001fe10751d5c: ;   {other}
  0x000001fe10751d5c: 0f1f 8400 | cc59 005d | bade ffff | ff48 8b6c | 2458 4c8b | 5c24 404c | 895c 2420 | 4c89 5424 
  0x000001fe10751d7c: 5044 894c | 2444 894c | 2458 6690 

  0x000001fe10751d88: ;   {runtime_call UncommonTrapBlob}
  0x000001fe10751d88: c5f8 77e8 

  0x000001fe10751d8c: ; ImmutableOopMap {rbp=Oop [32]=Oop [68]=NarrowOop [80]=Oop [88]=NarrowOop [96]=NarrowOop [120]=NarrowOop [124]=NarrowOop [184]=Oop }
                      ;*invokeinterface ensureInitialization {reexecute=0 rethrow=0 return_oop=0}
                      ; - jdk.internal.loader.URLClassPath$JarLoader$2::getManifest@10 (line 852)
                      ; - java.net.URLClassLoader::defineClass@34 (line 491)
                      ; - java.net.URLClassLoader$1::run@43 (line 427)
                      ; - java.net.URLClassLoader$1::run@1 (line 421)
  0x000001fe10751d8c: 7028 63ff 

  0x000001fe10751d90: ;   {other}
  0x000001fe10751d90: 0f1f 8400 | 005a 005e | 4c89 9c24 | 8800 0000 | 894c 246c | 4c89 9424 | 8000 0000 | 448b 5c24 
  0x000001fe10751db0: 6044 895c | 2468 4c8b | 5424 504c | 8954 2460 | 4c8b 5424 | 304c 8954 | 2450 448b | 5424 7c44 
  0x000001fe10751dd0: 8954 244c | 448b 5c24 | 7844 895c | 2448 4c89 | 6c24 304c | 8b54 2440 | 4c89 5424 | 284c 8b54 
  0x000001fe10751df0: 2470 4c89 | 5424 2048 | 8b6c 2458 | 488b 9424 | 8800 0000 | 4c8d 8424 | d000 0000 | 4c8b 9424 
  0x000001fe10751e10: 8000 0000 | 4c89 5424 | 5866 6690 

  0x000001fe10751e1c: ;   {runtime_call _complete_monitor_locking_Java}
  0x000001fe10751e1c: c5f8 77e8 

  0x000001fe10751e20: ; ImmutableOopMap {rbp=Oop [32]=Oop [40]=Oop [72]=NarrowOop [76]=NarrowOop [80]=Oop [88]=Oop [96]=Oop [104]=NarrowOop [108]=NarrowOop [128]=Oop [136]=Oop [184]=Oop }
                      ;*synchronization entry
                      ; - java.util.jar.JarFile::ensureInitialization@-1 (line 1064)
                      ; - java.util.jar.JavaUtilJarAccessImpl::ensureInitialization@1 (line 42)
                      ; - jdk.internal.loader.URLClassPath$JarLoader$2::getManifest@10 (line 852)
                      ; - java.net.URLClassLoader::defineClass@34 (line 491)
                      ; - java.net.URLClassLoader$1::run@43 (line 427)
                      ; - java.net.URLClassLoader$1::run@1 (line 421)
  0x000001fe10751e20: dcc8 6fff 

  0x000001fe10751e24: ;   {other}
  0x000001fe10751e24: 0f1f 8400 | 945a 005f | 4889 6c24 | 584c 8b54 | 2420 4c89 | 5424 704c | 8b54 2428 | 4c89 5424 
  0x000001fe10751e44: 404c 8b6c | 2430 448b | 5424 4844 | 8954 2478 | 448b 5c24 | 4c44 895c | 247c 4c8b | 5424 504c 
  0x000001fe10751e64: 8954 2430 | 4c8b 5424 | 604c 8954 | 2450 448b | 5424 6844 | 8954 2460 | 4c8b 9424 | 8000 0000 
  0x000001fe10751e84: 8b4c 246c | 4c8b 9c24 | 8800 0000 | e93d b8ff | ff4c 8954 | 2468 498b | cb48 8d94 | 24d0 0000 
  0x000001fe10751ea4: 004d 8bc7 | c5f8 7749 | ba70 39f0 | d9f9 7f00 | 0041 ffd2 

  0x000001fe10751eb8: ;   {other}
  0x000001fe10751eb8: 0f1f 8400 | 0000 0000 | 4c8b 5424 | 68e9 bfb8 | ffff bade | ffff ff4c | 8b5c 2440 | 4c89 5c24 
  0x000001fe10751ed8: 284c 8954 | 2440 6690 

  0x000001fe10751ee0: ;   {runtime_call UncommonTrapBlob}
  0x000001fe10751ee0: c5f8 77e8 

  0x000001fe10751ee4: ; ImmutableOopMap {rbp=NarrowOop [40]=Oop [64]=Oop [88]=Oop [96]=NarrowOop [120]=NarrowOop [124]=NarrowOop [184]=Oop }
                      ;*invokevirtual getManifest {reexecute=0 rethrow=0 return_oop=0}
                      ; - jdk.internal.loader.URLClassPath$JarLoader$2::getManifest@22 (line 853)
                      ; - java.net.URLClassLoader::defineClass@34 (line 491)
                      ; - java.net.URLClassLoader$1::run@43 (line 427)
                      ; - java.net.URLClassLoader$1::run@1 (line 421)
  0x000001fe10751ee4: 1827 63ff 

  0x000001fe10751ee8: ;   {other}
  0x000001fe10751ee8: 0f1f 8400 | 585b 0060 | bade ffff | ff48 ff74 | 2440 488f | 4424 2890 

  0x000001fe10751f00: ;   {runtime_call UncommonTrapBlob}
  0x000001fe10751f00: c5f8 77e8 

  0x000001fe10751f04: ; ImmutableOopMap {rbp=NarrowOop [40]=Oop [88]=Oop [96]=NarrowOop [104]=Oop [120]=NarrowOop [124]=NarrowOop }
                      ;*invokevirtual getCodeSigners {reexecute=0 rethrow=0 return_oop=0}
                      ; - jdk.internal.loader.URLClassPath$JarLoader$2::getCodeSigners@4 (line 858)
                      ; - java.net.URLClassLoader::defineClass@185 (line 521)
                      ; - java.net.URLClassLoader$1::run@43 (line 427)
                      ; - java.net.URLClassLoader$1::run@1 (line 421)
  0x000001fe10751f04: f826 63ff 

  0x000001fe10751f08: ;   {other}
  0x000001fe10751f08: 0f1f 8400 | 785b 0061 | ba45 ffff | ff48 8b6c | 2458 4c89 | 4424 2044 | 894c 2428 

  0x000001fe10751f24: ;   {runtime_call UncommonTrapBlob}
  0x000001fe10751f24: c5f8 77e8 

  0x000001fe10751f28: ; ImmutableOopMap {rbp=Oop [32]=Oop }
                      ;*iflt {reexecute=1 rethrow=0 return_oop=0}
                      ; - (reexecute) java.lang.StringConcatHelper::checkOverflow@2 (line 65)
                      ; - java.lang.StringConcatHelper::mix@23 (line 127)
                      ; - java.lang.StringConcatHelper::simpleConcat@46 (line 433)
                      ; - java.lang.String::concat@11 (line 2899)
                      ; - java.net.URLClassLoader$1::run@13 (line 423)
                      ; - java.net.URLClassLoader$1::run@1 (line 421)
  0x000001fe10751f28: d426 63ff 

  0x000001fe10751f2c: ;   {other}
  0x000001fe10751f2c: 0f1f 8400 | 9c5b 0062 | ba45 ffff | ff4c 8944 | 2428 6690 

  0x000001fe10751f40: ;   {runtime_call UncommonTrapBlob}
  0x000001fe10751f40: c5f8 77e8 

  0x000001fe10751f44: ; ImmutableOopMap {[40]=Oop [88]=Oop }
                      ;*iflt {reexecute=1 rethrow=0 return_oop=0}
                      ; - (reexecute) java.lang.StringConcatHelper::checkOverflow@2 (line 65)
                      ; - java.lang.StringConcatHelper::mix@23 (line 127)
                      ; - java.lang.StringConcatHelper::simpleConcat@54 (line 434)
                      ; - java.lang.String::concat@11 (line 2899)
                      ; - java.net.URLClassLoader$1::run@13 (line 423)
                      ; - java.net.URLClassLoader$1::run@1 (line 421)
  0x000001fe10751f44: b826 63ff 

  0x000001fe10751f48: ;   {other}
  0x000001fe10751f48: 0f1f 8400 | b85b 0063 | ba45 ffff | ff48 8b6c | 2458 4c89 | 4424 2848 | 895c 2430 | 4489 5424 
  0x000001fe10751f68: 3866 6690 

  0x000001fe10751f6c: ;   {runtime_call UncommonTrapBlob}
  0x000001fe10751f6c: c5f8 77e8 

  0x000001fe10751f70: ; ImmutableOopMap {rbp=Oop [40]=Oop [48]=Oop }
                      ;*if_icmpne {reexecute=1 rethrow=0 return_oop=0}
                      ; - (reexecute) java.lang.String::getBytes@5 (line 4725)
                      ; - java.lang.StringConcatHelper::prepend@21 (line 324)
                      ; - java.lang.StringConcatHelper::simpleConcat@81 (line 439)
                      ; - java.lang.String::concat@11 (line 2899)
                      ; - java.net.URLClassLoader$1::run@13 (line 423)
                      ; - java.net.URLClassLoader$1::run@1 (line 421)
  0x000001fe10751f70: 8c26 63ff 

  0x000001fe10751f74: ;   {other}
  0x000001fe10751f74: 0f1f 8400 | e45b 0064 | ba45 ffff | ff48 8b6c | 2458 4c89 | 4424 2048 | 8944 2428 | 4489 5424 
  0x000001fe10751f94: 3066 6690 

  0x000001fe10751f98: ;   {runtime_call UncommonTrapBlob}
  0x000001fe10751f98: c5f8 77e8 

  0x000001fe10751f9c: ; ImmutableOopMap {rbp=Oop [32]=Oop }
                      ;*if_icmpne {reexecute=1 rethrow=0 return_oop=0}
                      ; - (reexecute) java.lang.StringConcatHelper::mix@13 (line 124)
                      ; - java.lang.StringConcatHelper::simpleConcat@46 (line 433)
                      ; - java.lang.String::concat@11 (line 2899)
                      ; - java.net.URLClassLoader$1::run@13 (line 423)
                      ; - java.net.URLClassLoader$1::run@1 (line 421)
  0x000001fe10751f9c: 6026 63ff 

  0x000001fe10751fa0: ;   {other}
  0x000001fe10751fa0: 0f1f 8400 | 105c 0065 | ba45 ffff | ff48 8b6c | 2458 4c89 | 4424 2048 | 8974 2428 | 897c 2430 
  0x000001fe10751fc0: ;   {runtime_call UncommonTrapBlob}
  0x000001fe10751fc0: c5f8 77e8 

  0x000001fe10751fc4: ; ImmutableOopMap {rbp=Oop [32]=Oop }
                      ;*ifge {reexecute=1 rethrow=0 return_oop=0}
                      ; - (reexecute) java.lang.StringConcatHelper::newArray@13 (line 508)
                      ; - java.lang.StringConcatHelper::simpleConcat@61 (line 435)
                      ; - java.lang.String::concat@11 (line 2899)
                      ; - java.net.URLClassLoader$1::run@13 (line 423)
                      ; - java.net.URLClassLoader$1::run@1 (line 421)
  0x000001fe10751fc4: 3826 63ff 

  0x000001fe10751fc8: ;   {other}
  0x000001fe10751fc8: 0f1f 8400 | 385c 0066 | baf6 ffff | ff48 8b6c | 2458 4c8b | 5424 404c | 8954 2430 | 4c89 7424 
  0x000001fe10751fe8: 504c 894c | 2458 6690 

  0x000001fe10751ff0: ;   {runtime_call UncommonTrapBlob}
  0x000001fe10751ff0: c5f8 77e8 

  0x000001fe10751ff4: ; ImmutableOopMap {rbp=Oop [48]=Oop [80]=Oop [88]=Oop [96]=NarrowOop [120]=NarrowOop [124]=NarrowOop }
                      ;*invokevirtual get {reexecute=0 rethrow=0 return_oop=0}
                      ; - java.lang.ClassLoader::definePackage@47 (line 2125)
                      ; - java.lang.ClassLoader::getDefinedPackage@32 (line 2267)
                      ; - java.net.URLClassLoader::getAndVerifyPackage@2 (line 457)
                      ; - java.net.URLClassLoader::defineClass@46 (line 492)
                      ; - java.net.URLClassLoader$1::run@43 (line 427)
                      ; - java.net.URLClassLoader$1::run@1 (line 421)
  0x000001fe10751ff4: 0826 63ff 

  0x000001fe10751ff8: ;   {other}
  0x000001fe10751ff8: 0f1f 8400 | 685c 0067 | ba45 ffff | ff48 8b6c | 2458 4c8b | 5424 404c | 8954 2430 | 448b 5424 
  0x000001fe10752018: 7844 8954 | 2444 4c89 | 4c24 584c | 8974 2468 | 4489 5424 | 644c 894c | 2470 4489 | 6c24 7890 
  0x000001fe10752038: ;   {runtime_call UncommonTrapBlob}
  0x000001fe10752038: c5f8 77e8 

  0x000001fe1075203c: ; ImmutableOopMap {rbp=Oop [48]=Oop [68]=NarrowOop [88]=Oop [96]=NarrowOop [100]=NarrowOop [104]=Oop [112]=Oop [120]=NarrowOop [124]=NarrowOop }
                      ;*ifeq {reexecute=1 rethrow=0 return_oop=0}
                      ; - (reexecute) java.lang.ClassLoader::definePackage@4 (line 2120)
                      ; - java.lang.ClassLoader::getDefinedPackage@32 (line 2267)
                      ; - java.net.URLClassLoader::getAndVerifyPackage@2 (line 457)
                      ; - java.net.URLClassLoader::defineClass@46 (line 492)
                      ; - java.net.URLClassLoader$1::run@43 (line 427)
                      ; - java.net.URLClassLoader$1::run@1 (line 421)
  0x000001fe1075203c: c025 63ff 

  0x000001fe10752040: ;   {other}
  0x000001fe10752040: 0f1f 8400 | b05c 0068 | 33ed 85db | 400f 94c5 | ba45 ffff | ff44 8b5c | 247c 4489 | 5c24 4844 
  0x000001fe10752060: 8954 244c 

  0x000001fe10752064: ;   {runtime_call UncommonTrapBlob}
  0x000001fe10752064: c5f8 77e8 

  0x000001fe10752068: ; ImmutableOopMap {[64]=Oop [72]=NarrowOop [88]=Oop [120]=NarrowOop [124]=NarrowOop }
                      ;*ifeq {reexecute=1 rethrow=0 return_oop=0}
                      ; - (reexecute) java.lang.String::lastIndexOf@4 (line 2573)
                      ; - java.lang.String::lastIndexOf@8 (line 2535)
                      ; - java.net.URLClassLoader::defineClass@7 (line 486)
                      ; - java.net.URLClassLoader$1::run@43 (line 427)
                      ; - java.net.URLClassLoader$1::run@1 (line 421)
  0x000001fe10752068: 9425 63ff 

  0x000001fe1075206c: ;   {other}
  0x000001fe1075206c: 0f1f 8400 | dc5c 0069 | 498b d7c5 | f877 49ba | c014 afd9 | f97f 0000 

  0x000001fe10752084: ;   {other}
  0x000001fe10752084: 41ff d20f | 1f84 0000 | 0000 00e9 | b1c0 ffff | ba45 ffff | ff48 8b6c | 2458 4489 | 5424 2444 
  0x000001fe107520a4: 8954 2428 | 448b 5424 | 7c44 8954 | 2450 894c | 2458 6690 

  0x000001fe107520b8: ;   {runtime_call UncommonTrapBlob}
  0x000001fe107520b8: c5f8 77e8 

  0x000001fe107520bc: ; ImmutableOopMap {rbp=Oop [64]=Oop [80]=NarrowOop [96]=NarrowOop [120]=NarrowOop [124]=NarrowOop }
                      ;*if_icmpgt {reexecute=1 rethrow=0 return_oop=0}
                      ; - (reexecute) jdk.internal.util.Preconditions::checkFromToIndex@6 (line 348)
                      ; - java.lang.String::checkBoundsBeginEnd@6 (line 4865)
                      ; - java.lang.String::substring@8 (line 2834)
                      ; - java.net.URLClassLoader::defineClass@28 (line 489)
                      ; - java.net.URLClassLoader$1::run@43 (line 427)
                      ; - java.net.URLClassLoader$1::run@1 (line 421)
  0x000001fe107520bc: 4025 63ff 

  0x000001fe107520c0: ;   {other}
  0x000001fe107520c0: 0f1f 8400 | 305d 006a | ba45 ffff | ff4c 895c | 2428 4c89 | 4c24 5090 

  0x000001fe107520d8: ;   {runtime_call UncommonTrapBlob}
  0x000001fe107520d8: c5f8 77e8 

  0x000001fe107520dc: ; ImmutableOopMap {rbp=NarrowOop [40]=Oop [80]=Oop [88]=Oop [96]=NarrowOop [104]=Oop [120]=NarrowOop [124]=NarrowOop }
                      ;*ifnonnull {reexecute=1 rethrow=0 return_oop=0}
                      ; - (reexecute) java.util.jar.JarFile$JarFileEntry::getCodeSigners@24 (line 674)
                      ; - jdk.internal.loader.URLClassPath$JarLoader$2::getCodeSigners@4 (line 858)
                      ; - java.net.URLClassLoader::defineClass@185 (line 521)
                      ; - java.net.URLClassLoader$1::run@43 (line 427)
                      ; - java.net.URLClassLoader$1::run@1 (line 421)
  0x000001fe107520dc: 2025 63ff 

  0x000001fe107520e0: ;   {other}
  0x000001fe107520e0: 0f1f 8400 | 505d 006b | 458b d1e9 | 6cb3 ffff | ba45 ffff | ff48 8b6c | 2458 4c8b | 5424 404c 
  0x000001fe10752100: 8954 2430 | 448b 5c24 | 7844 895c | 2444 4c89 | 4c24 584c | 8974 2468 | 4489 5c24 | 644c 894c 
  0x000001fe10752120: 2470 4489 | 4424 7890 

  0x000001fe10752128: ;   {runtime_call UncommonTrapBlob}
  0x000001fe10752128: c5f8 77e8 

  0x000001fe1075212c: ; ImmutableOopMap {rbp=Oop [48]=Oop [68]=NarrowOop [88]=Oop [96]=NarrowOop [100]=NarrowOop [104]=Oop [112]=Oop [124]=NarrowOop }
                      ;*ifle {reexecute=1 rethrow=0 return_oop=0}
                      ; - (reexecute) java.util.concurrent.ConcurrentHashMap::get@23 (line 937)
                      ; - java.lang.ClassLoader::getDefinedPackage@13 (line 2263)
                      ; - java.net.URLClassLoader::getAndVerifyPackage@2 (line 457)
                      ; - java.net.URLClassLoader::defineClass@46 (line 492)
                      ; - java.net.URLClassLoader$1::run@43 (line 427)
                      ; - java.net.URLClassLoader$1::run@1 (line 421)
  0x000001fe1075212c: d024 63ff 

  0x000001fe10752130: ;   {other}
  0x000001fe10752130: 0f1f 8400 | a05d 006c | ba45 ffff | ff4c 895c | 2420 4c8b | 5c24 384c | 895c 2430 | 4889 4424 
  0x000001fe10752150: 4866 6690 

  0x000001fe10752154: ;   {runtime_call UncommonTrapBlob}
  0x000001fe10752154: c5f8 77e8 

  0x000001fe10752158: ; ImmutableOopMap {[32]=Oop [72]=Oop [88]=Oop [96]=NarrowOop [104]=Oop [120]=NarrowOop [124]=NarrowOop }
                      ;*ifnull {reexecute=1 rethrow=0 return_oop=0}
                      ; - (reexecute) java.security.CodeSource::<init>@25 (line 122)
                      ; - java.net.URLClassLoader::defineClass@198 (line 522)
                      ; - java.net.URLClassLoader$1::run@43 (line 427)
                      ; - java.net.URLClassLoader$1::run@1 (line 421)
  0x000001fe10752158: a424 63ff 

  0x000001fe1075215c: ;   {other}
  0x000001fe1075215c: 0f1f 8400 | cc5d 006d | ba45 ffff | ff48 8b6c | 2458 4489 | 5424 2444 | 8954 2428 | 448b 5424 
  0x000001fe1075217c: 7c44 8954 | 2450 894c | 2458 894c | 245c 6690 

  0x000001fe1075218c: ;   {runtime_call UncommonTrapBlob}
  0x000001fe1075218c: c5f8 77e8 

  0x000001fe10752190: ; ImmutableOopMap {rbp=Oop [64]=Oop [80]=NarrowOop [96]=NarrowOop [120]=NarrowOop [124]=NarrowOop }
                      ;*if_icmple {reexecute=1 rethrow=0 return_oop=0}
                      ; - (reexecute) jdk.internal.util.Preconditions::checkFromToIndex@11 (line 348)
                      ; - java.lang.String::checkBoundsBeginEnd@6 (line 4865)
                      ; - java.lang.String::substring@8 (line 2834)
                      ; - java.net.URLClassLoader::defineClass@28 (line 489)
                      ; - java.net.URLClassLoader$1::run@43 (line 427)
                      ; - java.net.URLClassLoader$1::run@1 (line 421)
  0x000001fe10752190: 6c24 63ff 

  0x000001fe10752194: ;   {other}
  0x000001fe10752194: 0f1f 8400 | 045e 006e | ba45 ffff | ff4c 8b5c | 2458 4c89 | 5c24 204c | 8b5c 2440 | 4c89 5c24 
  0x000001fe107521b4: 2844 8b5c | 2460 4489 | 5c24 484c | 8954 2458 | 894c 2460 

  0x000001fe107521c8: ;   {runtime_call UncommonTrapBlob}
  0x000001fe107521c8: c5f8 77e8 

  0x000001fe107521cc: ; ImmutableOopMap {rbp=NarrowOop [32]=Oop [40]=Oop [72]=NarrowOop [88]=Oop [96]=NarrowOop [120]=NarrowOop [124]=NarrowOop [184]=Oop }
                      ;*ifnull {reexecute=1 rethrow=0 return_oop=0}
                      ; - (reexecute) java.util.jar.JarFile::maybeInstantiateVerifier@4 (line 713)
                      ; - java.util.jar.JarFile::ensureInitialization@1 (line 1064)
                      ; - java.util.jar.JavaUtilJarAccessImpl::ensureInitialization@1 (line 42)
                      ; - jdk.internal.loader.URLClassPath$JarLoader$2::getManifest@10 (line 852)
                      ; - java.net.URLClassLoader::defineClass@34 (line 491)
                      ; - java.net.URLClassLoader$1::run@43 (line 427)
                      ; - java.net.URLClassLoader$1::run@1 (line 421)
  0x000001fe107521cc: 3024 63ff 

  0x000001fe107521d0: ;   {other}
  0x000001fe107521d0: 0f1f 8400 | 405e 006f | ba45 ffff | ff48 ff74 | 2440 488f | 4424 284c | 894c 2450 

  0x000001fe107521ec: ;   {runtime_call UncommonTrapBlob}
  0x000001fe107521ec: c5f8 77e8 

  0x000001fe107521f0: ; ImmutableOopMap {rbp=NarrowOop [40]=Oop [80]=Oop [88]=Oop [96]=NarrowOop [104]=Oop [120]=NarrowOop [124]=NarrowOop }
                      ;*ifnull {reexecute=1 rethrow=0 return_oop=0}
                      ; - (reexecute) java.util.jar.JarFile::maybeInstantiateVerifier@4 (line 713)
                      ; - java.util.jar.JarFile$JarFileEntry::getCodeSigners@4 (line 670)
                      ; - jdk.internal.loader.URLClassPath$JarLoader$2::getCodeSigners@4 (line 858)
                      ; - java.net.URLClassLoader::defineClass@185 (line 521)
                      ; - java.net.URLClassLoader$1::run@43 (line 427)
                      ; - java.net.URLClassLoader$1::run@1 (line 421)
  0x000001fe107521f0: 0c24 63ff 

  0x000001fe107521f4: ;   {other}
  0x000001fe107521f4: 0f1f 8400 | 645e 0070 | ba45 ffff | ff4c 895c | 2428 4c89 | 4c24 5090 

  0x000001fe1075220c: ;   {runtime_call UncommonTrapBlob}
  0x000001fe1075220c: c5f8 77e8 

  0x000001fe10752210: ; ImmutableOopMap {rbp=NarrowOop [40]=Oop [80]=Oop [88]=Oop [96]=NarrowOop [104]=Oop [120]=NarrowOop [124]=NarrowOop }
                      ;*ifnull {reexecute=1 rethrow=0 return_oop=0}
                      ; - (reexecute) java.util.jar.JarFile$JarFileEntry::getCodeSigners@34 (line 674)
                      ; - jdk.internal.loader.URLClassPath$JarLoader$2::getCodeSigners@4 (line 858)
                      ; - java.net.URLClassLoader::defineClass@185 (line 521)
                      ; - java.net.URLClassLoader$1::run@43 (line 427)
                      ; - java.net.URLClassLoader$1::run@1 (line 421)
  0x000001fe10752210: ec23 63ff 

  0x000001fe10752214: ;   {other}
  0x000001fe10752214: 0f1f 8400 | 845e 0071 | 4c89 8c24 | 8000 0000 | 4c89 5424 | 684d 8bf5 | 498b d7c5 | f877 49ba 
  0x000001fe10752234: c014 afd9 | f97f 0000 

  0x000001fe1075223c: ;   {other}
  0x000001fe1075223c: 41ff d20f | 1f84 0000 | 0000 004d | 8bee 4c8b | 5424 684c | 8b8c 2480 | 0000 00e9 | 6bb5 ffff 
  0x000001fe1075225c: 4889 b424 | 8000 0000 | 4889 5c24 | 6849 8bd7 | c5f8 7749 | bac0 14af | d9f9 7f00 | 0041 ffd2 
  0x000001fe1075227c: ;   {other}
  0x000001fe1075227c: 0f1f 8400 | 0000 0000 | 488b 5c24 | 6848 8bb4 | 2480 0000 | 00e9 3bb3 | ffff 4c89 | 4c24 6848 
  0x000001fe1075229c: 894c 2470 | 4489 8424 | 8000 0000 | 4889 bc24 | 8800 0000 | 899c 2484 | 0000 0044 | 899c 2490 
  0x000001fe107522bc: 0000 0044 | 8994 2494 | 0000 0048 | 89b4 2498 | 0000 0048 | 8984 24a0 | 0000 0048 | 8994 24a8 
  0x000001fe107522dc: ;   {metadata({type array byte})}
  0x000001fe107522dc: 0000 0048 | ba68 2200 | 2bfe 0100 | 0044 8b84 | 2494 0000 | 0066 6690 

  0x000001fe107522f4: ;   {runtime_call _new_array_nozero_Java}
  0x000001fe107522f4: c5f8 77e8 

  0x000001fe107522f8: ; ImmutableOopMap {[32]=Oop [48]=Oop [64]=Oop [72]=Oop [80]=Oop [88]=Oop [96]=NarrowOop [104]=Oop [112]=Oop [152]=Derived_oop_[112] [120]=NarrowOop [124]=NarrowOop [136]=Oop }
                      ;*newarray {reexecute=0 rethrow=0 return_oop=1}
                      ; - java.util.Arrays::copyOf@15 (line 3541)
                      ; - jdk.internal.loader.Resource::getBytes@94 (line 120)
                      ; - java.net.URLClassLoader::defineClass@179 (line 519)
                      ; - java.net.URLClassLoader$1::run@43 (line 427)
                      ; - java.net.URLClassLoader$1::run@1 (line 421)
  0x000001fe107522f8: 8494 6fff 

  0x000001fe107522fc: ;   {other}
  0x000001fe107522fc: 0f1f 8400 | 6c5f 0072 | 4c8b c0e9 | 15d7 ffff | 33ed 4585 | c040 0f95 | c5ba 45ff | ffff 4c8b 
  0x000001fe1075231c: 5424 584c | 8954 2420 | 448b 5424 | 7c44 8954 | 2434 448b | 5424 7844 | 8954 244c | 4c89 4c24 
  0x000001fe1075233c: 684c 8974 | 2470 4889 | 4424 7890 

  0x000001fe10752348: ;   {runtime_call UncommonTrapBlob}
  0x000001fe10752348: c5f8 77e8 

  0x000001fe1075234c: ; ImmutableOopMap {[32]=Oop [52]=NarrowOop [64]=Oop [76]=NarrowOop [96]=NarrowOop [104]=Oop [112]=Oop [120]=Oop }
                      ;*ifne {reexecute=1 rethrow=0 return_oop=0}
                      ; - (reexecute) java.lang.Package::isSealed@7 (line 235)
                      ; - java.net.URLClassLoader::getAndVerifyPackage@14 (line 460)
                      ; - java.net.URLClassLoader::defineClass@46 (line 492)
                      ; - java.net.URLClassLoader$1::run@43 (line 427)
                      ; - java.net.URLClassLoader$1::run@1 (line 421)
  0x000001fe1075234c: b022 63ff 

  0x000001fe10752350: ;   {other}
  0x000001fe10752350: 0f1f 8400 | c05f 0073 | ba45 ffff | ff48 8b6c | 2458 448b | 5c24 7c44 | 895c 242c | 4c8b 5424 
  0x000001fe10752370: 404c 8954 | 2430 448b | 5c24 7844 | 895c 2444 | 4c89 4c24 | 584c 8974 | 2468 4489 | 5c24 644c 
  0x000001fe10752390: 894c 2470 | 4489 6c24 | 7844 8944 | 247c 6690 

  0x000001fe107523a0: ;   {runtime_call UncommonTrapBlob}
  0x000001fe107523a0: c5f8 77e8 

  0x000001fe107523a4: ; ImmutableOopMap {rbp=Oop [44]=NarrowOop [48]=Oop [68]=NarrowOop [88]=Oop [96]=NarrowOop [100]=NarrowOop [104]=Oop [112]=Oop [120]=NarrowOop }
                      ;*ifle {reexecute=1 rethrow=0 return_oop=0}
                      ; - (reexecute) java.util.concurrent.ConcurrentHashMap::get@23 (line 937)
                      ; - java.lang.ClassLoader::definePackage@47 (line 2125)
                      ; - java.lang.ClassLoader::getDefinedPackage@32 (line 2267)
                      ; - java.net.URLClassLoader::getAndVerifyPackage@2 (line 457)
                      ; - java.net.URLClassLoader::defineClass@46 (line 492)
                      ; - java.net.URLClassLoader$1::run@43 (line 427)
                      ; - java.net.URLClassLoader$1::run@1 (line 421)
  0x000001fe107523a4: 5822 63ff 

  0x000001fe107523a8: ;   {other}
  0x000001fe107523a8: 0f1f 8400 | 1860 0074 | ba45 ffff | ff4c 8b54 | 2458 4c89 | 5424 2044 | 8b54 2478 | 448b 5c24 
  0x000001fe107523c8: 7c44 895c | 2434 4489 | 5424 4c4c | 894c 2468 | 4c89 7424 | 7048 8944 | 2478 6690 

  0x000001fe107523e4: ;   {runtime_call UncommonTrapBlob}
  0x000001fe107523e4: c5f8 77e8 

  0x000001fe107523e8: ; ImmutableOopMap {rbp=NarrowOop [32]=Oop [52]=NarrowOop [64]=Oop [76]=NarrowOop [96]=NarrowOop [104]=Oop [112]=Oop [120]=Oop }
                      ;*ifnull {reexecute=1 rethrow=0 return_oop=0}
                      ; - (reexecute) java.lang.Package::isSealed@17 (line 235)
                      ; - java.net.URLClassLoader::getAndVerifyPackage@14 (line 460)
                      ; - java.net.URLClassLoader::defineClass@46 (line 492)
                      ; - java.net.URLClassLoader$1::run@43 (line 427)
                      ; - java.net.URLClassLoader$1::run@1 (line 421)
  0x000001fe107523e8: 1422 63ff 

  0x000001fe107523ec: ;   {other}
  0x000001fe107523ec: 0f1f 8400 | 5c60 0075 | ba45 ffff | ff48 8b6c | 2458 8944 | 2454 6690 

  0x000001fe10752404: ;   {runtime_call UncommonTrapBlob}
  0x000001fe10752404: c5f8 77e8 

  0x000001fe10752408: ; ImmutableOopMap {rbp=Oop [40]=Oop [64]=Oop [72]=Oop [96]=NarrowOop [120]=NarrowOop [124]=NarrowOop }
                      ;*ifeq {reexecute=1 rethrow=0 return_oop=0}
                      ; - (reexecute) java.net.URLClassLoader::getAndVerifyPackage@71 (line 469)
                      ; - java.net.URLClassLoader::defineClass@46 (line 492)
                      ; - java.net.URLClassLoader$1::run@43 (line 427)
                      ; - java.net.URLClassLoader$1::run@1 (line 421)
  0x000001fe10752408: f421 63ff 

  0x000001fe1075240c: ;   {other}
  0x000001fe1075240c: 0f1f 8400 | 7c60 0076 | 33ed ba45 | ffff ff4c | 8b5c 2458 | 4c89 5c24 | 208b 4c24 | 7c89 4c24 
  0x000001fe1075242c: 348b 4c24 | 7889 4c24 | 4c4c 894c | 2468 4c89 | 7424 7089 | 4c24 644c | 894c 2478 | 4489 8424 
  0x000001fe1075244c: 8800 0000 | 4489 9424 | 8c00 0000 

  0x000001fe10752458: ;   {runtime_call UncommonTrapBlob}
  0x000001fe10752458: c5f8 77e8 

  0x000001fe1075245c: ; ImmutableOopMap {[32]=Oop [52]=NarrowOop [64]=Oop [76]=NarrowOop [96]=NarrowOop [100]=NarrowOop [104]=Oop [112]=Oop [120]=Oop [136]=NarrowOop }
                      ;*ifeq {reexecute=1 rethrow=0 return_oop=0}
                      ; - (reexecute) java.util.concurrent.ConcurrentHashMap::get@76 (line 940)
                      ; - java.lang.ClassLoader::getDefinedPackage@13 (line 2263)
                      ; - java.net.URLClassLoader::getAndVerifyPackage@2 (line 457)
                      ; - java.net.URLClassLoader::defineClass@46 (line 492)
                      ; - java.net.URLClassLoader$1::run@43 (line 427)
                      ; - java.net.URLClassLoader$1::run@1 (line 421)
  0x000001fe1075245c: a021 63ff 

  0x000001fe10752460: ;   {other}
  0x000001fe10752460: 0f1f 8400 | d060 0077 | baf6 ffff | ff48 8b6c | 2458 4c8b | 5424 404c | 8954 2430 | 448b 5424 
  0x000001fe10752480: 6044 8954 | 2440 4c89 | 7424 504c | 894c 2458 | 4889 4c24 | 6066 6690 

  0x000001fe10752498: ;   {runtime_call UncommonTrapBlob}
  0x000001fe10752498: c5f8 77e8 

  0x000001fe1075249c: ; ImmutableOopMap {rbp=Oop [48]=Oop [64]=NarrowOop [80]=Oop [88]=Oop [96]=Oop [120]=NarrowOop [124]=NarrowOop }
                      ;*invokevirtual compute {reexecute=0 rethrow=0 return_oop=0}
                      ; - java.lang.ClassLoader::definePackage@78 (line 2129)
                      ; - java.lang.ClassLoader::getDefinedPackage@32 (line 2267)
                      ; - java.net.URLClassLoader::getAndVerifyPackage@2 (line 457)
                      ; - java.net.URLClassLoader::defineClass@46 (line 492)
                      ; - java.net.URLClassLoader$1::run@43 (line 427)
                      ; - java.net.URLClassLoader$1::run@1 (line 421)
  0x000001fe1075249c: 6021 63ff 

  0x000001fe107524a0: ;   {other}
  0x000001fe107524a0: 0f1f 8400 | 1061 0078 

  0x000001fe107524a8: ;   {metadata({type array byte})}
  0x000001fe107524a8: 418b e848 | ba68 2200 | 2bfe 0100 | 0045 33c0 

  0x000001fe107524b8: ;   {runtime_call _new_array_Java}
  0x000001fe107524b8: c5f8 77e8 

  0x000001fe107524bc: ; ImmutableOopMap {[32]=Oop [48]=Oop [64]=Oop [72]=Oop [80]=Oop [88]=Oop [96]=NarrowOop [104]=Oop [120]=NarrowOop [124]=NarrowOop }
                      ;*newarray {reexecute=0 rethrow=0 return_oop=1}
                      ; - jdk.internal.loader.Resource::getBytes@30 (line 109)
                      ; - java.net.URLClassLoader::defineClass@179 (line 519)
                      ; - java.net.URLClassLoader$1::run@43 (line 427)
                      ; - java.net.URLClassLoader$1::run@1 (line 421)
  0x000001fe107524bc: c095 6fff 

  0x000001fe107524c0: ;   {other}
  0x000001fe107524c0: 0f1f 8400 | 3061 0079 | 488b c844 | 8bc5 e9ec | d3ff ff41 | c640 0c01 | f083 4424 | c000 488d 
  0x000001fe107524e0: 8424 d000 | 0000 4883 | 3800 0f84 | 7900 0000 | 4c8b 1141 | f6c2 020f | 8462 0000 | 0049 83ba 
  0x000001fe10752500: 8600 0000 | 0074 0949 | ff8a 8600 | 0000 eb4b | 498b 8296 | 0000 0049 | 0b82 8e00 | 0000 750a 
  0x000001fe10752520: 49c7 423e | 0000 0000 | eb3d 4983 | ba9e 0000 | 0000 7422 | 4833 c049 | c742 3e00 | 0000 00f0 
  0x000001fe10752540: 8304 2400 | 4983 ba9e | 0000 0000 | 750d f04d | 0fb1 7a3e | 7505 83c8 | 01eb 0ca8 | 00eb 084c 
  0x000001fe10752560: 8b10 f04c | 0fb1 1175 | 0a49 ff8f | 4805 0000 | 4533 d20f | 851f 1100 | 0045 8b50 | 1845 85d2 
  0x000001fe10752580: 7426 498b | e844 895c | 2464 4b8d | 14d4 6690 

  0x000001fe10752590: ;   {optimized virtual_call}
  0x000001fe10752590: c5f8 77e8 

  0x000001fe10752594: ; ImmutableOopMap {rbp=Oop [32]=Oop [48]=Oop [64]=Oop [72]=Oop [80]=Oop [88]=Oop [96]=NarrowOop [120]=NarrowOop [124]=NarrowOop }
                      ;*invokevirtual close {reexecute=0 rethrow=0 return_oop=0}
                      ; - java.io.FileInputStream::close@50 (line 521)
                      ; - jdk.internal.loader.Resource::getBytes@183 (line 145)
                      ; - java.net.URLClassLoader::defineClass@179 (line 519)
                      ; - java.net.URLClassLoader$1::run@43 (line 427)
                      ; - java.net.URLClassLoader$1::run@1 (line 421)
  0x000001fe10752594: e8c4 62ff 

  0x000001fe10752598: ;   {other}
  0x000001fe10752598: 0f1f 8400 | 0862 007a | 448b 5c24 | 644c 8bc5 | 418b 6810 | 498b 87b8 | 0100 004c | 8bd0 4983 
  0x000001fe107525b8: c210 4d3b | 97c8 0100 | 000f 8334 | 0f00 004d | 8997 b801 | 0000 410f | 1882 c000 | 0000 48c7 
  0x000001fe107525d8: 0001 0000 

  0x000001fe107525dc: ;   {metadata('java/io/FileInputStream$1')}
  0x000001fe107525dc: 00c7 4008 | 70a2 1b00 | 4489 600c | 4c8b d04d | 8bc8 49c1 | e903 4589 | 4a0c 85ed | 0f84 6410 
  0x000001fe107525fc: 0000 4489 | 5c24 6449 | 8d14 ec4d | 8bc2 6690 

  0x000001fe1075260c: ;   {optimized virtual_call}
  0x000001fe1075260c: c5f8 77e8 

  0x000001fe10752610: ; ImmutableOopMap {[32]=Oop [48]=Oop [64]=Oop [72]=Oop [80]=Oop [88]=Oop [96]=NarrowOop [120]=NarrowOop [124]=NarrowOop }
                      ;*invokevirtual closeAll {reexecute=0 rethrow=0 return_oop=0}
                      ; - java.io.FileInputStream::close@65 (line 524)
                      ; - jdk.internal.loader.Resource::getBytes@183 (line 145)
                      ; - java.net.URLClassLoader::defineClass@179 (line 519)
                      ; - java.net.URLClassLoader$1::run@43 (line 427)
                      ; - java.net.URLClassLoader$1::run@1 (line 421)
  0x000001fe10752610: 6cc4 62ff 

  0x000001fe10752614: ;   {other}
  0x000001fe10752614: 0f1f 8400 | 8462 007b | 448b 5c24 | 64e9 23d5 | ffff 2bd3 | 8994 249c | 0000 0048 | 898c 24a0 
  0x000001fe10752634: 0000 004c | 894c 2468 | e9d9 eeff | ff33 edba | 45ff ffff | 4c8b 5c24 | 584c 895c | 2420 8b4c 
  0x000001fe10752654: 247c 894c | 2434 8b4c | 2478 894c | 244c 4c89 | 4c24 684c | 8974 2470 | 894c 2464 | 4c89 4c24 
  0x000001fe10752674: 7844 89ac | 2480 0000 | 0044 8984 | 2484 0000 | 0044 8994 | 2490 0000 | 0066 6690 

  0x000001fe10752690: ;   {runtime_call UncommonTrapBlob}
  0x000001fe10752690: c5f8 77e8 

  0x000001fe10752694: ; ImmutableOopMap {[32]=Oop [52]=NarrowOop [64]=Oop [76]=NarrowOop [96]=NarrowOop [100]=NarrowOop [104]=Oop [112]=Oop [120]=Oop [128]=NarrowOop [132]=NarrowOop }
                      ;*ifeq {reexecute=1 rethrow=0 return_oop=0}
                      ; - (reexecute) java.util.concurrent.ConcurrentHashMap::get@76 (line 940)
                      ; - java.lang.ClassLoader::definePackage@47 (line 2125)
                      ; - java.lang.ClassLoader::getDefinedPackage@32 (line 2267)
                      ; - java.net.URLClassLoader::getAndVerifyPackage@2 (line 457)
                      ; - java.net.URLClassLoader::defineClass@46 (line 492)
                      ; - java.net.URLClassLoader$1::run@43 (line 427)
                      ; - java.net.URLClassLoader$1::run@1 (line 421)
  0x000001fe10752694: 681f 63ff 

  0x000001fe10752698: ;   {other}
  0x000001fe10752698: 0f1f 8400 | 0863 007c | 4d63 cae9 | 00be ffff | 4983 c1fe | 498b c949 | 8bf8 4833 | c048 83f9 
  0x000001fe107526b8: 087f 1048 | ffc9 784f | 4889 04cf | 48ff c97d | f7eb 44c5 | fdef c0e9 | 0d00 0000 | c5fe 7f07 
  0x000001fe107526d8: c5fe 7f47 | 2048 83c7 | 4048 83e9 | 087d ed48 | 83c1 047c | 0cc5 fe7f | 0748 83c7 | 2048 83e9 
  0x000001fe107526f8: 0448 83c1 | 047e 1048 | ffc9 c5f9 | d607 4883 | c708 48ff | c97d f3e9 | 7abe ffff | bacc ffff 
  0x000001fe10752718: ff48 8b6c | 2458 4489 | 5424 2448 | 895c 2458 | 4489 4424 | 4c66 6690 

  0x000001fe10752730: ;   {runtime_call UncommonTrapBlob}
  0x000001fe10752730: c5f8 77e8 

  0x000001fe10752734: ; ImmutableOopMap {rbp=Oop [64]=Oop [76]=NarrowOop [88]=Oop [96]=NarrowOop [120]=NarrowOop [124]=NarrowOop }
                      ;*newarray {reexecute=1 rethrow=0 return_oop=0}
                      ; - (reexecute) java.util.Arrays::copyOfRangeByte@10 (line 3863)
                      ; - java.util.Arrays::copyOfRange@13 (line 3854)
                      ; - java.lang.StringLatin1::newString@16 (line 752)
                      ; - java.lang.String::substring@41 (line 2839)
                      ; - java.net.URLClassLoader::defineClass@28 (line 489)
                      ; - java.net.URLClassLoader$1::run@43 (line 427)
                      ; - java.net.URLClassLoader$1::run@1 (line 421)
  0x000001fe10752734: c81e 63ff 

  0x000001fe10752738: ;   {other}
  0x000001fe10752738: 0f1f 8400 | a863 007d | ba45 ffff | ff4c 8b5c | 2458 4c89 | 5c24 208b | 4c24 7844 | 8b5c 247c 
  0x000001fe10752758: 4489 5c24 | 3489 4c24 | 4c4c 894c | 2468 4c89 | 7424 7089 | 4c24 644c | 894c 2478 | 4489 8424 
  0x000001fe10752778: 8800 0000 | 4489 9424 | 8c00 0000 | 89bc 2490 | 0000 0090 

  0x000001fe1075278c: ;   {runtime_call UncommonTrapBlob}
  0x000001fe1075278c: c5f8 77e8 

  0x000001fe10752790: ; ImmutableOopMap {[32]=Oop [52]=NarrowOop [64]=Oop [76]=NarrowOop [96]=NarrowOop [100]=NarrowOop [104]=Oop [112]=Oop [120]=Oop [136]=NarrowOop }
                      ;*if_icmpne {reexecute=1 rethrow=0 return_oop=0}
                      ; - (reexecute) java.lang.String::equals@33 (line 1861)
                      ; - java.util.concurrent.ConcurrentHashMap::get@73 (line 940)
                      ; - java.lang.ClassLoader::getDefinedPackage@13 (line 2263)
                      ; - java.net.URLClassLoader::getAndVerifyPackage@2 (line 457)
                      ; - java.net.URLClassLoader::defineClass@46 (line 492)
                      ; - java.net.URLClassLoader$1::run@43 (line 427)
                      ; - java.net.URLClassLoader$1::run@1 (line 421)
  0x000001fe10752790: 6c1e 63ff 

  0x000001fe10752794: ;   {other}
  0x000001fe10752794: 0f1f 8400 | 0464 007e | ba45 ffff | ff4c 8b5c | 2458 4c89 | 5c24 208b | 4c24 7c89 | 4c24 348b 
  0x000001fe107527b4: 4c24 7889 | 4c24 4c4c | 894c 2468 | 4c89 7424 | 7089 4c24 | 644c 894c | 2478 4489 | ac24 8000 
  0x000001fe107527d4: 0000 4489 | 8424 8400 | 0000 4489 | 9424 9000 | 0000 899c | 2494 0000 | 0066 6690 

  0x000001fe107527f0: ;   {runtime_call UncommonTrapBlob}
  0x000001fe107527f0: c5f8 77e8 

  0x000001fe107527f4: ; ImmutableOopMap {[32]=Oop [52]=NarrowOop [64]=Oop [76]=NarrowOop [96]=NarrowOop [100]=NarrowOop [104]=Oop [112]=Oop [120]=Oop [128]=NarrowOop [132]=NarrowOop }
                      ;*if_icmpne {reexecute=1 rethrow=0 return_oop=0}
                      ; - (reexecute) java.lang.String::equals@33 (line 1861)
                      ; - java.util.concurrent.ConcurrentHashMap::get@73 (line 940)
                      ; - java.lang.ClassLoader::definePackage@47 (line 2125)
                      ; - java.lang.ClassLoader::getDefinedPackage@32 (line 2267)
                      ; - java.net.URLClassLoader::getAndVerifyPackage@2 (line 457)
                      ; - java.net.URLClassLoader::defineClass@46 (line 492)
                      ; - java.net.URLClassLoader$1::run@43 (line 427)
                      ; - java.net.URLClassLoader$1::run@1 (line 421)
  0x000001fe107527f4: 081e 63ff 

  0x000001fe107527f8: ;   {other}
  0x000001fe107527f8: 0f1f 8400 | 6864 007f | bade ffff | ff48 8b6c | 2458 4c8b | 5c24 404c | 895c 2420 | 448b 4c24 
  0x000001fe10752818: 3044 894c | 2428 448b | 5c24 3444 | 895c 242c | 4c8b 5c24 | 684c 895c | 2430 448b | 5c24 6044 
  0x000001fe10752838: 895c 2440 | 4c8b 9c24 | 8000 0000 | 4c89 5c24 | 504c 8b5c | 2478 4c89 | 5c24 584c | 8954 2470 
  0x000001fe10752858: 4c89 4424 | 7866 6690 

  0x000001fe10752860: ;   {runtime_call UncommonTrapBlob}
  0x000001fe10752860: c5f8 77e8 

  0x000001fe10752864: ; ImmutableOopMap {rbp=Oop [32]=Oop [40]=NarrowOop [44]=NarrowOop [48]=Oop [64]=NarrowOop [80]=Oop [88]=Oop [112]=Oop [120]=Oop [184]=Oop }
                      ;*invokevirtual getName {reexecute=0 rethrow=0 return_oop=0}
                      ; - java.util.jar.JarFile::getManifestFromReference@74 (line 421)
                      ; - java.util.jar.JarFile::getManifest@1 (line 405)
                      ; - jdk.internal.loader.URLClassPath$JarLoader$2::getManifest@22 (line 853)
                      ; - java.net.URLClassLoader::defineClass@34 (line 491)
                      ; - java.net.URLClassLoader$1::run@43 (line 427)
                      ; - java.net.URLClassLoader$1::run@1 (line 421)
  0x000001fe10752864: 981d 63ff 

  0x000001fe10752868: ;   {other}
  0x000001fe10752868: 0f1f 8400 | d864 0080 | ba0f 0000 | 004c 8b54 | 2458 4c89 | 5424 204c | 8b54 2440 | 4c89 5424 
  0x000001fe10752888: 284c 8b54 | 2468 4c89 | 5424 4044 | 8b5c 2460 | 4489 5c24 | 484c 8b94 | 2480 0000 | 004c 8954 
  0x000001fe107528a8: 2458 4c8b | 5424 704c | 8954 2460 

  0x000001fe107528b4: ;   {runtime_call UncommonTrapBlob}
  0x000001fe107528b4: c5f8 77e8 

  0x000001fe107528b8: ; ImmutableOopMap {rbp=Oop [32]=Oop [40]=Oop [48]=NarrowOop [52]=NarrowOop [64]=Oop [72]=NarrowOop [88]=Oop [96]=Oop [120]=Oop [184]=Oop }
                      ;*new {reexecute=0 rethrow=0 return_oop=0}
                      ; - java.util.Hashtable::<init>@53 (line 191)
                      ; - java.util.Hashtable::<init>@5 (line 217)
                      ; - java.util.jar.JarVerifier::<init>@39 (line 105)
                      ; - java.util.jar.JarFile::getManifestFromReference@78 (line 421)
                      ; - java.util.jar.JarFile::getManifest@1 (line 405)
                      ; - jdk.internal.loader.URLClassPath$JarLoader$2::getManifest@22 (line 853)
                      ; - java.net.URLClassLoader::defineClass@34 (line 491)
                      ; - java.net.URLClassLoader$1::run@43 (line 427)
                      ; - java.net.URLClassLoader$1::run@1 (line 421)
  0x000001fe107528b8: 441d 63ff 

  0x000001fe107528bc: ;   {other}
  0x000001fe107528bc: 0f1f 8400 | 2c65 0081 | ba0f 0000 | 004c 8b54 | 2458 4c89 | 5424 204c | 8b54 2440 | 4c89 5424 
  0x000001fe107528dc: 284c 8b54 | 2468 4c89 | 5424 4044 | 8b5c 2460 | 4489 5c24 | 484c 8b94 | 2480 0000 | 004c 8954 
  0x000001fe107528fc: 2458 4c8b | 5424 704c | 8954 2460 

  0x000001fe10752908: ;   {runtime_call UncommonTrapBlob}
  0x000001fe10752908: c5f8 77e8 

  0x000001fe1075290c: ; ImmutableOopMap {rbp=Oop [32]=Oop [40]=Oop [48]=NarrowOop [52]=NarrowOop [64]=Oop [72]=NarrowOop [88]=Oop [96]=Oop [120]=Oop [184]=Oop }
                      ;*new {reexecute=0 rethrow=0 return_oop=0}
                      ; - java.util.Hashtable::<init>@53 (line 191)
                      ; - java.util.Hashtable::<init>@5 (line 217)
                      ; - java.util.jar.JarVerifier::<init>@50 (line 106)
                      ; - java.util.jar.JarFile::getManifestFromReference@78 (line 421)
                      ; - java.util.jar.JarFile::getManifest@1 (line 405)
                      ; - jdk.internal.loader.URLClassPath$JarLoader$2::getManifest@22 (line 853)
                      ; - java.net.URLClassLoader::defineClass@34 (line 491)
                      ; - java.net.URLClassLoader$1::run@43 (line 427)
                      ; - java.net.URLClassLoader$1::run@1 (line 421)
  0x000001fe1075290c: f01c 63ff 

  0x000001fe10752910: ;   {other}
  0x000001fe10752910: 0f1f 8400 | 8065 0082 | ba0f 0000 | 004c 8b54 | 2458 4c89 | 5424 204c | 8b54 2440 | 4c89 5424 
  0x000001fe10752930: 284c 8b54 | 2468 4c89 | 5424 4044 | 8b5c 2460 | 4489 5c24 | 484c 8b94 | 2480 0000 | 004c 8954 
  0x000001fe10752950: 2458 4c8b | 5424 704c | 8954 2460 

  0x000001fe1075295c: ;   {runtime_call UncommonTrapBlob}
  0x000001fe1075295c: c5f8 77e8 

  0x000001fe10752960: ; ImmutableOopMap {rbp=Oop [32]=Oop [40]=Oop [48]=NarrowOop [52]=NarrowOop [64]=Oop [72]=NarrowOop [88]=Oop [96]=Oop [120]=Oop [184]=Oop }
                      ;*new {reexecute=0 rethrow=0 return_oop=0}
                      ; - java.util.Hashtable::<init>@53 (line 191)
                      ; - java.util.Hashtable::<init>@4 (line 209)
                      ; - java.util.jar.JarVerifier::<init>@63 (line 107)
                      ; - java.util.jar.JarFile::getManifestFromReference@78 (line 421)
                      ; - java.util.jar.JarFile::getManifest@1 (line 405)
                      ; - jdk.internal.loader.URLClassPath$JarLoader$2::getManifest@22 (line 853)
                      ; - java.net.URLClassLoader::defineClass@34 (line 491)
                      ; - java.net.URLClassLoader$1::run@43 (line 427)
                      ; - java.net.URLClassLoader$1::run@1 (line 421)
  0x000001fe10752960: 9c1c 63ff 

  0x000001fe10752964: ;   {other}
  0x000001fe10752964: 0f1f 8400 | d465 0083 | 498b f049 | 8bd7 c5f8 | 7749 bac0 | 14af d9f9 | 7f00 0041 

  0x000001fe10752980: ;   {other}
  0x000001fe10752980: ffd2 0f1f | 8400 0000 | 0000 4c8b | 4c24 784c | 8bc6 e979 | ccff ff49 | 8bd8 498b | d7c5 f877 
  0x000001fe107529a0: 49ba c014 | afd9 f97f | 0000 41ff 

  0x000001fe107529ac: ;   {other}
  0x000001fe107529ac: d20f 1f84 | 0000 0000 | 004c 8bc3 | e9fb cbff | ff49 8bd3 | 498b da4d | 8bd0 4c63 | c54d 8d58 
  0x000001fe107529cc: 104d 8bcb | 4983 e1f8 | 488b fb49 | 03f9 49c1 | eb03 4d2b | d349 8bca | 4833 c048 | 83f9 087f 
  0x000001fe107529ec: 1048 ffc9 | 784f 4889 | 04cf 48ff | c97d f7eb | 44c5 fdef | c0e9 0d00 | 0000 c5fe | 7f07 c5fe 
  0x000001fe10752a0c: 7f47 2048 | 83c7 4048 | 83e9 087d | ed48 83c1 | 047c 0cc5 | fe7f 0748 | 83c7 2048 | 83e9 0448 
  0x000001fe10752a2c: 83c1 047e | 1048 ffc9 | c5f9 d607 | 4883 c708 | 48ff c97d | f348 8b8c | 2498 0000 | 00c5 f877 
  0x000001fe10752a4c: 49ba c02c | d60f fe01 | 0000 41ff 

  0x000001fe10752a58: ;   {other}
  0x000001fe10752a58: d20f 1f84 | 0000 0000 | 004c 8bd3 | e982 eaff | ffba deff | ffff 488b | 6c24 584c | 8b5c 2440 
  0x000001fe10752a78: 4c89 5c24 | 2044 8b5c | 2430 4489 | 5c24 2844 | 8b4c 2434 | 4489 4c24 | 2c44 8b5c | 2460 4489 
  0x000001fe10752a98: 5c24 404c | 8954 2458 

  0x000001fe10752aa0: ;   {runtime_call UncommonTrapBlob}
  0x000001fe10752aa0: c5f8 77e8 

  0x000001fe10752aa4: ; ImmutableOopMap {rbp=Oop [32]=Oop [40]=NarrowOop [44]=NarrowOop [64]=NarrowOop [88]=Oop [104]=Oop [112]=Oop [120]=Oop [184]=Oop }
                      ;*invokevirtual close {reexecute=0 rethrow=0 return_oop=0}
                      ; - java.util.jar.JarFile::getManifestFromReference@152 (line 433)
                      ; - java.util.jar.JarFile::getManifest@1 (line 405)
                      ; - jdk.internal.loader.URLClassPath$JarLoader$2::getManifest@22 (line 853)
                      ; - java.net.URLClassLoader::defineClass@34 (line 491)
                      ; - java.net.URLClassLoader$1::run@43 (line 427)
                      ; - java.net.URLClassLoader$1::run@1 (line 421)
  0x000001fe10752aa4: 581b 63ff 

  0x000001fe10752aa8: ;   {other}
  0x000001fe10752aa8: 0f1f 8400 | 1867 0084 | ba45 ffff | ff4c 8b5c | 2458 4c89 | 5c24 2044 | 8b44 247c | 4489 4424 
  0x000001fe10752ac8: 3444 8b44 | 2478 4489 | 4424 4c4c | 894c 2468 | 4c89 7424 | 7044 8944 | 2464 4c89 | 4c24 7848 
  0x000001fe10752ae8: 898c 2488 | 0000 0044 | 8994 2490 | 0000 0090 

  0x000001fe10752af8: ;   {runtime_call UncommonTrapBlob}
  0x000001fe10752af8: c5f8 77e8 

  0x000001fe10752afc: ; ImmutableOopMap {rbp=NarrowOop [32]=Oop [52]=NarrowOop [64]=Oop [76]=NarrowOop [96]=NarrowOop [100]=NarrowOop [104]=Oop [112]=Oop [120]=Oop [136]=Oop }
                      ;*ifnull {reexecute=1 rethrow=0 return_oop=0}
                      ; - (reexecute) java.util.concurrent.ConcurrentHashMap::get@143 (line 946)
                      ; - java.lang.ClassLoader::getDefinedPackage@13 (line 2263)
                      ; - java.net.URLClassLoader::getAndVerifyPackage@2 (line 457)
                      ; - java.net.URLClassLoader::defineClass@46 (line 492)
                      ; - java.net.URLClassLoader$1::run@43 (line 427)
                      ; - java.net.URLClassLoader$1::run@1 (line 421)
  0x000001fe10752afc: 001b 63ff 

  0x000001fe10752b00: ;   {other}
  0x000001fe10752b00: 0f1f 8400 | 7067 0085 | ba45 ffff | ff4c 8b54 | 2458 4c89 | 5424 204c | 8b54 2440 | 4c89 5424 
  0x000001fe10752b20: 2844 8b54 | 2460 4489 | 5424 4890 

  0x000001fe10752b2c: ;   {runtime_call UncommonTrapBlob}
  0x000001fe10752b2c: c5f8 77e8 

  0x000001fe10752b30: ; ImmutableOopMap {[32]=Oop [40]=Oop [48]=NarrowOop [52]=NarrowOop [72]=NarrowOop [104]=Oop [120]=Oop [128]=Oop [184]=Oop }
                      ;*ifne {reexecute=1 rethrow=0 return_oop=0}
                      ; - (reexecute) java.util.jar.JarFile::getManifestFromReference@52 (line 419)
                      ; - java.util.jar.JarFile::getManifest@1 (line 405)
                      ; - jdk.internal.loader.URLClassPath$JarLoader$2::getManifest@22 (line 853)
                      ; - java.net.URLClassLoader::defineClass@34 (line 491)
                      ; - java.net.URLClassLoader$1::run@43 (line 427)
                      ; - java.net.URLClassLoader$1::run@1 (line 421)
  0x000001fe10752b30: cc1a 63ff 

  0x000001fe10752b34: ;   {other}
  0x000001fe10752b34: 0f1f 8400 | a467 0086 | ba45 ffff | ff48 8b6c | 2458 4c8b | 5c24 404c | 895c 2420 | 448b 4424 
  0x000001fe10752b54: 3044 8944 | 2428 448b | 5c24 3444 | 895c 242c | 8944 2444 

  0x000001fe10752b68: ;   {runtime_call UncommonTrapBlob}
  0x000001fe10752b68: c5f8 77e8 

  0x000001fe10752b6c: ; ImmutableOopMap {rbp=Oop [32]=Oop [40]=NarrowOop [44]=NarrowOop [96]=NarrowOop [104]=Oop [120]=Oop [128]=Oop [184]=Oop }
                      ;*if_icmpne {reexecute=1 rethrow=0 return_oop=0}
                      ; - (reexecute) java.util.jar.JarFile::getManifestFromReference@65 (line 420)
                      ; - java.util.jar.JarFile::getManifest@1 (line 405)
                      ; - jdk.internal.loader.URLClassPath$JarLoader$2::getManifest@22 (line 853)
                      ; - java.net.URLClassLoader::defineClass@34 (line 491)
                      ; - java.net.URLClassLoader$1::run@43 (line 427)
                      ; - java.net.URLClassLoader$1::run@1 (line 421)
  0x000001fe10752b6c: 901a 63ff 

  0x000001fe10752b70: ;   {other}
  0x000001fe10752b70: 0f1f 8400 | e067 0087 | 498b d7c5 | f877 49ba | c014 afd9 | f97f 0000 

  0x000001fe10752b88: ;   {other}
  0x000001fe10752b88: 41ff d20f | 1f84 0000 | 0000 00e9 | d7d8 ffff | 498b d7c5 | f877 49ba | c014 afd9 | f97f 0000 
  0x000001fe10752ba8: ;   {other}
  0x000001fe10752ba8: 41ff d20f | 1f84 0000 | 0000 00e9 | 57c0 ffff | 498b d7c5 | f877 49ba | c014 afd9 | f97f 0000 
  0x000001fe10752bc8: ;   {other}
  0x000001fe10752bc8: 41ff d20f | 1f84 0000 | 0000 00e9 | eebf ffff | 498b d7c5 | f877 49ba | c014 afd9 | f97f 0000 
  0x000001fe10752be8: ;   {other}
  0x000001fe10752be8: 41ff d20f | 1f84 0000 | 0000 00e9 | 93c1 ffff | 498b d7c5 | f877 49ba | c014 afd9 | f97f 0000 
  0x000001fe10752c08: ;   {other}
  0x000001fe10752c08: 41ff d20f | 1f84 0000 | 0000 00e9 | 2ac1 ffff | 498b d7c5 | f877 49ba | c014 afd9 | f97f 0000 
  0x000001fe10752c28: ;   {other}
  0x000001fe10752c28: 41ff d20f | 1f84 0000 | 0000 00e9 | a0d9 ffff | 498b d7c5 | f877 49ba | c014 afd9 | f97f 0000 
  0x000001fe10752c48: ;   {other}
  0x000001fe10752c48: 41ff d20f | 1f84 0000 | 0000 00e9 | 74da ffff | 498b d7c5 | f877 49ba | c014 afd9 | f97f 0000 
  0x000001fe10752c68: ;   {other}
  0x000001fe10752c68: 41ff d20f | 1f84 0000 | 0000 00e9 | 59c4 ffff | 498b d7c5 | f877 49ba | c014 afd9 | f97f 0000 
  0x000001fe10752c88: ;   {other}
  0x000001fe10752c88: 41ff d20f | 1f84 0000 | 0000 00e9 | 7ed9 ffff | 498b d7c5 | f877 49ba | c014 afd9 | f97f 0000 
  0x000001fe10752ca8: ;   {other}
  0x000001fe10752ca8: 41ff d20f | 1f84 0000 | 0000 00e9 | dbd8 ffff | 498b d7c5 | f877 49ba | c014 afd9 | f97f 0000 
  0x000001fe10752cc8: ;   {other}
  0x000001fe10752cc8: 41ff d20f | 1f84 0000 | 0000 00e9 | 3ac2 ffff | 498b d7c5 | f877 49ba | c014 afd9 | f97f 0000 
  0x000001fe10752ce8: ;   {other}
  0x000001fe10752ce8: 41ff d20f | 1f84 0000 | 0000 00e9 | 0dda ffff | 498b d7c5 | f877 49ba | c014 afd9 | f97f 0000 
  0x000001fe10752d08: ;   {other}
  0x000001fe10752d08: 41ff d20f | 1f84 0000 | 0000 00e9 | abda ffff | 498b d7c5 | f877 49ba | c014 afd9 | f97f 0000 
  0x000001fe10752d28: ;   {other}
  0x000001fe10752d28: 41ff d20f | 1f84 0000 | 0000 00e9 | d9c6 ffff | 498b d7c5 | f877 49ba | c014 afd9 | f97f 0000 
  0x000001fe10752d48: ;   {other}
  0x000001fe10752d48: 41ff d20f | 1f84 0000 | 0000 00e9 | 5ac6 ffff | 498b d7c5 | f877 49ba | c014 afd9 | f97f 0000 
  0x000001fe10752d68: ;   {other}
  0x000001fe10752d68: 41ff d20f | 1f84 0000 | 0000 004c | 8bc5 e99b | c7ff ffba | 45ff ffff | 4c8b 5c24 | 584c 895c 
  0x000001fe10752d88: 2420 448b | 5c24 7c44 | 895c 2434 | 448b 5c24 | 7844 895c | 244c 4c89 | 4c24 684c | 8974 2470 
  0x000001fe10752da8: 4489 5c24 | 644c 894c | 2478 4489 | ac24 8000 | 0000 4889 | b424 9000 | 0000 4489 | 9424 8400 
  0x000001fe10752dc8: 0000 6690 

  0x000001fe10752dcc: ;   {runtime_call UncommonTrapBlob}
  0x000001fe10752dcc: c5f8 77e8 

  0x000001fe10752dd0: ; ImmutableOopMap {rbp=NarrowOop [32]=Oop [52]=NarrowOop [64]=Oop [76]=NarrowOop [96]=NarrowOop [100]=NarrowOop [104]=Oop [112]=Oop [120]=Oop [128]=NarrowOop [144]=Oop }
                      ;*ifnull {reexecute=1 rethrow=0 return_oop=0}
                      ; - (reexecute) java.util.concurrent.ConcurrentHashMap::get@143 (line 946)
                      ; - java.lang.ClassLoader::definePackage@47 (line 2125)
                      ; - java.lang.ClassLoader::getDefinedPackage@32 (line 2267)
                      ; - java.net.URLClassLoader::getAndVerifyPackage@2 (line 457)
                      ; - java.net.URLClassLoader::defineClass@46 (line 492)
                      ; - java.net.URLClassLoader$1::run@43 (line 427)
                      ; - java.net.URLClassLoader$1::run@1 (line 421)
  0x000001fe10752dd0: 2c18 63ff 

  0x000001fe10752dd4: ;   {other}
  0x000001fe10752dd4: 0f1f 8400 | 446a 0088 | 4c63 d281 | fa00 0010 | 000f 87ad | 0700 0048 | 897c 2470 | 8bc2 899c 
  0x000001fe10752df4: 248c 0000 | 0048 89b4 | 2490 0000 | 0044 899c | 2484 0000 | 0044 8984 | 2480 0000 | 0048 8be9 
  0x000001fe10752e14: 4c89 4c24 | 684d 8b9f | b801 0000 | 4d8b c24c | 8994 2498 | 0000 0049 | 83c0 1749 | 83e0 f84d 
  0x000001fe10752e34: 8bd3 4d03 | d04d 3b97 | c801 0000 | 0f83 8807 | 0000 4d89 | 97b8 0100 | 0041 0f18 | 82c0 0000 
  0x000001fe10752e54: 004d 8bc3 | 49c7 0001 | 0000 0041 | 0f18 8200 

  0x000001fe10752e64: ;   {metadata({type array byte})}
  0x000001fe10752e64: 0100 0041 | c740 0868 | 2200 0041 | 8950 0c41 | 0f18 8240 | 0100 0041 | 0f18 8280 | 0100 0049 
  0x000001fe10752e84: 8bd0 4883 | c210 498b | d84c 8b94 | 2498 0000 | 0049 83c2 | 0749 c1ea | 0348 8b4c | 2470 4d8b 
  0x000001fe10752ea4: c2c5 f877 | 49ba 6033 | d60f fe01 | 0000 41ff 

  0x000001fe10752eb4: ;   {other}
  0x000001fe10752eb4: d20f 1f84 | 0000 0000 | 004c 8bd3 | e926 e6ff | ff49 8bf9 | 498b d849 | 8bd7 c5f8 | 7749 bac0 
  0x000001fe10752ed4: 14af d9f9 | 7f00 0041 

  0x000001fe10752edc: ;   {other}
  0x000001fe10752edc: ffd2 0f1f | 8400 0000 | 0000 4c8b | c34c 8bcf | e9d3 b9ff | ff49 8bd7 | c5f8 7749 | bac0 14af 
  0x000001fe10752efc: d9f9 7f00 | 0041 ffd2 

  0x000001fe10752f04: ;   {other}
  0x000001fe10752f04: 0f1f 8400 | 0000 0000 | e92a dfff | ff49 8bd7 | c5f8 7749 | bac0 14af | d9f9 7f00 | 0041 ffd2 
  0x000001fe10752f24: ;   {other}
  0x000001fe10752f24: 0f1f 8400 | 0000 0000 | e99d b8ff | ff49 8bd7 | c5f8 7749 | bac0 14af | d9f9 7f00 | 0041 ffd2 
  0x000001fe10752f44: ;   {other}
  0x000001fe10752f44: 0f1f 8400 | 0000 0000 | 4c8b d5e9 | dab9 ffff | ba45 ffff | ff48 8b6c | 2458 4c8b | 5424 404c 
  0x000001fe10752f64: 8954 2420 | 448b 5424 | 3044 8954 | 2428 448b | 5c24 3444 | 895c 242c | 4c8b 5424 | 684c 8954 
  0x000001fe10752f84: 2430 448b | 5424 6044 | 8954 2440 | 448b 5c24 | 6444 895c | 2458 4489 | 5c24 5c48 | 8944 2460 
  0x000001fe10752fa4: ;   {runtime_call UncommonTrapBlob}
  0x000001fe10752fa4: c5f8 77e8 

  0x000001fe10752fa8: ; ImmutableOopMap {rbp=Oop [32]=Oop [40]=NarrowOop [44]=NarrowOop [48]=Oop [64]=NarrowOop [88]=NarrowOop [92]=NarrowOop [96]=Oop [184]=Oop }
                      ;*ifnull {reexecute=1 rethrow=0 return_oop=0}
                      ; - (reexecute) java.util.jar.JarFile::maybeInstantiateVerifier@27 (line 723)
                      ; - java.util.jar.JarFile::ensureInitialization@1 (line 1064)
                      ; - java.util.jar.JavaUtilJarAccessImpl::ensureInitialization@1 (line 42)
                      ; - jdk.internal.loader.URLClassPath$JarLoader$2::getManifest@10 (line 852)
                      ; - java.net.URLClassLoader::defineClass@34 (line 491)
                      ; - java.net.URLClassLoader$1::run@43 (line 427)
                      ; - java.net.URLClassLoader$1::run@1 (line 421)
  0x000001fe10752fa8: 5416 63ff 

  0x000001fe10752fac: ;   {other}
  0x000001fe10752fac: 0f1f 8400 | 1c6c 0089 | ba45 ffff | ff4c 8b5c | 2458 4c89 | 5c24 204c | 8b5c 2440 | 4c89 5c24 
  0x000001fe10752fcc: 284c 8b5c | 2468 4c89 | 5c24 4044 | 8b44 2460 | 4489 4424 | 4844 8954 | 2460 6690 

  0x000001fe10752fe8: ;   {runtime_call UncommonTrapBlob}
  0x000001fe10752fe8: c5f8 77e8 

  0x000001fe10752fec: ; ImmutableOopMap {rbp=NarrowOop [32]=Oop [40]=Oop [48]=NarrowOop [52]=NarrowOop [64]=Oop [72]=NarrowOop [96]=NarrowOop [100]=NarrowOop [184]=Oop }
                      ;*ifnull {reexecute=1 rethrow=0 return_oop=0}
                      ; - (reexecute) java.util.jar.JarFile::ensureInitialization@21 (line 1068)
                      ; - java.util.jar.JavaUtilJarAccessImpl::ensureInitialization@1 (line 42)
                      ; - jdk.internal.loader.URLClassPath$JarLoader$2::getManifest@10 (line 852)
                      ; - java.net.URLClassLoader::defineClass@34 (line 491)
                      ; - java.net.URLClassLoader$1::run@43 (line 427)
                      ; - java.net.URLClassLoader$1::run@1 (line 421)
  0x000001fe10752fec: 1016 63ff 

  0x000001fe10752ff0: ;   {other}
  0x000001fe10752ff0: 0f1f 8400 | 606c 008a | ba45 ffff | ff4c 8b54 | 2440 4c89 | 5424 2844 | 8b54 2448 | 4489 5424 
  0x000001fe10753010: 4448 8944 | 2448 6690 

  0x000001fe10753018: ;   {runtime_call UncommonTrapBlob}
  0x000001fe10753018: c5f8 77e8 

  0x000001fe1075301c: ; ImmutableOopMap {[32]=Oop [40]=Oop [68]=NarrowOop [72]=Oop [88]=Oop [96]=NarrowOop [104]=Oop [120]=NarrowOop [124]=NarrowOop }
                      ;*ifnull {reexecute=1 rethrow=0 return_oop=0}
                      ; - (reexecute) java.util.jar.JarFile::maybeInstantiateVerifier@27 (line 723)
                      ; - java.util.jar.JarFile$JarFileEntry::getCodeSigners@4 (line 670)
                      ; - jdk.internal.loader.URLClassPath$JarLoader$2::getCodeSigners@4 (line 858)
                      ; - java.net.URLClassLoader::defineClass@185 (line 521)
                      ; - java.net.URLClassLoader$1::run@43 (line 427)
                      ; - java.net.URLClassLoader$1::run@1 (line 421)
  0x000001fe1075301c: e015 63ff 

  0x000001fe10753020: ;   {other}
  0x000001fe10753020: 0f1f 8400 | 906c 008b | 4963 c2e9 | 14c9 ffff | 4983 c0fe | 498b c849 | 8bfb 4833 | c048 83f9 
  0x000001fe10753040: 087f 1048 | ffc9 784f | 4889 04cf | 48ff c97d | f7eb 44c5 | fdef c0e9 | 0d00 0000 | c5fe 7f07 
  0x000001fe10753060: c5fe 7f47 | 2048 83c7 | 4048 83e9 | 087d ed48 | 83c1 047c | 0cc5 fe7f | 0748 83c7 | 2048 83e9 
  0x000001fe10753080: 0448 83c1 | 047e 1048 | ffc9 c5f9 | d607 4883 | c708 48ff | c97d f3e9 | ecc9 ffff | 8beb 4889 
  0x000001fe107530a0: 4c24 2844 | 895c 2420 | eb0c 8beb | 4889 4c24 | 2844 895c | 2420 bacc | ffff ff4c | 8b5c 2458 
  0x000001fe107530c0: 4c89 5c24 | 3044 8b5c | 2460 4489 | 5c24 544c | 894c 2458 | 448b 5c24 | 6444 895c | 2460 4489 
  0x000001fe107530e0: 4424 6444 | 8954 246c 

  0x000001fe107530e8: ;   {runtime_call UncommonTrapBlob}
  0x000001fe107530e8: c5f8 77e8 

  0x000001fe107530ec: ; ImmutableOopMap {[40]=Oop [48]=Oop [64]=Oop [72]=Oop [84]=NarrowOop [88]=Oop [120]=NarrowOop [124]=NarrowOop }
                      ;*newarray {reexecute=1 rethrow=0 return_oop=0}
                      ; - (reexecute) java.util.Arrays::copyOf@15 (line 3541)
                      ; - jdk.internal.loader.Resource::getBytes@94 (line 120)
                      ; - java.net.URLClassLoader::defineClass@179 (line 519)
                      ; - java.net.URLClassLoader$1::run@43 (line 427)
                      ; - java.net.URLClassLoader$1::run@1 (line 421)
  0x000001fe107530ec: 1015 63ff 

  0x000001fe107530f0: ;   {other}
  0x000001fe107530f0: 0f1f 8400 | 606d 008c | 4c89 4c24 | 6848 894c | 2470 4489 | 8424 8000 | 0000 4489 | 9c24 8400 
  0x000001fe10753110: 0000 4489 | 9424 8800 | 0000 4889 | b424 9000 | 0000 899c | 248c 0000 | 0048 89bc | 2498 0000 
  0x000001fe10753130: 0048 8984 | 24a0 0000 | 0048 8994 | 24a8 0000 

  0x000001fe10753140: ;   {metadata({type array byte})}
  0x000001fe10753140: 0048 ba68 | 2200 2bfe | 0100 0044 | 8b84 2488 | 0000 0090 

  0x000001fe10753154: ;   {runtime_call _new_array_nozero_Java}
  0x000001fe10753154: c5f8 77e8 

  0x000001fe10753158: ; ImmutableOopMap {[32]=Oop [48]=Oop [64]=Oop [72]=Oop [80]=Oop [88]=Oop [96]=NarrowOop [104]=Oop [112]=Oop [152]=Derived_oop_[112] [120]=NarrowOop [124]=NarrowOop [144]=Oop }
                      ;*newarray {reexecute=0 rethrow=0 return_oop=1}
                      ; - java.util.Arrays::copyOf@15 (line 3541)
                      ; - jdk.internal.loader.Resource::getBytes@94 (line 120)
                      ; - java.net.URLClassLoader::defineClass@179 (line 519)
                      ; - java.net.URLClassLoader$1::run@43 (line 427)
                      ; - java.net.URLClassLoader$1::run@1 (line 421)
  0x000001fe10753158: 2486 6fff 

  0x000001fe1075315c: ;   {other}
  0x000001fe1075315c: 0f1f 8400 | cc6d 008d | 4c8b c0e9 | 18e3 ffff | baf6 ffff | ff4c 8b5c | 2440 4c89 | 5c24 2044 
  0x000001fe1075317c: 8954 2444 

  0x000001fe10753180: ;   {runtime_call UncommonTrapBlob}
  0x000001fe10753180: c5f8 77e8 

  0x000001fe10753184: ; ImmutableOopMap {[32]=Oop [72]=Oop [88]=Oop [96]=NarrowOop [104]=Oop [120]=NarrowOop [124]=NarrowOop }
                      ;*invokevirtual length {reexecute=0 rethrow=0 return_oop=0}
                      ; - jdk.internal.loader.URLClassPath$FileLoader$1::getContentLength@4 (line 1121)
                      ; - jdk.internal.loader.Resource::getBytes@10 (line 100)
                      ; - java.net.URLClassLoader::defineClass@179 (line 519)
                      ; - java.net.URLClassLoader$1::run@43 (line 427)
                      ; - java.net.URLClassLoader$1::run@1 (line 421)
  0x000001fe10753184: 7814 63ff 

  0x000001fe10753188: ;   {other}
  0x000001fe10753188: 0f1f 8400 | f86d 008e | 8944 2424 | 448b 5c24 | 7444 895c | 2420 488b | ac24 9800 | 0000 ba45 
  0x000001fe107531a8: ffff ff4c | 8b54 2458 | 4c89 5424 | 284c 8b54 | 2440 4c89 | 5424 3044 | 8b54 2460 | 4489 5424 
  0x000001fe107531c8: 5066 6690 

  0x000001fe107531cc: ;   {runtime_call UncommonTrapBlob}
  0x000001fe107531cc: c5f8 77e8 

  0x000001fe107531d0: ; ImmutableOopMap {rbp=Oop [40]=Oop [48]=Oop [72]=Oop [80]=NarrowOop [104]=Oop [120]=NarrowOop [124]=NarrowOop }
                      ;*ifge {reexecute=1 rethrow=0 return_oop=0}
                      ; - (reexecute) jdk.internal.loader.Resource::getBytes@135 (line 131)
                      ; - java.net.URLClassLoader::defineClass@179 (line 519)
                      ; - java.net.URLClassLoader$1::run@43 (line 427)
                      ; - java.net.URLClassLoader$1::run@1 (line 421)
  0x000001fe107531d0: 2c14 63ff 

  0x000001fe107531d4: ;   {other}
  0x000001fe107531d4: 0f1f 8400 | 446e 008f | 4489 5c24 | 2489 5c24 | 2048 8be9 | ba45 ffff | ff4c 8b54 | 2458 4c89 
  0x000001fe107531f4: 5424 284c | 8b54 2440 | 4c89 5424 | 3044 8b54 | 2460 4489 | 5424 504c | 894c 2458 | 4489 4424 
  0x000001fe10753214: 6066 6690 

  0x000001fe10753218: ;   {runtime_call UncommonTrapBlob}
  0x000001fe10753218: c5f8 77e8 

  0x000001fe1075321c: ; ImmutableOopMap {rbp=Oop [40]=Oop [48]=Oop [72]=Oop [80]=NarrowOop [88]=Oop [120]=NarrowOop [124]=NarrowOop }
                      ;*ifge {reexecute=1 rethrow=0 return_oop=0}
                      ; - (reexecute) jdk.internal.loader.Resource::getBytes@78 (line 116)
                      ; - java.net.URLClassLoader::defineClass@179 (line 519)
                      ; - java.net.URLClassLoader$1::run@43 (line 427)
                      ; - java.net.URLClassLoader$1::run@1 (line 421)
  0x000001fe1075321c: e013 63ff 

  0x000001fe10753220: ;   {other}
  0x000001fe10753220: 0f1f 8400 | 906e 0090 | bac6 ffff | ff48 ff74 | 2440 488f | 4424 304c | 8944 2448 

  0x000001fe1075323c: ;   {runtime_call UncommonTrapBlob}
  0x000001fe1075323c: c5f8 77e8 

  0x000001fe10753240: ; ImmutableOopMap {[48]=Oop [72]=Oop [88]=Oop [96]=NarrowOop [120]=NarrowOop [124]=NarrowOop }
                      ;*invokevirtual getBytes {reexecute=0 rethrow=0 return_oop=0}
                      ; - java.net.URLClassLoader::defineClass@179 (line 519)
                      ; - java.net.URLClassLoader$1::run@43 (line 427)
                      ; - java.net.URLClassLoader$1::run@1 (line 421)
  0x000001fe10753240: bc13 63ff 

  0x000001fe10753244: ;   {other}
  0x000001fe10753244: 0f1f 8400 | b46e 0091 | bac6 ffff | ff48 8b6c | 2458 4c8b | 5424 404c | 8954 2420 

  0x000001fe10753260: ;   {runtime_call UncommonTrapBlob}
  0x000001fe10753260: c5f8 77e8 

  0x000001fe10753264: ; ImmutableOopMap {rbp=Oop [32]=Oop [96]=NarrowOop [120]=NarrowOop [124]=NarrowOop [184]=Oop }
                      ;*invokevirtual getManifest {reexecute=0 rethrow=0 return_oop=0}
                      ; - java.net.URLClassLoader::defineClass@34 (line 491)
                      ; - java.net.URLClassLoader$1::run@43 (line 427)
                      ; - java.net.URLClassLoader$1::run@1 (line 421)
  0x000001fe10753264: 9813 63ff 

  0x000001fe10753268: ;   {other}
  0x000001fe10753268: 0f1f 8400 | d86e 0092 | ba45 ffff | ff4c 8b54 | 2458 4c89 | 5424 204c | 8b54 2440 | 4c89 5424 
  0x000001fe10753288: 2844 8b5c | 2460 4489 | 5c24 5090 

  0x000001fe10753294: ;   {runtime_call UncommonTrapBlob}
  0x000001fe10753294: c5f8 77e8 

  0x000001fe10753298: ; ImmutableOopMap {[32]=Oop [40]=Oop [72]=Oop [80]=NarrowOop [104]=Oop [112]=Oop [120]=NarrowOop [124]=NarrowOop }
                      ;*ifeq {reexecute=1 rethrow=0 return_oop=0}
                      ; - (reexecute) java.lang.Thread::getAndClearInterrupt@6 (line 1783)
                      ; - java.lang.Thread::interrupted@3 (line 1746)
                      ; - jdk.internal.loader.Resource::getBytes@5 (line 96)
                      ; - java.net.URLClassLoader::defineClass@179 (line 519)
                      ; - java.net.URLClassLoader$1::run@43 (line 427)
                      ; - java.net.URLClassLoader$1::run@1 (line 421)
  0x000001fe10753298: 6413 63ff 

  0x000001fe1075329c: ;   {other}
  0x000001fe1075329c: 0f1f 8400 | 0c6f 0093 | ba45 ffff | ff48 8b6c | 2458 4c8b | 5424 404c | 8954 2420 | 4c8b 5424 
  0x000001fe107532bc: 484c 8954 | 2430 4889 | 4c24 4844 | 8944 2458 

  0x000001fe107532cc: ;   {runtime_call UncommonTrapBlob}
  0x000001fe107532cc: c5f8 77e8 

  0x000001fe107532d0: ; ImmutableOopMap {rbp=Oop [32]=Oop [48]=Oop [72]=Oop [96]=NarrowOop [104]=Oop [120]=NarrowOop [124]=NarrowOop }
                      ;*if_icmpne {reexecute=1 rethrow=0 return_oop=0}
                      ; - (reexecute) jdk.internal.loader.Resource::getBytes@36 (line 110)
                      ; - java.net.URLClassLoader::defineClass@179 (line 519)
                      ; - java.net.URLClassLoader$1::run@43 (line 427)
                      ; - java.net.URLClassLoader$1::run@1 (line 421)
  0x000001fe107532d0: 2c13 63ff 

  0x000001fe107532d4: ;   {other}
  0x000001fe107532d4: 0f1f 8400 | 446f 0094 | 41bb 0100 | 0000 ba45 | ffff ff4c | 8b54 2440 | 4c89 5424 | 284c 8b54 
  0x000001fe107532f4: 2448 4c89 | 5424 4044 | 895c 244c 

  0x000001fe10753300: ;   {runtime_call UncommonTrapBlob}
  0x000001fe10753300: c5f8 77e8 

  0x000001fe10753304: ; ImmutableOopMap {[32]=Oop [40]=Oop [64]=Oop [88]=Oop [96]=NarrowOop [120]=NarrowOop [124]=NarrowOop }
                      ;*ifeq {reexecute=1 rethrow=0 return_oop=0}
                      ; - (reexecute) jdk.internal.loader.Resource::getBytes@199 (line 150)
                      ; - java.net.URLClassLoader::defineClass@179 (line 519)
                      ; - java.net.URLClassLoader$1::run@43 (line 427)
                      ; - java.net.URLClassLoader$1::run@1 (line 421)
  0x000001fe10753304: f812 63ff 

  0x000001fe10753308: ;   {other}
  0x000001fe10753308: 0f1f 8400 | 786f 0095 | bac6 ffff | ff48 8b6c | 2458 4489 | 5424 204c | 8b54 2440 | 4c89 5424 
  0x000001fe10753328: 2866 6690 

  0x000001fe1075332c: ;   {runtime_call UncommonTrapBlob}
  0x000001fe1075332c: c5f8 77e8 

  0x000001fe10753330: ; ImmutableOopMap {rbp=Oop [40]=Oop [120]=NarrowOop [124]=NarrowOop }
                      ;*invokevirtual getCodeSourceURL {reexecute=0 rethrow=0 return_oop=0}
                      ; - java.net.URLClassLoader::defineClass@13 (line 487)
                      ; - java.net.URLClassLoader$1::run@43 (line 427)
                      ; - java.net.URLClassLoader$1::run@1 (line 421)
  0x000001fe10753330: cc12 63ff 

  0x000001fe10753334: ;   {other}
  0x000001fe10753334: 0f1f 8400 | a46f 0096 | bade ffff | ff48 8b6c | 2458 8b4c | 247c 894c | 242c 4c8b | 5c24 404c 
  0x000001fe10753354: 895c 2430 | 448b 5c24 | 7844 895c | 2444 4c89 | 4c24 584c | 8974 2468 | 4489 5c24 | 644c 894c 
  0x000001fe10753374: 2470 4489 | 4424 7844 | 8954 247c 

  0x000001fe10753380: ;   {runtime_call UncommonTrapBlob}
  0x000001fe10753380: c5f8 77e8 

  0x000001fe10753384: ; ImmutableOopMap {rbp=Oop [44]=NarrowOop [48]=Oop [68]=NarrowOop [88]=Oop [96]=NarrowOop [100]=NarrowOop [104]=Oop [112]=Oop [120]=NarrowOop }
                      ;*invokevirtual find {reexecute=0 rethrow=0 return_oop=0}
                      ; - java.util.concurrent.ConcurrentHashMap::get@93 (line 944)
                      ; - java.lang.ClassLoader::getDefinedPackage@13 (line 2263)
                      ; - java.net.URLClassLoader::getAndVerifyPackage@2 (line 457)
                      ; - java.net.URLClassLoader::defineClass@46 (line 492)
                      ; - java.net.URLClassLoader$1::run@43 (line 427)
                      ; - java.net.URLClassLoader$1::run@1 (line 421)
  0x000001fe10753384: 7812 63ff 

  0x000001fe10753388: ;   {other}
  0x000001fe10753388: 0f1f 8400 | f86f 0097 | bade ffff | ff48 8b6c | 2458 448b | 5c24 7c44 | 895c 242c | 4c8b 5c24 
  0x000001fe107533a8: 404c 895c | 2430 448b | 5c24 7844 | 895c 2444 | 4c89 4c24 | 584c 8974 | 2468 4489 | 5c24 644c 
  0x000001fe107533c8: 894c 2470 | 4489 6c24 | 7844 8944 | 247c 4489 | 9424 8000 | 0000 6690 

  0x000001fe107533e0: ;   {runtime_call UncommonTrapBlob}
  0x000001fe107533e0: c5f8 77e8 

  0x000001fe107533e4: ; ImmutableOopMap {rbp=Oop [44]=NarrowOop [48]=Oop [68]=NarrowOop [88]=Oop [96]=NarrowOop [100]=NarrowOop [104]=Oop [112]=Oop [120]=NarrowOop [124]=NarrowOop }
                      ;*invokevirtual find {reexecute=0 rethrow=0 return_oop=0}
                      ; - java.util.concurrent.ConcurrentHashMap::get@93 (line 944)
                      ; - java.lang.ClassLoader::definePackage@47 (line 2125)
                      ; - java.lang.ClassLoader::getDefinedPackage@32 (line 2267)
                      ; - java.net.URLClassLoader::getAndVerifyPackage@2 (line 457)
                      ; - java.net.URLClassLoader::defineClass@46 (line 492)
                      ; - java.net.URLClassLoader$1::run@43 (line 427)
                      ; - java.net.URLClassLoader$1::run@1 (line 421)
  0x000001fe107533e4: 1812 63ff 

  0x000001fe107533e8: ;   {other}
  0x000001fe107533e8: 0f1f 8400 | 5870 0098 | 4c89 4c24 | 6848 8be9 | 4489 8424 | 8000 0000 | 4889 bc24 | 8800 0000 
  0x000001fe10753408: 899c 2484 | 0000 0044 | 8bea 4489 | 9c24 9000 | 0000 4889 | 7424 704c | 8994 2498 

  0x000001fe10753424: ;   {metadata({type array byte})}
  0x000001fe10753424: 0000 0048 | ba68 2200 | 2bfe 0100 | 0045 8bc5 

  0x000001fe10753434: ;   {runtime_call _new_array_nozero_Java}
  0x000001fe10753434: c5f8 77e8 

  0x000001fe10753438: ; ImmutableOopMap {rbp=Oop [112]=Derived_oop_rbp [32]=Oop [48]=Oop [64]=Oop [72]=Oop [80]=Oop [88]=Oop [96]=NarrowOop [104]=Oop [120]=NarrowOop [124]=NarrowOop [136]=Oop }
                      ;*invokevirtual clone {reexecute=1 rethrow=0 return_oop=1}
                      ; - (reexecute) java.util.Arrays::copyOf@7 (line 3539)
                      ; - jdk.internal.loader.Resource::getBytes@94 (line 120)
                      ; - java.net.URLClassLoader::defineClass@179 (line 519)
                      ; - java.net.URLClassLoader$1::run@43 (line 427)
                      ; - java.net.URLClassLoader$1::run@1 (line 421)
  0x000001fe10753438: 4483 6fff 

  0x000001fe1075343c: ;   {other}
  0x000001fe1075343c: 0f1f 8400 | ac70 0099 | 4c8b c0e9 | 18e6 ffff | 4963 c2e9 | 59df ffff | 4983 c0fe | 498b c849 
  0x000001fe1075345c: 8bfb 4833 | c048 83f9 | 087f 1048 | ffc9 784f | 4889 04cf | 48ff c97d | f7eb 44c5 | fdef c0e9 
  0x000001fe1075347c: 0d00 0000 | c5fe 7f07 | c5fe 7f47 | 2048 83c7 | 4048 83e9 | 087d ed48 | 83c1 047c | 0cc5 fe7f 
  0x000001fe1075349c: 0748 83c7 | 2048 83e9 | 0448 83c1 | 047e 1048 | ffc9 c5f9 | d607 4883 | c708 48ff | c97d f3e9 
  0x000001fe107534bc: 2be0 ffff | 8beb e9d7 | fbff ff8b | ebe9 defb | ffff 4489 | 5c24 2444 | 8b54 2474 | 4489 5424 
  0x000001fe107534dc: 2048 8bac | 24a0 0000 | 00e9 bcfc | ffff 4489 | 5c24 2489 | 5c24 2048 | 8be9 e9ed | fcff ff4c 
  0x000001fe107534fc: 8944 2468 | 4489 5c24 

  0x000001fe10753504: ;   {metadata('java/io/FileInputStream$1')}
  0x000001fe10753504: 6448 ba70 | a21b 2bfe | 0100 0090 

  0x000001fe10753510: ;   {runtime_call _new_instance_Java}
  0x000001fe10753510: c5f8 77e8 

  0x000001fe10753514: ; ImmutableOopMap {rbp=NarrowOop [32]=Oop [48]=Oop [64]=Oop [72]=Oop [80]=Oop [88]=Oop [96]=NarrowOop [104]=Oop [120]=NarrowOop [124]=NarrowOop }
                      ;*new {reexecute=0 rethrow=0 return_oop=1}
                      ; - java.io.FileInputStream::close@57 (line 524)
                      ; - jdk.internal.loader.Resource::getBytes@183 (line 145)
                      ; - java.net.URLClassLoader::defineClass@179 (line 519)
                      ; - java.net.URLClassLoader$1::run@43 (line 427)
                      ; - java.net.URLClassLoader$1::run@1 (line 421)
  0x000001fe10753514: 6866 6fff 

  0x000001fe10753518: ;   {other}
  0x000001fe10753518: 0f1f 8400 | 8871 009a | 448b 5c24 | 644c 8b44 | 2468 e9b9 | f0ff ffba | c6ff ffff | 4c8b 4424 
  0x000001fe10753538: 404c 8944 | 2428 4c8b | 4424 484c | 8944 2440 | 4489 5c24 | 4c66 6690 

  0x000001fe10753550: ;   {runtime_call UncommonTrapBlob}
  0x000001fe10753550: c5f8 77e8 

  0x000001fe10753554: ; ImmutableOopMap {[32]=Oop [40]=Oop [64]=Oop [88]=Oop [96]=NarrowOop [104]=Oop [120]=NarrowOop [124]=NarrowOop }
                      ;*invokevirtual close {reexecute=0 rethrow=0 return_oop=0}
                      ; - jdk.internal.loader.Resource::getBytes@183 (line 145)
                      ; - java.net.URLClassLoader::defineClass@179 (line 519)
                      ; - java.net.URLClassLoader$1::run@43 (line 427)
                      ; - java.net.URLClassLoader$1::run@1 (line 421)
  0x000001fe10753554: a810 63ff 

  0x000001fe10753558: ;   {other}
  0x000001fe10753558: 0f1f 8400 | c871 009b | ba76 ffff | ff48 8b6c | 2458 4c8b | 5424 404c | 8954 2420 | 4c8b 5424 
  0x000001fe10753578: 484c 8954 | 2430 4889 | 4c24 4844 | 8944 245c 

  0x000001fe10753588: ;   {runtime_call UncommonTrapBlob}
  0x000001fe10753588: c5f8 77e8 

  0x000001fe1075358c: ; ImmutableOopMap {rbp=Oop [32]=Oop [48]=Oop [72]=Oop [96]=NarrowOop [104]=Oop [120]=NarrowOop [124]=NarrowOop }
                      ;*if_icmpge {reexecute=1 rethrow=0 return_oop=0}
                      ; - (reexecute) jdk.internal.loader.Resource::getBytes@50 (line 112)
                      ; - java.net.URLClassLoader::defineClass@179 (line 519)
                      ; - java.net.URLClassLoader$1::run@43 (line 427)
                      ; - java.net.URLClassLoader$1::run@1 (line 421)
  0x000001fe1075358c: 7010 63ff 

  0x000001fe10753590: ;   {other}
  0x000001fe10753590: 0f1f 8400 | 0072 009c | 4c89 4c24 | 6848 8be9 | 4489 8424 | 8000 0000 | 4489 9c24 | 8400 0000 
  0x000001fe107535b0: 4889 b424 | 9000 0000 | 899c 248c | 0000 008b | c248 897c | 2470 4c89 | 9424 9800 

  0x000001fe107535cc: ;   {metadata({type array byte})}
  0x000001fe107535cc: 0000 48ba | 6822 002b | fe01 0000 | 448b c090 

  0x000001fe107535dc: ;   {runtime_call _new_array_nozero_Java}
  0x000001fe107535dc: c5f8 77e8 

  0x000001fe107535e0: ; ImmutableOopMap {rbp=Oop [112]=Derived_oop_rbp [32]=Oop [48]=Oop [64]=Oop [72]=Oop [80]=Oop [88]=Oop [96]=NarrowOop [104]=Oop [120]=NarrowOop [124]=NarrowOop [144]=Oop }
                      ;*invokevirtual clone {reexecute=1 rethrow=0 return_oop=1}
                      ; - (reexecute) java.util.Arrays::copyOf@7 (line 3539)
                      ; - jdk.internal.loader.Resource::getBytes@94 (line 120)
                      ; - java.net.URLClassLoader::defineClass@179 (line 519)
                      ; - java.net.URLClassLoader$1::run@43 (line 427)
                      ; - java.net.URLClassLoader$1::run@1 (line 421)
  0x000001fe107535e0: 9c81 6fff 

  0x000001fe107535e4: ;   {other}
  0x000001fe107535e4: 0f1f 8400 | 5472 009d | 4c8b c0e9 | 8ff8 ffff | baf6 ffff | ff4c 8b54 | 2440 4c89 | 5424 284c 
  0x000001fe10753604: 8b54 2448 | 4c89 5424 | 4044 895c | 244c 4c89 | 4424 5090 

  0x000001fe10753618: ;   {runtime_call UncommonTrapBlob}
  0x000001fe10753618: c5f8 77e8 

  0x000001fe1075361c: ; ImmutableOopMap {[32]=Oop [40]=Oop [64]=Oop [80]=Oop [88]=Oop [96]=NarrowOop [120]=NarrowOop [124]=NarrowOop }
                      ;*monitorenter {reexecute=0 rethrow=0 return_oop=0}
                      ; - java.io.FileInputStream::close@14 (line 510)
                      ; - jdk.internal.loader.Resource::getBytes@183 (line 145)
                      ; - java.net.URLClassLoader::defineClass@179 (line 519)
                      ; - java.net.URLClassLoader$1::run@43 (line 427)
                      ; - java.net.URLClassLoader$1::run@1 (line 421)
  0x000001fe1075361c: e00f 63ff 

  0x000001fe10753620: ;   {other}
  0x000001fe10753620: 0f1f 8400 | 9072 009e | 4889 4c24 | 704c 8944 | 2468 418b | eb48 8bd1 | 4c8d 8424 | d000 0000 
  0x000001fe10753640: ;   {runtime_call _complete_monitor_locking_Java}
  0x000001fe10753640: c5f8 77e8 

  0x000001fe10753644: ; ImmutableOopMap {[32]=Oop [48]=Oop [64]=Oop [72]=Oop [80]=Oop [88]=Oop [96]=NarrowOop [104]=Oop [112]=Oop [120]=NarrowOop [124]=NarrowOop }
                      ;*monitorenter {reexecute=0 rethrow=0 return_oop=0}
                      ; - java.io.FileInputStream::close@14 (line 510)
                      ; - jdk.internal.loader.Resource::getBytes@183 (line 145)
                      ; - java.net.URLClassLoader::defineClass@179 (line 519)
                      ; - java.net.URLClassLoader$1::run@43 (line 427)
                      ; - java.net.URLClassLoader$1::run@1 (line 421)
  0x000001fe10753644: b8b0 6fff 

  0x000001fe10753648: ;   {other}
  0x000001fe10753648: 0f1f 8400 | b872 009f | 448b dd4c | 8b44 2468 | 488b 4c24 | 70e9 e4da | ffff baf6 | ffff ff4c 
  0x000001fe10753668: 8b44 2440 | 4c89 4424 | 284c 8b44 | 2448 4c89 | 4424 4044 | 895c 244c | 4c89 5424 | 5066 6690 
  0x000001fe10753688: ;   {runtime_call UncommonTrapBlob}
  0x000001fe10753688: c5f8 77e8 

  0x000001fe1075368c: ; ImmutableOopMap {[32]=Oop [40]=Oop [64]=Oop [80]=Oop [88]=Oop [96]=NarrowOop [120]=NarrowOop [124]=NarrowOop }
                      ;*invokevirtual closeAll {reexecute=0 rethrow=0 return_oop=0}
                      ; - java.io.FileInputStream::close@65 (line 524)
                      ; - jdk.internal.loader.Resource::getBytes@183 (line 145)
                      ; - java.net.URLClassLoader::defineClass@179 (line 519)
                      ; - java.net.URLClassLoader$1::run@43 (line 427)
                      ; - java.net.URLClassLoader$1::run@1 (line 421)
  0x000001fe1075368c: 700f 63ff 

  0x000001fe10753690: ;   {other}
  0x000001fe10753690: 0f1f 8400 | 0073 00a0 | 498b d841 | 8bfb 488d | 9424 d000 | 0000 4d8b | c7c5 f877 | 49ba 7039 
  0x000001fe107536b0: f0d9 f97f | 0000 41ff 

  0x000001fe107536b8: ;   {other}
  0x000001fe107536b8: d20f 1f84 | 0000 0000 | 0044 8bdf | 4c8b c3e9 | adee ffff | bade ffff | ff4c 8b54 | 2458 4c89 
  0x000001fe107536d8: 5424 2044 | 8b54 2478 | 448b 5c24 | 7c44 895c | 2434 4489 | 5424 4c4c | 894c 2468 | 4c89 7424 
  0x000001fe107536f8: 7044 8954 | 2464 4c89 | 4c24 7890 

  0x000001fe10753704: ;   {runtime_call UncommonTrapBlob}
  0x000001fe10753704: c5f8 77e8 

  0x000001fe10753708: ; ImmutableOopMap {rbp=NarrowOop [32]=Oop [52]=NarrowOop [64]=Oop [76]=NarrowOop [96]=NarrowOop [100]=NarrowOop [104]=Oop [112]=Oop [120]=Oop }
                      ;*checkcast {reexecute=0 rethrow=0 return_oop=0}
                      ; - java.lang.ClassLoader::getDefinedPackage@16 (line 2263)
                      ; - java.net.URLClassLoader::getAndVerifyPackage@2 (line 457)
                      ; - java.net.URLClassLoader::defineClass@46 (line 492)
                      ; - java.net.URLClassLoader$1::run@43 (line 427)
                      ; - java.net.URLClassLoader$1::run@1 (line 421)
  0x000001fe10753708: f40e 63ff 

  0x000001fe1075370c: ;   {other}
  0x000001fe1075370c: 0f1f 8400 | 7c73 00a1 | bade ffff | ff48 8b6c | 2458 4889 | 4424 7090 

  0x000001fe10753724: ;   {runtime_call UncommonTrapBlob}
  0x000001fe10753724: c5f8 77e8 

  0x000001fe10753728: ; ImmutableOopMap {rbp=Oop [40]=Oop [64]=Oop [72]=Oop [96]=NarrowOop [112]=Oop [120]=NarrowOop [124]=NarrowOop }
                      ;*checkcast {reexecute=0 rethrow=0 return_oop=0}
                      ; - java.lang.ClassLoader::definePackage@81 (line 2129)
                      ; - java.lang.ClassLoader::getDefinedPackage@32 (line 2267)
                      ; - java.net.URLClassLoader::getAndVerifyPackage@2 (line 457)
                      ; - java.net.URLClassLoader::defineClass@46 (line 492)
                      ; - java.net.URLClassLoader$1::run@43 (line 427)
                      ; - java.net.URLClassLoader$1::run@1 (line 421)
  0x000001fe10753728: d40e 63ff 

  0x000001fe1075372c: ;   {other}
  0x000001fe1075372c: 0f1f 8400 | 9c73 00a2 | bade ffff | ff4c 8b5c | 2458 4c89 | 5c24 2044 | 8b5c 247c | 4489 5c24 
  0x000001fe1075374c: 3444 8b5c | 2478 4489 | 5c24 4c4c | 894c 2468 | 4c89 7424 | 7044 895c | 2464 4c89 | 4c24 7844 
  0x000001fe1075376c: 89ac 2480 | 0000 0044 | 8984 2484 | 0000 0044 | 8994 2490 | 0000 0090 

  0x000001fe10753784: ;   {runtime_call UncommonTrapBlob}
  0x000001fe10753784: c5f8 77e8 

  0x000001fe10753788: ; ImmutableOopMap {rbp=NarrowOop [32]=Oop [52]=NarrowOop [64]=Oop [76]=NarrowOop [96]=NarrowOop [100]=NarrowOop [104]=Oop [112]=Oop [120]=Oop [128]=NarrowOop [132]=NarrowOop }
                      ;*instanceof {reexecute=0 rethrow=0 return_oop=0}
                      ; - java.lang.String::equals@8 (line 1863)
                      ; - java.util.concurrent.ConcurrentHashMap::get@73 (line 940)
                      ; - java.lang.ClassLoader::definePackage@47 (line 2125)
                      ; - java.lang.ClassLoader::getDefinedPackage@32 (line 2267)
                      ; - java.net.URLClassLoader::getAndVerifyPackage@2 (line 457)
                      ; - java.net.URLClassLoader::defineClass@46 (line 492)
                      ; - java.net.URLClassLoader$1::run@43 (line 427)
                      ; - java.net.URLClassLoader$1::run@1 (line 421)
  0x000001fe10753788: 740e 63ff 

  0x000001fe1075378c: ;   {other}
  0x000001fe1075378c: 0f1f 8400 | fc73 00a3 | bade ffff | ff4c 8b5c | 2458 4c89 | 5c24 208b | 4c24 7c89 | 4c24 348b 
  0x000001fe107537ac: 4c24 7889 | 4c24 4c4c | 894c 2468 | 4c89 7424 | 7089 4c24 | 644c 894c | 2478 4489 | 8424 8800 
  0x000001fe107537cc: 0000 4489 | 9424 8c00 | 0000 6690 

  0x000001fe107537d8: ;   {runtime_call UncommonTrapBlob}
  0x000001fe107537d8: c5f8 77e8 

  0x000001fe107537dc: ; ImmutableOopMap {rbp=NarrowOop [32]=Oop [52]=NarrowOop [64]=Oop [76]=NarrowOop [96]=NarrowOop [100]=NarrowOop [104]=Oop [112]=Oop [120]=Oop [136]=NarrowOop }
                      ;*instanceof {reexecute=0 rethrow=0 return_oop=0}
                      ; - java.lang.String::equals@8 (line 1863)
                      ; - java.util.concurrent.ConcurrentHashMap::get@73 (line 940)
                      ; - java.lang.ClassLoader::getDefinedPackage@13 (line 2263)
                      ; - java.net.URLClassLoader::getAndVerifyPackage@2 (line 457)
                      ; - java.net.URLClassLoader::defineClass@46 (line 492)
                      ; - java.net.URLClassLoader$1::run@43 (line 427)
                      ; - java.net.URLClassLoader$1::run@1 (line 421)
  0x000001fe107537dc: 200e 63ff 

  0x000001fe107537e0: ;   {other}
  0x000001fe107537e0: 0f1f 8400 | 5074 00a4 | bade ffff | ff4c 8b54 | 2458 4c89 | 5424 2044 | 8b54 247c | 4489 5424 
  0x000001fe10753800: 3444 8b54 | 2478 4489 | 5424 4c4c | 894c 2468 | 4c89 7424 | 7044 8954 | 2464 4c89 | 4c24 7844 
  0x000001fe10753820: 89ac 2480 | 0000 0090 

  0x000001fe10753828: ;   {runtime_call UncommonTrapBlob}
  0x000001fe10753828: c5f8 77e8 

  0x000001fe1075382c: ; ImmutableOopMap {rbp=NarrowOop [32]=Oop [52]=NarrowOop [64]=Oop [76]=NarrowOop [96]=NarrowOop [100]=NarrowOop [104]=Oop [112]=Oop [120]=Oop [128]=NarrowOop }
                      ;*checkcast {reexecute=0 rethrow=0 return_oop=0}
                      ; - java.lang.ClassLoader::definePackage@50 (line 2125)
                      ; - java.lang.ClassLoader::getDefinedPackage@32 (line 2267)
                      ; - java.net.URLClassLoader::getAndVerifyPackage@2 (line 457)
                      ; - java.net.URLClassLoader::defineClass@46 (line 492)
                      ; - java.net.URLClassLoader$1::run@43 (line 427)
                      ; - java.net.URLClassLoader$1::run@1 (line 421)
  0x000001fe1075382c: d00d 63ff 

  0x000001fe10753830: ;   {other}
  0x000001fe10753830: 0f1f 8400 | a074 00a5 | bade ffff | ff4c 8b5c | 2458 4c89 | 5c24 204c | 8b5c 2440 | 4c89 5c24 
  0x000001fe10753850: 284c 8954 | 2440 4c89 | 4c24 5890 

  0x000001fe1075385c: ;   {runtime_call UncommonTrapBlob}
  0x000001fe1075385c: c5f8 77e8 

  0x000001fe10753860: ; ImmutableOopMap {rbp=NarrowOop [32]=Oop [40]=Oop [64]=Oop [88]=Oop [96]=NarrowOop [120]=NarrowOop [124]=NarrowOop [184]=Oop }
                      ;*checkcast {reexecute=0 rethrow=0 return_oop=0}
                      ; - java.util.jar.JarFile::getManifestFromReference@14 (line 409)
                      ; - java.util.jar.JarFile::getManifest@1 (line 405)
                      ; - jdk.internal.loader.URLClassPath$JarLoader$2::getManifest@22 (line 853)
                      ; - java.net.URLClassLoader::defineClass@34 (line 491)
                      ; - java.net.URLClassLoader$1::run@43 (line 427)
                      ; - java.net.URLClassLoader$1::run@1 (line 421)
  0x000001fe10753860: 9c0d 63ff 

  0x000001fe10753864: ;   {other}
  0x000001fe10753864: 0f1f 8400 | d474 00a6 | baf6 ffff | ff48 8b6c | 2458 6690 

  0x000001fe10753878: ;   {runtime_call UncommonTrapBlob}
  0x000001fe10753878: c5f8 77e8 

  0x000001fe1075387c: ; ImmutableOopMap {rbp=Oop }
                      ;*invokevirtual replace {reexecute=0 rethrow=0 return_oop=0}
                      ; - java.net.URLClassLoader$1::run@8 (line 423)
                      ; - java.net.URLClassLoader$1::run@1 (line 421)
  0x000001fe1075387c: 800d 63ff 

  0x000001fe10753880: ;   {other}
  0x000001fe10753880: 0f1f 8400 | f074 00a7 | baf6 ffff | ff48 8b6c | 2458 6690 

  0x000001fe10753894: ;   {runtime_call UncommonTrapBlob}
  0x000001fe10753894: c5f8 77e8 

  0x000001fe10753898: ; ImmutableOopMap {rbp=Oop }
                      ;*arraylength {reexecute=0 rethrow=0 return_oop=0}
                      ; - java.lang.StringLatin1::replace@8 (line 295)
                      ; - java.lang.String::replace@18 (line 2933)
                      ; - java.net.URLClassLoader$1::run@8 (line 423)
                      ; - java.net.URLClassLoader$1::run@1 (line 421)
  0x000001fe10753898: 640d 63ff 

  0x000001fe1075389c: ;   {other}
  0x000001fe1075389c: 0f1f 8400 | 0c75 00a8 | baf6 ffff | ff48 8b6c | 2458 4889 | 4424 2090 

  0x000001fe107538b4: ;   {runtime_call UncommonTrapBlob}
  0x000001fe107538b4: c5f8 77e8 

  0x000001fe107538b8: ; ImmutableOopMap {rbp=Oop [32]=Oop }
                      ;*getfield ucp {reexecute=1 rethrow=0 return_oop=0}
                      ; - (reexecute) java.net.URLClassLoader$1::run@21 (line 424)
                      ; - java.net.URLClassLoader$1::run@1 (line 421)
  0x000001fe107538b8: 440d 63ff 

  0x000001fe107538bc: ;   {other}
  0x000001fe107538bc: 0f1f 8400 | 2c75 00a9 | baf6 ffff | ff48 8b6c | 2458 4c8b | 5424 404c | 8954 2430 

  0x000001fe107538d8: ;   {runtime_call UncommonTrapBlob}
  0x000001fe107538d8: c5f8 77e8 

  0x000001fe107538dc: ; ImmutableOopMap {rbp=Oop [48]=Oop [64]=Oop [120]=NarrowOop }
                      ;*invokevirtual lastIndexOf {reexecute=0 rethrow=0 return_oop=0}
                      ; - java.net.URLClassLoader::defineClass@7 (line 486)
                      ; - java.net.URLClassLoader$1::run@43 (line 427)
                      ; - java.net.URLClassLoader$1::run@1 (line 421)
  0x000001fe107538dc: 200d 63ff 

  0x000001fe107538e0: ;   {other}
  0x000001fe107538e0: 0f1f 8400 | 5075 00aa | baf6 ffff | ff48 8b6c | 2458 4c8b | 5424 404c | 8954 2420 

  0x000001fe107538fc: ;   {runtime_call UncommonTrapBlob}
  0x000001fe107538fc: c5f8 77e8 

  0x000001fe10753900: ; ImmutableOopMap {rbp=Oop [32]=Oop [120]=NarrowOop [124]=NarrowOop }
                      ;*arraylength {reexecute=0 rethrow=0 return_oop=0}
                      ; - java.lang.String::length@4 (line 1519)
                      ; - java.lang.String::lastIndexOf@3 (line 2535)
                      ; - java.net.URLClassLoader::defineClass@7 (line 486)
                      ; - java.net.URLClassLoader$1::run@43 (line 427)
                      ; - java.net.URLClassLoader$1::run@1 (line 421)
  0x000001fe10753900: fc0c 63ff 

  0x000001fe10753904: ;   {other}
  0x000001fe10753904: 0f1f 8400 | 7475 00ab | baf4 ffff | ff4c 8b54 | 2440 4c89 | 5424 3090 

  0x000001fe1075391c: ;   {runtime_call UncommonTrapBlob}
  0x000001fe1075391c: c5f8 77e8 

  0x000001fe10753920: ; ImmutableOopMap {[48]=Oop [88]=Oop [96]=NarrowOop [120]=NarrowOop [124]=NarrowOop }
                      ;*instanceof {reexecute=0 rethrow=0 return_oop=0}
                      ; - jdk.internal.loader.Resource::getByteBuffer@6 (line 164)
                      ; - java.net.URLClassLoader::defineClass@132 (line 511)
                      ; - java.net.URLClassLoader$1::run@43 (line 427)
                      ; - java.net.URLClassLoader$1::run@1 (line 421)
  0x000001fe10753920: dc0c 63ff 

  0x000001fe10753924: ;   {other}
  0x000001fe10753924: 0f1f 8400 | 9475 00ac | baf6 ffff | ff4c 896c | 2438 6690 

  0x000001fe10753938: ;   {runtime_call UncommonTrapBlob}
  0x000001fe10753938: c5f8 77e8 

  0x000001fe1075393c: ; ImmutableOopMap {[56]=Oop [64]=Oop [88]=Oop [104]=Oop [120]=NarrowOop [124]=NarrowOop }
                      ;*invokevirtual get {reexecute=0 rethrow=0 return_oop=0}
                      ; - jdk.internal.perf.PerfCounter::get@5 (line 84)
                      ; - jdk.internal.perf.PerfCounter::add@1 (line 98)
                      ; - jdk.internal.perf.PerfCounter::addElapsedTimeFrom@6 (line 120)
                      ; - java.net.URLClassLoader::defineClass@207 (line 523)
                      ; - java.net.URLClassLoader$1::run@43 (line 427)
                      ; - java.net.URLClassLoader$1::run@1 (line 421)
  0x000001fe1075393c: c00c 63ff 

  0x000001fe10753940: ;   {other}
  0x000001fe10753940: 0f1f 8400 | b075 00ad | baf6 ffff | ff4c 896c | 2428 6690 

  0x000001fe10753954: ;   {runtime_call UncommonTrapBlob}
  0x000001fe10753954: c5f8 77e8 

  0x000001fe10753958: ; ImmutableOopMap {[40]=Oop [64]=Oop [88]=Oop [120]=NarrowOop [124]=NarrowOop }
                      ;*arraylength {reexecute=0 rethrow=0 return_oop=0}
                      ; - java.net.URLClassLoader::defineClass@217 (line 524)
                      ; - java.net.URLClassLoader$1::run@43 (line 427)
                      ; - java.net.URLClassLoader$1::run@1 (line 421)
  0x000001fe10753958: a40c 63ff 

  0x000001fe1075395c: ;   {other}
  0x000001fe1075395c: 0f1f 8400 | cc75 00ae | baf6 ffff | ff48 8b6c | 2458 4489 | 5424 204c | 8b54 2440 | 4c89 5424 
  0x000001fe1075397c: 284c 894c | 2440 6690 

  0x000001fe10753984: ;   {runtime_call UncommonTrapBlob}
  0x000001fe10753984: c5f8 77e8 

  0x000001fe10753988: ; ImmutableOopMap {rbp=Oop [40]=Oop [64]=Oop [120]=NarrowOop [124]=NarrowOop }
                      ;*getfield csu {reexecute=1 rethrow=0 return_oop=0}
                      ; - (reexecute) jdk.internal.loader.URLClassPath$JarLoader$2::getCodeSourceURL@4 (line 846)
                      ; - java.net.URLClassLoader::defineClass@13 (line 487)
                      ; - java.net.URLClassLoader$1::run@43 (line 427)
                      ; - java.net.URLClassLoader$1::run@1 (line 421)
  0x000001fe10753988: 740c 63ff 

  0x000001fe1075398c: ;   {other}
  0x000001fe1075398c: 0f1f 8400 | fc75 00af | baf6 ffff | ff48 8b6c | 2458 4c8b | 5c24 404c | 895c 2420 | 4c89 5424 
  0x000001fe107539ac: 3066 6690 

  0x000001fe107539b0: ;   {runtime_call UncommonTrapBlob}
  0x000001fe107539b0: c5f8 77e8 

  0x000001fe107539b4: ; ImmutableOopMap {rbp=Oop [32]=Oop [48]=Oop [96]=NarrowOop [120]=NarrowOop [124]=NarrowOop [184]=Oop }
                      ;*getfield jar {reexecute=1 rethrow=0 return_oop=0}
                      ; - (reexecute) jdk.internal.loader.URLClassPath$JarLoader$2::getManifest@7 (line 852)
                      ; - java.net.URLClassLoader::defineClass@34 (line 491)
                      ; - java.net.URLClassLoader$1::run@43 (line 427)
                      ; - java.net.URLClassLoader$1::run@1 (line 421)
  0x000001fe107539b4: 480c 63ff 

  0x000001fe107539b8: ;   {other}
  0x000001fe107539b8: 0f1f 8400 | 2876 00b0 | baf6 ffff | ff4c 8b5c | 2440 4c89 | 5c24 204c | 8954 2430 

  0x000001fe107539d4: ;   {runtime_call UncommonTrapBlob}
  0x000001fe107539d4: c5f8 77e8 

  0x000001fe107539d8: ; ImmutableOopMap {[32]=Oop [48]=Oop [88]=Oop [96]=NarrowOop [120]=NarrowOop [124]=NarrowOop [184]=Oop }
                      ;*getfield jar {reexecute=1 rethrow=0 return_oop=0}
                      ; - (reexecute) jdk.internal.loader.URLClassPath$JarLoader$2::getManifest@19 (line 853)
                      ; - java.net.URLClassLoader::defineClass@34 (line 491)
                      ; - java.net.URLClassLoader$1::run@43 (line 427)
                      ; - java.net.URLClassLoader$1::run@1 (line 421)
  0x000001fe107539d8: 240c 63ff 

  0x000001fe107539dc: ;   {other}
  0x000001fe107539dc: 0f1f 8400 | 4c76 00b1 | baf6 ffff | ff4c 8b5c | 2440 4c89 | 5c24 204c | 8954 2430 

  0x000001fe107539f8: ;   {runtime_call UncommonTrapBlob}
  0x000001fe107539f8: c5f8 77e8 

  0x000001fe107539fc: ; ImmutableOopMap {[32]=Oop [48]=Oop [88]=Oop [96]=NarrowOop [120]=NarrowOop [124]=NarrowOop [184]=Oop }
                      ;*invokevirtual getManifest {reexecute=0 rethrow=0 return_oop=0}
                      ; - jdk.internal.loader.URLClassPath$JarLoader$2::getManifest@22 (line 853)
                      ; - java.net.URLClassLoader::defineClass@34 (line 491)
                      ; - java.net.URLClassLoader$1::run@43 (line 427)
                      ; - java.net.URLClassLoader$1::run@1 (line 421)
  0x000001fe107539fc: 000c 63ff 

  0x000001fe10753a00: ;   {other}
  0x000001fe10753a00: 0f1f 8400 | 7076 00b2 | baf6 ffff | ff48 ff74 | 2440 488f | 4424 204c | 8b54 2438 | 4c89 5424 
  0x000001fe10753a20: 3066 6690 

  0x000001fe10753a24: ;   {runtime_call UncommonTrapBlob}
  0x000001fe10753a24: c5f8 77e8 

  0x000001fe10753a28: ; ImmutableOopMap {[32]=Oop [88]=Oop [96]=NarrowOop [104]=Oop [120]=NarrowOop [124]=NarrowOop }
                      ;*invokevirtual getCodeSigners {reexecute=0 rethrow=0 return_oop=0}
                      ; - jdk.internal.loader.URLClassPath$JarLoader$2::getCodeSigners@4 (line 858)
                      ; - java.net.URLClassLoader::defineClass@185 (line 521)
                      ; - java.net.URLClassLoader$1::run@43 (line 427)
                      ; - java.net.URLClassLoader$1::run@1 (line 421)
  0x000001fe10753a28: d40b 63ff 

  0x000001fe10753a2c: ;   {other}
  0x000001fe10753a2c: 0f1f 8400 | 9c76 00b3 | baf6 ffff | ff48 ff74 | 2440 488f | 4424 204c | 8b54 2438 | 4c89 5424 
  0x000001fe10753a4c: 304c 894c | 2448 6690 

  0x000001fe10753a54: ;   {runtime_call UncommonTrapBlob}
  0x000001fe10753a54: c5f8 77e8 

  0x000001fe10753a58: ; ImmutableOopMap {[32]=Oop [72]=Oop [88]=Oop [96]=NarrowOop [104]=Oop [120]=NarrowOop [124]=NarrowOop }
                      ;*invokevirtual maybeInstantiateVerifier {reexecute=0 rethrow=0 return_oop=0}
                      ; - java.util.jar.JarFile$JarFileEntry::getCodeSigners@4 (line 670)
                      ; - jdk.internal.loader.URLClassPath$JarLoader$2::getCodeSigners@4 (line 858)
                      ; - java.net.URLClassLoader::defineClass@185 (line 521)
                      ; - java.net.URLClassLoader$1::run@43 (line 427)
                      ; - java.net.URLClassLoader$1::run@1 (line 421)
  0x000001fe10753a58: a40b 63ff 

  0x000001fe10753a5c: ;   {other}
  0x000001fe10753a5c: 0f1f 8400 | cc76 00b4 | baf6 ffff | ff4c 895c | 2420 4c8b | 5424 384c | 8954 2430 | 4c89 4c24 
  0x000001fe10753a7c: 4866 6690 

  0x000001fe10753a80: ;   {runtime_call UncommonTrapBlob}
  0x000001fe10753a80: c5f8 77e8 

  0x000001fe10753a84: ; ImmutableOopMap {[32]=Oop [72]=Oop [88]=Oop [96]=NarrowOop [104]=Oop [120]=NarrowOop [124]=NarrowOop }
                      ;*getfield jv {reexecute=1 rethrow=0 return_oop=0}
                      ; - (reexecute) java.util.jar.JarFile$JarFileEntry::getCodeSigners@31 (line 674)
                      ; - jdk.internal.loader.URLClassPath$JarLoader$2::getCodeSigners@4 (line 858)
                      ; - java.net.URLClassLoader::defineClass@185 (line 521)
                      ; - java.net.URLClassLoader$1::run@43 (line 427)
                      ; - java.net.URLClassLoader$1::run@1 (line 421)
  0x000001fe10753a84: 780b 63ff 

  0x000001fe10753a88: ;   {other}
  0x000001fe10753a88: 0f1f 8400 | f876 00b5 | baf6 ffff | ff4c 8b54 | 2440 4c89 | 5424 304c | 894c 2448 | 4c89 7424 
  0x000001fe10753aa8: 5066 6690 

  0x000001fe10753aac: ;   {runtime_call UncommonTrapBlob}
  0x000001fe10753aac: c5f8 77e8 

  0x000001fe10753ab0: ; ImmutableOopMap {[48]=Oop [72]=Oop [80]=Oop [88]=Oop [96]=NarrowOop [120]=NarrowOop [124]=NarrowOop }
                      ;*arraylength {reexecute=0 rethrow=0 return_oop=0}
                      ; - java.lang.String::isEmpty@4 (line 1532)
                      ; - java.lang.ClassLoader::definePackage@1 (line 2120)
                      ; - java.lang.ClassLoader::getDefinedPackage@32 (line 2267)
                      ; - java.net.URLClassLoader::getAndVerifyPackage@2 (line 457)
                      ; - java.net.URLClassLoader::defineClass@46 (line 492)
                      ; - java.net.URLClassLoader$1::run@43 (line 427)
                      ; - java.net.URLClassLoader$1::run@1 (line 421)
  0x000001fe10753ab0: 4c0b 63ff 

  0x000001fe10753ab4: ;   {other}
  0x000001fe10753ab4: 0f1f 8400 | 2477 00b6 | baf6 ffff | ff4c 8b54 | 2440 4c89 | 5424 304c | 894c 2448 | 4c89 7424 
  0x000001fe10753ad4: 5066 6690 

  0x000001fe10753ad8: ;   {runtime_call UncommonTrapBlob}
  0x000001fe10753ad8: c5f8 77e8 

  0x000001fe10753adc: ; ImmutableOopMap {[48]=Oop [72]=Oop [80]=Oop [88]=Oop [96]=NarrowOop [120]=NarrowOop [124]=NarrowOop }
                      ;*invokevirtual isNamed {reexecute=0 rethrow=0 return_oop=0}
                      ; - java.lang.Package::isSealed@4 (line 235)
                      ; - java.net.URLClassLoader::getAndVerifyPackage@14 (line 460)
                      ; - java.net.URLClassLoader::defineClass@46 (line 492)
                      ; - java.net.URLClassLoader$1::run@43 (line 427)
                      ; - java.net.URLClassLoader$1::run@1 (line 421)
  0x000001fe10753adc: 200b 63ff 

  0x000001fe10753ae0: ;   {other}
  0x000001fe10753ae0: 0f1f 8400 | 5077 00b7 | baf6 ffff | ff4c 8b54 | 2440 4c89 | 5424 304c | 894c 2448 | 4c89 7424 
  0x000001fe10753b00: 5066 6690 

  0x000001fe10753b04: ;   {runtime_call UncommonTrapBlob}
  0x000001fe10753b04: c5f8 77e8 

  0x000001fe10753b08: ; ImmutableOopMap {[48]=Oop [72]=Oop [80]=Oop [88]=Oop [96]=NarrowOop [120]=NarrowOop [124]=NarrowOop }
                      ;*getfield sealBase {reexecute=1 rethrow=0 return_oop=0}
                      ; - (reexecute) java.lang.Package::isSealed@14 (line 235)
                      ; - java.net.URLClassLoader::getAndVerifyPackage@14 (line 460)
                      ; - java.net.URLClassLoader::defineClass@46 (line 492)
                      ; - java.net.URLClassLoader$1::run@43 (line 427)
                      ; - java.net.URLClassLoader$1::run@1 (line 421)
  0x000001fe10753b08: f40a 63ff 

  0x000001fe10753b0c: ;   {other}
  0x000001fe10753b0c: 0f1f 8400 | 7c77 00b8 | ba45 ffff | ff48 8b6c | 2458 4c8b | 5c24 404c | 895c 2420 | 4c89 5424 
  0x000001fe10753b2c: 5044 894c | 2458 6690 

  0x000001fe10753b34: ;   {runtime_call UncommonTrapBlob}
  0x000001fe10753b34: c5f8 77e8 

  0x000001fe10753b38: ; ImmutableOopMap {rbp=Oop [32]=Oop [80]=Oop [88]=NarrowOop [96]=NarrowOop [120]=NarrowOop [124]=NarrowOop [184]=Oop }
                      ;*ifnonnull {reexecute=1 rethrow=0 return_oop=0}
                      ; - (reexecute) jdk.internal.access.SharedSecrets::javaUtilJarAccess@5 (line 139)
                      ; - jdk.internal.loader.URLClassPath$JarLoader$2::getManifest@0 (line 852)
                      ; - java.net.URLClassLoader::defineClass@34 (line 491)
                      ; - java.net.URLClassLoader$1::run@43 (line 427)
                      ; - java.net.URLClassLoader$1::run@1 (line 421)
  0x000001fe10753b38: c40a 63ff 

  0x000001fe10753b3c: ;   {other}
  0x000001fe10753b3c: 0f1f 8400 | ac77 00b9 | ba45 ffff | ff4c 8b5c | 2458 4c89 | 5c24 204c | 8b5c 2440 | 4c89 5c24 
  0x000001fe10753b5c: 284c 8954 | 2440 4c89 | 4c24 5890 

  0x000001fe10753b68: ;   {runtime_call UncommonTrapBlob}
  0x000001fe10753b68: c5f8 77e8 

  0x000001fe10753b6c: ; ImmutableOopMap {rbp=NarrowOop [32]=Oop [40]=Oop [64]=Oop [88]=Oop [96]=NarrowOop [120]=NarrowOop [124]=NarrowOop [184]=Oop }
                      ;*ifnull {reexecute=1 rethrow=0 return_oop=0}
                      ; - (reexecute) java.lang.ref.SoftReference::get@6 (line 114)
                      ; - java.util.jar.JarFile::getManifestFromReference@11 (line 409)
                      ; - java.util.jar.JarFile::getManifest@1 (line 405)
                      ; - jdk.internal.loader.URLClassPath$JarLoader$2::getManifest@22 (line 853)
                      ; - java.net.URLClassLoader::defineClass@34 (line 491)
                      ; - java.net.URLClassLoader$1::run@43 (line 427)
                      ; - java.net.URLClassLoader$1::run@1 (line 421)
  0x000001fe10753b6c: 900a 63ff 

  0x000001fe10753b70: ;   {other}
  0x000001fe10753b70: 0f1f 8400 | e077 00ba | baf4 ffff | ff48 8b6c | 2458 6690 

  0x000001fe10753b84: ;   {runtime_call UncommonTrapBlob}
  0x000001fe10753b84: c5f8 77e8 

  0x000001fe10753b88: ; ImmutableOopMap {rbp=Oop [40]=Oop [64]=Oop [72]=Oop [96]=NarrowOop [120]=NarrowOop [124]=NarrowOop }
                      ;*checkcast {reexecute=0 rethrow=0 return_oop=0}
                      ; - java.lang.ClassLoader::definePackage@81 (line 2129)
                      ; - java.lang.ClassLoader::getDefinedPackage@32 (line 2267)
                      ; - java.net.URLClassLoader::getAndVerifyPackage@2 (line 457)
                      ; - java.net.URLClassLoader::defineClass@46 (line 492)
                      ; - java.net.URLClassLoader$1::run@43 (line 427)
                      ; - java.net.URLClassLoader$1::run@1 (line 421)
  0x000001fe10753b88: 740a 63ff 

  0x000001fe10753b8c: ;   {other}
  0x000001fe10753b8c: 0f1f 8400 | fc77 00bb | ba45 ffff | ff4c 8b5c | 2458 4c89 | 5c24 208b | 4c24 7c89 | 4c24 348b 
  0x000001fe10753bac: 4c24 7889 | 4c24 4c4c | 894c 2468 | 4c89 7424 | 7089 4c24 | 644c 894c | 2478 4489 | 8424 8800 
  0x000001fe10753bcc: 0000 4489 | 9424 8c00 | 0000 6690 

  0x000001fe10753bd8: ;   {runtime_call UncommonTrapBlob}
  0x000001fe10753bd8: c5f8 77e8 

  0x000001fe10753bdc: ; ImmutableOopMap {rbp=NarrowOop [32]=Oop [52]=NarrowOop [64]=Oop [76]=NarrowOop [96]=NarrowOop [100]=NarrowOop [104]=Oop [112]=Oop [120]=Oop [136]=NarrowOop }
                      ;*ifnull {reexecute=1 rethrow=0 return_oop=0}
                      ; - (reexecute) java.util.concurrent.ConcurrentHashMap::get@67 (line 940)
                      ; - java.lang.ClassLoader::getDefinedPackage@13 (line 2263)
                      ; - java.net.URLClassLoader::getAndVerifyPackage@2 (line 457)
                      ; - java.net.URLClassLoader::defineClass@46 (line 492)
                      ; - java.net.URLClassLoader$1::run@43 (line 427)
                      ; - java.net.URLClassLoader$1::run@1 (line 421)
  0x000001fe10753bdc: 200a 63ff 

  0x000001fe10753be0: ;   {other}
  0x000001fe10753be0: 0f1f 8400 | 5078 00bc | ba45 ffff | ff4c 8b5c | 2458 4c89 | 5c24 2044 | 8b5c 247c | 4489 5c24 
  0x000001fe10753c00: 3444 8b5c | 2478 4489 | 5c24 4c4c | 894c 2468 | 4c89 7424 | 7044 895c | 2464 4c89 | 4c24 7844 
  0x000001fe10753c20: 89ac 2480 | 0000 0044 | 8984 2484 | 0000 0044 | 8994 2490 | 0000 0090 

  0x000001fe10753c38: ;   {runtime_call UncommonTrapBlob}
  0x000001fe10753c38: c5f8 77e8 

  0x000001fe10753c3c: ; ImmutableOopMap {rbp=NarrowOop [32]=Oop [52]=NarrowOop [64]=Oop [76]=NarrowOop [96]=NarrowOop [100]=NarrowOop [104]=Oop [112]=Oop [120]=Oop [128]=NarrowOop [132]=NarrowOop }
                      ;*ifnull {reexecute=1 rethrow=0 return_oop=0}
                      ; - (reexecute) java.util.concurrent.ConcurrentHashMap::get@67 (line 940)
                      ; - java.lang.ClassLoader::definePackage@47 (line 2125)
                      ; - java.lang.ClassLoader::getDefinedPackage@32 (line 2267)
                      ; - java.net.URLClassLoader::getAndVerifyPackage@2 (line 457)
                      ; - java.net.URLClassLoader::defineClass@46 (line 492)
                      ; - java.net.URLClassLoader$1::run@43 (line 427)
                      ; - java.net.URLClassLoader$1::run@1 (line 421)
  0x000001fe10753c3c: c009 63ff 

  0x000001fe10753c40: ;   {other}
  0x000001fe10753c40: 0f1f 8400 | b078 00bd | baf6 ffff | ff48 8b6c | 2458 4c8b | 5424 404c | 8954 2420 | 448b 5c24 
  0x000001fe10753c60: 3044 895c | 2428 448b | 5424 3444 | 8954 242c | 4c8b 5424 | 684c 8954 | 2430 448b | 5424 6044 
  0x000001fe10753c80: 8954 2440 | 4c8b 9424 | 8000 0000 | 4c89 5424 | 604c 8944 | 2468 6690 

  0x000001fe10753c98: ;   {runtime_call UncommonTrapBlob}
  0x000001fe10753c98: c5f8 77e8 

  0x000001fe10753c9c: ; ImmutableOopMap {rbp=Oop [32]=Oop [40]=NarrowOop [44]=NarrowOop [48]=Oop [64]=NarrowOop [96]=Oop [104]=Oop [120]=Oop [128]=Oop [136]=NarrowOop [184]=Oop }
                      ;*arraylength {reexecute=0 rethrow=0 return_oop=0}
                      ; - java.io.ByteArrayInputStream::<init>@21 (line 109)
                      ; - java.util.jar.JarFile::getManifestFromReference@114 (line 429)
                      ; - java.util.jar.JarFile::getManifest@1 (line 405)
                      ; - jdk.internal.loader.URLClassPath$JarLoader$2::getManifest@22 (line 853)
                      ; - java.net.URLClassLoader::defineClass@34 (line 491)
                      ; - java.net.URLClassLoader$1::run@43 (line 427)
                      ; - java.net.URLClassLoader$1::run@1 (line 421)
  0x000001fe10753c9c: 6009 63ff 

  0x000001fe10753ca0: ;   {other}
  0x000001fe10753ca0: 0f1f 8400 | 1079 00be | ba45 ffff | ff48 8b6c | 2458 4c8b | 5c24 404c | 895c 2420 | 448b 5c24 
  0x000001fe10753cc0: 3044 895c | 2428 448b | 4c24 3444 | 894c 242c | 4c8b 5c24 | 684c 895c | 2430 448b | 5c24 6044 
  0x000001fe10753ce0: 895c 2440 | 4c89 5424 | 584c 8944 | 2468 6690 

  0x000001fe10753cf0: ;   {runtime_call UncommonTrapBlob}
  0x000001fe10753cf0: c5f8 77e8 

  0x000001fe10753cf4: ; ImmutableOopMap {rbp=Oop [32]=Oop [40]=NarrowOop [44]=NarrowOop [48]=Oop [64]=NarrowOop [88]=Oop [104]=Oop [112]=Oop [120]=Oop [184]=Oop }
                      ;*ifnull {reexecute=1 rethrow=0 return_oop=0}
                      ; - (reexecute) java.util.jar.JarFile::getManifestFromReference@148 (line 433)
                      ; - java.util.jar.JarFile::getManifest@1 (line 405)
                      ; - jdk.internal.loader.URLClassPath$JarLoader$2::getManifest@22 (line 853)
                      ; - java.net.URLClassLoader::defineClass@34 (line 491)
                      ; - java.net.URLClassLoader$1::run@43 (line 427)
                      ; - java.net.URLClassLoader$1::run@1 (line 421)
  0x000001fe10753cf4: 0809 63ff 

  0x000001fe10753cf8: ;   {other}
  0x000001fe10753cf8: 0f1f 8400 | 6879 00bf | baf6 ffff | ff4c 8b54 | 2440 4c89 | 5424 284c | 8b54 2448 | 4c89 5424 
  0x000001fe10753d18: 4044 895c | 244c 6690 

  0x000001fe10753d20: ;   {runtime_call UncommonTrapBlob}
  0x000001fe10753d20: c5f8 77e8 

  0x000001fe10753d24: ; ImmutableOopMap {[32]=Oop [40]=Oop [64]=Oop [88]=Oop [96]=NarrowOop [120]=NarrowOop [124]=NarrowOop }
                      ;*invokevirtual close {reexecute=0 rethrow=0 return_oop=0}
                      ; - jdk.internal.loader.Resource::getBytes@183 (line 145)
                      ; - java.net.URLClassLoader::defineClass@179 (line 519)
                      ; - java.net.URLClassLoader$1::run@43 (line 427)
                      ; - java.net.URLClassLoader$1::run@1 (line 421)
  0x000001fe10753d24: d808 63ff 

  0x000001fe10753d28: ;   {other}
  0x000001fe10753d28: 0f1f 8400 | 9879 00c0 | baf6 ffff | ff48 8b6c | 2458 4489 | 5424 204c | 8b54 2440 | 4c89 5424 
  0x000001fe10753d48: 2848 895c | 2440 6690 

  0x000001fe10753d50: ;   {runtime_call UncommonTrapBlob}
  0x000001fe10753d50: c5f8 77e8 

  0x000001fe10753d54: ; ImmutableOopMap {rbp=Oop [40]=Oop [64]=Oop [120]=NarrowOop [124]=NarrowOop }
                      ;*invokevirtual getBaseURL {reexecute=0 rethrow=0 return_oop=0}
                      ; - jdk.internal.loader.URLClassPath$FileLoader$1::getCodeSourceURL@4 (line 1117)
                      ; - java.net.URLClassLoader::defineClass@13 (line 487)
                      ; - java.net.URLClassLoader$1::run@43 (line 427)
                      ; - java.net.URLClassLoader$1::run@1 (line 421)
  0x000001fe10753d54: a808 63ff 

  0x000001fe10753d58: ;   {other}
  0x000001fe10753d58: 0f1f 8400 | c879 00c1 | ba97 ffff | ff48 8b6c | 2458 4c8b | 5424 684c | 8954 2450 

  0x000001fe10753d74: ;   {runtime_call UncommonTrapBlob}
  0x000001fe10753d74: c5f8 77e8 

  0x000001fe10753d78: ; ImmutableOopMap {rbp=Oop [40]=NarrowOop [64]=Oop [80]=Oop [96]=NarrowOop [104]=Oop [120]=NarrowOop [124]=NarrowOop }
                      ;*invokevirtual clone {reexecute=1 rethrow=0 return_oop=0}
                      ; - (reexecute) java.util.Arrays::copyOfRange@18 (line 3856)
                      ; - java.lang.StringLatin1::newString@16 (line 752)
                      ; - java.lang.String::substring@41 (line 2839)
                      ; - java.net.URLClassLoader::defineClass@28 (line 489)
                      ; - java.net.URLClassLoader$1::run@43 (line 427)
                      ; - java.net.URLClassLoader$1::run@1 (line 421)
  0x000001fe10753d78: 8408 63ff 

  0x000001fe10753d7c: ;   {other}
  0x000001fe10753d7c: 0f1f 8400 | ec79 00c2 | 4c8b d0e9 | 9907 0000 | 4c8b d0e9 | 9100 0000 | 488b d8e9 | 1804 0000 
  0x000001fe10753d9c: e9cb 0100 | 00eb 6ae9 | 9600 0000 | 488b d844 | 8b58 0849 | ba00 0000 | 2bfe 0100 | 004d 03d3 
  0x000001fe10753dbc: 4d8b 5a50 

  0x000001fe10753dc0: ;   {metadata('java/io/InterruptedIOException')}
  0x000001fe10753dc0: 49b8 4823 | 572c fe01 | 0000 4d3b | d80f 848f | 0300 004d 

  0x000001fe10753dd4: ;   {metadata('java/io/IOException')}
  0x000001fe10753dd4: 8b52 4849 | bbc0 4b04 | 2cfe 0100 | 004d 3bd3 | 0f85 9607 | 0000 448b | 5424 6445 | 85d2 0f85 
  0x000001fe10753df4: 6a03 0000 | e97b 0300 | 0048 8bd8 | e97b 0700 | 0048 8bd8 | e973 0700 | 0048 8be8 | e921 0300 
  0x000001fe10753e14: 0048 8be8 | e919 0300 | 004c 8bd0 | eb03 4c8b | d049 8bda | 458b 5208 | 49bb 0000 | 002b fe01 
  0x000001fe10753e34: 0000 4d03 | dae9 0702 | 0000 488b | e8e9 f002 | 0000 488b | 5424 784c | 8bc0 4c8b | 5424 504c 
  0x000001fe10753e54: 8954 2428 | 4c8b 5424 | 684c 8954 | 2448 448b | 5424 6044 | 8954 2450 

  0x000001fe10753e6c: ;   {optimized virtual_call}
  0x000001fe10753e6c: c5f8 77e8 

  0x000001fe10753e70: ; ImmutableOopMap {[40]=Oop [48]=Oop [64]=Oop [72]=Oop [80]=NarrowOop [88]=Oop [120]=Oop [184]=Oop }
                      ;*invokevirtual addSuppressed {reexecute=0 rethrow=0 return_oop=0}
                      ; - java.util.jar.JarFile::getManifestFromReference@177 (line 431)
                      ; - java.util.jar.JarFile::getManifest@1 (line 405)
                      ; - jdk.internal.loader.URLClassPath$JarLoader$2::getManifest@22 (line 853)
                      ; - java.net.URLClassLoader::defineClass@34 (line 491)
                      ; - java.net.URLClassLoader$1::run@43 (line 427)
                      ; - java.net.URLClassLoader$1::run@1 (line 421)
  0x000001fe10753e70: 0cac 62ff 

  0x000001fe10753e74: ;   {other}
  0x000001fe10753e74: 0f1f 8400 | e47a 00c3 | e98b 0600 | 0048 8bd8 | 448b 5808 | 49b8 0000 | 002b fe01 | 0000 4d03 
  0x000001fe10753e94: c3e9 1007 | 0000 e937 | 0600 0048 | 8944 2478 | e932 0600 | 00e9 2806 | 0000 4c8b | d0e9 6f06 
  0x000001fe10753eb4: 0000 4c8b | d0e9 6706 | 0000 4c8b | d0e9 5f06 | 0000 4c8b | d0e9 5706 | 0000 4c8b | d0e9 4f06 
  0x000001fe10753ed4: 0000 4c8b | d0e9 4706 | 0000 4c8b | d0e9 3f06 | 0000 4c8b | d0e9 3706 | 0000 4c8b | d0e9 2f06 
  0x000001fe10753ef4: 0000 4c8b | d0e9 2706 | 0000 4c8b | d0e9 1f06 | 0000 4c8b | d0e9 1706 | 0000 4c8b | d0e9 0f06 
  0x000001fe10753f14: 0000 4c8b | d0e9 0706 | 0000 4c8b | d0e9 ff05 | 0000 4c8b | d0e9 f705 | 0000 4c8b | d0e9 ef05 
  0x000001fe10753f34: 0000 4c8b | d0e9 ca00 | 0000 eb2c | eb2a 4889 | 8424 8800 | 0000 488b | 9424 8000 | 0000 6690 
  0x000001fe10753f54: ;   {static_call}
  0x000001fe10753f54: c5f8 77e8 

  0x000001fe10753f58: ; ImmutableOopMap {rbp=Oop [32]=Oop [48]=Oop [64]=Oop [72]=Oop [80]=Oop [88]=Oop [96]=NarrowOop [104]=Oop [120]=NarrowOop [124]=NarrowOop [136]=Oop [160]=Oop }
                      ;*invokestatic end {reexecute=0 rethrow=0 return_oop=0}
                      ; - java.io.FileInputStream::read@26 (line 289)
                      ; - jdk.internal.loader.Resource::getBytes@117 (line 126)
                      ; - java.net.URLClassLoader::defineClass@179 (line 519)
                      ; - java.net.URLClassLoader$1::run@43 (line 427)
                      ; - java.net.URLClassLoader$1::run@1 (line 421)
  0x000001fe10753f58: 24b1 62ff 

  0x000001fe10753f5c: ;   {other}
  0x000001fe10753f5c: 0f1f 8400 | cc7b 00c4 | 488b 8424 | 8800 0000 | 448b 5808 | 49ba 0000 | 002b fe01 | 0000 4d03 
  0x000001fe10753f7c: d34d 8b52 

  0x000001fe10753f80: ;   {metadata('java/io/InterruptedIOException')}
  0x000001fe10753f80: 5049 bb48 | 2357 2cfe | 0100 004d | 3bd3 0f85 | 9f01 0000 

  0x000001fe10753f94: ;   {static_call}
  0x000001fe10753f94: c5f8 77e8 

  0x000001fe10753f98: ; ImmutableOopMap {rbp=Oop [32]=Oop [48]=Oop [64]=Oop [72]=Oop [80]=Oop [88]=Oop [96]=NarrowOop [104]=Oop [120]=NarrowOop [124]=NarrowOop [160]=Oop }
                      ;*invokestatic interrupted {reexecute=0 rethrow=0 return_oop=0}
                      ; - jdk.internal.loader.Resource::getBytes@127 (line 128)
                      ; - java.net.URLClassLoader::defineClass@179 (line 519)
                      ; - java.net.URLClassLoader$1::run@43 (line 427)
                      ; - java.net.URLClassLoader$1::run@1 (line 421)
  0x000001fe10753f98: e4b0 62ff 

  0x000001fe10753f9c: ;   {other}
  0x000001fe10753f9c: 0f1f 8400 | 0c7c 00c5 | 448b 5424 | 7441 bb01 | 0000 00e9 | f2d5 ffff | 4c8b d0e9 | 2a01 0000 
  0x000001fe10753fbc: 4c8b d0e9 | d205 0000 | 488b d8e9 | 7006 0000 | 488b d8e9 | 6806 0000 | 488b d8e9 | 6006 0000 
  0x000001fe10753fdc: 4c8b d0e9 | b205 0000 | 4c8b d0e9 | aa05 0000 | 488b d844 | 8b50 0849 | b800 0000 | 2bfe 0100 
  0x000001fe10753ffc: 004d 03c2 | e9a5 0500 | 004c 8bd0 | 498b da45 | 8b5a 0849 | b800 0000 | 2bfe 0100 | 004d 03c3 
  0x000001fe1075401c: e989 0500 | 004c 8bd0 | eb03 4c8b | d049 8bda | e90b 0600 | 0048 8bd8 | 448b 5008 | 49bb 0000 
  0x000001fe1075403c: 002b fe01 | 0000 4d03 | da4d 8b53 

  0x000001fe10754048: ;   {metadata('java/io/InterruptedIOException')}
  0x000001fe10754048: 5049 b848 | 2357 2cfe | 0100 004d | 3bd0 0f84 | 80f2 ffff | 4d8b 5348 

  0x000001fe10754060: ;   {metadata('java/io/IOException')}
  0x000001fe10754060: 49bb c04b | 042c fe01 | 0000 4d3b | d30f 850d | 0500 0044 | 8b5c 2464 | 4585 db0f | 84d1 baff 
  0x000001fe10754080: ffe9 5cf2 | ffff 488b | d844 8b50 | 0849 bb00 | 0000 2bfe | 0100 004d | 03da 4d8b 

  0x000001fe1075409c: ;   {metadata('java/io/InterruptedIOException')}
  0x000001fe1075409c: 5350 49bb | 4823 572c | fe01 0000 | 4d3b d30f | 85cf 0400 | 0066 6690 

  0x000001fe107540b4: ;   {static_call}
  0x000001fe107540b4: c5f8 77e8 

  0x000001fe107540b8: ; ImmutableOopMap {[32]=Oop [48]=Oop [64]=Oop [72]=Oop [80]=Oop [88]=Oop [96]=NarrowOop [104]=Oop [120]=NarrowOop [124]=NarrowOop }
                      ;*invokestatic interrupted {reexecute=0 rethrow=0 return_oop=0}
                      ; - jdk.internal.loader.Resource::getBytes@20 (line 103)
                      ; - java.net.URLClassLoader::defineClass@179 (line 519)
                      ; - java.net.URLClassLoader$1::run@43 (line 427)
                      ; - java.net.URLClassLoader$1::run@1 (line 421)
  0x000001fe107540b8: c4af 62ff 

  0x000001fe107540bc: ;   {other}
  0x000001fe107540bc: 0f1f 8400 | 2c7d 00c6 | 4d8b 9750 

  0x000001fe107540c8: ; ImmutableOopMap {[32]=Oop [48]=Oop [64]=Oop [72]=Oop [80]=Oop [88]=Oop [96]=NarrowOop [104]=Oop [120]=NarrowOop [124]=NarrowOop }
                      ;*goto {reexecute=1 rethrow=0 return_oop=0}
                      ; - (reexecute) jdk.internal.loader.Resource::getBytes@26 (line 105)
                      ; - java.net.URLClassLoader::defineClass@179 (line 519)
                      ; - java.net.URLClassLoader$1::run@43 (line 427)
                      ; - java.net.URLClassLoader$1::run@1 (line 421)
                      ;   {poll}
  0x000001fe107540c8: 0400 0041 | 8502 41ba | 0100 0000 | 4c8b 4424 | 20e9 58b7 | ffff 4c8b | d0eb 034c | 8bd0 498b 
  0x000001fe107540e8: dae9 4e05 | 0000 448b | 5008 49bb | 0000 002b | fe01 0000 | 4d03 da4d 

  0x000001fe10754100: ;   {metadata('java/io/InterruptedIOException')}
  0x000001fe10754100: 8b53 5049 | bb48 2357 | 2cfe 0100 | 004d 3bd3 | 7521 6690 

  0x000001fe10754114: ;   {static_call}
  0x000001fe10754114: c5f8 77e8 

  0x000001fe10754118: ; ImmutableOopMap {rbp=Oop [32]=Oop [48]=Oop [64]=Oop [72]=Oop [80]=Oop [88]=Oop [96]=NarrowOop [104]=Oop [120]=NarrowOop [124]=NarrowOop [152]=Oop }
                      ;*invokestatic interrupted {reexecute=0 rethrow=0 return_oop=0}
                      ; - jdk.internal.loader.Resource::getBytes@127 (line 128)
                      ; - java.net.URLClassLoader::defineClass@179 (line 519)
                      ; - java.net.URLClassLoader$1::run@43 (line 427)
                      ; - java.net.URLClassLoader$1::run@1 (line 421)
  0x000001fe10754118: 64af 62ff 

  0x000001fe1075411c: ;   {other}
  0x000001fe1075411c: 0f1f 8400 | 8c7d 00c8 | 8b44 2474 | 41bb 0100 | 0000 e9be | b9ff ff48 | 8be8 488b | 5424 6866 
  0x000001fe1075413c: 6690 c5f8 | 7748 b8ff | ffff ffff 

  0x000001fe10754148: ;   {virtual_call}
  0x000001fe10754148: ffff ffe8 

  0x000001fe1075414c: ; ImmutableOopMap {rbp=Oop [32]=Oop [48]=Oop [64]=Oop [72]=Oop [80]=Oop [88]=Oop [96]=NarrowOop }
                      ;*invokevirtual close {reexecute=0 rethrow=0 return_oop=0}
                      ; - jdk.internal.loader.Resource::getBytes@214 (line 145)
                      ; - java.net.URLClassLoader::defineClass@179 (line 519)
                      ; - java.net.URLClassLoader$1::run@43 (line 427)
                      ; - java.net.URLClassLoader$1::run@1 (line 421)
  0x000001fe1075414c: 30ac 62ff 

  0x000001fe10754150: ;   {other}
  0x000001fe10754150: 0f1f 8400 | c07d 00c9 | 448b 5c24 | 6445 85db | 7416 488b | 5424 2090 

  0x000001fe10754168: ;   {optimized virtual_call}
  0x000001fe10754168: c5f8 77e8 

  0x000001fe1075416c: ; ImmutableOopMap {rbp=Oop [48]=Oop [64]=Oop [72]=Oop [80]=Oop [88]=Oop [96]=NarrowOop }
                      ;*invokevirtual interrupt {reexecute=0 rethrow=0 return_oop=0}
                      ; - jdk.internal.loader.Resource::getBytes@236 (line 151)
                      ; - java.net.URLClassLoader::defineClass@179 (line 519)
                      ; - java.net.URLClassLoader$1::run@43 (line 427)
                      ; - java.net.URLClassLoader$1::run@1 (line 421)
  0x000001fe1075416c: 10a9 62ff 

  0x000001fe10754170: ;   {other}
  0x000001fe10754170: 0f1f 8400 | e07d 00ca | 488b dde9 | 0004 0000 | 488b d844 | 8b58 0849 | b800 0000 | 2bfe 0100 
  0x000001fe10754190: 004d 03c3 | 4d8b 5050 | 4c3b d50f | 8509 0400 | 0045 33c9 | e9e1 0200 | 0048 8bd8 | e9cf 0300 
  0x000001fe107541b0: 0048 8bd8 | 4c8b 9c24 | 8000 0000 | 488d 8424 | d000 0000 | 4883 3800 | 0f84 7900 | 0000 4d8b 
  0x000001fe107541d0: 1341 f6c2 | 020f 8462 | 0000 0049 | 83ba 8600 | 0000 0074 | 0949 ff8a | 8600 0000 | eb4b 498b 
  0x000001fe107541f0: 8296 0000 | 0049 0b82 | 8e00 0000 | 750a 49c7 | 423e 0000 | 0000 eb3d | 4983 ba9e | 0000 0000 
  0x000001fe10754210: 7422 4833 | c049 c742 | 3e00 0000 | 00f0 8304 | 2400 4983 | ba9e 0000 | 0000 750d | f04d 0fb1 
  0x000001fe10754230: 7a3e 7505 | 83c8 01eb | 0ca8 00eb | 084c 8b10 | f04d 0fb1 | 1375 0a49 | ff8f 4805 | 0000 4533 
  0x000001fe10754250: d20f 84d1 | 0200 0049 | 8bcb 488d | 9424 d000 | 0000 4d8b | c7c5 f877 | 49ba 7039 

  0x000001fe1075426c: ;   {no_reloc}
  0x000001fe1075426c: f0d9 f97f | 0000 41ff 

  0x000001fe10754274: ;   {other}
  0x000001fe10754274: d20f 1f84 | 0000 0000 | 00e9 a602 | 0000 488b | d844 8b50 | 0849 bb00 | 0000 2bfe | 0100 004d 
  0x000001fe10754294: 03da 4d8b 

  0x000001fe10754298: ;   {metadata('java/io/IOException')}
  0x000001fe10754298: 5348 49bb | c04b 042c | fe01 0000 | 4d3b d30f | 8507 ffff | ff4c 8bd8 | 498b 87b8 | 0100 004c 
  0x000001fe107542b8: 8bd0 4983 | c228 4d3b | 97c8 0100 | 000f 839d | 0300 004d | 8997 b801 | 0000 410f | 1882 c000 
  0x000001fe107542d8: 0000 48c7 | 0001 0000 

  0x000001fe107542e0: ;   {metadata('java/lang/RuntimeException')}
  0x000001fe107542e0: 00c7 4008 | 48d8 0500 | 4489 600c | 4c89 6010 | 4c89 6018 | 4c89 6020 | 488b e848 | 8bd5 4d8b 
  0x000001fe10754300: c34c 8b54 | 2450 4c89 | 5424 3090 

  0x000001fe1075430c: ;   {optimized virtual_call}
  0x000001fe1075430c: c5f8 77e8 

  0x000001fe10754310: ; ImmutableOopMap {rbp=Oop [48]=Oop [64]=Oop [72]=Oop [88]=Oop [96]=NarrowOop [104]=Oop [128]=Oop [184]=Oop }
                      ;*invokespecial <init> {reexecute=0 rethrow=0 return_oop=0}
                      ; - java.util.jar.JarFile::ensureInitialization@13 (line 1066)
                      ; - java.util.jar.JavaUtilJarAccessImpl::ensureInitialization@1 (line 42)
                      ; - jdk.internal.loader.URLClassPath$JarLoader$2::getManifest@10 (line 852)
                      ; - java.net.URLClassLoader::defineClass@34 (line 491)
                      ; - java.net.URLClassLoader$1::run@43 (line 427)
                      ; - java.net.URLClassLoader$1::run@1 (line 421)
  0x000001fe10754310: 6ca7 62ff 

  0x000001fe10754314: ;   {other}
  0x000001fe10754314: 0f1f 8400 | 847f 00cb | 4c8b 9c24 | 8000 0000 | 488d 8424 | d000 0000 | 4883 3800 | 0f84 7900 
  0x000001fe10754334: 0000 4d8b | 1341 f6c2 | 020f 8462 | 0000 0049 | 83ba 8600 | 0000 0074 | 0949 ff8a | 8600 0000 
  0x000001fe10754354: eb4b 498b | 8296 0000 | 0049 0b82 | 8e00 0000 | 750a 49c7 | 423e 0000 | 0000 eb3d | 4983 ba9e 
  0x000001fe10754374: 0000 0000 | 7422 4833 | c049 c742 | 3e00 0000 | 00f0 8304 | 2400 4983 | ba9e 0000 | 0000 750d 
  0x000001fe10754394: f04d 0fb1 | 7a3e 7505 | 83c8 01eb | 0ca8 00eb | 084c 8b10 | f04d 0fb1 | 1375 0a49 | ff8f 4805 
  0x000001fe107543b4: 0000 4533 | d20f 85d1 | 0200 0048 | 8bd5 e978 | 0200 0048 | 8bd8 448b | 5008 49b8 | 0000 002b 
  0x000001fe107543d4: fe01 0000 | 4d03 c24d 

  0x000001fe107543dc: ;   {metadata('java/io/IOException')}
  0x000001fe107543dc: 8b50 4849 | bbc0 4b04 | 2cfe 0100 | 004d 3bd3 | 0f85 b801 | 0000 488b | e8ba 2a00 | 0000 4c8b 
  0x000001fe107543fc: 5424 404c | 8954 2428 

  0x000001fe10754404: ;   {runtime_call UncommonTrapBlob}
  0x000001fe10754404: c5f8 77e8 

  0x000001fe10754408: ; ImmutableOopMap {rbp=Oop [40]=Oop [88]=Oop [96]=NarrowOop [104]=Oop [120]=NarrowOop [124]=NarrowOop }
                      ;*new {reexecute=0 rethrow=0 return_oop=0}
                      ; - java.util.jar.JarFile$JarFileEntry::getCodeSigners@11 (line 672)
                      ; - jdk.internal.loader.URLClassPath$JarLoader$2::getCodeSigners@4 (line 858)
                      ; - java.net.URLClassLoader::defineClass@185 (line 521)
                      ; - java.net.URLClassLoader$1::run@43 (line 427)
                      ; - java.net.URLClassLoader$1::run@1 (line 421)
  0x000001fe10754408: f401 63ff 

  0x000001fe1075440c: ;   {other}
  0x000001fe1075440c: 0f1f 8400 | 7c80 00cc | 4c8b d0e9 | 0901 0000 | 4c8b d0e9 | 0101 0000 | 4c8b d0e9 | 6a01 0000 
  0x000001fe1075442c: 4c8b d0e9 | f100 0000 | 4c8b d0e9 | e900 0000 | 4c8b d0e9 | e100 0000 | 4c8b d0e9 | d900 0000 
  0x000001fe1075444c: 4c8b d0e9 | d100 0000 | 4c8b d0e9 | c900 0000 | 4c8b d0e9 | c100 0000 | 488b d844 | 8b50 0849 
  0x000001fe1075446c: b800 0000 | 2bfe 0100 | 004d 03c2 | 4d8b 5050 | 4c3b d50f | 8525 0100 | 004c 8b4c | 2448 488b 
  0x000001fe1075448c: 5424 504c | 8b44 2420 | 488b 7c24 | 6866 6690 

  0x000001fe1075449c: ;   {optimized virtual_call}
  0x000001fe1075449c: c5f8 77e8 

  0x000001fe107544a0: ; ImmutableOopMap {[32]=Oop [48]=Oop [64]=Oop [80]=Oop [88]=Oop [96]=NarrowOop [112]=Oop [120]=NarrowOop [124]=NarrowOop }
                      ;*invokevirtual getAndVerifyPackage {reexecute=0 rethrow=0 return_oop=1}
                      ; - java.net.URLClassLoader::defineClass@97 (line 502)
                      ; - java.net.URLClassLoader$1::run@43 (line 427)
                      ; - java.net.URLClassLoader$1::run@1 (line 421)
  0x000001fe107544a0: dca5 62ff 

  0x000001fe107544a4: ;   {other}
  0x000001fe107544a4: 0f1f 8400 | 1481 00cd | 4885 c00f | 85ff 9aff | ffba fd00 | 0000 6690 

  0x000001fe107544bc: ;   {runtime_call UncommonTrapBlob}
  0x000001fe107544bc: c5f8 77e8 

  0x000001fe107544c0: ; ImmutableOopMap {[32]=Oop [64]=Oop [88]=Oop }
                      ;*new {reexecute=0 rethrow=0 return_oop=0}
                      ; - java.net.URLClassLoader::defineClass@103 (line 504)
                      ; - java.net.URLClassLoader$1::run@43 (line 427)
                      ; - java.net.URLClassLoader$1::run@1 (line 421)
  0x000001fe107544c0: 3c01 63ff 

  0x000001fe107544c4: ;   {other}
  0x000001fe107544c4: 0f1f 8400 | 3481 00ce | 4c8b d0e9 | c200 0000 | eb00 4889 | 4424 784c | 8b54 2470 | 4d85 d274 
  0x000001fe107544e4: 2749 8bd2 | 4c8b 5424 | 484c 8954 | 2430 c5f8 | 7748 b8ff | ffff ffff 

  0x000001fe107544fc: ;   {virtual_call}
  0x000001fe107544fc: ffff ffe8 

  0x000001fe10754500: ; ImmutableOopMap {[48]=Oop [64]=Oop [80]=Oop [88]=Oop [96]=NarrowOop [104]=Oop [120]=Oop [184]=Oop }
                      ;*invokevirtual close {reexecute=0 rethrow=0 return_oop=0}
                      ; - java.util.jar.JarFile::getManifestFromReference@165 (line 431)
                      ; - java.util.jar.JarFile::getManifest@1 (line 405)
                      ; - jdk.internal.loader.URLClassPath$JarLoader$2::getManifest@22 (line 853)
                      ; - java.net.URLClassLoader::defineClass@34 (line 491)
                      ; - java.net.URLClassLoader$1::run@43 (line 427)
                      ; - java.net.URLClassLoader$1::run@1 (line 421)
  0x000001fe10754500: 7ca8 62ff 

  0x000001fe10754504: ;   {other}
  0x000001fe10754504: 0f1f 8400 | 7481 00cf | 4c8b 5424 | 78eb 124c | 8bd0 eb7e | 4c8b d0eb | 794c 8bd0 | eb74 4c8b 
  0x000001fe10754524: d049 8bda | 448b 5b08 | 49b8 0000 | 002b fe01 | 0000 4d03 | c3eb 6f48 | 8bd8 448b | 5008 49b8 
  0x000001fe10754544: 0000 002b | fe01 0000 | 4d03 c2eb | 5948 8bd8 | 448b 5008 | 49b8 0000 | 002b fe01 | 0000 4d03 
  0x000001fe10754564: c2eb 4348 | 8bd8 448b | 5008 49b8 | 0000 002b | fe01 0000 | 4d03 c2eb | 2d48 8bd8 | 448b 5308 
  0x000001fe10754584: 49b8 0000 | 002b fe01 | 0000 4d03 | c2eb 174c | 8bd0 498b | da45 8b5a | 0849 b800 | 0000 2bfe 
  0x000001fe107545a4: 0100 004d | 03c3 4d8b 

  0x000001fe107545ac: ;   {metadata('java/io/IOException')}
  0x000001fe107545ac: 5048 49bb | c04b 042c | fe01 0000 | 4d3b d30f | 848e 0000 | 004d 8b50 

  0x000001fe107545c4: ;   {metadata('java/lang/ClassFormatError')}
  0x000001fe107545c4: 5049 bb50 | 8034 2cfe | 0100 004d | 3bd3 7568 | 488b eb48 | 8b54 2440 | 6690 c5f8 | 7748 b8ff 
  0x000001fe107545e4: ffff ffff 

  0x000001fe107545e8: ;   {virtual_call}
  0x000001fe107545e8: ffff ffe8 

  0x000001fe107545ec: ; ImmutableOopMap {rbp=Oop [64]=Oop }
                      ;*invokevirtual getDataError {reexecute=0 rethrow=0 return_oop=1}
                      ; - java.net.URLClassLoader$1::run@63 (line 431)
                      ; - java.net.URLClassLoader$1::run@1 (line 421)
  0x000001fe107545ec: 90a7 62ff 

  0x000001fe107545f0: ;   {other}
  0x000001fe107545f0: 0f1f 8400 | 6082 00d0 | 4885 c074 | 3748 8b54 | 2440 c5f8 | 7748 b8ff | ffff ffff 

  0x000001fe1075460c: ;   {virtual_call}
  0x000001fe1075460c: ffff ffe8 

  0x000001fe10754610: ; ImmutableOopMap {rbp=Oop }
                      ;*invokevirtual getDataError {reexecute=0 rethrow=0 return_oop=1}
                      ; - java.net.URLClassLoader$1::run@71 (line 432)
                      ; - java.net.URLClassLoader$1::run@1 (line 421)
  0x000001fe10754610: 6ca7 62ff 

  0x000001fe10754614: ;   {other}
  0x000001fe10754614: 0f1f 8400 | 8482 00d1 | 488b d54c | 8bc0 6690 

  0x000001fe10754624: ;   {optimized virtual_call}
  0x000001fe10754624: c5f8 77e8 

  0x000001fe10754628: ; ImmutableOopMap {rbp=Oop }
                      ;*invokevirtual addSuppressed {reexecute=0 rethrow=0 return_oop=0}
                      ; - java.net.URLClassLoader$1::run@74 (line 432)
                      ; - java.net.URLClassLoader$1::run@1 (line 421)
  0x000001fe10754628: 54a4 62ff 

  0x000001fe1075462c: ;   {other}
  0x000001fe1075462c: 0f1f 8400 | 9c82 00d2 | 488b d5eb | 0648 8bd8 | 488b d3c5 | f877 4881 | c4f0 0000 

  0x000001fe10754648: ;   {runtime_call _rethrow_Java}
  0x000001fe10754648: 005d e9b1 | 976f ff48 | 8beb ba2f | 0000 0090 

  0x000001fe10754658: ;   {runtime_call UncommonTrapBlob}
  0x000001fe10754658: c5f8 77e8 

  0x000001fe1075465c: ; ImmutableOopMap {rbp=Oop [88]=Oop }
                      ;*new {reexecute=0 rethrow=0 return_oop=0}
                      ; - java.net.URLClassLoader$1::run@48 (line 429)
                      ; - java.net.URLClassLoader$1::run@1 (line 421)
  0x000001fe1075465c: a0ff 62ff 

  0x000001fe10754660: ;   {other}
  0x000001fe10754660: 0f1f 8400 | d082 00d3 

  0x000001fe10754668: ;   {metadata('java/lang/RuntimeException')}
  0x000001fe10754668: 498b eb48 | ba48 d805 | 2bfe 0100 | 0066 6690 

  0x000001fe10754678: ;   {runtime_call _new_instance_Java}
  0x000001fe10754678: c5f8 77e8 

  0x000001fe1075467c: ; ImmutableOopMap {rbp=Oop [64]=Oop [72]=Oop [80]=Oop [88]=Oop [96]=NarrowOop [104]=Oop [128]=Oop [184]=Oop }
                      ;*new {reexecute=0 rethrow=0 return_oop=1}
                      ; - java.util.jar.JarFile::ensureInitialization@8 (line 1066)
                      ; - java.util.jar.JavaUtilJarAccessImpl::ensureInitialization@1 (line 42)
                      ; - jdk.internal.loader.URLClassPath$JarLoader$2::getManifest@10 (line 852)
                      ; - java.net.URLClassLoader::defineClass@34 (line 491)
                      ; - java.net.URLClassLoader$1::run@43 (line 427)
                      ; - java.net.URLClassLoader$1::run@1 (line 421)
  0x000001fe1075467c: 0055 6fff 

  0x000001fe10754680: ;   {other}
  0x000001fe10754680: 0f1f 8400 | f082 00d4 | 4c8b dde9 | 68fc ffff | 498b cb48 | 8d94 24d0 | 0000 004d | 8bc7 c5f8 
  0x000001fe107546a0: 7749 ba70 | 39f0 d9f9 | 7f00 0041 

  0x000001fe107546ac: ;   {other}
  0x000001fe107546ac: ffd2 0f1f | 8400 0000 | 0000 e904 | fdff ff48 | 896c 2428 | 448b 9c24 | 8400 0000 | 4489 5c24 
  0x000001fe107546cc: 208b ac24 | 8c00 0000 | eb19 4889 | 6c24 2844 | 8b94 2490 | 0000 0044 | 8954 2420 | 8bac 2484 
  0x000001fe107546ec: 0000 00ba | 97ff ffff | 4c8b 5424 | 584c 8954 | 2430 448b | 5c24 6044 | 895c 2454 | 448b 5c24 
  0x000001fe1075470c: 6444 895c | 2460 6690 

  0x000001fe10754714: ;   {runtime_call UncommonTrapBlob}
  0x000001fe10754714: c5f8 77e8 

  0x000001fe10754718: ; ImmutableOopMap {[40]=Oop [48]=Oop [64]=Oop [72]=Oop [84]=NarrowOop [104]=Oop [120]=NarrowOop [124]=NarrowOop }
                      ;*invokevirtual clone {reexecute=1 rethrow=0 return_oop=0}
                      ; - (reexecute) java.util.Arrays::copyOf@7 (line 3539)
                      ; - jdk.internal.loader.Resource::getBytes@94 (line 120)
                      ; - java.net.URLClassLoader::defineClass@179 (line 519)
                      ; - java.net.URLClassLoader$1::run@43 (line 427)
                      ; - java.net.URLClassLoader$1::run@1 (line 421)
  0x000001fe10754718: e4fe 62ff 

  0x000001fe1075471c: ;   {other}
  0x000001fe1075471c: 0f1f 8400 | 8c83 00d5 

  0x000001fe10754724: ;   {internal_word}
  0x000001fe10754724: 49ba 23e3 | 7410 fe01 | 0000 4d89 | 9760 0400 

  0x000001fe10754734: ;   {runtime_call SafepointBlob}
  0x000001fe10754734: 00e9 c60f 

  0x000001fe10754738: ;   {runtime_call StubRoutines (final stubs)}
  0x000001fe10754738: 63ff e821 | 0661 ffe9 | 5a85 ffff | f4f4 f4f4 
[Stub Code]
  0x000001fe10754748: ;   {no_reloc}
  0x000001fe10754748: 48bb 0000 | 0000 0000 

  0x000001fe10754750: ;   {runtime_call nmethod}
  0x000001fe10754750: 0000 e9fb 

  0x000001fe10754754: ;   {static_stub}
  0x000001fe10754754: ffff ff48 | bb00 0000 | 0000 0000 

  0x000001fe10754760: ;   {runtime_call nmethod}
  0x000001fe10754760: 00e9 fbff 

  0x000001fe10754764: ;   {static_stub}
  0x000001fe10754764: ffff 48bb | 0000 0000 | 0000 0000 

  0x000001fe10754770: ;   {runtime_call nmethod}
  0x000001fe10754770: e9fb ffff 

  0x000001fe10754774: ;   {static_stub}
  0x000001fe10754774: ff48 bb00 | 0000 0000 

  0x000001fe1075477c: ;   {runtime_call nmethod}
  0x000001fe1075477c: 0000 00e9 | fbff ffff 

  0x000001fe10754784: ;   {static_stub}
  0x000001fe10754784: 48bb 0000 | 0000 0000 

  0x000001fe1075478c: ;   {runtime_call nmethod}
  0x000001fe1075478c: 0000 e9fb 

  0x000001fe10754790: ;   {static_stub}
  0x000001fe10754790: ffff ff48 | bb00 0000 | 0000 0000 

  0x000001fe1075479c: ;   {runtime_call nmethod}
  0x000001fe1075479c: 00e9 fbff 

  0x000001fe107547a0: ;   {static_stub}
  0x000001fe107547a0: ffff 48bb | 0000 0000 | 0000 0000 

  0x000001fe107547ac: ;   {runtime_call nmethod}
  0x000001fe107547ac: e9fb ffff 

  0x000001fe107547b0: ;   {static_stub}
  0x000001fe107547b0: ff48 bb00 | 0000 0000 

  0x000001fe107547b8: ;   {runtime_call nmethod}
  0x000001fe107547b8: 0000 00e9 | fbff ffff 

  0x000001fe107547c0: ;   {static_stub}
  0x000001fe107547c0: 48bb 0000 | 0000 0000 

  0x000001fe107547c8: ;   {runtime_call nmethod}
  0x000001fe107547c8: 0000 e9fb 

  0x000001fe107547cc: ;   {static_stub}
  0x000001fe107547cc: ffff ff48 | bb00 0000 | 0000 0000 

  0x000001fe107547d8: ;   {runtime_call nmethod}
  0x000001fe107547d8: 00e9 fbff 

  0x000001fe107547dc: ;   {static_stub}
  0x000001fe107547dc: ffff 48bb | 0000 0000 | 0000 0000 

  0x000001fe107547e8: ;   {runtime_call nmethod}
  0x000001fe107547e8: e9fb ffff 

  0x000001fe107547ec: ;   {static_stub}
  0x000001fe107547ec: ff48 bb00 | 0000 0000 

  0x000001fe107547f4: ;   {runtime_call nmethod}
  0x000001fe107547f4: 0000 00e9 | fbff ffff 

  0x000001fe107547fc: ;   {static_stub}
  0x000001fe107547fc: 48bb 0000 | 0000 0000 

  0x000001fe10754804: ;   {runtime_call nmethod}
  0x000001fe10754804: 0000 e9fb 

  0x000001fe10754808: ;   {static_stub}
  0x000001fe10754808: ffff ff48 | bb00 0000 | 0000 0000 

  0x000001fe10754814: ;   {runtime_call nmethod}
  0x000001fe10754814: 00e9 fbff 

  0x000001fe10754818: ;   {static_stub}
  0x000001fe10754818: ffff 48bb | 0000 0000 | 0000 0000 

  0x000001fe10754824: ;   {runtime_call nmethod}
  0x000001fe10754824: e9fb ffff 

  0x000001fe10754828: ;   {static_stub}
  0x000001fe10754828: ff48 bb00 | 0000 0000 

  0x000001fe10754830: ;   {runtime_call nmethod}
  0x000001fe10754830: 0000 00e9 | fbff ffff 

  0x000001fe10754838: ;   {static_stub}
  0x000001fe10754838: 48bb 0000 | 0000 0000 

  0x000001fe10754840: ;   {runtime_call nmethod}
  0x000001fe10754840: 0000 e9fb 

  0x000001fe10754844: ;   {static_stub}
  0x000001fe10754844: ffff ff48 | bb00 0000 | 0000 0000 

  0x000001fe10754850: ;   {runtime_call nmethod}
  0x000001fe10754850: 00e9 fbff 

  0x000001fe10754854: ;   {static_stub}
  0x000001fe10754854: ffff 48bb | 0000 0000 | 0000 0000 

  0x000001fe10754860: ;   {runtime_call nmethod}
  0x000001fe10754860: e9fb ffff 

  0x000001fe10754864: ;   {static_stub}
  0x000001fe10754864: ff48 bb00 | 0000 0000 

  0x000001fe1075486c: ;   {runtime_call nmethod}
  0x000001fe1075486c: 0000 00e9 | fbff ffff 

  0x000001fe10754874: ;   {static_stub}
  0x000001fe10754874: 48bb 0000 | 0000 0000 

  0x000001fe1075487c: ;   {runtime_call nmethod}
  0x000001fe1075487c: 0000 e9fb 

  0x000001fe10754880: ;   {static_stub}
  0x000001fe10754880: ffff ff48 | bb00 0000 | 0000 0000 

  0x000001fe1075488c: ;   {runtime_call nmethod}
  0x000001fe1075488c: 00e9 fbff 

  0x000001fe10754890: ;   {static_stub}
  0x000001fe10754890: ffff 48bb | 0000 0000 | 0000 0000 

  0x000001fe1075489c: ;   {runtime_call nmethod}
  0x000001fe1075489c: e9fb ffff 

  0x000001fe107548a0: ;   {static_stub}
  0x000001fe107548a0: ff48 bb00 | 0000 0000 

  0x000001fe107548a8: ;   {runtime_call nmethod}
  0x000001fe107548a8: 0000 00e9 | fbff ffff 

  0x000001fe107548b0: ;   {static_stub}
  0x000001fe107548b0: 48bb 0000 | 0000 0000 

  0x000001fe107548b8: ;   {runtime_call nmethod}
  0x000001fe107548b8: 0000 e9fb 

  0x000001fe107548bc: ;   {static_stub}
  0x000001fe107548bc: ffff ff48 | bb00 0000 | 0000 0000 

  0x000001fe107548c8: ;   {runtime_call nmethod}
  0x000001fe107548c8: 00e9 fbff 

  0x000001fe107548cc: ;   {static_stub}
  0x000001fe107548cc: ffff 48bb | 0000 0000 | 0000 0000 

  0x000001fe107548d8: ;   {runtime_call nmethod}
  0x000001fe107548d8: e9fb ffff 

  0x000001fe107548dc: ;   {static_stub}
  0x000001fe107548dc: ff48 bb00 | 0000 0000 

  0x000001fe107548e4: ;   {runtime_call nmethod}
  0x000001fe107548e4: 0000 00e9 | fbff ffff 

  0x000001fe107548ec: ;   {static_stub}
  0x000001fe107548ec: 48bb 0000 | 0000 0000 

  0x000001fe107548f4: ;   {runtime_call nmethod}
  0x000001fe107548f4: 0000 e9fb 

  0x000001fe107548f8: ;   {static_stub}
  0x000001fe107548f8: ffff ff48 | bb00 0000 | 0000 0000 

  0x000001fe10754904: ;   {runtime_call nmethod}
  0x000001fe10754904: 00e9 fbff 

  0x000001fe10754908: ;   {static_stub}
  0x000001fe10754908: ffff 48bb | 0000 0000 | 0000 0000 

  0x000001fe10754914: ;   {runtime_call nmethod}
  0x000001fe10754914: e9fb ffff 

  0x000001fe10754918: ;   {static_stub}
  0x000001fe10754918: ff48 bb00 | 0000 0000 

  0x000001fe10754920: ;   {runtime_call nmethod}
  0x000001fe10754920: 0000 00e9 | fbff ffff 

  0x000001fe10754928: ;   {static_stub}
  0x000001fe10754928: 48bb 0000 | 0000 0000 

  0x000001fe10754930: ;   {runtime_call nmethod}
  0x000001fe10754930: 0000 e9fb 

  0x000001fe10754934: ;   {static_stub}
  0x000001fe10754934: ffff ff48 | bb00 0000 | 0000 0000 

  0x000001fe10754940: ;   {runtime_call nmethod}
  0x000001fe10754940: 00e9 fbff 

  0x000001fe10754944: ;   {runtime_call ExceptionBlob}
  0x000001fe10754944: ffff e9b5 | 5b6f ffe8 | 0000 0000 | 4883 2c24 

  0x000001fe10754954: ;   {runtime_call DeoptimizationBlob}
  0x000001fe10754954: 05e9 4600 | 63ff f4f4 | f4f4 f4f4 
[/MachCode]


---------------  P R O C E S S  ---------------

Threads class SMR info:
_java_thread_list=0x000001fe80e48f90, length=111, elements={
0x000001fe7507fa60, 0x000001fe7feb1e20, 0x000001fe7feb4880, 0x000001fe7feb8650,
0x000001fe7feb90a0, 0x000001fe7feb9af0, 0x000001fe7febe960, 0x000001fe2a7907a0,
0x000001fe2a7ac750, 0x000001fe2a892460, 0x000001fe2a9cf870, 0x000001fe71745fd0,
0x000001fe7175e670, 0x000001fe718e94b0, 0x000001fe716adfd0, 0x000001fe71909130,
0x000001fe716c0ad0, 0x000001fe717f0900, 0x000001fe7188e990, 0x000001fe717da1b0,
0x000001fe717db560, 0x000001fe717d80e0, 0x000001fe717d8770, 0x000001fe717d8e00,
0x000001fe717d9490, 0x000001fe717d9b20, 0x000001fe717da840, 0x000001fe717daed0,
0x000001fe707a66f0, 0x000001fe707a5340, 0x000001fe707a3270, 0x000001fe707a3900,
0x000001fe707a6d80, 0x000001fe707a59d0, 0x000001fe707a7410, 0x000001fe707a7aa0,
0x000001fe707a8130, 0x000001fe707a4cb0, 0x000001fe707aa890, 0x000001fe707a87c0,
0x000001fe707a94e0, 0x000001fe707a8e50, 0x000001fe707a9b70, 0x000001fe707aa200,
0x000001fe8174c570, 0x000001fe8174dfb0, 0x000001fe8174e640, 0x000001fe8174b1c0,
0x000001fe8174d920, 0x000001fe8174cc00, 0x000001fe8174bee0, 0x000001fe8174d290,
0x000001fe8174ecd0, 0x000001fe8174b850, 0x000001fe81752150, 0x000001fe8174f360,
0x000001fe70a98880, 0x000001fe81750710, 0x000001fe8174f9f0, 0x000001fe81751430,
0x000001fe81751ac0, 0x000001fe707a3f90, 0x000001fe845e5e70, 0x000001fe845e5150,
0x000001fe845e6500, 0x000001fe845e7f40, 0x000001fe845e4ac0, 0x000001fe845e57e0,
0x000001fe845e85d0, 0x000001fe845e9980, 0x000001fe845ea010, 0x000001fe845e8c60,
0x000001fe845e6b90, 0x000001fe845ea6a0, 0x000001fe845e7220, 0x000001fe845e92f0,
0x000001fe845ead30, 0x000001fe845e78b0, 0x000001fe845eb3c0, 0x000001fe845eba50,
0x000001fe845ec0e0, 0x000001fe84fa2d70, 0x000001fe84fa3400, 0x000001fe84fa4e40,
0x000001fe84fa61f0, 0x000001fe84fa6f10, 0x000001fe84fa54d0, 0x000001fe84fa5b60,
0x000001fe84fa6880, 0x000001fe84fa3a90, 0x000001fe84fa4120, 0x000001fe84fa75a0,
0x000001fe84fa7c30, 0x000001fe84fa47b0, 0x000001fe84faa390, 0x000001fe84fa9d00,
0x000001fe84fa82c0, 0x000001fe84fa8950, 0x000001fe84fa8fe0, 0x000001fe84fa9670,
0x000001fe84ffacc0, 0x000001fe84ffb350, 0x000001fe84ffb9e0, 0x000001fe84ffdab0,
0x000001fe84ffe140, 0x000001fe84ffe7d0, 0x000001fe84ffd420, 0x000001fe84ffee60,
0x000001fe84fff4f0, 0x000001fe84ffc700, 0x000001fe84ffc070
}

Java Threads: ( => current thread )
  0x000001fe7507fa60 JavaThread "main"                              [_thread_blocked, id=19064, stack(0x000000f1cad00000,0x000000f1cae00000) (1024K)]
  0x000001fe7feb1e20 JavaThread "Reference Handler"          daemon [_thread_blocked, id=19132, stack(0x000000f1cb500000,0x000000f1cb600000) (1024K)]
  0x000001fe7feb4880 JavaThread "Finalizer"                  daemon [_thread_blocked, id=19136, stack(0x000000f1cb600000,0x000000f1cb700000) (1024K)]
  0x000001fe7feb8650 JavaThread "Signal Dispatcher"          daemon [_thread_blocked, id=19172, stack(0x000000f1cb700000,0x000000f1cb800000) (1024K)]
  0x000001fe7feb90a0 JavaThread "Attach Listener"            daemon [_thread_blocked, id=19160, stack(0x000000f1cb800000,0x000000f1cb900000) (1024K)]
  0x000001fe7feb9af0 JavaThread "Service Thread"             daemon [_thread_blocked, id=19188, stack(0x000000f1cb900000,0x000000f1cba00000) (1024K)]
  0x000001fe7febe960 JavaThread "Monitor Deflation Thread"   daemon [_thread_blocked, id=19164, stack(0x000000f1cba00000,0x000000f1cbb00000) (1024K)]
  0x000001fe2a7907a0 JavaThread "C2 CompilerThread0"         daemon [_thread_blocked, id=19156, stack(0x000000f1cbb00000,0x000000f1cbc00000) (1024K)]
  0x000001fe2a7ac750 JavaThread "C1 CompilerThread0"         daemon [_thread_blocked, id=19108, stack(0x000000f1cbc00000,0x000000f1cbd00000) (1024K)]
  0x000001fe2a892460 JavaThread "Common-Cleaner"             daemon [_thread_blocked, id=19092, stack(0x000000f1cbd00000,0x000000f1cbe00000) (1024K)]
  0x000001fe2a9cf870 JavaThread "Notification Thread"        daemon [_thread_blocked, id=17884, stack(0x000000f1cbe00000,0x000000f1cbf00000) (1024K)]
  0x000001fe71745fd0 JavaThread "Daemon health stats"               [_thread_blocked, id=19252, stack(0x000000f1cc700000,0x000000f1cc800000) (1024K)]
  0x000001fe7175e670 JavaThread "Incoming local TCP Connector on port 57418"        [_thread_in_native, id=17064, stack(0x000000f1cbf00000,0x000000f1cc000000) (1024K)]
  0x000001fe718e94b0 JavaThread "Daemon periodic checks"            [_thread_blocked, id=18656, stack(0x000000f1cc800000,0x000000f1cc900000) (1024K)]
  0x000001fe716adfd0 JavaThread "Daemon"                            [_thread_blocked, id=18652, stack(0x000000f1cc900000,0x000000f1cca00000) (1024K)]
  0x000001fe71909130 JavaThread "Handler for socket connection from /127.0.0.1:57418 to /127.0.0.1:57419"        [_thread_in_native, id=18460, stack(0x000000f1cca00000,0x000000f1ccb00000) (1024K)]
  0x000001fe716c0ad0 JavaThread "Cancel handler"                    [_thread_blocked, id=18448, stack(0x000000f1ccb00000,0x000000f1ccc00000) (1024K)]
=>0x000001fe717f0900 JavaThread "Daemon worker"                     [_thread_in_vm, id=15372, stack(0x000000f1ccc00000,0x000000f1ccd00000) (1024K)]
  0x000001fe7188e990 JavaThread "Asynchronous log dispatcher for DefaultDaemonConnection: socket connection from /127.0.0.1:57418 to /127.0.0.1:57419"        [_thread_blocked, id=13652, stack(0x000000f1ccd00000,0x000000f1cce00000) (1024K)]
  0x000001fe717da1b0 JavaThread "Stdin handler"                     [_thread_blocked, id=18972, stack(0x000000f1cce00000,0x000000f1ccf00000) (1024K)]
  0x000001fe717db560 JavaThread "Daemon client event forwarder"        [_thread_blocked, id=18964, stack(0x000000f1ccf00000,0x000000f1cd000000) (1024K)]
  0x000001fe717d80e0 JavaThread "Cache worker for journal cache (C:\Users\babak\.gradle\caches\journal-1)"        [_thread_blocked, id=7752, stack(0x000000f1cd000000,0x000000f1cd100000) (1024K)]
  0x000001fe717d8770 JavaThread "File lock request listener"        [_thread_in_native, id=15556, stack(0x000000f1cd100000,0x000000f1cd200000) (1024K)]
  0x000001fe717d8e00 JavaThread "Cache worker for file hash cache (C:\Users\babak\.gradle\caches\8.12\fileHashes)"        [_thread_blocked, id=8856, stack(0x000000f1cd200000,0x000000f1cd300000) (1024K)]
  0x000001fe717d9490 JavaThread "File lock release action executor"        [_thread_blocked, id=13300, stack(0x000000f1cd300000,0x000000f1cd400000) (1024K)]
  0x000001fe717d9b20 JavaThread "Cache worker for file hash cache (D:\hesabixArc\hesabixUI\hesabix_ui\android\.gradle\8.12\fileHashes)"        [_thread_blocked, id=17316, stack(0x000000f1cd700000,0x000000f1cd800000) (1024K)]
  0x000001fe717da840 JavaThread "Cache worker for Build Output Cleanup Cache (D:\hesabixArc\hesabixUI\hesabix_ui\android\.gradle\buildOutputCleanup)"        [_thread_blocked, id=5088, stack(0x000000f1cd800000,0x000000f1cd900000) (1024K)]
  0x000001fe717daed0 JavaThread "jar transforms"                    [_thread_blocked, id=18136, stack(0x000000f1cd500000,0x000000f1cd600000) (1024K)]
  0x000001fe707a66f0 JavaThread "jar transforms Thread 2"           [_thread_blocked, id=14844, stack(0x000000f1cd900000,0x000000f1cda00000) (1024K)]
  0x000001fe707a5340 JavaThread "Cache worker for checksums cache (D:\hesabixArc\hesabixUI\hesabix_ui\android\.gradle\8.12\checksums)"        [_thread_blocked, id=15128, stack(0x000000f1cdb00000,0x000000f1cdc00000) (1024K)]
  0x000001fe707a3270 JavaThread "Cache worker for file content cache (C:\Users\babak\.gradle\caches\8.12\fileContent)"        [_thread_blocked, id=14232, stack(0x000000f1cdc00000,0x000000f1cdd00000) (1024K)]
  0x000001fe707a3900 JavaThread "Cache worker for cache directory md-rule (C:\Users\babak\.gradle\caches\8.12\md-rule)"        [_thread_blocked, id=18484, stack(0x000000f1cdd00000,0x000000f1cde00000) (1024K)]
  0x000001fe707a6d80 JavaThread "Cache worker for cache directory md-supplier (C:\Users\babak\.gradle\caches\8.12\md-supplier)"        [_thread_blocked, id=17516, stack(0x000000f1cde00000,0x000000f1cdf00000) (1024K)]
  0x000001fe707a59d0 JavaThread "Cache worker for Build Output Cleanup Cache (C:\Users\babak\Development\flutter\packages\flutter_tools\gradle\.gradle\buildOutputCleanup)"        [_thread_blocked, id=18464, stack(0x000000f1cdf00000,0x000000f1ce000000) (1024K)]
  0x000001fe707a7410 JavaThread "Unconstrained build operations"        [_thread_blocked, id=18576, stack(0x000000f1ce000000,0x000000f1ce100000) (1024K)]
  0x000001fe707a7aa0 JavaThread "Unconstrained build operations Thread 2"        [_thread_blocked, id=19224, stack(0x000000f1ce100000,0x000000f1ce200000) (1024K)]
  0x000001fe707a8130 JavaThread "Unconstrained build operations Thread 3"        [_thread_blocked, id=19048, stack(0x000000f1ce200000,0x000000f1ce300000) (1024K)]
  0x000001fe707a4cb0 JavaThread "Unconstrained build operations Thread 4"        [_thread_blocked, id=18500, stack(0x000000f1ce300000,0x000000f1ce400000) (1024K)]
  0x000001fe707aa890 JavaThread "Unconstrained build operations Thread 5"        [_thread_blocked, id=18488, stack(0x000000f1ce400000,0x000000f1ce500000) (1024K)]
  0x000001fe707a87c0 JavaThread "Unconstrained build operations Thread 6"        [_thread_blocked, id=18508, stack(0x000000f1ce500000,0x000000f1ce600000) (1024K)]
  0x000001fe707a94e0 JavaThread "Unconstrained build operations Thread 7"        [_thread_blocked, id=18516, stack(0x000000f1ce600000,0x000000f1ce700000) (1024K)]
  0x000001fe707a8e50 JavaThread "Unconstrained build operations Thread 8"        [_thread_blocked, id=19412, stack(0x000000f1ce700000,0x000000f1ce800000) (1024K)]
  0x000001fe707a9b70 JavaThread "Unconstrained build operations Thread 9"        [_thread_blocked, id=3040, stack(0x000000f1ce800000,0x000000f1ce900000) (1024K)]
  0x000001fe707aa200 JavaThread "Unconstrained build operations Thread 10"        [_thread_blocked, id=17980, stack(0x000000f1ce900000,0x000000f1cea00000) (1024K)]
  0x000001fe8174c570 JavaThread "Unconstrained build operations Thread 11"        [_thread_blocked, id=17880, stack(0x000000f1cea00000,0x000000f1ceb00000) (1024K)]
  0x000001fe8174dfb0 JavaThread "Unconstrained build operations Thread 12"        [_thread_blocked, id=14944, stack(0x000000f1ceb00000,0x000000f1cec00000) (1024K)]
  0x000001fe8174e640 JavaThread "Unconstrained build operations Thread 13"        [_thread_blocked, id=14708, stack(0x000000f1cec00000,0x000000f1ced00000) (1024K)]
  0x000001fe8174b1c0 JavaThread "Unconstrained build operations Thread 14"        [_thread_blocked, id=19384, stack(0x000000f1ced00000,0x000000f1cee00000) (1024K)]
  0x000001fe8174d920 JavaThread "Unconstrained build operations Thread 15"        [_thread_blocked, id=19400, stack(0x000000f1cee00000,0x000000f1cef00000) (1024K)]
  0x000001fe8174cc00 JavaThread "Unconstrained build operations Thread 16"        [_thread_blocked, id=18472, stack(0x000000f1cef00000,0x000000f1cf000000) (1024K)]
  0x000001fe8174bee0 JavaThread "Unconstrained build operations Thread 17"        [_thread_blocked, id=18512, stack(0x000000f1cf000000,0x000000f1cf100000) (1024K)]
  0x000001fe8174d290 JavaThread "Unconstrained build operations Thread 18"        [_thread_blocked, id=18428, stack(0x000000f1cf100000,0x000000f1cf200000) (1024K)]
  0x000001fe8174ecd0 JavaThread "Unconstrained build operations Thread 19"        [_thread_blocked, id=14132, stack(0x000000f1cf200000,0x000000f1cf300000) (1024K)]
  0x000001fe8174b850 JavaThread "Unconstrained build operations Thread 20"        [_thread_blocked, id=18468, stack(0x000000f1cf300000,0x000000f1cf400000) (1024K)]
  0x000001fe81752150 JavaThread "Unconstrained build operations Thread 21"        [_thread_blocked, id=19432, stack(0x000000f1cf400000,0x000000f1cf500000) (1024K)]
  0x000001fe8174f360 JavaThread "Memory manager"                    [_thread_blocked, id=18140, stack(0x000000f1cf500000,0x000000f1cf600000) (1024K)]
  0x000001fe70a98880 JavaThread "C2 CompilerThread1"         daemon [_thread_blocked, id=14680, stack(0x000000f1cd400000,0x000000f1cd500000) (1024K)]
  0x000001fe81750710 JavaThread "build event listener"              [_thread_blocked, id=19216, stack(0x000000f1cf600000,0x000000f1cf700000) (1024K)]
  0x000001fe8174f9f0 JavaThread "included builds"                   [_thread_blocked, id=7580, stack(0x000000f1cf700000,0x000000f1cf800000) (1024K)]
  0x000001fe81751430 JavaThread "Execution worker"                  [_thread_blocked, id=13216, stack(0x000000f1cf800000,0x000000f1cf900000) (1024K)]
  0x000001fe81751ac0 JavaThread "Execution worker Thread 2"         [_thread_blocked, id=16828, stack(0x000000f1cf900000,0x000000f1cfa00000) (1024K)]
  0x000001fe707a3f90 JavaThread "Execution worker Thread 3"         [_thread_blocked, id=17944, stack(0x000000f1cfa00000,0x000000f1cfb00000) (1024K)]
  0x000001fe845e5e70 JavaThread "Execution worker Thread 4"         [_thread_blocked, id=15416, stack(0x000000f1cfb00000,0x000000f1cfc00000) (1024K)]
  0x000001fe845e5150 JavaThread "Execution worker Thread 5"         [_thread_blocked, id=5864, stack(0x000000f1cfc00000,0x000000f1cfd00000) (1024K)]
  0x000001fe845e6500 JavaThread "Execution worker Thread 6"         [_thread_blocked, id=11404, stack(0x000000f1cfd00000,0x000000f1cfe00000) (1024K)]
  0x000001fe845e7f40 JavaThread "Execution worker Thread 7"         [_thread_blocked, id=17852, stack(0x000000f1cfe00000,0x000000f1cff00000) (1024K)]
  0x000001fe845e4ac0 JavaThread "Cache worker for execution history cache (C:\Users\babak\Development\flutter\packages\flutter_tools\gradle\.gradle\8.12\executionHistory)"        [_thread_blocked, id=9468, stack(0x000000f1cff00000,0x000000f1d0000000) (1024K)]
  0x000001fe845e57e0 JavaThread "Unconstrained build operations Thread 22"        [_thread_blocked, id=1468, stack(0x000000f1d0000000,0x000000f1d0100000) (1024K)]
  0x000001fe845e85d0 JavaThread "Unconstrained build operations Thread 23"        [_thread_blocked, id=2488, stack(0x000000f1d0100000,0x000000f1d0200000) (1024K)]
  0x000001fe845e9980 JavaThread "Unconstrained build operations Thread 24"        [_thread_blocked, id=5376, stack(0x000000f1d0200000,0x000000f1d0300000) (1024K)]
  0x000001fe845ea010 JavaThread "Unconstrained build operations Thread 25"        [_thread_blocked, id=15508, stack(0x000000f1d0300000,0x000000f1d0400000) (1024K)]
  0x000001fe845e8c60 JavaThread "Unconstrained build operations Thread 26"        [_thread_blocked, id=10292, stack(0x000000f1d0400000,0x000000f1d0500000) (1024K)]
  0x000001fe845e6b90 JavaThread "Unconstrained build operations Thread 27"        [_thread_blocked, id=1440, stack(0x000000f1d0500000,0x000000f1d0600000) (1024K)]
  0x000001fe845ea6a0 JavaThread "Unconstrained build operations Thread 28"        [_thread_blocked, id=11900, stack(0x000000f1d0600000,0x000000f1d0700000) (1024K)]
  0x000001fe845e7220 JavaThread "Unconstrained build operations Thread 29"        [_thread_blocked, id=17912, stack(0x000000f1d0700000,0x000000f1d0800000) (1024K)]
  0x000001fe845e92f0 JavaThread "Unconstrained build operations Thread 30"        [_thread_blocked, id=8368, stack(0x000000f1d0800000,0x000000f1d0900000) (1024K)]
  0x000001fe845ead30 JavaThread "Unconstrained build operations Thread 31"        [_thread_blocked, id=6132, stack(0x000000f1d0900000,0x000000f1d0a00000) (1024K)]
  0x000001fe845e78b0 JavaThread "Unconstrained build operations Thread 32"        [_thread_blocked, id=15300, stack(0x000000f1d0a00000,0x000000f1d0b00000) (1024K)]
  0x000001fe845eb3c0 JavaThread "Unconstrained build operations Thread 33"        [_thread_blocked, id=4268, stack(0x000000f1d0b00000,0x000000f1d0c00000) (1024K)]
  0x000001fe845eba50 JavaThread "Unconstrained build operations Thread 34"        [_thread_blocked, id=11760, stack(0x000000f1d0c00000,0x000000f1d0d00000) (1024K)]
  0x000001fe845ec0e0 JavaThread "Unconstrained build operations Thread 35"        [_thread_blocked, id=1588, stack(0x000000f1d0d00000,0x000000f1d0e00000) (1024K)]
  0x000001fe84fa2d70 JavaThread "Unconstrained build operations Thread 36"        [_thread_blocked, id=11488, stack(0x000000f1d0e00000,0x000000f1d0f00000) (1024K)]
  0x000001fe84fa3400 JavaThread "Unconstrained build operations Thread 37"        [_thread_blocked, id=12736, stack(0x000000f1d0f00000,0x000000f1d1000000) (1024K)]
  0x000001fe84fa4e40 JavaThread "Unconstrained build operations Thread 38"        [_thread_blocked, id=9812, stack(0x000000f1d1000000,0x000000f1d1100000) (1024K)]
  0x000001fe84fa61f0 JavaThread "Unconstrained build operations Thread 39"        [_thread_blocked, id=1664, stack(0x000000f1d1100000,0x000000f1d1200000) (1024K)]
  0x000001fe84fa6f10 JavaThread "Unconstrained build operations Thread 40"        [_thread_blocked, id=15920, stack(0x000000f1d1200000,0x000000f1d1300000) (1024K)]
  0x000001fe84fa54d0 JavaThread "Unconstrained build operations Thread 41"        [_thread_blocked, id=14100, stack(0x000000f1d1300000,0x000000f1d1400000) (1024K)]
  0x000001fe84fa5b60 JavaThread "Unconstrained build operations Thread 42"        [_thread_blocked, id=4760, stack(0x000000f1d1400000,0x000000f1d1500000) (1024K)]
  0x000001fe84fa6880 JavaThread "Unconstrained build operations Thread 43"        [_thread_blocked, id=18364, stack(0x000000f1d1500000,0x000000f1d1600000) (1024K)]
  0x000001fe84fa3a90 JavaThread "Unconstrained build operations Thread 44"        [_thread_blocked, id=17656, stack(0x000000f1d1600000,0x000000f1d1700000) (1024K)]
  0x000001fe84fa4120 JavaThread "Unconstrained build operations Thread 45"        [_thread_blocked, id=18848, stack(0x000000f1d1700000,0x000000f1d1800000) (1024K)]
  0x000001fe84fa75a0 JavaThread "Unconstrained build operations Thread 46"        [_thread_blocked, id=1120, stack(0x000000f1d1800000,0x000000f1d1900000) (1024K)]
  0x000001fe84fa7c30 JavaThread "Unconstrained build operations Thread 47"        [_thread_blocked, id=2364, stack(0x000000f1d1900000,0x000000f1d1a00000) (1024K)]
  0x000001fe84fa47b0 JavaThread "Unconstrained build operations Thread 48"        [_thread_blocked, id=13648, stack(0x000000f1d1a00000,0x000000f1d1b00000) (1024K)]
  0x000001fe84faa390 JavaThread "Unconstrained build operations Thread 49"        [_thread_blocked, id=8960, stack(0x000000f1d1b00000,0x000000f1d1c00000) (1024K)]
  0x000001fe84fa9d00 JavaThread "Unconstrained build operations Thread 50"        [_thread_blocked, id=18844, stack(0x000000f1d1c00000,0x000000f1d1d00000) (1024K)]
  0x000001fe84fa82c0 JavaThread "Unconstrained build operations Thread 51"        [_thread_blocked, id=16628, stack(0x000000f1d1d00000,0x000000f1d1e00000) (1024K)]
  0x000001fe84fa8950 JavaThread "Unconstrained build operations Thread 52"        [_thread_blocked, id=17772, stack(0x000000f1d1e00000,0x000000f1d1f00000) (1024K)]
  0x000001fe84fa8fe0 JavaThread "Unconstrained build operations Thread 53"        [_thread_blocked, id=18288, stack(0x000000f1d1f00000,0x000000f1d2000000) (1024K)]
  0x000001fe84fa9670 JavaThread "Unconstrained build operations Thread 54"        [_thread_blocked, id=7328, stack(0x000000f1d2000000,0x000000f1d2100000) (1024K)]
  0x000001fe84ffacc0 JavaThread "Unconstrained build operations Thread 55"        [_thread_blocked, id=18840, stack(0x000000f1d2100000,0x000000f1d2200000) (1024K)]
  0x000001fe84ffb350 JavaThread "Unconstrained build operations Thread 56"        [_thread_blocked, id=16424, stack(0x000000f1d2200000,0x000000f1d2300000) (1024K)]
  0x000001fe84ffb9e0 JavaThread "Unconstrained build operations Thread 57"        [_thread_blocked, id=18292, stack(0x000000f1d2300000,0x000000f1d2400000) (1024K)]
  0x000001fe84ffdab0 JavaThread "Unconstrained build operations Thread 58"        [_thread_blocked, id=18760, stack(0x000000f1d2400000,0x000000f1d2500000) (1024K)]
  0x000001fe84ffe140 JavaThread "Unconstrained build operations Thread 59"        [_thread_blocked, id=17704, stack(0x000000f1d2500000,0x000000f1d2600000) (1024K)]
  0x000001fe84ffe7d0 JavaThread "Unconstrained build operations Thread 60"        [_thread_blocked, id=18040, stack(0x000000f1d2600000,0x000000f1d2700000) (1024K)]
  0x000001fe84ffd420 JavaThread "Unconstrained build operations Thread 61"        [_thread_blocked, id=16848, stack(0x000000f1d2700000,0x000000f1d2800000) (1024K)]
  0x000001fe84ffee60 JavaThread "Unconstrained build operations Thread 62"        [_thread_blocked, id=17760, stack(0x000000f1d2800000,0x000000f1d2900000) (1024K)]
  0x000001fe84fff4f0 JavaThread "Unconstrained build operations Thread 63"        [_thread_blocked, id=17784, stack(0x000000f1d2900000,0x000000f1d2a00000) (1024K)]
  0x000001fe84ffc700 JavaThread "Unconstrained build operations Thread 64"        [_thread_blocked, id=17576, stack(0x000000f1d2a00000,0x000000f1d2b00000) (1024K)]
  0x000001fe84ffc070 JavaThread "Unconstrained build operations Thread 65"        [_thread_blocked, id=9412, stack(0x000000f1d2b00000,0x000000f1d2c00000) (1024K)]
Total: 111

Other Threads:
  0x000001fe7fe93a20 VMThread "VM Thread"                           [id=19124, stack(0x000000f1cb400000,0x000000f1cb500000) (1024K)]
  0x000001fe7fe847f0 WatcherThread "VM Periodic Task Thread"        [id=19100, stack(0x000000f1cb300000,0x000000f1cb400000) (1024K)]
  0x000001fe7512ad60 WorkerThread "GC Thread#0"                     [id=19052, stack(0x000000f1cae00000,0x000000f1caf00000) (1024K)]
  0x000001fe2aa5a340 WorkerThread "GC Thread#1"                     [id=19228, stack(0x000000f1cc000000,0x000000f1cc100000) (1024K)]
  0x000001fe2ab02c40 WorkerThread "GC Thread#2"                     [id=19232, stack(0x000000f1cc100000,0x000000f1cc200000) (1024K)]
  0x000001fe2ab8e4d0 WorkerThread "GC Thread#3"                     [id=19220, stack(0x000000f1cc200000,0x000000f1cc300000) (1024K)]
  0x000001fe2ab8e870 WorkerThread "GC Thread#4"                     [id=19272, stack(0x000000f1cc300000,0x000000f1cc400000) (1024K)]
  0x000001fe2ab8ec10 WorkerThread "GC Thread#5"                     [id=19344, stack(0x000000f1cc400000,0x000000f1cc500000) (1024K)]
  0x000001fe714b7ea0 WorkerThread "GC Thread#6"                     [id=16552, stack(0x000000f1cc500000,0x000000f1cc600000) (1024K)]
  0x000001fe71667410 WorkerThread "GC Thread#7"                     [id=19248, stack(0x000000f1cc600000,0x000000f1cc700000) (1024K)]
  0x000001fe7513cb50 ConcurrentGCThread "G1 Main Marker"            [id=19040, stack(0x000000f1caf00000,0x000000f1cb000000) (1024K)]
  0x000001fe7513d560 WorkerThread "G1 Conc#0"                       [id=19068, stack(0x000000f1cb000000,0x000000f1cb100000) (1024K)]
  0x000001fe70e73aa0 WorkerThread "G1 Conc#1"                       [id=14528, stack(0x000000f1cd600000,0x000000f1cd700000) (1024K)]
  0x000001fe7fd51f60 ConcurrentGCThread "G1 Refine#0"               [id=19084, stack(0x000000f1cb100000,0x000000f1cb200000) (1024K)]
  0x000001fe7fd53790 ConcurrentGCThread "G1 Service"                [id=19060, stack(0x000000f1cb200000,0x000000f1cb300000) (1024K)]
Total: 15

Threads with active compile tasks:
Total: 0

VM state: not at safepoint (normal execution)

VM Mutex/Monitor currently owned by a thread:  ([mutex/lock_event])
[0x00007ff9da47c308] Metaspace_lock - owner thread: 0x000001fe717f0900

Heap address: 0x0000000600000000, size: 8192 MB, Compressed Oops mode: Zero based, Oop shift amount: 3

CDS archive(s) mapped at: [0x000001fe2b000000-0x000001fe2bc80000-0x000001fe2bc80000), size 13107200, SharedBaseAddress: 0x000001fe2b000000, ArchiveRelocationMode: 1.
Compressed class space mapped at: 0x000001fe2c000000-0x000001fe6c000000, reserved size: 1073741824
Narrow klass base: 0x000001fe2b000000, Narrow klass shift: 0, Narrow klass range: 0x100000000

GC Precious Log:
 CardTable entry size: 512
 Card Set container configuration: InlinePtr #cards 4 size 8 Array Of Cards #cards 32 size 80 Howl #buckets 8 coarsen threshold 7372 Howl Bitmap #cards 1024 size 144 coarsen threshold 921 Card regions per heap region 1 cards per card region 8192
 CPUs: 8 total, 8 available
 Memory: 16315M
 Large Page Support: Disabled
 NUMA Support: Disabled
 Compressed Oops: Enabled (Zero based)
 Heap Region Size: 4M
 Heap Min Capacity: 8M
 Heap Initial Capacity: 256M
 Heap Max Capacity: 8G
 Pre-touch: Disabled
 Parallel Workers: 8
 Concurrent Workers: 2
 Concurrent Refinement Workers: 8
 Periodic GC: Disabled

Heap:
 garbage-first heap   total 188416K, used 107243K [0x0000000600000000, 0x0000000800000000)
  region size 4096K, 5 young (20480K), 3 survivors (12288K)
 Metaspace       used 78417K, committed 80576K, reserved 1179648K
  class space    used 10987K, committed 12096K, reserved 1048576K

Heap Regions: E=young(eden), S=young(survivor), O=old, HS=humongous(starts), HC=humongous(continues), CS=collection set, F=free, TAMS=top-at-mark-start, PB=parsable bottom
|   0|0x0000000600000000, 0x0000000600400000, 0x0000000600400000|100%|HS|  |TAMS 0x0000000600000000| PB 0x0000000600000000| Complete 
|   1|0x0000000600400000, 0x0000000600800000, 0x0000000600800000|100%| O|  |TAMS 0x0000000600400000| PB 0x0000000600400000| Untracked 
|   2|0x0000000600800000, 0x0000000600c00000, 0x0000000600c00000|100%| O|  |TAMS 0x0000000600800000| PB 0x0000000600800000| Untracked 
|   3|0x0000000600c00000, 0x0000000601000000, 0x0000000601000000|100%| O|  |TAMS 0x0000000600c00000| PB 0x0000000600c00000| Untracked 
|   4|0x0000000601000000, 0x0000000601400000, 0x0000000601400000|100%| O|  |TAMS 0x0000000601000000| PB 0x0000000601000000| Untracked 
|   5|0x0000000601400000, 0x0000000601800000, 0x0000000601800000|100%| O|Cm|TAMS 0x0000000601400000| PB 0x0000000601400000| Complete 
|   6|0x0000000601800000, 0x0000000601c00000, 0x0000000601c00000|100%| O|  |TAMS 0x0000000601800000| PB 0x0000000601800000| Untracked 
|   7|0x0000000601c00000, 0x0000000602000000, 0x0000000602000000|100%|HS|  |TAMS 0x0000000601c00000| PB 0x0000000601c00000| Complete 
|   8|0x0000000602000000, 0x0000000602400000, 0x0000000602400000|100%| O|  |TAMS 0x0000000602000000| PB 0x0000000602000000| Untracked 
|   9|0x0000000602400000, 0x0000000602800000, 0x0000000602800000|100%|HS|  |TAMS 0x0000000602400000| PB 0x0000000602400000| Complete 
|  10|0x0000000602800000, 0x0000000602c00000, 0x0000000602c00000|100%| O|  |TAMS 0x0000000602800000| PB 0x0000000602800000| Untracked 
|  11|0x0000000602c00000, 0x0000000603000000, 0x0000000603000000|100%| O|  |TAMS 0x0000000602c00000| PB 0x0000000602c00000| Untracked 
|  12|0x0000000603000000, 0x0000000603400000, 0x0000000603400000|100%| O|  |TAMS 0x0000000603000000| PB 0x0000000603000000| Untracked 
|  13|0x0000000603400000, 0x0000000603800000, 0x0000000603800000|100%| O|  |TAMS 0x0000000603400000| PB 0x0000000603400000| Untracked 
|  14|0x0000000603800000, 0x0000000603c00000, 0x0000000603c00000|100%| O|  |TAMS 0x0000000603800000| PB 0x0000000603800000| Untracked 
|  15|0x0000000603c00000, 0x0000000604000000, 0x0000000604000000|100%| O|  |TAMS 0x0000000603c00000| PB 0x0000000603c00000| Untracked 
|  16|0x0000000604000000, 0x0000000604400000, 0x0000000604400000|100%| O|  |TAMS 0x0000000604000000| PB 0x0000000604000000| Untracked 
|  17|0x0000000604400000, 0x0000000604800000, 0x0000000604800000|100%| O|  |TAMS 0x0000000604400000| PB 0x0000000604400000| Untracked 
|  18|0x0000000604800000, 0x0000000604c00000, 0x0000000604c00000|100%| O|  |TAMS 0x0000000604800000| PB 0x0000000604800000| Untracked 
|  19|0x0000000604c00000, 0x0000000605000000, 0x0000000605000000|100%| S|CS|TAMS 0x0000000604c00000| PB 0x0000000604c00000| Complete 
|  20|0x0000000605000000, 0x0000000605400000, 0x0000000605400000|100%| S|CS|TAMS 0x0000000605000000| PB 0x0000000605000000| Complete 
|  21|0x0000000605400000, 0x0000000605800000, 0x0000000605800000|100%| S|CS|TAMS 0x0000000605400000| PB 0x0000000605400000| Complete 
|  22|0x0000000605800000, 0x0000000605800000, 0x0000000605c00000|  0%| F|  |TAMS 0x0000000605800000| PB 0x0000000605800000| Untracked 
|  23|0x0000000605c00000, 0x0000000605c00000, 0x0000000606000000|  0%| F|  |TAMS 0x0000000605c00000| PB 0x0000000605c00000| Untracked 
|  24|0x0000000606000000, 0x0000000606000000, 0x0000000606400000|  0%| F|  |TAMS 0x0000000606000000| PB 0x0000000606000000| Untracked 
|  25|0x0000000606400000, 0x0000000606400000, 0x0000000606800000|  0%| F|  |TAMS 0x0000000606400000| PB 0x0000000606400000| Untracked 
|  26|0x0000000606800000, 0x0000000606800000, 0x0000000606c00000|  0%| F|  |TAMS 0x0000000606800000| PB 0x0000000606800000| Untracked 
|  27|0x0000000606c00000, 0x0000000606c00000, 0x0000000607000000|  0%| F|  |TAMS 0x0000000606c00000| PB 0x0000000606c00000| Untracked 
|  28|0x0000000607000000, 0x0000000607000000, 0x0000000607400000|  0%| F|  |TAMS 0x0000000607000000| PB 0x0000000607000000| Untracked 
|  29|0x0000000607400000, 0x0000000607400000, 0x0000000607800000|  0%| F|  |TAMS 0x0000000607400000| PB 0x0000000607400000| Untracked 
|  30|0x0000000607800000, 0x0000000607800000, 0x0000000607c00000|  0%| F|  |TAMS 0x0000000607800000| PB 0x0000000607800000| Untracked 
|  31|0x0000000607c00000, 0x0000000607c00000, 0x0000000608000000|  0%| F|  |TAMS 0x0000000607c00000| PB 0x0000000607c00000| Untracked 
|  32|0x0000000608000000, 0x0000000608000000, 0x0000000608400000|  0%| F|  |TAMS 0x0000000608000000| PB 0x0000000608000000| Untracked 
|  33|0x0000000608400000, 0x0000000608400000, 0x0000000608800000|  0%| F|  |TAMS 0x0000000608400000| PB 0x0000000608400000| Untracked 
|  34|0x0000000608800000, 0x0000000608800000, 0x0000000608c00000|  0%| F|  |TAMS 0x0000000608800000| PB 0x0000000608800000| Untracked 
|  35|0x0000000608c00000, 0x0000000608c00000, 0x0000000609000000|  0%| F|  |TAMS 0x0000000608c00000| PB 0x0000000608c00000| Untracked 
|  36|0x0000000609000000, 0x0000000609000000, 0x0000000609400000|  0%| F|  |TAMS 0x0000000609000000| PB 0x0000000609000000| Untracked 
|  37|0x0000000609400000, 0x0000000609400000, 0x0000000609800000|  0%| F|  |TAMS 0x0000000609400000| PB 0x0000000609400000| Untracked 
|  38|0x0000000609800000, 0x0000000609800000, 0x0000000609c00000|  0%| F|  |TAMS 0x0000000609800000| PB 0x0000000609800000| Untracked 
|  39|0x0000000609c00000, 0x0000000609c00000, 0x000000060a000000|  0%| F|  |TAMS 0x0000000609c00000| PB 0x0000000609c00000| Untracked 
|  40|0x000000060a000000, 0x000000060a0e6be8, 0x000000060a400000| 22%| E|  |TAMS 0x000000060a000000| PB 0x000000060a000000| Complete 
|  63|0x000000060fc00000, 0x0000000610000000, 0x0000000610000000|100%| E|CS|TAMS 0x000000060fc00000| PB 0x000000060fc00000| Complete 
|2044|0x00000007ff000000, 0x00000007ff0baf60, 0x00000007ff400000| 18%| O|  |TAMS 0x00000007ff000000| PB 0x00000007ff000000| Untracked 
|2045|0x00000007ff400000, 0x00000007ff800000, 0x00000007ff800000|100%| O|  |TAMS 0x00000007ff400000| PB 0x00000007ff400000| Untracked 
|2046|0x00000007ff800000, 0x00000007ffc00000, 0x00000007ffc00000|100%| O|  |TAMS 0x00000007ff800000| PB 0x00000007ff800000| Untracked 
|2047|0x00000007ffc00000, 0x0000000800000000, 0x0000000800000000|100%| O|  |TAMS 0x00000007ffc00000| PB 0x00000007ffc00000| Untracked 

Card table byte_map: [0x000001fe7ecc0000,0x000001fe7fcc0000] _byte_map_base: 0x000001fe7bcc0000

Marking Bits: (CMBitMap*) 0x000001fe7512b370
 Bits: [0x000001fe20000000, 0x000001fe28000000)

Polling page: 0x000001fe72ef0000

Metaspace:

Usage:
  Non-class:     65.85 MB used.
      Class:     10.73 MB used.
       Both:     76.58 MB used.

Virtual space:
  Non-class space:      128.00 MB reserved,      66.88 MB ( 52%) committed,  2 nodes.
      Class space:        1.00 GB reserved,      11.81 MB (  1%) committed,  1 nodes.
             Both:        1.12 GB reserved,      78.69 MB (  7%) committed. 

Chunk freelists:
   Non-Class:  12.55 MB
       Class:  4.14 MB
        Both:  16.69 MB

MaxMetaspaceSize: 4.00 GB
CompressedClassSpaceSize: 1.00 GB
Initial GC threshold: 21.00 MB
Current GC threshold: 125.25 MB
CDS: on
 - commit_granule_bytes: 65536.
 - commit_granule_words: 8192.
 - virtual_space_node_default_size: 8388608.
 - enlarge_chunks_in_place: 1.
 - use_allocation_guard: 0.


Internal statistics:

num_allocs_failed_limit: 12.
num_arena_births: 3918.
num_arena_deaths: 0.
num_vsnodes_births: 3.
num_vsnodes_deaths: 0.
num_space_committed: 1259.
num_space_uncommitted: 0.
num_chunks_returned_to_freelist: 12.
num_chunks_taken_from_freelist: 7768.
num_chunk_merges: 12.
num_chunk_splits: 4972.
num_chunks_enlarged: 2963.
num_inconsistent_stats: 0.

CodeHeap 'non-profiled nmethods': size=259264Kb used=5866Kb max_used=5866Kb free=253397Kb
 bounds [0x000001fe102d0000, 0x000001fe10890000, 0x000001fe20000000]
CodeHeap 'profiled nmethods': size=259264Kb used=16697Kb max_used=16797Kb free=242566Kb
 bounds [0x000001fe00000000, 0x000001fe01070000, 0x000001fe0fd30000]
CodeHeap 'non-nmethods': size=5760Kb used=2835Kb max_used=2901Kb free=2925Kb
 bounds [0x000001fe0fd30000, 0x000001fe10020000, 0x000001fe102d0000]
 total_blobs=10194 nmethods=9254 adapters=844
 compilation: enabled
              stopped_count=0, restarted_count=0
 full_count=0

Compilation events (20 events):
Event: 18.085 Thread 0x000001fe2a7ac750 10883       1       org.gradle.api.internal.provider.DefaultProperty::publicType (3 bytes)
Event: 18.085 Thread 0x000001fe2a7ac750 nmethod 10883 0x000001fe10885290 code [0x000001fe10885420, 0x000001fe108854f0]
Event: 18.085 Thread 0x000001fe2a7907a0 nmethod 10880 0x000001fe10885590 code [0x000001fe108857a0, 0x000001fe10885b80]
Event: 18.087 Thread 0x000001fe2a7ac750 10884       3       org.gradle.internal.isolated.IsolationScheme::collectTypeParameters (139 bytes)
Event: 18.088 Thread 0x000001fe2a7ac750 nmethod 10884 0x000001fe0013b090 code [0x000001fe0013b380, 0x000001fe0013c7a8]
Event: 18.088 Thread 0x000001fe2a7ac750 10886       3       org.gradle.internal.isolated.IsolationScheme::lambda$inferParameterType$0 (78 bytes)
Event: 18.088 Thread 0x000001fe70a98880 10887       4       java.util.ArrayList$ArrayListSpliterator::tryAdvance (79 bytes)
Event: 18.089 Thread 0x000001fe2a7ac750 nmethod 10886 0x000001fe00787990 code [0x000001fe00787ca0, 0x000001fe00788d58]
Event: 18.089 Thread 0x000001fe2a7ac750 10885       3       org.gradle.internal.isolated.IsolationScheme$$Lambda/0x000001fe2c666aa8::visitType (21 bytes)
Event: 18.089 Thread 0x000001fe2a7ac750 nmethod 10885 0x000001fe008a9d90 code [0x000001fe008a9f40, 0x000001fe008aa0a0]
Event: 18.089 Thread 0x000001fe2a7ac750 10888       3       org.gradle.internal.instantiation.generator.AsmBackedClassGenerator$ClassBuilderImpl::addServiceSupport (21 bytes)
Event: 18.089 Thread 0x000001fe2a7ac750 nmethod 10888 0x000001fe00787290 code [0x000001fe00787460, 0x000001fe007877d8]
Event: 18.090 Thread 0x000001fe2a7ac750 10889       3       org.gradle.internal.state.DefaultManagedFactoryRegistry::lookup (41 bytes)
Event: 18.091 Thread 0x000001fe70a98880 nmethod 10887 0x000001fe10885e90 code [0x000001fe10886040, 0x000001fe10886288]
Event: 18.091 Thread 0x000001fe2a7ac750 nmethod 10889 0x000001fe00941c10 code [0x000001fe00941e20, 0x000001fe00942518]
Event: 18.108 Thread 0x000001fe2a7907a0 10890       4       java.lang.ref.Reference::enqueueFromPending (19 bytes)
Event: 18.122 Thread 0x000001fe2a7907a0 nmethod 10890 0x000001fe10886510 code [0x000001fe108867c0, 0x000001fe10887880]
Event: 18.132 Thread 0x000001fe70a98880 10891   !   4       java.util.zip.ZipFile$Source::readFullyAt (74 bytes)
Event: 18.139 Thread 0x000001fe70a98880 nmethod 10891 0x000001fe10887f10 code [0x000001fe10888100, 0x000001fe10888810]
Event: 18.155 Thread 0x000001fe2a7907a0 10892 % !   4       java.util.concurrent.ConcurrentHashMap::transfer @ 96 (849 bytes)

GC Heap History (20 events):
Event: 13.666 GC heap before
{Heap before GC invocations=16 (full 0):
 garbage-first heap   total 118784K, used 101625K [0x0000000600000000, 0x0000000800000000)
  region size 4096K, 12 young (49152K), 1 survivors (4096K)
 Metaspace       used 63351K, committed 65344K, reserved 1114112K
  class space    used 8986K, committed 9984K, reserved 1048576K
}
Event: 13.669 GC heap after
{Heap after GC invocations=17 (full 0):
 garbage-first heap   total 118784K, used 58333K [0x0000000600000000, 0x0000000800000000)
  region size 4096K, 1 young (4096K), 1 survivors (4096K)
 Metaspace       used 63351K, committed 65344K, reserved 1114112K
  class space    used 8986K, committed 9984K, reserved 1048576K
}
Event: 14.049 GC heap before
{Heap before GC invocations=17 (full 0):
 garbage-first heap   total 118784K, used 103389K [0x0000000600000000, 0x0000000800000000)
  region size 4096K, 12 young (49152K), 1 survivors (4096K)
 Metaspace       used 66102K, committed 68096K, reserved 1114112K
  class space    used 9373K, committed 10368K, reserved 1048576K
}
Event: 14.055 GC heap after
{Heap after GC invocations=18 (full 0):
 garbage-first heap   total 122880K, used 63387K [0x0000000600000000, 0x0000000800000000)
  region size 4096K, 2 young (8192K), 2 survivors (8192K)
 Metaspace       used 66102K, committed 68096K, reserved 1114112K
  class space    used 9373K, committed 10368K, reserved 1048576K
}
Event: 14.420 GC heap before
{Heap before GC invocations=18 (full 0):
 garbage-first heap   total 122880K, used 100251K [0x0000000600000000, 0x0000000800000000)
  region size 4096K, 11 young (45056K), 2 survivors (8192K)
 Metaspace       used 68035K, committed 70144K, reserved 1114112K
  class space    used 9647K, committed 10688K, reserved 1048576K
}
Event: 14.427 GC heap after
{Heap after GC invocations=19 (full 0):
 garbage-first heap   total 122880K, used 67325K [0x0000000600000000, 0x0000000800000000)
  region size 4096K, 2 young (8192K), 2 survivors (8192K)
 Metaspace       used 68035K, committed 70144K, reserved 1114112K
  class space    used 9647K, committed 10688K, reserved 1048576K
}
Event: 15.019 GC heap before
{Heap before GC invocations=20 (full 0):
 garbage-first heap   total 122880K, used 104189K [0x0000000600000000, 0x0000000800000000)
  region size 4096K, 11 young (45056K), 2 survivors (8192K)
 Metaspace       used 70752K, committed 72896K, reserved 1114112K
  class space    used 10045K, committed 11136K, reserved 1048576K
}
Event: 15.029 GC heap after
{Heap after GC invocations=21 (full 0):
 garbage-first heap   total 147456K, used 70447K [0x0000000600000000, 0x0000000800000000)
  region size 4096K, 2 young (8192K), 2 survivors (8192K)
 Metaspace       used 70752K, committed 72896K, reserved 1114112K
  class space    used 10045K, committed 11136K, reserved 1048576K
}
Event: 16.082 GC heap before
{Heap before GC invocations=21 (full 0):
 garbage-first heap   total 147456K, used 119599K [0x0000000600000000, 0x0000000800000000)
  region size 4096K, 15 young (61440K), 2 survivors (8192K)
 Metaspace       used 73530K, committed 75648K, reserved 1114112K
  class space    used 10487K, committed 11584K, reserved 1048576K
}
Event: 16.094 GC heap after
{Heap after GC invocations=22 (full 0):
 garbage-first heap   total 147456K, used 74996K [0x0000000600000000, 0x0000000800000000)
  region size 4096K, 2 young (8192K), 2 survivors (8192K)
 Metaspace       used 73530K, committed 75648K, reserved 1114112K
  class space    used 10487K, committed 11584K, reserved 1048576K
}
Event: 16.580 GC heap before
{Heap before GC invocations=22 (full 0):
 garbage-first heap   total 147456K, used 120052K [0x0000000600000000, 0x0000000800000000)
  region size 4096K, 14 young (57344K), 2 survivors (8192K)
 Metaspace       used 73861K, committed 76032K, reserved 1114112K
  class space    used 10498K, committed 11584K, reserved 1048576K
}
Event: 16.590 GC heap after
{Heap after GC invocations=23 (full 0):
 garbage-first heap   total 147456K, used 79017K [0x0000000600000000, 0x0000000800000000)
  region size 4096K, 2 young (8192K), 2 survivors (8192K)
 Metaspace       used 73861K, committed 76032K, reserved 1114112K
  class space    used 10498K, committed 11584K, reserved 1048576K
}
Event: 16.948 GC heap before
{Heap before GC invocations=24 (full 0):
 garbage-first heap   total 147456K, used 119977K [0x0000000600000000, 0x0000000800000000)
  region size 4096K, 12 young (49152K), 2 survivors (8192K)
 Metaspace       used 73932K, committed 76096K, reserved 1114112K
  class space    used 10499K, committed 11584K, reserved 1048576K
}
Event: 16.953 GC heap after
{Heap after GC invocations=25 (full 0):
 garbage-first heap   total 147456K, used 79567K [0x0000000600000000, 0x0000000800000000)
  region size 4096K, 2 young (8192K), 2 survivors (8192K)
 Metaspace       used 73932K, committed 76096K, reserved 1114112K
  class space    used 10499K, committed 11584K, reserved 1048576K
}
Event: 17.145 GC heap before
{Heap before GC invocations=25 (full 0):
 garbage-first heap   total 147456K, used 116431K [0x0000000600000000, 0x0000000800000000)
  region size 4096K, 12 young (49152K), 2 survivors (8192K)
 Metaspace       used 73950K, committed 76160K, reserved 1114112K
  class space    used 10502K, committed 11584K, reserved 1048576K
}
Event: 17.154 GC heap after
{Heap after GC invocations=26 (full 0):
 garbage-first heap   total 147456K, used 79824K [0x0000000600000000, 0x0000000800000000)
  region size 4096K, 2 young (8192K), 2 survivors (8192K)
 Metaspace       used 73950K, committed 76160K, reserved 1114112K
  class space    used 10502K, committed 11584K, reserved 1048576K
}
Event: 17.437 GC heap before
{Heap before GC invocations=26 (full 0):
 garbage-first heap   total 147456K, used 120784K [0x0000000600000000, 0x0000000800000000)
  region size 4096K, 12 young (49152K), 2 survivors (8192K)
 Metaspace       used 74222K, committed 76416K, reserved 1114112K
  class space    used 10532K, committed 11648K, reserved 1048576K
}
Event: 17.443 GC heap after
{Heap after GC invocations=27 (full 0):
 garbage-first heap   total 180224K, used 82163K [0x0000000600000000, 0x0000000800000000)
  region size 4096K, 2 young (8192K), 2 survivors (8192K)
 Metaspace       used 74222K, committed 76416K, reserved 1114112K
  class space    used 10532K, committed 11648K, reserved 1048576K
}
Event: 18.097 GC heap before
{Heap before GC invocations=28 (full 0):
 garbage-first heap   total 180224K, used 151795K [0x0000000600000000, 0x0000000800000000)
  region size 4096K, 20 young (81920K), 2 survivors (8192K)
 Metaspace       used 77810K, committed 80064K, reserved 1179648K
  class space    used 10941K, committed 12096K, reserved 1048576K
}
Event: 18.108 GC heap after
{Heap after GC invocations=29 (full 0):
 garbage-first heap   total 188416K, used 103147K [0x0000000600000000, 0x0000000800000000)
  region size 4096K, 3 young (12288K), 3 survivors (12288K)
 Metaspace       used 77810K, committed 80064K, reserved 1179648K
  class space    used 10941K, committed 12096K, reserved 1048576K
}

Dll operation events (16 events):
Event: 0.016 Loaded shared library C:\Program Files\Eclipse Adoptium\jdk-21.0.7.6-hotspot\bin\java.dll
Event: 0.067 Loaded shared library C:\Program Files\Eclipse Adoptium\jdk-21.0.7.6-hotspot\bin\jsvml.dll
Event: 0.146 Loaded shared library C:\Program Files\Eclipse Adoptium\jdk-21.0.7.6-hotspot\bin\zip.dll
Event: 0.152 Loaded shared library C:\Program Files\Eclipse Adoptium\jdk-21.0.7.6-hotspot\bin\instrument.dll
Event: 0.156 Loaded shared library C:\Program Files\Eclipse Adoptium\jdk-21.0.7.6-hotspot\bin\net.dll
Event: 0.159 Loaded shared library C:\Program Files\Eclipse Adoptium\jdk-21.0.7.6-hotspot\bin\nio.dll
Event: 0.164 Loaded shared library C:\Program Files\Eclipse Adoptium\jdk-21.0.7.6-hotspot\bin\zip.dll
Event: 0.522 Loaded shared library C:\Program Files\Eclipse Adoptium\jdk-21.0.7.6-hotspot\bin\jimage.dll
Event: 0.770 Loaded shared library C:\Program Files\Eclipse Adoptium\jdk-21.0.7.6-hotspot\bin\verify.dll
Event: 0.983 Loaded shared library C:\Users\babak\.gradle\native\1def1411415f61bf3af743bc5b6707747c0891f09f0c88961ee8f79bc544acac\windows-amd64\native-platform.dll
Event: 0.994 Loaded shared library C:\Users\babak\.gradle\native\0.2.5\x86_64-windows-gnu\gradle-fileevents.dll
Event: 2.802 Loaded shared library C:\Program Files\Eclipse Adoptium\jdk-21.0.7.6-hotspot\bin\management.dll
Event: 2.807 Loaded shared library C:\Program Files\Eclipse Adoptium\jdk-21.0.7.6-hotspot\bin\management_ext.dll
Event: 3.163 Loaded shared library C:\Program Files\Eclipse Adoptium\jdk-21.0.7.6-hotspot\bin\extnet.dll
Event: 3.399 Loaded shared library C:\Program Files\Eclipse Adoptium\jdk-21.0.7.6-hotspot\bin\sunmscapi.dll
Event: 4.360 Loaded shared library C:\Users\babak\AppData\Local\Temp\native-platform12368267638670479521dir\gradle-fileevents.dll

Deoptimization events (20 events):
Event: 17.860 Thread 0x000001fe717f0900 Uncommon trap: trap_request=0xffffff45 fr.pc=0x000001fe103d1590 relative=0x00000000000007b0
Event: 17.860 Thread 0x000001fe717f0900 Uncommon trap: reason=unstable_if action=reinterpret pc=0x000001fe103d1590 method=java.io.BufferedInputStream.implRead([BII)I @ 55 c2
Event: 17.860 Thread 0x000001fe717f0900 DEOPT PACKING pc=0x000001fe103d1590 sp=0x000000f1cccf4780
Event: 17.860 Thread 0x000001fe717f0900 DEOPT UNPACKING pc=0x000001fe0fd846a2 sp=0x000000f1cccf4758 mode 2
Event: 17.888 Thread 0x000001fe717f0900 Uncommon trap: trap_request=0xffffffde fr.pc=0x000001fe10743a84 relative=0x0000000000005e84
Event: 17.888 Thread 0x000001fe717f0900 Uncommon trap: reason=class_check action=maybe_recompile pc=0x000001fe10743a84 method=java.util.jar.JarFile.getManifestFromReference()Ljava/util/jar/Manifest; @ 152 c2
Event: 17.888 Thread 0x000001fe717f0900 DEOPT PACKING pc=0x000001fe10743a84 sp=0x000000f1cccf4160
Event: 17.888 Thread 0x000001fe717f0900 DEOPT UNPACKING pc=0x000001fe0fd846a2 sp=0x000000f1cccf3e00 mode 2
Event: 18.058 Thread 0x000001fe717f0900 Uncommon trap: trap_request=0xffffffde fr.pc=0x000001fe10743a84 relative=0x0000000000005e84
Event: 18.058 Thread 0x000001fe717f0900 Uncommon trap: reason=class_check action=maybe_recompile pc=0x000001fe10743a84 method=java.util.jar.JarFile.getManifestFromReference()Ljava/util/jar/Manifest; @ 152 c2
Event: 18.058 Thread 0x000001fe717f0900 DEOPT PACKING pc=0x000001fe10743a84 sp=0x000000f1cccf43a0
Event: 18.058 Thread 0x000001fe717f0900 DEOPT UNPACKING pc=0x000001fe0fd846a2 sp=0x000000f1cccf4040 mode 2
Event: 18.067 Thread 0x000001fe717f0900 Uncommon trap: trap_request=0xffffff45 fr.pc=0x000001fe103fd2f8 relative=0x0000000000001d98
Event: 18.067 Thread 0x000001fe717f0900 Uncommon trap: reason=unstable_if action=reinterpret pc=0x000001fe103fd2f8 method=java.util.zip.InflaterInputStream.read([BII)I @ 94 c2
Event: 18.067 Thread 0x000001fe717f0900 DEOPT PACKING pc=0x000001fe103fd2f8 sp=0x000000f1cccf2920
Event: 18.067 Thread 0x000001fe717f0900 DEOPT UNPACKING pc=0x000001fe0fd846a2 sp=0x000000f1cccf2980 mode 2
Event: 18.108 Thread 0x000001fe2a892460 Uncommon trap: trap_request=0xffffffde fr.pc=0x000001fe106b6b68 relative=0x0000000000000508
Event: 18.108 Thread 0x000001fe2a892460 Uncommon trap: reason=class_check action=maybe_recompile pc=0x000001fe106b6b68 method=jdk.internal.ref.PhantomCleanable.clean()V @ 12 c2
Event: 18.108 Thread 0x000001fe2a892460 DEOPT PACKING pc=0x000001fe106b6b68 sp=0x000000f1cbdff2c0
Event: 18.108 Thread 0x000001fe2a892460 DEOPT UNPACKING pc=0x000001fe0fd846a2 sp=0x000000f1cbdff2a0 mode 2

Classes loaded (20 events):
Event: 15.295 Loading class java/util/stream/ReferencePipeline$4
Event: 15.295 Loading class java/util/stream/IntPipeline$StatelessOp
Event: 15.295 Loading class java/util/stream/IntPipeline$StatelessOp done
Event: 15.295 Loading class java/util/stream/ReferencePipeline$4 done
Event: 15.295 Loading class java/util/stream/ReduceOps$6
Event: 15.296 Loading class java/util/stream/ReduceOps$6 done
Event: 15.296 Loading class java/util/stream/ReduceOps$5ReducingSink
Event: 15.296 Loading class java/util/stream/ReduceOps$5ReducingSink done
Event: 15.296 Loading class java/util/stream/ReferencePipeline$4$1
Event: 15.296 Loading class java/util/stream/ReferencePipeline$4$1 done
Event: 15.829 Loading class java/util/concurrent/ConcurrentLinkedQueue$Itr
Event: 15.830 Loading class java/util/concurrent/ConcurrentLinkedQueue$Itr done
Event: 16.027 Loading class java/util/Collections$ReverseComparator
Event: 16.028 Loading class java/util/Collections$ReverseComparator done
Event: 16.028 Loading class java/util/Collections$ReverseComparator2
Event: 16.028 Loading class java/util/Collections$ReverseComparator2 done
Event: 16.621 Loading class java/lang/foreign/MemorySegment
Event: 16.623 Loading class java/lang/foreign/MemorySegment done
Event: 17.472 Loading class java/io/NotSerializableException
Event: 17.472 Loading class java/io/NotSerializableException done

Classes unloaded (0 events):
No events

Classes redefined (0 events):
No events

Internal exceptions (20 events):
Event: 15.364 Thread 0x000001fe81751430 Exception <a 'java/lang/IncompatibleClassChangeError'{0x00000006091fb840}: Found class java.lang.Object, but interface was expected> (0x00000006091fb840) 
thrown [s\src\hotspot\share\interpreter\linkResolver.cpp, line 840]
Event: 15.522 Thread 0x000001fe81751430 Exception <a 'java/lang/NoSuchMethodError'{0x0000000606eaf758}: static Ljava/lang/Object;.<clinit>()V> (0x0000000606eaf758) 
thrown [s\src\hotspot\share\prims\jni.cpp, line 1111]
Event: 15.706 Thread 0x000001fe81751430 Exception <a 'java/lang/NoSuchMethodError'{0x00000006061fa988}: 'int java.lang.invoke.DirectMethodHandle$Holder.invokeStaticInit(java.lang.Object, java.lang.Object, java.lang.Object, java.lang.Object, java.lang.Object)'> (0x00000006061fa988) 
thrown [s\src\hotspot\share\interpreter\linkResolver.cpp, line 773]
Event: 15.752 Thread 0x000001fe717db560 Exception <a 'java/lang/NoSuchMethodError'{0x000000060639a8e0}: static Lorg/gradle/internal/build/event/types/DefaultTaskSuccessResult;.<clinit>()V> (0x000000060639a8e0) 
thrown [s\src\hotspot\share\prims\jni.cpp, line 1111]
Event: 15.756 Thread 0x000001fe81751430 Exception <a 'sun/nio/fs/WindowsException'{0x000000060637a798}> (0x000000060637a798) 
thrown [s\src\hotspot\share\prims\jni.cpp, line 520]
Event: 15.757 Thread 0x000001fe81751430 Exception <a 'sun/nio/fs/WindowsException'{0x000000060637cce0}> (0x000000060637cce0) 
thrown [s\src\hotspot\share\prims\jni.cpp, line 520]
Event: 15.757 Thread 0x000001fe81751430 Exception <a 'sun/nio/fs/WindowsException'{0x000000060637f008}> (0x000000060637f008) 
thrown [s\src\hotspot\share\prims\jni.cpp, line 520]
Event: 15.758 Thread 0x000001fe81751430 Exception <a 'sun/nio/fs/WindowsException'{0x0000000606380f58}> (0x0000000606380f58) 
thrown [s\src\hotspot\share\prims\jni.cpp, line 520]
Event: 15.770 Thread 0x000001fe81751430 Exception <a 'sun/nio/fs/WindowsException'{0x00000006063d3af8}> (0x00000006063d3af8) 
thrown [s\src\hotspot\share\prims\jni.cpp, line 520]
Event: 15.770 Thread 0x000001fe81751430 Exception <a 'sun/nio/fs/WindowsException'{0x00000006063d5d18}> (0x00000006063d5d18) 
thrown [s\src\hotspot\share\prims\jni.cpp, line 520]
Event: 15.770 Thread 0x000001fe81751430 Exception <a 'sun/nio/fs/WindowsException'{0x00000006063d7c20}> (0x00000006063d7c20) 
thrown [s\src\hotspot\share\prims\jni.cpp, line 520]
Event: 16.201 Thread 0x000001fe84fa8950 Implicit null exception at 0x000001fe107cc9b3 to 0x000001fe107ccb70
Event: 16.275 Thread 0x000001fe84ffb9e0 Implicit null exception at 0x000001fe107e18fd to 0x000001fe107e3864
Event: 16.275 Thread 0x000001fe84ffb9e0 Implicit null exception at 0x000001fe107e18fd to 0x000001fe107e3864
Event: 16.281 Thread 0x000001fe84fa8950 Implicit null exception at 0x000001fe107e18fd to 0x000001fe107e3864
Event: 16.281 Thread 0x000001fe84fa8950 Implicit null exception at 0x000001fe107e18fd to 0x000001fe107e3864
Event: 16.574 Thread 0x000001fe84ffc070 Implicit null exception at 0x000001fe1082286a to 0x000001fe1082291c
Event: 17.504 Thread 0x000001fe717f0900 Exception <a 'java/lang/NoSuchMethodError'{0x000000060ff428d0}: 'java.lang.Object java.lang.invoke.Invokers$Holder.invokeExact_MT(java.lang.Object, java.lang.Object, java.lang.Object, int, java.lang.Object, java.lang.Object)'> (0x000000060ff428d0) 
thrown [s\src\hotspot\share\interpreter\linkResolver.cpp, line 773]
Event: 17.821 Thread 0x000001fe717f0900 Exception <a 'java/lang/ClassNotFoundException'{0x00000006086dfc88}: org/gradle/api/internal/plugins/DefaultObjectConfigurationActionBeanInfo> (0x00000006086dfc88) 
thrown [s\src\hotspot\share\classfile\systemDictionary.cpp, line 312]
Event: 17.821 Thread 0x000001fe717f0900 Exception <a 'java/lang/ClassNotFoundException'{0x00000006086f7340}: org/gradle/api/internal/plugins/DefaultObjectConfigurationActionCustomizer> (0x00000006086f7340) 
thrown [s\src\hotspot\share\classfile\systemDictionary.cpp, line 312]

ZGC Phase Switch (0 events):
No events

VM Operations (20 events):
Event: 16.580 Executing VM operation: G1CollectForAllocation (G1 Evacuation Pause)
Event: 16.590 Executing VM operation: G1CollectForAllocation (G1 Evacuation Pause) done
Event: 16.686 Executing VM operation: G1PauseRemark
Event: 16.695 Executing VM operation: G1PauseRemark done
Event: 16.732 Executing VM operation: G1PauseCleanup
Event: 16.732 Executing VM operation: G1PauseCleanup done
Event: 16.948 Executing VM operation: G1CollectForAllocation (G1 Evacuation Pause)
Event: 16.953 Executing VM operation: G1CollectForAllocation (G1 Evacuation Pause) done
Event: 17.145 Executing VM operation: G1CollectForAllocation (G1 Evacuation Pause)
Event: 17.155 Executing VM operation: G1CollectForAllocation (G1 Evacuation Pause) done
Event: 17.437 Executing VM operation: G1CollectForAllocation (G1 Evacuation Pause)
Event: 17.443 Executing VM operation: G1CollectForAllocation (G1 Evacuation Pause) done
Event: 17.512 Executing VM operation: G1PauseRemark
Event: 17.516 Executing VM operation: G1PauseRemark done
Event: 17.535 Executing VM operation: HandshakeAllThreads (Deoptimize)
Event: 17.535 Executing VM operation: HandshakeAllThreads (Deoptimize) done
Event: 17.537 Executing VM operation: G1PauseCleanup
Event: 17.537 Executing VM operation: G1PauseCleanup done
Event: 18.097 Executing VM operation: G1CollectForAllocation (G1 Evacuation Pause)
Event: 18.108 Executing VM operation: G1CollectForAllocation (G1 Evacuation Pause) done

Memory protections (0 events):
No events

Nmethod flushes (20 events):
Event: 17.516 Thread 0x000001fe7fe93a20 flushing  nmethod 0x000001fe0084c490
Event: 17.516 Thread 0x000001fe7fe93a20 flushing  nmethod 0x000001fe0090c390
Event: 17.516 Thread 0x000001fe7fe93a20 flushing  nmethod 0x000001fe00911110
Event: 17.516 Thread 0x000001fe7fe93a20 flushing  nmethod 0x000001fe00912790
Event: 17.516 Thread 0x000001fe7fe93a20 flushing  nmethod 0x000001fe00913610
Event: 17.516 Thread 0x000001fe7fe93a20 flushing  nmethod 0x000001fe00913d90
Event: 17.516 Thread 0x000001fe7fe93a20 flushing  nmethod 0x000001fe00914510
Event: 17.516 Thread 0x000001fe7fe93a20 flushing  nmethod 0x000001fe00993090
Event: 17.516 Thread 0x000001fe7fe93a20 flushing  nmethod 0x000001fe00993890
Event: 17.516 Thread 0x000001fe7fe93a20 flushing  nmethod 0x000001fe00994290
Event: 17.516 Thread 0x000001fe7fe93a20 flushing  nmethod 0x000001fe009f1890
Event: 17.516 Thread 0x000001fe7fe93a20 flushing  nmethod 0x000001fe009f5290
Event: 17.516 Thread 0x000001fe7fe93a20 flushing  nmethod 0x000001fe009f5810
Event: 17.516 Thread 0x000001fe7fe93a20 flushing  nmethod 0x000001fe009fa890
Event: 17.516 Thread 0x000001fe7fe93a20 flushing  nmethod 0x000001fe00a3c990
Event: 17.516 Thread 0x000001fe7fe93a20 flushing  nmethod 0x000001fe00a3e410
Event: 17.516 Thread 0x000001fe7fe93a20 flushing  nmethod 0x000001fe00a3f590
Event: 17.516 Thread 0x000001fe7fe93a20 flushing  nmethod 0x000001fe00a43210
Event: 17.516 Thread 0x000001fe7fe93a20 flushing  nmethod 0x000001fe00da8c10
Event: 17.516 Thread 0x000001fe7fe93a20 flushing  nmethod 0x000001fe00da9690

Events (20 events):
Event: 16.074 Thread 0x000001fe717f0900 Thread added: 0x000001fe84fa7c30
Event: 16.074 Thread 0x000001fe717f0900 Thread added: 0x000001fe84fa47b0
Event: 16.075 Thread 0x000001fe717f0900 Thread added: 0x000001fe84faa390
Event: 16.075 Thread 0x000001fe717f0900 Thread added: 0x000001fe84fa9d00
Event: 16.076 Thread 0x000001fe717f0900 Thread added: 0x000001fe84fa82c0
Event: 16.201 Thread 0x000001fe717f0900 Thread added: 0x000001fe84fa8950
Event: 16.202 Thread 0x000001fe717f0900 Thread added: 0x000001fe84fa8fe0
Event: 16.203 Thread 0x000001fe717f0900 Thread added: 0x000001fe84fa9670
Event: 16.206 Thread 0x000001fe717f0900 Thread added: 0x000001fe84ffacc0
Event: 16.207 Thread 0x000001fe717f0900 Thread added: 0x000001fe84ffb350
Event: 16.210 Thread 0x000001fe717f0900 Thread added: 0x000001fe84ffb9e0
Event: 16.214 Thread 0x000001fe717f0900 Thread added: 0x000001fe84ffdab0
Event: 16.519 Thread 0x000001fe717f0900 Thread added: 0x000001fe84ffe140
Event: 16.520 Thread 0x000001fe717f0900 Thread added: 0x000001fe84ffe7d0
Event: 16.521 Thread 0x000001fe717f0900 Thread added: 0x000001fe84ffd420
Event: 16.521 Thread 0x000001fe717f0900 Thread added: 0x000001fe84ffee60
Event: 16.522 Thread 0x000001fe717f0900 Thread added: 0x000001fe84fff4f0
Event: 16.526 Thread 0x000001fe717f0900 Thread added: 0x000001fe84ffc700
Event: 16.527 Thread 0x000001fe717f0900 Thread added: 0x000001fe84ffc070
Event: 17.949 Thread 0x000001fe714e07f0 Thread exited: 0x000001fe714e07f0


Dynamic libraries:
0x00007ff7bfea0000 - 0x00007ff7bfeae000 	C:\Program Files\Eclipse Adoptium\jdk-21.0.7.6-hotspot\bin\java.exe
0x00007ffa5e8c0000 - 0x00007ffa5eb26000 	C:\WINDOWS\SYSTEM32\ntdll.dll
0x00007ffa5d560000 - 0x00007ffa5d629000 	C:\WINDOWS\System32\KERNEL32.DLL
0x00007ffa5c060000 - 0x00007ffa5c45e000 	C:\WINDOWS\System32\KERNELBASE.dll
0x00007ffa5bf00000 - 0x00007ffa5c04c000 	C:\WINDOWS\System32\ucrtbase.dll
0x00007ffa556b0000 - 0x00007ffa556c8000 	C:\Program Files\Eclipse Adoptium\jdk-21.0.7.6-hotspot\bin\jli.dll
0x00007ffa4e6f0000 - 0x00007ffa4e70e000 	C:\Program Files\Eclipse Adoptium\jdk-21.0.7.6-hotspot\bin\VCRUNTIME140.dll
0x00007ffa5e5f0000 - 0x00007ffa5e7b7000 	C:\WINDOWS\System32\USER32.dll
0x00007ffa4cd30000 - 0x00007ffa4cfc2000 	C:\WINDOWS\WinSxS\amd64_microsoft.windows.common-controls_6595b64144ccf1df_6.0.26100.8875_none_3e0d5d42e32fe9dd\COMCTL32.dll
0x00007ffa5bae0000 - 0x00007ffa5bb07000 	C:\WINDOWS\System32\win32u.dll
0x00007ffa5e7d0000 - 0x00007ffa5e879000 	C:\WINDOWS\System32\msvcrt.dll
0x00007ffa5c5f0000 - 0x00007ffa5c61b000 	C:\WINDOWS\System32\GDI32.dll
0x00007ffa5bbd0000 - 0x00007ffa5bcfa000 	C:\WINDOWS\System32\gdi32full.dll
0x00007ffa5be50000 - 0x00007ffa5bef3000 	C:\WINDOWS\System32\msvcp_win.dll
0x00007ffa5d760000 - 0x00007ffa5d792000 	C:\WINDOWS\System32\IMM32.DLL
0x00007ffa557e0000 - 0x00007ffa557ec000 	C:\Program Files\Eclipse Adoptium\jdk-21.0.7.6-hotspot\bin\vcruntime140_1.dll
0x00007ff9fb7e0000 - 0x00007ff9fb86d000 	C:\Program Files\Eclipse Adoptium\jdk-21.0.7.6-hotspot\bin\msvcp140.dll
0x00007ff9d97d0000 - 0x00007ff9da560000 	C:\Program Files\Eclipse Adoptium\jdk-21.0.7.6-hotspot\bin\server\jvm.dll
0x00007ffa5e310000 - 0x00007ffa5e3c7000 	C:\WINDOWS\System32\ADVAPI32.dll
0x00007ffa5d4b0000 - 0x00007ffa5d55a000 	C:\WINDOWS\System32\sechost.dll
0x00007ffa5e420000 - 0x00007ffa5e538000 	C:\WINDOWS\System32\RPCRT4.dll
0x00007ffa5def0000 - 0x00007ffa5df70000 	C:\WINDOWS\System32\WS2_32.dll
0x00007ffa5b940000 - 0x00007ffa5b99e000 	C:\WINDOWS\SYSTEM32\POWRPROF.dll
0x00007ffa51d50000 - 0x00007ffa51d86000 	C:\WINDOWS\SYSTEM32\WINMM.dll
0x00007ffa51e40000 - 0x00007ffa51e4b000 	C:\WINDOWS\SYSTEM32\VERSION.dll
0x00007ffa5b920000 - 0x00007ffa5b934000 	C:\WINDOWS\SYSTEM32\UMPDC.dll
0x00007ffa5a780000 - 0x00007ffa5a79b000 	C:\WINDOWS\SYSTEM32\kernel.appcore.dll
0x00007ffa55720000 - 0x00007ffa5572a000 	C:\Program Files\Eclipse Adoptium\jdk-21.0.7.6-hotspot\bin\jimage.dll
0x00007ffa4c230000 - 0x00007ffa4c472000 	C:\WINDOWS\SYSTEM32\DBGHELP.DLL
0x00007ffa5df80000 - 0x00007ffa5e303000 	C:\WINDOWS\System32\combase.dll
0x00007ffa5d980000 - 0x00007ffa5da59000 	C:\WINDOWS\System32\OLEAUT32.dll
0x00007ffa4c160000 - 0x00007ffa4c19b000 	C:\WINDOWS\SYSTEM32\dbgcore.DLL
0x00007ffa5bd90000 - 0x00007ffa5be3c000 	C:\WINDOWS\System32\bcryptPrimitives.dll
0x00007ffa39b70000 - 0x00007ffa39b7f000 	C:\Program Files\Eclipse Adoptium\jdk-21.0.7.6-hotspot\bin\instrument.dll
0x00007ffa0f6b0000 - 0x00007ffa0f6cf000 	C:\Program Files\Eclipse Adoptium\jdk-21.0.7.6-hotspot\bin\java.dll
0x00007ffa5c930000 - 0x00007ffa5d0c2000 	C:\WINDOWS\System32\SHELL32.dll
0x00007ffa59560000 - 0x00007ffa59df2000 	C:\WINDOWS\SYSTEM32\windows.storage.dll
0x00007ffa5c7b0000 - 0x00007ffa5c8a7000 	C:\WINDOWS\System32\SHCORE.dll
0x00007ffa5d630000 - 0x00007ffa5d697000 	C:\WINDOWS\System32\shlwapi.dll
0x00007ffa5ba00000 - 0x00007ffa5ba29000 	C:\WINDOWS\SYSTEM32\profapi.dll
0x00007ff9ef960000 - 0x00007ff9efa37000 	C:\Program Files\Eclipse Adoptium\jdk-21.0.7.6-hotspot\bin\jsvml.dll
0x00007ffa06f40000 - 0x00007ffa06f58000 	C:\Program Files\Eclipse Adoptium\jdk-21.0.7.6-hotspot\bin\zip.dll
0x00007ffa43090000 - 0x00007ffa430a0000 	C:\Program Files\Eclipse Adoptium\jdk-21.0.7.6-hotspot\bin\net.dll
0x00007ffa546c0000 - 0x00007ffa547e7000 	C:\WINDOWS\SYSTEM32\WINHTTP.dll
0x00007ffa5ad10000 - 0x00007ffa5ad7c000 	C:\WINDOWS\system32\mswsock.dll
0x00007ffa0e920000 - 0x00007ffa0e936000 	C:\Program Files\Eclipse Adoptium\jdk-21.0.7.6-hotspot\bin\nio.dll
0x00007ffa42f00000 - 0x00007ffa42f10000 	C:\Program Files\Eclipse Adoptium\jdk-21.0.7.6-hotspot\bin\verify.dll
0x00007ffa065e0000 - 0x00007ffa06607000 	C:\Users\babak\.gradle\native\1def1411415f61bf3af743bc5b6707747c0891f09f0c88961ee8f79bc544acac\windows-amd64\native-platform.dll
0x000000005e8b0000 - 0x000000005e923000 	C:\Users\babak\.gradle\native\0.2.5\x86_64-windows-gnu\gradle-fileevents.dll
0x00007ffa42e70000 - 0x00007ffa42e7a000 	C:\Program Files\Eclipse Adoptium\jdk-21.0.7.6-hotspot\bin\management.dll
0x00007ffa41f50000 - 0x00007ffa41f5b000 	C:\Program Files\Eclipse Adoptium\jdk-21.0.7.6-hotspot\bin\management_ext.dll
0x00007ffa5d130000 - 0x00007ffa5d138000 	C:\WINDOWS\System32\PSAPI.DLL
0x00007ffa5b140000 - 0x00007ffa5b15b000 	C:\WINDOWS\SYSTEM32\CRYPTSP.dll
0x00007ffa5a6e0000 - 0x00007ffa5a719000 	C:\WINDOWS\system32\rsaenh.dll
0x00007ffa5add0000 - 0x00007ffa5ae02000 	C:\WINDOWS\SYSTEM32\USERENV.dll
0x00007ffa5b9d0000 - 0x00007ffa5b9fa000 	C:\WINDOWS\SYSTEM32\bcrypt.dll
0x00007ffa5af80000 - 0x00007ffa5af8c000 	C:\WINDOWS\SYSTEM32\CRYPTBASE.dll
0x00007ffa5a130000 - 0x00007ffa5a163000 	C:\WINDOWS\SYSTEM32\IPHLPAPI.DLL
0x00007ffa5d4a0000 - 0x00007ffa5d4aa000 	C:\WINDOWS\System32\NSI.dll
0x00007ffa40f60000 - 0x00007ffa40f69000 	C:\Program Files\Eclipse Adoptium\jdk-21.0.7.6-hotspot\bin\extnet.dll
0x00007ffa3bcb0000 - 0x00007ffa3bcbe000 	C:\Program Files\Eclipse Adoptium\jdk-21.0.7.6-hotspot\bin\sunmscapi.dll
0x00007ffa5c470000 - 0x00007ffa5c5e8000 	C:\WINDOWS\System32\CRYPT32.dll
0x00007ffa5b2b0000 - 0x00007ffa5b2e0000 	C:\WINDOWS\SYSTEM32\ncrypt.dll
0x00007ffa5b260000 - 0x00007ffa5b29f000 	C:\WINDOWS\SYSTEM32\NTASN1.dll
0x00007ffa084e0000 - 0x00007ffa084e8000 	C:\WINDOWS\system32\wshunix.dll
0x000000005e830000 - 0x000000005e8a3000 	C:\Users\babak\AppData\Local\Temp\native-platform12368267638670479521dir\gradle-fileevents.dll
0x00007ffa32fd0000 - 0x00007ffa32fe8000 	C:\WINDOWS\system32\napinsp.dll
0x00007ffa5a170000 - 0x00007ffa5a2c6000 	C:\WINDOWS\SYSTEM32\DNSAPI.dll
0x00007ffa5ab10000 - 0x00007ffa5ab1d000 	C:\WINDOWS\SYSTEM32\DSPARSE.dll
0x00007ffa29d50000 - 0x00007ffa29d63000 	C:\WINDOWS\System32\winrnr.dll
0x00007ffa557f0000 - 0x00007ffa55812000 	C:\WINDOWS\system32\nlansp_c.dll
0x00007ffa34570000 - 0x00007ffa34586000 	C:\WINDOWS\system32\wshbth.dll
0x00007ffa519d0000 - 0x00007ffa519db000 	C:\Windows\System32\rasadhlp.dll
0x00007ffa51d90000 - 0x00007ffa51e16000 	C:\WINDOWS\System32\fwpuclnt.dll

dbghelp: loaded successfully - version: 4.0.5 - missing functions: none
symbol engine: initialized successfully - sym options: 0x614 - pdb path: .;C:\Program Files\Eclipse Adoptium\jdk-21.0.7.6-hotspot\bin;C:\WINDOWS\SYSTEM32;C:\WINDOWS\WinSxS\amd64_microsoft.windows.common-controls_6595b64144ccf1df_6.0.26100.8875_none_3e0d5d42e32fe9dd;C:\Program Files\Eclipse Adoptium\jdk-21.0.7.6-hotspot\bin\server;C:\Users\babak\.gradle\native\1def1411415f61bf3af743bc5b6707747c0891f09f0c88961ee8f79bc544acac\windows-amd64;C:\Users\babak\.gradle\native\0.2.5\x86_64-windows-gnu;C:\Users\babak\AppData\Local\Temp\native-platform12368267638670479521dir

VM Arguments:
jvm_args: --add-opens=java.base/java.lang=ALL-UNNAMED --add-opens=java.base/java.lang.invoke=ALL-UNNAMED --add-opens=java.base/java.util=ALL-UNNAMED --add-opens=java.prefs/java.util.prefs=ALL-UNNAMED --add-exports=jdk.compiler/com.sun.tools.javac.api=ALL-UNNAMED --add-exports=jdk.compiler/com.sun.tools.javac.util=ALL-UNNAMED --add-opens=java.base/java.util=ALL-UNNAMED --add-opens=java.prefs/java.util.prefs=ALL-UNNAMED --add-opens=java.base/java.nio.charset=ALL-UNNAMED --add-opens=java.base/java.net=ALL-UNNAMED --add-opens=java.base/java.util.concurrent.atomic=ALL-UNNAMED --add-opens=java.xml/javax.xml.namespace=ALL-UNNAMED -XX:MaxMetaspaceSize=4G -XX:ReservedCodeCacheSize=512m -XX:+HeapDumpOnOutOfMemoryError -Xmx8G -Dfile.encoding=UTF-8 -Duser.country=US -Duser.language=en -Duser.variant -javaagent:C:\Users\babak\.gradle\wrapper\dists\gradle-8.12-all\5w11e38e9s8f05rwiw2wipzpb\gradle-8.12\lib\agents\gradle-instrumentation-agent-8.12.jar 
java_command: org.gradle.launcher.daemon.bootstrap.GradleDaemon 8.12
java_class_path (initial): C:\Users\babak\.gradle\wrapper\dists\gradle-8.12-all\5w11e38e9s8f05rwiw2wipzpb\gradle-8.12\lib\gradle-daemon-main-8.12.jar
Launcher Type: SUN_STANDARD

[Global flags]
     intx CICompilerCount                          = 4                                         {product} {ergonomic}
     uint ConcGCThreads                            = 2                                         {product} {ergonomic}
     uint G1ConcRefinementThreads                  = 8                                         {product} {ergonomic}
   size_t G1HeapRegionSize                         = 4194304                                   {product} {ergonomic}
    uintx GCDrainStackTargetSize                   = 64                                        {product} {ergonomic}
     bool HeapDumpOnOutOfMemoryError               = true                                   {manageable} {command line}
   size_t InitialHeapSize                          = 268435456                                 {product} {ergonomic}
   size_t MarkStackSize                            = 4194304                                   {product} {ergonomic}
   size_t MaxHeapSize                              = 8589934592                                {product} {command line}
   size_t MaxMetaspaceSize                         = 4294967296                                {product} {command line}
   size_t MaxNewSize                               = 5150605312                                {product} {ergonomic}
   size_t MinHeapDeltaBytes                        = 4194304                                   {product} {ergonomic}
   size_t MinHeapSize                              = 8388608                                   {product} {ergonomic}
    uintx NonNMethodCodeHeapSize                   = 5839372                                {pd product} {ergonomic}
    uintx NonProfiledCodeHeapSize                  = 265515770                              {pd product} {ergonomic}
    uintx ProfiledCodeHeapSize                     = 265515770                              {pd product} {ergonomic}
    uintx ReservedCodeCacheSize                    = 536870912                              {pd product} {command line}
     bool SegmentedCodeCache                       = true                                      {product} {ergonomic}
   size_t SoftMaxHeapSize                          = 8589934592                             {manageable} {ergonomic}
     bool UseCompressedOops                        = true                           {product lp64_product} {ergonomic}
     bool UseG1GC                                  = true                                      {product} {ergonomic}
     bool UseLargePagesIndividualAllocation        = false                                  {pd product} {ergonomic}

Logging:
Log output configuration:
 #0: stdout all=warning uptime,level,tags foldmultilines=false
 #1: stderr all=off uptime,level,tags foldmultilines=false

Environment Variables:
JAVA_HOME=C:\Program Files\Eclipse Adoptium\jdk-21.0.7.6-hotspot\
PATH=C:\Program Files (x86)\Common Files\Oracle\Java\java8path;C:\Program Files (x86)\Common Files\Oracle\Java\javapath;C:\Program Files\Eclipse Adoptium\jdk-21.0.7.6-hotspot\bin;C:\WINDOWS\system32;C:\WINDOWS;C:\WINDOWS\System32\Wbem;C:\WINDOWS\System32\WindowsPowerShell\v1.0\;C:\WINDOWS\System32\OpenSSH\;c:\Users\babak\AppData\Local\Programs\cursor\resources\app\bin;C:\Program Files\Git\cmd;C:\WINDOWS\system32\config\systemprofile\.dnx\bin;C:\Program Files\Microsoft DNX\Dnvm\;C:\Program Files\dotnet\;C:\Program Files\WireSock VPN Client\bin\;C:\Program Files\PuTTY\;C:\Program Files (x86)\Microsoft SQL Server\170\Tools\Binn\;C:\Program Files\Microsoft SQL Server\170\Tools\Binn\;C:\Program Files\Microsoft SQL Server\Client SDK\ODBC\180\Tools\Binn\;C:\Program Files\Microsoft SQL Server\170\DTS\Binn\;C:\Program Files (x86)\Windows Kits\10\Windows Performance Toolkit\;C:\Users\babak\AppData\Local\Programs\Python\Python313\Scripts\;C:\Users\babak\AppData\Local\Programs\Python\Python313\;C:\Users\babak\AppData\Local\Microsoft\WindowsApps;C:\Users\babak\.dotnet\tools;C:\Users\babak\Development\flutter\bin;C:\Users\babak\AppData\Local\Programs\cursor\resources\app\bin;C:\Users\babak\AppData\Local\Microsoft\WinGet\Links
USERNAME=babak
OS=Windows_NT
PROCESSOR_IDENTIFIER=Intel64 Family 6 Model 60 Stepping 3, GenuineIntel
TMP=C:\Users\babak\AppData\Local\Temp
TEMP=C:\Users\babak\AppData\Local\Temp




Periodic native trim disabled

---------------  S Y S T E M  ---------------

OS:
 Windows 11 , 64 bit Build 26100 (10.0.26100.8875)
OS uptime: 0 days 13:49 hours
Hyper-V role detected

CPU: total 8 (initial active 8) (4 cores per cpu, 2 threads per core) family 6 model 60 stepping 3 microcode 0x28, cx8, cmov, fxsr, ht, mmx, sse, sse2, sse3, ssse3, sse4.1, sse4.2, popcnt, lzcnt, tsc, tscinvbit, avx, avx2, aes, erms, clmul, bmi1, bmi2, fma, vzeroupper, clflush, hv, rdtscp, f16c
Processor Information for the first 8 processors :
  Max Mhz: 3601, Current Mhz: 3601, Mhz Limit: 3601

Memory: 4k page, system-wide physical 16315M (2031M free)
TotalPageFile size 17851M (AvailPageFile size 0M)
current process WorkingSet (physical memory assigned to process): 442M, peak: 442M
current process commit charge ("private bytes"): 487M, peak: 487M

vm_info: OpenJDK 64-Bit Server VM (21.0.7+6-LTS) for windows-amd64 JRE (21.0.7+6-LTS), built on 2025-04-15T00:00:00Z by "admin" with MS VC++ 17.7 (VS2022)

END.
