#
# There is insufficient memory for the Java Runtime Environment to continue.
# Native memory allocation (mmap) failed to map 65536 bytes. Error detail: Failed to commit metaspace.
# Possible reasons:
#   The system is out of physical RAM or swap space
#   This process is running with CompressedOops enabled, and the Java Heap may be blocking the growth of the native heap
# Possible solutions:
#   Reduce memory load on the system
#   Increase physical memory or swap space
#   Check if swap backing store is full
#   Decrease Java heap size (-Xmx/-Xms)
#   Decrease number of Java threads
#   Decrease Java thread stack sizes (-Xss)
#   Set larger code cache with -XX:ReservedCodeCacheSize=
#   JVM is running with Zero Based Compressed Oops mode in which the Java heap is
#     placed in the first 32GB address space. The Java Heap base address is the
#     maximum limit for the native heap growth. Please use -XX:HeapBaseMinAddress
#     to set the Java Heap base and to place the Java Heap above 32GB virtual address.
# This output file may be truncated or incomplete.
#
#  Out of Memory Error (virtualSpaceNode.cpp:113), pid=17956, tid=5156
#
# JRE version: OpenJDK Runtime Environment Temurin-21.0.7+6 (21.0.7+6) (build 21.0.7+6-LTS)
# Java VM: OpenJDK 64-Bit Server VM Temurin-21.0.7+6 (21.0.7+6-LTS, mixed mode, sharing, tiered, compressed oops, compressed class ptrs, g1 gc, windows-amd64)
# No core dump will be written. Minidumps are not enabled by default on client versions of Windows
#

---------------  S U M M A R Y ------------

Command Line: --add-opens=java.base/java.lang=ALL-UNNAMED --add-opens=java.base/java.lang.invoke=ALL-UNNAMED --add-opens=java.base/java.util=ALL-UNNAMED --add-opens=java.prefs/java.util.prefs=ALL-UNNAMED --add-exports=jdk.compiler/com.sun.tools.javac.api=ALL-UNNAMED --add-exports=jdk.compiler/com.sun.tools.javac.util=ALL-UNNAMED --add-opens=java.base/java.util=ALL-UNNAMED --add-opens=java.prefs/java.util.prefs=ALL-UNNAMED --add-opens=java.base/java.nio.charset=ALL-UNNAMED --add-opens=java.base/java.net=ALL-UNNAMED --add-opens=java.base/java.util.concurrent.atomic=ALL-UNNAMED --add-opens=java.xml/javax.xml.namespace=ALL-UNNAMED -XX:MaxMetaspaceSize=4G -XX:ReservedCodeCacheSize=512m -XX:+HeapDumpOnOutOfMemoryError -Xmx8G -Dfile.encoding=UTF-8 -Duser.country=US -Duser.language=en -Duser.variant -javaagent:C:\Users\babak\.gradle\wrapper\dists\gradle-8.12-all\5w11e38e9s8f05rwiw2wipzpb\gradle-8.12\lib\agents\gradle-instrumentation-agent-8.12.jar org.gradle.launcher.daemon.bootstrap.GradleDaemon 8.12

Host: Intel(R) Core(TM) i7-4790 CPU @ 3.60GHz, 8 cores, 15G,  Windows 11 , 64 bit Build 26100 (10.0.26100.8875)
Time: Sat Aug  8 02:24:47 2026 Iran Standard Time elapsed time: 42.456092 seconds (0d 0h 0m 42s)

---------------  T H R E A D  ---------------

Current thread (0x000002a7d3f51860):  JavaThread "Daemon worker"        [_thread_in_vm, id=5156, stack(0x000000f807300000,0x000000f807400000) (1024K)]

Stack: [0x000000f807300000,0x000000f807400000]
Native frames: (J=compiled Java code, j=interpreted, Vv=VM code, C=native code)
V  [jvm.dll+0x6ce119]
V  [jvm.dll+0x8a84a1]
V  [jvm.dll+0x8aa9ce]
V  [jvm.dll+0x8ab0b3]
V  [jvm.dll+0x27f8a6]
V  [jvm.dll+0x8a41ee]
V  [jvm.dll+0x670575]
V  [jvm.dll+0x6705da]
V  [jvm.dll+0x672dc2]
V  [jvm.dll+0x672c92]
V  [jvm.dll+0x670f4e]
V  [jvm.dll+0x2695bf]
V  [jvm.dll+0x67b1b5]
V  [jvm.dll+0x21563d]
V  [jvm.dll+0x215bba]
V  [jvm.dll+0x2165e5]
V  [jvm.dll+0x20bbae]
V  [jvm.dll+0x5ae58c]
V  [jvm.dll+0x21d26a]
V  [jvm.dll+0x820d6c]
V  [jvm.dll+0x821d94]
V  [jvm.dll+0x822580]
V  [jvm.dll+0x2169dc]
V  [jvm.dll+0x20bbc7]
V  [jvm.dll+0x5ae58c]
V  [jvm.dll+0x21d26a]
V  [jvm.dll+0x820d6c]
V  [jvm.dll+0x821d94]
V  [jvm.dll+0x822362]
V  [jvm.dll+0x821fe8]
V  [jvm.dll+0x26cf1b]
V  [jvm.dll+0x3d493e]
C  0x000002a7ef7ba97f

The last pc belongs to new (printed below).
Java frames: (J=compiled Java code, j=interpreted, Vv=VM code)
j  sun.security.util.math.intpoly.IntegerPolynomial.getElement(Ljava/math/BigInteger;)Lsun/security/util/math/intpoly/IntegerPolynomial$ImmutableElement;+0 java.base@21.0.7
j  sun.security.util.math.intpoly.IntegerPolynomial.getElement(Ljava/math/BigInteger;)Lsun/security/util/math/ImmutableIntegerModuloP;+2 java.base@21.0.7
j  sun.security.ec.ed.EdDSAParameters.<clinit>()V+30 jdk.crypto.ec@21.0.7
v  ~StubRoutines::call_stub 0x000002a7ef7a100d
j  sun.security.ec.ed.EdDSASignature.<init>(Ljava/security/spec/NamedParameterSpec;)V+33 jdk.crypto.ec@21.0.7
j  sun.security.ec.ed.EdDSASignature$Ed25519.<init>()V+4 jdk.crypto.ec@21.0.7
j  sun.security.ec.SunEC$ProviderService.newInstance(Ljava/lang/Object;)Ljava/lang/Object;+67 jdk.crypto.ec@21.0.7
j  java.security.Signature.isSpi(Ljava/security/Provider$Service;)Z+38 java.base@21.0.7
j  java.security.Signature.getInstance(Ljava/lang/String;)Ljava/security/Signature;+89 java.base@21.0.7
j  sun.security.ssl.SignatureScheme.<init>(Ljava/lang/String;IILjava/lang/String;Ljava/lang/String;Ljava/lang/String;Lsun/security/ssl/SignatureScheme$SigAlgParamSpec;Lsun/security/ssl/NamedGroup;I[Lsun/security/ssl/ProtocolVersion;[Lsun/security/ssl/ProtocolVersion;)V+105 java.base@21.0.7
j  sun.security.ssl.SignatureScheme.<init>(Ljava/lang/String;IILjava/lang/String;Ljava/lang/String;Ljava/lang/String;Lsun/security/ssl/SignatureScheme$SigAlgParamSpec;I[Lsun/security/ssl/ProtocolVersion;)V+19 java.base@21.0.7
j  sun.security.ssl.SignatureScheme.<init>(Ljava/lang/String;IILjava/lang/String;Ljava/lang/String;Ljava/lang/String;I[Lsun/security/ssl/ProtocolVersion;)V+15 java.base@21.0.7
j  sun.security.ssl.SignatureScheme.<init>(Ljava/lang/String;IILjava/lang/String;Ljava/lang/String;Ljava/lang/String;[Lsun/security/ssl/ProtocolVersion;)V+13 java.base@21.0.7
j  sun.security.ssl.SignatureScheme.<clinit>()V+116 java.base@21.0.7
v  ~StubRoutines::call_stub 0x000002a7ef7a100d
j  sun.security.ssl.SSLSessionImpl.<clinit>()V+10 java.base@21.0.7
v  ~StubRoutines::call_stub 0x000002a7ef7a100d
j  sun.security.ssl.TransportContext.<init>(Lsun/security/ssl/SSLContextImpl;Lsun/security/ssl/SSLTransport;Lsun/security/ssl/SSLConfiguration;Lsun/security/ssl/InputRecord;Lsun/security/ssl/OutputRecord;Z)V+115 java.base@21.0.7
j  sun.security.ssl.TransportContext.<init>(Lsun/security/ssl/SSLContextImpl;Lsun/security/ssl/SSLTransport;Lsun/security/ssl/InputRecord;Lsun/security/ssl/OutputRecord;Z)V+17 java.base@21.0.7
j  sun.security.ssl.SSLSocketImpl.<init>(Lsun/security/ssl/SSLContextImpl;)V+87 java.base@21.0.7
j  sun.security.ssl.SSLSocketFactoryImpl.createSocket()Ljava/net/Socket;+8 java.base@21.0.7
j  javax.net.ssl.SSLContextSpi.getDefaultSocket()Ljavax/net/ssl/SSLSocket;+6 java.base@21.0.7
j  javax.net.ssl.SSLContextSpi.engineGetSupportedSSLParameters()Ljavax/net/ssl/SSLParameters;+1 java.base@21.0.7
j  javax.net.ssl.SSLContext.getSupportedSSLParameters()Ljavax/net/ssl/SSLParameters;+4 java.base@21.0.7
j  org.gradle.internal.resource.transport.http.HttpClientConfigurer.jdkSupportsTLSProtocol(Ljava/lang/String;)Z+14
j  org.gradle.internal.resource.transport.http.HttpClientConfigurer.determineHttpsProtocols()[Ljava/lang/String;+48
j  org.gradle.internal.resource.transport.http.HttpClientConfigurer.<init>(Lorg/gradle/internal/resource/transport/http/HttpSettings;)V+11
j  org.gradle.internal.resource.transport.http.HttpClientHelper.getClient()Lorg/apache/http/impl/client/CloseableHttpClient;+19
j  org.gradle.internal.resource.transport.http.HttpClientHelper.performHttpRequest(Lorg/apache/http/client/methods/HttpRequestBase;Lorg/apache/http/protocol/HttpContext;)Lorg/gradle/internal/resource/transport/http/HttpClientResponse;+31
j  org.gradle.internal.resource.transport.http.HttpClientHelper.performHttpRequest(Lorg/apache/http/client/methods/HttpRequestBase;)Lorg/gradle/internal/resource/transport/http/HttpClientResponse;+16
j  org.gradle.internal.resource.transport.http.HttpClientHelper.executeGetOrHead(Lorg/apache/http/client/methods/HttpRequestBase;)Lorg/gradle/internal/resource/transport/http/HttpClientResponse;+2
j  org.gradle.internal.resource.transport.http.HttpClientHelper.performRequest(Lorg/apache/http/client/methods/HttpRequestBase;Z)Lorg/gradle/internal/resource/transport/http/HttpClientResponse;+19
j  org.gradle.internal.resource.transport.http.HttpClientHelper.performRawHead(Ljava/lang/String;Z)Lorg/gradle/internal/resource/transport/http/HttpClientResponse;+10
j  org.gradle.internal.resource.transport.http.HttpClientHelper.performHead(Ljava/lang/String;Z)Lorg/gradle/internal/resource/transport/http/HttpClientResponse;+4
j  org.gradle.internal.resource.transport.http.HttpResourceAccessor.getMetaData(Lorg/gradle/internal/resource/ExternalResourceName;Z)Lorg/gradle/internal/resource/metadata/ExternalResourceMetaData;+25
j  org.gradle.internal.resource.transfer.DefaultExternalResourceConnector.getMetaData(Lorg/gradle/internal/resource/ExternalResourceName;Z)Lorg/gradle/internal/resource/metadata/ExternalResourceMetaData;+18
j  org.gradle.internal.resource.transfer.ProgressLoggingExternalResourceAccessor$MetadataOperation.call(Lorg/gradle/internal/operations/BuildOperationContext;)Lorg/gradle/internal/resource/metadata/ExternalResourceMetaData;+15
j  org.gradle.internal.resource.transfer.ProgressLoggingExternalResourceAccessor$MetadataOperation.call(Lorg/gradle/internal/operations/BuildOperationContext;)Ljava/lang/Object;+2
J 6999 c1 org.gradle.internal.operations.DefaultBuildOperationRunner$CallableBuildOperationWorker.execute(Lorg/gradle/internal/operations/BuildOperation;Lorg/gradle/internal/operations/BuildOperationContext;)V (10 bytes) @ 0x000002a7e06dd24c [0x000002a7e06dcfe0+0x000000000000026c]
J 12701 c2 org.gradle.internal.operations.DefaultBuildOperationRunner.execute(Lorg/gradle/internal/operations/BuildOperationDescriptor$Builder;Lorg/gradle/internal/operations/BuildOperationState;Lorg/gradle/internal/operations/DefaultBuildOperationRunner$BuildOperationExecution;)Ljava/lang/Object; (147 bytes) @ 0x000002a7f041fd18 [0x000002a7f041e0e0+0x0000000000001c38]
J 13219 c2 org.gradle.internal.operations.DefaultBuildOperationRunner.execute(Lorg/gradle/internal/operations/BuildOperation;Lorg/gradle/internal/operations/BuildOperationWorker;Lorg/gradle/internal/operations/BuildOperationState;)V (23 bytes) @ 0x000002a7f049159c [0x000002a7f04914c0+0x00000000000000dc]
J 6998 c1 org.gradle.internal.operations.DefaultBuildOperationRunner.call(Lorg/gradle/internal/operations/CallableBuildOperation;)Ljava/lang/Object; (24 bytes) @ 0x000002a7e06dac7c [0x000002a7e06da7a0+0x00000000000004dc]
j  org.gradle.internal.resource.transfer.ProgressLoggingExternalResourceAccessor.getMetaData(Lorg/gradle/internal/resource/ExternalResourceName;Z)Lorg/gradle/internal/resource/metadata/ExternalResourceMetaData;+14
j  org.gradle.internal.resource.transfer.AccessorBackedExternalResource.getMetaData()Lorg/gradle/internal/resource/metadata/ExternalResourceMetaData;+12
j  org.gradle.api.internal.artifacts.repositories.resolver.DefaultExternalResourceArtifactResolver.staticResourceExists(Ljava/util/List;Lorg/gradle/internal/component/external/model/ModuleComponentArtifactMetadata;Lorg/gradle/internal/resolve/result/ResourceAwareResolveResult;)Z+85
j  org.gradle.api.internal.artifacts.repositories.resolver.DefaultExternalResourceArtifactResolver.artifactExists(Lorg/gradle/internal/component/external/model/ModuleComponentArtifactMetadata;Lorg/gradle/internal/resolve/result/ResourceAwareResolveResult;)Z+7
j  org.gradle.api.internal.artifacts.repositories.resolver.ExternalResourceResolver$RemoteRepositoryAccess.resolveArtifact(Lorg/gradle/internal/component/model/ComponentArtifactMetadata;Lorg/gradle/internal/component/model/ModuleSources;Lorg/gradle/internal/resolve/result/BuildableArtifactFileResolveResult;)V+35
j  org.gradle.api.internal.artifacts.ivyservice.ivyresolve.CachingModuleComponentRepository$ResolveAndCacheRepositoryAccess.resolveArtifact(Lorg/gradle/internal/component/model/ComponentArtifactMetadata;Lorg/gradle/internal/component/model/ModuleSources;Lorg/gradle/internal/resolve/result/BuildableArtifactFileResolveResult;)V+15
j  org.gradle.api.internal.artifacts.ivyservice.ivyresolve.ErrorHandlingModuleComponentRepository$ErrorHandlingModuleComponentRepositoryAccess.lambda$resolveArtifact$12(Lorg/gradle/internal/component/model/ComponentArtifactMetadata;Lorg/gradle/internal/component/model/ModuleSources;Lorg/gradle/internal/resolve/result/BuildableArtifactFileResolveResult;)Lorg/gradle/internal/resolve/ArtifactResolveException;+7
j  org.gradle.api.internal.artifacts.ivyservice.ivyresolve.ErrorHandlingModuleComponentRepository$ErrorHandlingModuleComponentRepositoryAccess$$Lambda+0x000002a78f83a4c8.call()Ljava/lang/Object;+16
J 10173 c1 org.gradle.api.internal.artifacts.ivyservice.ivyresolve.ErrorHandlingModuleComponentRepository$ErrorHandlingModuleComponentRepositoryAccess.tryResolveAndMaybeDisable(Lorg/gradle/internal/resolve/result/ErroringResolveResult;Ljava/util/concurrent/Callable;Lorg/gradle/api/Transformer;)V (229 bytes) @ 0x000002a7e0a4217c [0x000002a7e0a42000+0x000000000000017c]
j  org.gradle.api.internal.artifacts.ivyservice.ivyresolve.ErrorHandlingModuleComponentRepository$ErrorHandlingModuleComponentRepositoryAccess.performOperationWithRetries(Lorg/gradle/internal/resolve/result/ErroringResolveResult;Ljava/util/concurrent/Callable;Lorg/gradle/api/Transformer;Lorg/gradle/api/Transformer;)V+15
j  org.gradle.api.internal.artifacts.ivyservice.ivyresolve.ErrorHandlingModuleComponentRepository$ErrorHandlingModuleComponentRepositoryAccess.resolveArtifact(Lorg/gradle/internal/component/model/ComponentArtifactMetadata;Lorg/gradle/internal/component/model/ModuleSources;Lorg/gradle/internal/resolve/result/BuildableArtifactFileResolveResult;)V+24
j  org.gradle.api.internal.artifacts.ivyservice.ivyresolve.RepositoryChainArtifactResolver.resolveArtifactLater(Lorg/gradle/internal/component/model/ComponentArtifactMetadata;Lorg/gradle/internal/component/model/ModuleSources;Lorg/gradle/api/internal/artifacts/ivyservice/ivyresolve/ModuleComponentRepository;)Ljava/io/File;+44
j  org.gradle.api.internal.artifacts.ivyservice.ivyresolve.RepositoryChainArtifactResolver.lambda$resolveArtifact$0(Lorg/gradle/internal/component/model/ComponentArtifactMetadata;Lorg/gradle/internal/component/model/ComponentArtifactResolveMetadata;Lorg/gradle/api/internal/artifacts/ivyservice/ivyresolve/ModuleComponentRepository;)Ljava/io/File;+9
j  org.gradle.api.internal.artifacts.ivyservice.ivyresolve.RepositoryChainArtifactResolver$$Lambda+0x000002a78f839800.get()Ljava/lang/Object;+16
J 10041 c1 org.gradle.internal.model.CalculatedValueContainerFactory$SupplierBackedCalculator.calculateValue(Lorg/gradle/api/internal/tasks/NodeExecutionContext;)Ljava/lang/Object; (10 bytes) @ 0x000002a7e09fe6d4 [0x000002a7e09fe5c0+0x0000000000000114]
J 9993 c1 org.gradle.internal.model.CalculatedValueContainer$CalculationState$$Lambda+0x000002a78f7e3910.call()Ljava/lang/Object; (12 bytes) @ 0x000002a7e09e1ff4 [0x000002a7e09e1d60+0x0000000000000294]
J 9523 c1 org.gradle.internal.model.CalculatedValueContainer$CalculationState.attachValue(Lorg/gradle/internal/model/CalculatedValueContainer;Lorg/gradle/api/internal/tasks/NodeExecutionContext;)V (57 bytes) @ 0x000002a7e0917b74 [0x000002a7e0916d00+0x0000000000000e74]
J 10582 c1 org.gradle.api.internal.artifacts.DefaultResolvableArtifact.getFile()Ljava/io/File; (22 bytes) @ 0x000002a7e0a97bac [0x000002a7e0a97a20+0x000000000000018c]
j  org.gradle.internal.resolve.resolver.DefaultComponentArtifactResolver.resolveArtifacts(Ljava/util/List;)Ljava/util/Set;+75
J 10275 c1 org.gradle.api.internal.artifacts.ivyservice.resolveengine.artifact.ArtifactBackedResolvedVariant.getArtifacts()Lorg/gradle/api/internal/artifacts/ivyservice/resolveengine/artifact/ResolvedArtifactSet; (161 bytes) @ 0x000002a7e0a6b1b4 [0x000002a7e0a6b0e0+0x00000000000000d4]
J 9670 c1 org.gradle.api.internal.artifacts.transform.AttributeMatchingArtifactVariantSelector.doSelect(Lorg/gradle/api/internal/artifacts/ivyservice/resolveengine/artifact/ResolvedVariantSet;Lorg/gradle/api/internal/attributes/ImmutableAttributes;Z)Lorg/gradle/api/internal/artifacts/ivyservice/resolveengine/artifact/ResolvedArtifactSet; (180 bytes) @ 0x000002a7e095975c [0x000002a7e0958780+0x0000000000000fdc]
J 9669 c1 org.gradle.api.internal.artifacts.transform.AttributeMatchingArtifactVariantSelector.select(Lorg/gradle/api/internal/artifacts/ivyservice/resolveengine/artifact/ResolvedVariantSet;Lorg/gradle/api/internal/attributes/ImmutableAttributes;Z)Lorg/gradle/api/internal/artifacts/ivyservice/resolveengine/artifact/ResolvedArtifactSet; (29 bytes) @ 0x000002a7e0958084 [0x000002a7e0957fe0+0x00000000000000a4]
J 10243 c1 org.gradle.api.internal.artifacts.ivyservice.resolveengine.artifact.VariantResolvingArtifactSet.select(Lorg/gradle/api/internal/artifacts/ivyservice/resolveengine/artifact/ArtifactSelectionServices;Lorg/gradle/api/internal/artifacts/ivyservice/resolveengine/artifact/ArtifactSelectionSpec;)Lorg/gradle/api/internal/artifacts/ivyservice/resolveengine/artifact/ResolvedArtifactSet; (178 bytes) @ 0x000002a7e0a5c3c4 [0x000002a7e0a5b900+0x0000000000000ac4]
j  org.gradle.api.internal.artifacts.ivyservice.resolveengine.artifact.DefaultVisitedArtifactResults.select(Lorg/gradle/api/internal/artifacts/ivyservice/resolveengine/artifact/ArtifactSelectionServices;Lorg/gradle/api/internal/artifacts/ivyservice/resolveengine/artifact/ArtifactSelectionSpec;Z)Lorg/gradle/api/internal/artifacts/ivyservice/resolveengine/artifact/SelectedArtifactResults;+55
j  org.gradle.api.internal.artifacts.ivyservice.resolveengine.artifact.DefaultVisitedArtifactSet.select(Lorg/gradle/api/internal/artifacts/ivyservice/resolveengine/artifact/ArtifactSelectionSpec;)Lorg/gradle/api/internal/artifacts/ivyservice/resolveengine/artifact/SelectedArtifactSet;+10
j  org.gradle.api.internal.artifacts.resolver.DefaultResolutionOutputs$DefaultArtifactView.selectArtifacts(Lorg/gradle/api/internal/artifacts/ResolverResults;)Lorg/gradle/api/internal/artifacts/ivyservice/resolveengine/artifact/SelectedArtifactSet;+53
j  org.gradle.api.internal.artifacts.resolver.DefaultResolutionOutputs$DefaultArtifactView$$Lambda+0x000002a78f7e98d8.apply(Ljava/lang/Object;)Ljava/lang/Object;+8
j  org.gradle.api.internal.artifacts.configurations.ResolutionResultProvider$1.getValue()Ljava/lang/Object;+13
j  org.gradle.api.internal.artifacts.configurations.ResolutionResultProviderBackedSelectedArtifactSet.visitArtifacts(Lorg/gradle/api/internal/artifacts/ivyservice/resolveengine/artifact/ArtifactVisitor;Z)V+12
j  org.gradle.api.internal.artifacts.configurations.DefaultArtifactCollection.lambda$new$0(ZLorg/gradle/api/internal/artifacts/configurations/ResolutionHost;)Lorg/gradle/api/internal/artifacts/configurations/DefaultArtifactCollection$ArtifactSetResult;+17
j  org.gradle.api.internal.artifacts.configurations.DefaultArtifactCollection$$Lambda+0x000002a78f7ea1e0.get()Ljava/lang/Object;+12
J 10041 c1 org.gradle.internal.model.CalculatedValueContainerFactory$SupplierBackedCalculator.calculateValue(Lorg/gradle/api/internal/tasks/NodeExecutionContext;)Ljava/lang/Object; (10 bytes) @ 0x000002a7e09fe6d4 [0x000002a7e09fe5c0+0x0000000000000114]
J 9993 c1 org.gradle.internal.model.CalculatedValueContainer$CalculationState$$Lambda+0x000002a78f7e3910.call()Ljava/lang/Object; (12 bytes) @ 0x000002a7e09e1ff4 [0x000002a7e09e1d60+0x0000000000000294]
J 9523 c1 org.gradle.internal.model.CalculatedValueContainer$CalculationState.attachValue(Lorg/gradle/internal/model/CalculatedValueContainer;Lorg/gradle/api/internal/tasks/NodeExecutionContext;)V (57 bytes) @ 0x000002a7e0917b74 [0x000002a7e0916d00+0x0000000000000e74]
J 6662 c1 org.gradle.internal.model.CalculatedValueContainer.finalizeIfNotAlready()V (6 bytes) @ 0x000002a7e0629c5c [0x000002a7e0629b40+0x000000000000011c]
j  org.gradle.api.internal.artifacts.configurations.DefaultArtifactCollection.ensureResolved()V+4
j  org.gradle.api.internal.artifacts.configurations.DefaultArtifactCollection.getFailures()Ljava/util/Collection;+1
j  org.gradle.plugin.use.resolve.internal.ArtifactRepositoriesPluginResolver.exists(Lorg/gradle/api/artifacts/ModuleDependency;)Z+58
j  org.gradle.plugin.use.resolve.internal.ArtifactRepositoriesPluginResolver.resolve(Lorg/gradle/plugin/management/internal/PluginRequestInternal;)Lorg/gradle/plugin/use/resolve/internal/PluginResolutionResult;+49
j  org.gradle.plugin.use.resolve.internal.CompositePluginResolver.resolve(Lorg/gradle/plugin/management/internal/PluginRequestInternal;)Lorg/gradle/plugin/use/resolve/internal/PluginResolutionResult;+37
j  org.gradle.plugin.use.resolve.internal.AlreadyOnClasspathPluginResolver.resolve(Lorg/gradle/plugin/management/internal/PluginRequestInternal;)Lorg/gradle/plugin/use/resolve/internal/PluginResolutionResult;+28
j  org.gradle.plugin.use.internal.DefaultPluginRequestApplicator.resolvePluginRequest(Lorg/gradle/plugin/use/resolve/internal/PluginResolver;Lorg/gradle/plugin/management/internal/PluginRequestInternal;)Lorg/gradle/plugin/use/resolve/internal/PluginResolution;+2
j  org.gradle.plugin.use.internal.DefaultPluginRequestApplicator.applyPlugins(Lorg/gradle/plugin/management/internal/PluginRequests;Lorg/gradle/api/internal/initialization/ScriptHandlerInternal;Lorg/gradle/api/internal/plugins/PluginManagerInternal;Lorg/gradle/api/internal/initialization/ClassLoaderScope;)V+136
j  org.gradle.configuration.DefaultScriptPluginFactory$ScriptPluginImpl.apply(Ljava/lang/Object;)V+174
j  org.gradle.configuration.BuildOperationScriptPlugin$1.run(Lorg/gradle/internal/operations/BuildOperationContext;)V+11
J 8203 c1 org.gradle.internal.operations.DefaultBuildOperationRunner$1.execute(Lorg/gradle/internal/operations/BuildOperation;Lorg/gradle/internal/operations/BuildOperationContext;)V (10 bytes) @ 0x000002a7dff1dcc4 [0x000002a7dff1da60+0x0000000000000264]
J 12701 c2 org.gradle.internal.operations.DefaultBuildOperationRunner.execute(Lorg/gradle/internal/operations/BuildOperationDescriptor$Builder;Lorg/gradle/internal/operations/BuildOperationState;Lorg/gradle/internal/operations/DefaultBuildOperationRunner$BuildOperationExecution;)Ljava/lang/Object; (147 bytes) @ 0x000002a7f041fd18 [0x000002a7f041e0e0+0x0000000000001c38]
J 13219 c2 org.gradle.internal.operations.DefaultBuildOperationRunner.execute(Lorg/gradle/internal/operations/BuildOperation;Lorg/gradle/internal/operations/BuildOperationWorker;Lorg/gradle/internal/operations/BuildOperationState;)V (23 bytes) @ 0x000002a7f049159c [0x000002a7f04914c0+0x00000000000000dc]
J 8202 c1 org.gradle.internal.operations.DefaultBuildOperationRunner.run(Lorg/gradle/internal/operations/RunnableBuildOperation;)V (13 bytes) @ 0x000002a7e050cf64 [0x000002a7e050cb80+0x00000000000003e4]
j  org.gradle.configuration.BuildOperationScriptPlugin.lambda$apply$0(Ljava/lang/Object;Lorg/gradle/internal/code/UserCodeApplicationId;)V+14
j  org.gradle.configuration.BuildOperationScriptPlugin$$Lambda+0x000002a78f49fbb0.execute(Ljava/lang/Object;)V+12
j  org.gradle.internal.code.DefaultUserCodeApplicationContext.apply(Lorg/gradle/internal/code/UserCodeSource;Lorg/gradle/api/Action;)V+37
j  org.gradle.configuration.BuildOperationScriptPlugin.apply(Ljava/lang/Object;)V+71
j  org.gradle.configuration.project.BuildScriptProcessor$$Lambda+0x000002a78f7dcaa8.accept(Ljava/lang/Object;)V+8
j  org.gradle.api.internal.project.DefaultProjectStateRegistry$ProjectStateImpl.lambda$applyToMutableState$1(Ljava/util/function/Consumer;Lorg/gradle/api/internal/project/ProjectInternal;)Ljava/lang/Object;+2
j  org.gradle.api.internal.project.DefaultProjectStateRegistry$ProjectStateImpl$$Lambda+0x000002a78f778688.apply(Ljava/lang/Object;)Ljava/lang/Object;+8
j  org.gradle.api.internal.project.DefaultProjectStateRegistry$ProjectStateImpl.fromMutableState(Ljava/util/function/Function;)Ljava/lang/Object;+97
j  org.gradle.api.internal.project.DefaultProjectStateRegistry$ProjectStateImpl.applyToMutableState(Ljava/util/function/Consumer;)V+7
j  org.gradle.configuration.project.BuildScriptProcessor.execute(Lorg/gradle/api/internal/project/ProjectInternal;)V+88
j  org.gradle.configuration.project.BuildScriptProcessor.execute(Ljava/lang/Object;)V+5
j  org.gradle.configuration.project.ConfigureActionsProjectEvaluator.evaluate(Lorg/gradle/api/internal/project/ProjectInternal;Lorg/gradle/api/internal/project/ProjectStateInternal;)V+33
j  org.gradle.configuration.project.LifecycleProjectEvaluator$EvaluateProject.lambda$run$0(Lorg/gradle/internal/operations/BuildOperationContext;Lorg/gradle/api/internal/project/ProjectInternal;)V+67
j  org.gradle.configuration.project.LifecycleProjectEvaluator$EvaluateProject$$Lambda+0x000002a78f7b6e08.accept(Ljava/lang/Object;)V+12
j  org.gradle.api.internal.project.DefaultProjectStateRegistry$ProjectStateImpl.lambda$applyToMutableState$1(Ljava/util/function/Consumer;Lorg/gradle/api/internal/project/ProjectInternal;)Ljava/lang/Object;+2
j  org.gradle.api.internal.project.DefaultProjectStateRegistry$ProjectStateImpl$$Lambda+0x000002a78f778688.apply(Ljava/lang/Object;)Ljava/lang/Object;+8
j  org.gradle.api.internal.project.DefaultProjectStateRegistry$ProjectStateImpl.lambda$fromMutableState$2(Ljava/util/function/Function;)Ljava/lang/Object;+5
j  org.gradle.api.internal.project.DefaultProjectStateRegistry$ProjectStateImpl$$Lambda+0x000002a78f7788c0.create()Ljava/lang/Object;+8
j  org.gradle.internal.work.DefaultWorkerLeaseService.withReplacedLocks(Ljava/util/Collection;Lorg/gradle/internal/resources/ResourceLock;Lorg/gradle/internal/Factory;)Ljava/lang/Object;+40
j  org.gradle.api.internal.project.DefaultProjectStateRegistry$ProjectStateImpl.fromMutableState(Ljava/util/function/Function;)Ljava/lang/Object;+133
j  org.gradle.api.internal.project.DefaultProjectStateRegistry$ProjectStateImpl.applyToMutableState(Ljava/util/function/Consumer;)V+7
j  org.gradle.configuration.project.LifecycleProjectEvaluator$EvaluateProject.run(Lorg/gradle/internal/operations/BuildOperationContext;)V+16
J 8203 c1 org.gradle.internal.operations.DefaultBuildOperationRunner$1.execute(Lorg/gradle/internal/operations/BuildOperation;Lorg/gradle/internal/operations/BuildOperationContext;)V (10 bytes) @ 0x000002a7dff1dcc4 [0x000002a7dff1da60+0x0000000000000264]
J 12701 c2 org.gradle.internal.operations.DefaultBuildOperationRunner.execute(Lorg/gradle/internal/operations/BuildOperationDescriptor$Builder;Lorg/gradle/internal/operations/BuildOperationState;Lorg/gradle/internal/operations/DefaultBuildOperationRunner$BuildOperationExecution;)Ljava/lang/Object; (147 bytes) @ 0x000002a7f041fd18 [0x000002a7f041e0e0+0x0000000000001c38]
J 13219 c2 org.gradle.internal.operations.DefaultBuildOperationRunner.execute(Lorg/gradle/internal/operations/BuildOperation;Lorg/gradle/internal/operations/BuildOperationWorker;Lorg/gradle/internal/operations/BuildOperationState;)V (23 bytes) @ 0x000002a7f049159c [0x000002a7f04914c0+0x00000000000000dc]
J 8202 c1 org.gradle.internal.operations.DefaultBuildOperationRunner.run(Lorg/gradle/internal/operations/RunnableBuildOperation;)V (13 bytes) @ 0x000002a7e050cf64 [0x000002a7e050cb80+0x00000000000003e4]
j  org.gradle.configuration.project.LifecycleProjectEvaluator.evaluate(Lorg/gradle/api/internal/project/ProjectInternal;Lorg/gradle/api/internal/project/ProjectStateInternal;)V+42
j  org.gradle.api.internal.project.DefaultProject.evaluateUnchecked()Lorg/gradle/api/internal/project/ProjectInternal;+20
j  org.gradle.api.internal.project.ProjectLifecycleController.lambda$ensureSelfConfigured$2()V+4
j  org.gradle.api.internal.project.ProjectLifecycleController$$Lambda+0x000002a78f7b5ac8.run()V+4
j  org.gradle.internal.model.StateTransitionController.lambda$doTransition$14(Ljava/lang/Runnable;)Lorg/gradle/internal/build/ExecutionResult;+1
j  org.gradle.internal.model.StateTransitionController$$Lambda+0x000002a78f475fd0.get()Ljava/lang/Object;+4
j  org.gradle.internal.model.StateTransitionController.doTransition(Lorg/gradle/internal/model/StateTransitionController$State;Lorg/gradle/internal/model/StateTransitionController$State;Ljava/util/function/Supplier;)Lorg/gradle/internal/build/ExecutionResult;+24
j  org.gradle.internal.model.StateTransitionController.doTransition(Lorg/gradle/internal/model/StateTransitionController$State;Lorg/gradle/internal/model/StateTransitionController$State;Ljava/lang/Runnable;)V+9
j  org.gradle.internal.model.StateTransitionController.lambda$maybeTransitionIfNotCurrentlyTransitioning$10(Lorg/gradle/internal/model/StateTransitionController$State;Lorg/gradle/internal/model/StateTransitionController$State;Ljava/lang/Runnable;)V+16
j  org.gradle.internal.model.StateTransitionController$$Lambda+0x000002a78f7b5ce0.run()V+16
j  org.gradle.internal.work.DefaultSynchronizer.withLock(Ljava/lang/Runnable;)V+6
j  org.gradle.internal.model.StateTransitionController.maybeTransitionIfNotCurrentlyTransitioning(Lorg/gradle/internal/model/StateTransitionController$State;Lorg/gradle/internal/model/StateTransitionController$State;Ljava/lang/Runnable;)V+13
j  org.gradle.api.internal.project.ProjectLifecycleController.ensureSelfConfigured()V+16
j  org.gradle.api.internal.project.DefaultProjectStateRegistry$ProjectStateImpl.ensureConfigured()V+19
j  org.gradle.execution.TaskPathProjectEvaluator.configure(Lorg/gradle/api/internal/project/ProjectInternal;)V+6
j  org.gradle.execution.TaskPathProjectEvaluator.configureHierarchy(Lorg/gradle/api/internal/project/ProjectInternal;)V+41
j  org.gradle.configuration.DefaultProjectsPreparer.prepareProjects(Lorg/gradle/api/internal/GradleInternal;)V+52
j  org.gradle.configuration.BuildTreePreparingProjectsPreparer.prepareProjects(Lorg/gradle/api/internal/GradleInternal;)V+114
j  org.gradle.configuration.BuildOperationFiringProjectsPreparer$ConfigureBuild.run(Lorg/gradle/internal/operations/BuildOperationContext;)V+11
J 8203 c1 org.gradle.internal.operations.DefaultBuildOperationRunner$1.execute(Lorg/gradle/internal/operations/BuildOperation;Lorg/gradle/internal/operations/BuildOperationContext;)V (10 bytes) @ 0x000002a7dff1dcc4 [0x000002a7dff1da60+0x0000000000000264]
J 7514 c1 org.gradle.internal.operations.DefaultBuildOperationRunner$2.execute(Lorg/gradle/internal/operations/BuildOperationDescriptor;Lorg/gradle/internal/operations/BuildOperationState;Lorg/gradle/internal/operations/BuildOperationState;Lorg/gradle/internal/operations/DefaultBuildOperationRunner$ReadableBuildOperationContext;Lorg/gradle/internal/operations/DefaultBuildOperationRunner$BuildOperationExecutionListener;)Lorg/gradle/internal/operations/BuildOperation; (110 bytes) @ 0x000002a7e07c94cc [0x000002a7e07c92c0+0x000000000000020c]
J 7196 c1 org.gradle.internal.operations.DefaultBuildOperationRunner$2.execute(Lorg/gradle/internal/operations/BuildOperationDescriptor;Lorg/gradle/internal/operations/BuildOperationState;Lorg/gradle/internal/operations/BuildOperationState;Lorg/gradle/internal/operations/DefaultBuildOperationRunner$ReadableBuildOperationContext;Lorg/gradle/internal/operations/DefaultBuildOperationRunner$BuildOperationExecutionListener;)Ljava/lang/Object; (12 bytes) @ 0x000002a7e074393c [0x000002a7e07438c0+0x000000000000007c]
J 9376 c1 org.gradle.internal.operations.DefaultBuildOperationRunner.execute(Lorg/gradle/internal/operations/BuildOperationDescriptor$Builder;Lorg/gradle/internal/operations/BuildOperationState;Lorg/gradle/internal/operations/DefaultBuildOperationRunner$BuildOperationExecution;)Ljava/lang/Object; (147 bytes) @ 0x000002a7e08df06c [0x000002a7e08de480+0x0000000000000bec]
J 6793 c1 org.gradle.internal.operations.DefaultBuildOperationRunner.execute(Lorg/gradle/internal/operations/BuildOperation;Lorg/gradle/internal/operations/BuildOperationWorker;Lorg/gradle/internal/operations/BuildOperationState;)V (23 bytes) @ 0x000002a7e066cf24 [0x000002a7e066cc60+0x00000000000002c4]
J 8202 c1 org.gradle.internal.operations.DefaultBuildOperationRunner.run(Lorg/gradle/internal/operations/RunnableBuildOperation;)V (13 bytes) @ 0x000002a7e050cf64 [0x000002a7e050cb80+0x00000000000003e4]
j  org.gradle.configuration.BuildOperationFiringProjectsPreparer.prepareProjects(Lorg/gradle/api/internal/GradleInternal;)V+13
j  org.gradle.initialization.VintageBuildModelController.lambda$prepareProjects$2()V+8
j  org.gradle.initialization.VintageBuildModelController$$Lambda+0x000002a78f740800.run()V+4
j  org.gradle.internal.model.StateTransitionController.lambda$doTransition$14(Ljava/lang/Runnable;)Lorg/gradle/internal/build/ExecutionResult;+1
j  org.gradle.internal.model.StateTransitionController$$Lambda+0x000002a78f475fd0.get()Ljava/lang/Object;+4
j  org.gradle.internal.model.StateTransitionController.doTransition(Lorg/gradle/internal/model/StateTransitionController$State;Lorg/gradle/internal/model/StateTransitionController$State;Ljava/util/function/Supplier;)Lorg/gradle/internal/build/ExecutionResult;+24
j  org.gradle.internal.model.StateTransitionController.doTransition(Lorg/gradle/internal/model/StateTransitionController$State;Lorg/gradle/internal/model/StateTransitionController$State;Ljava/lang/Runnable;)V+9
j  org.gradle.internal.model.StateTransitionController.lambda$transitionIfNotPreviously$11(Lorg/gradle/internal/model/StateTransitionController$State;Lorg/gradle/internal/model/StateTransitionController$State;Ljava/lang/Runnable;)V+16
j  org.gradle.internal.model.StateTransitionController$$Lambda+0x000002a78f475db8.run()V+16
j  org.gradle.internal.work.DefaultSynchronizer.withLock(Ljava/lang/Runnable;)V+6
j  org.gradle.internal.model.StateTransitionController.transitionIfNotPreviously(Lorg/gradle/internal/model/StateTransitionController$State;Lorg/gradle/internal/model/StateTransitionController$State;Ljava/lang/Runnable;)V+13
j  org.gradle.initialization.VintageBuildModelController.prepareProjects()V+16
j  org.gradle.initialization.VintageBuildModelController.getConfiguredModel()Lorg/gradle/api/internal/GradleInternal;+5
j  org.gradle.internal.build.DefaultBuildLifecycleController.lambda$withProjectsConfigured$1(Ljava/util/function/Function;)Ljava/lang/Object;+5
j  org.gradle.internal.build.DefaultBuildLifecycleController$$Lambda+0x000002a78f475770.get()Ljava/lang/Object;+8
j  org.gradle.internal.model.StateTransitionController.lambda$notInState$3(Lorg/gradle/internal/model/StateTransitionController$State;Ljava/util/function/Supplier;)Ljava/lang/Object;+11
j  org.gradle.internal.model.StateTransitionController$$Lambda+0x000002a78f475988.create()Ljava/lang/Object;+12
j  org.gradle.internal.work.DefaultSynchronizer.withLock(Lorg/gradle/internal/Factory;)Ljava/lang/Object;+6
j  org.gradle.internal.model.StateTransitionController.notInState(Lorg/gradle/internal/model/StateTransitionController$State;Ljava/util/function/Supplier;)Ljava/lang/Object;+12
j  org.gradle.internal.build.DefaultBuildLifecycleController.withProjectsConfigured(Ljava/util/function/Function;)Ljava/lang/Object;+14
j  org.gradle.internal.build.DefaultBuildToolingModelController.locateBuilderForTarget(Ljava/lang/String;Z)Lorg/gradle/tooling/provider/model/internal/ToolingModelScope;+38
j  org.gradle.internal.buildtree.DefaultBuildTreeModelCreator$DefaultBuildTreeModelController.lambda$locateBuilderForTarget$0(Ljava/lang/String;ZLorg/gradle/internal/build/BuildToolingModelController;)Lorg/gradle/tooling/provider/model/internal/ToolingModelScope;+3
j  org.gradle.internal.buildtree.DefaultBuildTreeModelCreator$DefaultBuildTreeModelController$$Lambda+0x000002a78f446ae8.apply(Ljava/lang/Object;)Ljava/lang/Object;+12
j  org.gradle.internal.build.DefaultBuildLifecycleController.withToolingModels(Ljava/util/function/Function;)Ljava/lang/Object;+15
j  org.gradle.internal.build.AbstractBuildState.withToolingModels(Ljava/util/function/Function;)Ljava/lang/Object;+5
j  org.gradle.internal.buildtree.DefaultBuildTreeModelCreator$DefaultBuildTreeModelController.locateBuilderForTarget(Lorg/gradle/internal/build/BuildState;Ljava/lang/String;Z)Lorg/gradle/tooling/provider/model/internal/ToolingModelScope;+8
j  org.gradle.internal.buildtree.DefaultBuildTreeModelCreator$DefaultBuildTreeModelController.locateBuilderForDefaultTarget(Ljava/lang/String;Z)Lorg/gradle/tooling/provider/model/internal/ToolingModelScope;+10
j  org.gradle.tooling.internal.provider.runner.DefaultBuildController.getTarget(Ljava/lang/Object;Lorg/gradle/tooling/internal/protocol/ModelIdentifier;Z)Lorg/gradle/tooling/provider/model/internal/ToolingModelScope;+15
j  org.gradle.tooling.internal.provider.runner.DefaultBuildController.getModel(Ljava/lang/Object;Lorg/gradle/tooling/internal/protocol/ModelIdentifier;Ljava/lang/Object;)Lorg/gradle/tooling/internal/protocol/BuildResult;+54
j  org.gradle.tooling.internal.consumer.connection.ParameterAwareBuildControllerAdapter.getModel(Ljava/lang/Object;Lorg/gradle/tooling/internal/protocol/ModelIdentifier;Ljava/lang/Object;)Lorg/gradle/tooling/internal/protocol/BuildResult;+7
j  org.gradle.tooling.internal.consumer.connection.UnparameterizedBuildController.getModel(Lorg/gradle/tooling/model/Model;Ljava/lang/Class;Ljava/lang/Class;Lorg/gradle/api/Action;)Ljava/lang/Object;+44
j  org.gradle.tooling.internal.consumer.connection.NestedActionAwareBuildControllerAdapter.getModel(Lorg/gradle/tooling/model/Model;Ljava/lang/Class;Ljava/lang/Class;Lorg/gradle/api/Action;)Ljava/lang/Object;+6
j  org.gradle.tooling.internal.consumer.connection.UnparameterizedBuildController.getModel(Lorg/gradle/tooling/model/Model;Ljava/lang/Class;)Ljava/lang/Object;+5
j  org.gradle.tooling.internal.consumer.connection.NestedActionAwareBuildControllerAdapter.getModel(Lorg/gradle/tooling/model/Model;Ljava/lang/Class;)Ljava/lang/Object;+3
j  org.gradle.tooling.internal.consumer.connection.UnparameterizedBuildController.getModel(Ljava/lang/Class;)Ljava/lang/Object;+3
j  org.gradle.tooling.internal.consumer.connection.NestedActionAwareBuildControllerAdapter.getModel(Ljava/lang/Class;)Ljava/lang/Object;+2
j  org.eclipse.buildship.core.internal.workspace.TellGradleToRunSynchronizationTasks.execute(Lorg/gradle/tooling/BuildController;)Ljava/lang/Void;+3
j  org.eclipse.buildship.core.internal.workspace.TellGradleToRunSynchronizationTasks.execute(Lorg/gradle/tooling/BuildController;)Ljava/lang/Object;+2
j  org.eclipse.buildship.core.internal.workspace.BuildActionSequence.execute(Lorg/gradle/tooling/BuildController;)Ljava/lang/Void;+26
j  org.eclipse.buildship.core.internal.workspace.BuildActionSequence.execute(Lorg/gradle/tooling/BuildController;)Ljava/lang/Object;+2
j  org.gradle.tooling.internal.consumer.connection.InternalBuildActionAdapter.execute(Lorg/gradle/tooling/internal/protocol/InternalBuildControllerVersion2;)Ljava/lang/Object;+11
j  org.gradle.tooling.internal.provider.runner.AbstractClientProvidedBuildActionRunner$ActionAdapter.executeAction(Ljava/lang/Object;Lorg/gradle/tooling/internal/provider/runner/DefaultBuildController;)Ljava/lang/Object;+12
j  org.gradle.tooling.internal.provider.runner.AbstractClientProvidedBuildActionRunner$ActionAdapter.runAction(Lorg/gradle/internal/buildtree/BuildTreeModelController;Ljava/lang/Object;Lorg/gradle/tooling/internal/protocol/PhasedActionResult$Phase;)V+29
j  org.gradle.tooling.internal.provider.runner.AbstractClientProvidedBuildActionRunner$ActionAdapter.beforeTasks(Lorg/gradle/internal/buildtree/BuildTreeModelController;)V+14
j  org.gradle.internal.buildtree.DefaultBuildTreeModelCreator.beforeTasks(Lorg/gradle/internal/buildtree/BuildTreeModelAction;)V+10
j  org.gradle.internal.buildtree.DefaultBuildTreeLifecycleController.lambda$fromBuildModel$2(Lorg/gradle/internal/buildtree/BuildTreeModelAction;Z)Lorg/gradle/internal/build/ExecutionResult;+5
j  org.gradle.internal.buildtree.DefaultBuildTreeLifecycleController$$Lambda+0x000002a78f444c18.get()Ljava/lang/Object;+12
j  org.gradle.internal.buildtree.DefaultBuildTreeLifecycleController.lambda$runBuild$4(Ljava/util/function/Supplier;)Ljava/lang/Object;+1
j  org.gradle.internal.buildtree.DefaultBuildTreeLifecycleController$$Lambda+0x000002a78f444e30.get()Ljava/lang/Object;+8
j  org.gradle.internal.model.StateTransitionController.lambda$transition$6(Ljava/util/function/Supplier;)Lorg/gradle/internal/build/ExecutionResult;+1
j  org.gradle.internal.model.StateTransitionController$$Lambda+0x000002a78f445260.get()Ljava/lang/Object;+4
j  org.gradle.internal.model.StateTransitionController.doTransition(Lorg/gradle/internal/model/StateTransitionController$State;Lorg/gradle/internal/model/StateTransitionController$State;Ljava/util/function/Supplier;)Lorg/gradle/internal/build/ExecutionResult;+24
j  org.gradle.internal.model.StateTransitionController.lambda$transition$7(Lorg/gradle/internal/model/StateTransitionController$State;Lorg/gradle/internal/model/StateTransitionController$State;Ljava/util/function/Supplier;)Ljava/lang/Object;+9
j  org.gradle.internal.model.StateTransitionController$$Lambda+0x000002a78f445048.create()Ljava/lang/Object;+16
j  org.gradle.internal.work.DefaultSynchronizer.withLock(Lorg/gradle/internal/Factory;)Ljava/lang/Object;+6
j  org.gradle.internal.model.StateTransitionController.transition(Lorg/gradle/internal/model/StateTransitionController$State;Lorg/gradle/internal/model/StateTransitionController$State;Ljava/util/function/Supplier;)Ljava/lang/Object;+13
j  org.gradle.internal.buildtree.DefaultBuildTreeLifecycleController.runBuild(Ljava/util/function/Supplier;)Ljava/lang/Object;+17
j  org.gradle.internal.buildtree.DefaultBuildTreeLifecycleController.fromBuildModel(ZLorg/gradle/internal/buildtree/BuildTreeModelAction;)Ljava/lang/Object;+9
j  org.gradle.tooling.internal.provider.runner.AbstractClientProvidedBuildActionRunner.runClientAction(Lorg/gradle/tooling/internal/provider/runner/AbstractClientProvidedBuildActionRunner$ClientAction;Lorg/gradle/internal/buildtree/BuildTreeLifecycleController;)Lorg/gradle/internal/buildtree/BuildActionRunner$Result;+22
j  org.gradle.tooling.internal.provider.runner.ClientProvidedPhasedActionRunner.run(Lorg/gradle/internal/invocation/BuildAction;Lorg/gradle/internal/buildtree/BuildTreeLifecycleController;)Lorg/gradle/internal/buildtree/BuildActionRunner$Result;+45
j  org.gradle.launcher.exec.ChainingBuildActionRunner.run(Lorg/gradle/internal/invocation/BuildAction;Lorg/gradle/internal/buildtree/BuildTreeLifecycleController;)Lorg/gradle/internal/buildtree/BuildActionRunner$Result;+34
j  org.gradle.internal.buildtree.ProblemReportingBuildActionRunner.run(Lorg/gradle/internal/invocation/BuildAction;Lorg/gradle/internal/buildtree/BuildTreeLifecycleController;)Lorg/gradle/internal/buildtree/BuildActionRunner$Result;+12
j  org.gradle.launcher.exec.BuildOutcomeReportingBuildActionRunner.run(Lorg/gradle/internal/invocation/BuildAction;Lorg/gradle/internal/buildtree/BuildTreeLifecycleController;)Lorg/gradle/internal/buildtree/BuildActionRunner$Result;+69
j  org.gradle.tooling.internal.provider.FileSystemWatchingBuildActionRunner.run(Lorg/gradle/internal/invocation/BuildAction;Lorg/gradle/internal/buildtree/BuildTreeLifecycleController;)Lorg/gradle/internal/buildtree/BuildActionRunner$Result;+317
j  org.gradle.launcher.exec.BuildCompletionNotifyingBuildActionRunner.run(Lorg/gradle/internal/invocation/BuildAction;Lorg/gradle/internal/buildtree/BuildTreeLifecycleController;)Lorg/gradle/internal/buildtree/BuildActionRunner$Result;+6
j  org.gradle.launcher.exec.RootBuildLifecycleBuildActionExecutor.lambda$execute$0(Lorg/gradle/internal/invocation/BuildAction;Lorg/gradle/internal/buildtree/BuildTreeLifecycleController;)Lorg/gradle/internal/buildtree/BuildActionRunner$Result;+6
j  org.gradle.launcher.exec.RootBuildLifecycleBuildActionExecutor$$Lambda+0x000002a78f3d7848.apply(Ljava/lang/Object;)Ljava/lang/Object;+12
j  org.gradle.composite.internal.DefaultRootBuildState.run(Ljava/util/function/Function;)Ljava/lang/Object;+87
j  org.gradle.launcher.exec.RootBuildLifecycleBuildActionExecutor.execute(Lorg/gradle/internal/invocation/BuildAction;Lorg/gradle/internal/buildtree/BuildTreeContext;)Lorg/gradle/internal/buildtree/BuildActionRunner$Result;+75
j  org.gradle.internal.buildtree.InitDeprecationLoggingActionExecutor.execute(Lorg/gradle/internal/invocation/BuildAction;Lorg/gradle/internal/buildtree/BuildTreeContext;)Lorg/gradle/internal/buildtree/BuildActionRunner$Result;+83
j  org.gradle.internal.buildtree.InitProblems.execute(Lorg/gradle/internal/invocation/BuildAction;Lorg/gradle/internal/buildtree/BuildTreeContext;)Lorg/gradle/internal/buildtree/BuildActionRunner$Result;+13
j  org.gradle.internal.buildtree.DefaultBuildTreeContext.execute(Lorg/gradle/internal/invocation/BuildAction;)Lorg/gradle/internal/buildtree/BuildActionRunner$Result;+64
j  org.gradle.launcher.exec.BuildTreeLifecycleBuildActionExecutor.lambda$execute$0(Lorg/gradle/internal/invocation/BuildAction;Lorg/gradle/internal/buildtree/BuildTreeContext;)Lorg/gradle/internal/buildtree/BuildActionRunner$Result;+2
j  org.gradle.launcher.exec.BuildTreeLifecycleBuildActionExecutor$$Lambda+0x000002a78f2dd398.apply(Ljava/lang/Object;)Ljava/lang/Object;+8
j  org.gradle.internal.buildtree.BuildTreeState.run(Ljava/util/function/Function;)Ljava/lang/Object;+47
j  org.gradle.launcher.exec.BuildTreeLifecycleBuildActionExecutor.execute(Lorg/gradle/internal/invocation/BuildAction;Lorg/gradle/internal/session/BuildSessionContext;)Lorg/gradle/internal/buildtree/BuildActionRunner$Result;+74
j  org.gradle.launcher.exec.RunAsBuildOperationBuildActionExecutor$2.call(Lorg/gradle/internal/operations/BuildOperationContext;)Lorg/gradle/internal/buildtree/BuildActionRunner$Result;+25
j  org.gradle.launcher.exec.RunAsBuildOperationBuildActionExecutor$2.call(Lorg/gradle/internal/operations/BuildOperationContext;)Ljava/lang/Object;+2
j  org.gradle.internal.operations.DefaultBuildOperationRunner$CallableBuildOperationWorker.execute(Lorg/gradle/internal/operations/CallableBuildOperation;Lorg/gradle/internal/operations/BuildOperationContext;)V+3
j  org.gradle.internal.operations.DefaultBuildOperationRunner$CallableBuildOperationWorker.execute(Lorg/gradle/internal/operations/BuildOperation;Lorg/gradle/internal/operations/BuildOperationContext;)V+6
j  org.gradle.internal.operations.DefaultBuildOperationRunner$2.execute(Lorg/gradle/internal/operations/BuildOperationDescriptor;Lorg/gradle/internal/operations/BuildOperationState;Lorg/gradle/internal/operations/BuildOperationState;Lorg/gradle/internal/operations/DefaultBuildOperationRunner$ReadableBuildOperationContext;Lorg/gradle/internal/operations/DefaultBuildOperationRunner$BuildOperationExecutionListener;)Lorg/gradle/internal/operations/BuildOperation;+22
j  org.gradle.internal.operations.DefaultBuildOperationRunner$2.execute(Lorg/gradle/internal/operations/BuildOperationDescriptor;Lorg/gradle/internal/operations/BuildOperationState;Lorg/gradle/internal/operations/BuildOperationState;Lorg/gradle/internal/operations/DefaultBuildOperationRunner$ReadableBuildOperationContext;Lorg/gradle/internal/operations/DefaultBuildOperationRunner$BuildOperationExecutionListener;)Ljava/lang/Object;+8
j  org.gradle.internal.operations.DefaultBuildOperationRunner.execute(Lorg/gradle/internal/operations/BuildOperationDescriptor$Builder;Lorg/gradle/internal/operations/BuildOperationState;Lorg/gradle/internal/operations/DefaultBuildOperationRunner$BuildOperationExecution;)Ljava/lang/Object;+141
j  org.gradle.internal.operations.DefaultBuildOperationRunner.execute(Lorg/gradle/internal/operations/BuildOperation;Lorg/gradle/internal/operations/BuildOperationWorker;Lorg/gradle/internal/operations/BuildOperationState;)V+18
j  org.gradle.internal.operations.DefaultBuildOperationRunner.call(Lorg/gradle/internal/operations/CallableBuildOperation;)Ljava/lang/Object;+16
j  org.gradle.launcher.exec.RunAsBuildOperationBuildActionExecutor.execute(Lorg/gradle/internal/invocation/BuildAction;Lorg/gradle/internal/session/BuildSessionContext;)Lorg/gradle/internal/buildtree/BuildActionRunner$Result;+23
j  org.gradle.launcher.exec.RunAsWorkerThreadBuildActionExecutor.lambda$execute$0(Lorg/gradle/internal/invocation/BuildAction;Lorg/gradle/internal/session/BuildSessionContext;)Lorg/gradle/internal/buildtree/BuildActionRunner$Result;+6
j  org.gradle.launcher.exec.RunAsWorkerThreadBuildActionExecutor$$Lambda+0x000002a78f2ae330.create()Ljava/lang/Object;+12
j  org.gradle.internal.work.DefaultWorkerLeaseService.withLocks(Ljava/util/Collection;Lorg/gradle/internal/Factory;)Ljava/lang/Object;+28
j  org.gradle.internal.work.DefaultWorkerLeaseService.runAsWorkerThread(Lorg/gradle/internal/Factory;)Ljava/lang/Object;+33
j  org.gradle.launcher.exec.RunAsWorkerThreadBuildActionExecutor.execute(Lorg/gradle/internal/invocation/BuildAction;Lorg/gradle/internal/session/BuildSessionContext;)Lorg/gradle/internal/buildtree/BuildActionRunner$Result;+12
j  org.gradle.tooling.internal.provider.continuous.ContinuousBuildActionExecutor.execute(Lorg/gradle/internal/invocation/BuildAction;Lorg/gradle/internal/session/BuildSessionContext;)Lorg/gradle/internal/buildtree/BuildActionRunner$Result;+58
j  org.gradle.tooling.internal.provider.SubscribableBuildActionExecutor.execute(Lorg/gradle/internal/invocation/BuildAction;Lorg/gradle/internal/session/BuildSessionContext;)Lorg/gradle/internal/buildtree/BuildActionRunner$Result;+30
j  org.gradle.internal.session.DefaultBuildSessionContext.execute(Lorg/gradle/internal/invocation/BuildAction;)Lorg/gradle/internal/buildtree/BuildActionRunner$Result;+64
j  org.gradle.internal.buildprocess.execution.BuildSessionLifecycleBuildActionExecutor$ActionImpl.apply(Lorg/gradle/internal/session/BuildSessionContext;)Lorg/gradle/launcher/exec/BuildActionResult;+6
j  org.gradle.internal.buildprocess.execution.BuildSessionLifecycleBuildActionExecutor$ActionImpl.apply(Ljava/lang/Object;)Ljava/lang/Object;+5
j  org.gradle.internal.session.BuildSessionState.run(Ljava/util/function/Function;)Ljava/lang/Object;+5
j  org.gradle.internal.buildprocess.execution.BuildSessionLifecycleBuildActionExecutor.execute(Lorg/gradle/internal/invocation/BuildAction;Lorg/gradle/launcher/exec/BuildActionParameters;Lorg/gradle/initialization/BuildRequestContext;)Lorg/gradle/launcher/exec/BuildActionResult;+95
j  org.gradle.internal.buildprocess.execution.BuildSessionLifecycleBuildActionExecutor.execute(Lorg/gradle/internal/invocation/BuildAction;Ljava/lang/Object;Ljava/lang/Object;)Lorg/gradle/launcher/exec/BuildActionResult;+10
j  org.gradle.internal.buildprocess.execution.StartParamsValidatingActionExecutor.execute(Lorg/gradle/internal/invocation/BuildAction;Lorg/gradle/launcher/exec/BuildActionParameters;Lorg/gradle/initialization/BuildRequestContext;)Lorg/gradle/launcher/exec/BuildActionResult;+203
j  org.gradle.internal.buildprocess.execution.StartParamsValidatingActionExecutor.execute(Lorg/gradle/internal/invocation/BuildAction;Ljava/lang/Object;Ljava/lang/Object;)Lorg/gradle/launcher/exec/BuildActionResult;+10
j  org.gradle.internal.buildprocess.execution.SessionFailureReportingActionExecutor.execute(Lorg/gradle/internal/invocation/BuildAction;Lorg/gradle/launcher/exec/BuildActionParameters;Lorg/gradle/initialization/BuildRequestContext;)Lorg/gradle/launcher/exec/BuildActionResult;+7
j  org.gradle.internal.buildprocess.execution.SessionFailureReportingActionExecutor.execute(Lorg/gradle/internal/invocation/BuildAction;Ljava/lang/Object;Ljava/lang/Object;)Lorg/gradle/launcher/exec/BuildActionResult;+10
j  org.gradle.internal.buildprocess.execution.SetupLoggingActionExecutor.execute(Lorg/gradle/internal/invocation/BuildAction;Lorg/gradle/launcher/exec/BuildActionParameters;Lorg/gradle/initialization/BuildRequestContext;)Lorg/gradle/launcher/exec/BuildActionResult;+50
j  org.gradle.internal.buildprocess.execution.SetupLoggingActionExecutor.execute(Lorg/gradle/internal/invocation/BuildAction;Ljava/lang/Object;Ljava/lang/Object;)Lorg/gradle/launcher/exec/BuildActionResult;+10
j  org.gradle.launcher.daemon.server.exec.ExecuteBuild.doBuild(Lorg/gradle/launcher/daemon/server/api/DaemonCommandExecution;Lorg/gradle/launcher/daemon/protocol/Build;)V+147
j  org.gradle.launcher.daemon.server.exec.BuildCommandOnly.execute(Lorg/gradle/launcher/daemon/server/api/DaemonCommandExecution;)V+49
j  org.gradle.launcher.daemon.server.api.DaemonCommandExecution.proceed()Z+23
j  org.gradle.launcher.daemon.server.exec.WatchForDisconnection.execute(Lorg/gradle/launcher/daemon/server/api/DaemonCommandExecution;)V+19
j  org.gradle.launcher.daemon.server.api.DaemonCommandExecution.proceed()Z+23
j  org.gradle.launcher.daemon.server.exec.ResetDeprecationLogger.execute(Lorg/gradle/launcher/daemon/server/api/DaemonCommandExecution;)V+7
j  org.gradle.launcher.daemon.server.api.DaemonCommandExecution.proceed()Z+23
j  org.gradle.launcher.daemon.server.exec.RequestStopIfSingleUsedDaemon.execute(Lorg/gradle/launcher/daemon/server/api/DaemonCommandExecution;)V+33
j  org.gradle.launcher.daemon.server.api.DaemonCommandExecution.proceed()Z+23
j  org.gradle.launcher.daemon.server.exec.ForwardClientInput.lambda$execute$0(Lorg/gradle/launcher/daemon/server/api/DaemonCommandExecution;Lorg/gradle/internal/daemon/clientinput/StdinHandler;)Ljava/lang/Object;+11
j  org.gradle.launcher.daemon.server.exec.ForwardClientInput$$Lambda+0x000002a78f18e288.apply(Ljava/lang/Object;)Ljava/lang/Object;+8
j  org.gradle.internal.daemon.clientinput.ClientInputForwarder.forwardInput(Ljava/util/function/Function;)Ljava/lang/Object;+46
j  org.gradle.launcher.daemon.server.exec.ForwardClientInput.execute(Lorg/gradle/launcher/daemon/server/api/DaemonCommandExecution;)V+10
j  org.gradle.launcher.daemon.server.api.DaemonCommandExecution.proceed()Z+23
j  org.gradle.launcher.daemon.server.exec.LogAndCheckHealth.execute(Lorg/gradle/launcher/daemon/server/api/DaemonCommandExecution;)V+51
j  org.gradle.launcher.daemon.server.api.DaemonCommandExecution.proceed()Z+23
j  org.gradle.launcher.daemon.server.exec.LogToClient.doBuild(Lorg/gradle/launcher/daemon/server/api/DaemonCommandExecution;Lorg/gradle/launcher/daemon/protocol/Build;)V+87
j  org.gradle.launcher.daemon.server.exec.BuildCommandOnly.execute(Lorg/gradle/launcher/daemon/server/api/DaemonCommandExecution;)V+49
j  org.gradle.launcher.daemon.server.api.DaemonCommandExecution.proceed()Z+23
j  org.gradle.launcher.daemon.server.exec.EstablishBuildEnvironment.doBuild(Lorg/gradle/launcher/daemon/server/api/DaemonCommandExecution;Lorg/gradle/launcher/daemon/protocol/Build;)V+356
j  org.gradle.launcher.daemon.server.exec.BuildCommandOnly.execute(Lorg/gradle/launcher/daemon/server/api/DaemonCommandExecution;)V+49
j  org.gradle.launcher.daemon.server.api.DaemonCommandExecution.proceed()Z+23
j  org.gradle.launcher.daemon.server.exec.StartBuildOrRespondWithBusy$1.run()V+44
j  org.gradle.launcher.daemon.server.DaemonStateCoordinator.lambda$runCommand$0(Ljava/lang/Runnable;)V+1
j  org.gradle.launcher.daemon.server.DaemonStateCoordinator$$Lambda+0x000002a78f18ccb0.run()V+8
j  org.gradle.internal.concurrent.ExecutorPolicy$CatchAndRecordFailures.onExecute(Ljava/lang/Runnable;)V+1
j  org.gradle.internal.concurrent.AbstractManagedExecutor$1.run()V+25
j  java.util.concurrent.ThreadPoolExecutor.runWorker(Ljava/util/concurrent/ThreadPoolExecutor$Worker;)V+92 java.base@21.0.7
j  java.util.concurrent.ThreadPoolExecutor$Worker.run()V+5 java.base@21.0.7
j  java.lang.Thread.runWith(Ljava/lang/Object;Ljava/lang/Runnable;)V+5 java.base@21.0.7
j  java.lang.Thread.run()V+19 java.base@21.0.7
v  ~StubRoutines::call_stub 0x000002a7ef7a100d
new  187 new  [0x000002a7ef7ba800, 0x000002a7ef7baa08]  520 bytes
[MachCode]
  0x000002a7ef7ba800: 4883 ec08 | c5fa 1104 | 24eb 1f48 | 83ec 10c5 | fb11 0424 | eb14 4883 | ec10 4889 | 0424 48c7 
  0x000002a7ef7ba820: 4424 0800 | 0000 00eb | 0150 410f | b755 010f | cac1 ea10 | 488b 4de8 | 488b 4908 | 488b 4908 
  0x000002a7ef7ba840: 488b 4108 | 807c 1004 | 070f 85d3 | 0000 0066 | 8b54 d148 | 488b 4928 | 488b 4cd1 | 0851 80b9 
  0x000002a7ef7ba860: 2101 0000 | 040f 85b6 | 0000 008b | 5108 f6c2 | 010f 85aa | 0000 0049 | 8b87 b801 | 0000 488d 
  0x000002a7ef7ba880: 1c10 493b | 9fc8 0100 | 000f 8792 | 0000 0049 | 899f b801 | 0000 4883 | ea10 0f84 | 0f00 0000 
  0x000002a7ef7ba8a0: 33c9 c1ea | 0348 894c | d008 48ff | ca75 f648 | c700 0100 | 0000 5933 | f689 700c | 49ba 0000 
  0x000002a7ef7ba8c0: 008e a702 | 0000 492b | ca89 4808 | 49ba 3e5b | 62aa f97f | 0000 4180 | 3a00 0f84 | 3c00 0000 
  0x000002a7ef7ba8e0: 5048 8bc8 | 4883 ec20 | 40f6 c40f | 0f84 1900 | 0000 4883 | ec08 48b8 | 904b 0caa | f97f 0000 
  0x000002a7ef7ba900: ffd0 4883 | c408 e90c | 0000 0048 | b890 4b0c | aaf9 7f00 | 00ff d048 | 83c4 2058 | e9cb 0000 
  0x000002a7ef7ba920: 0059 488b | 55e8 488b | 5208 488b | 5208 450f | b745 0141 | 0fc8 41c1 | e810 e805 | 0000 00e9 
  0x000002a7ef7ba940: a800 0000 | 488d 4424 | 084c 896d | c049 8bcf | c5f8 7749 | 89af a803 | 0000 4989 | 8798 0300 
  0x000002a7ef7ba960: 0048 83ec | 2040 f6c4 | 0f0f 8419 | 0000 0048 | 83ec 0848 | b8f0 48d6 | a9f9 7f00 | 00ff d048 
  0x000002a7ef7ba980: 83c4 08e9 | 0c00 0000 | 48b8 f048 | d6a9 f97f | 0000 ffd0 | 4883 c420 | 49c7 8798 | 0300 0000 
  0x000002a7ef7ba9a0: 0000 0049 | c787 a803 | 0000 0000 | 0000 49c7 | 87a0 0300 | 0000 0000 | 00c5 f877 | 4983 7f08 
  0x000002a7ef7ba9c0: 000f 8405 | 0000 00e9 | 3465 feff | 498b 87f0 | 0300 0049 | c787 f003 | 0000 0000 | 0000 4c8b 
  0x000002a7ef7ba9e0: 6dc0 4c8b | 75c8 4e8d | 74f5 00c3 | 410f b65d | 0349 83c5 | 0349 bab0 | 2065 aaf9 | 7f00 0041 
  0x000002a7ef7baa00: ff24 da0f | 1f44 0000 
[/MachCode]

Compiled method (c1) 42529 6999       3       org.gradle.internal.operations.DefaultBuildOperationRunner$CallableBuildOperationWorker::execute (10 bytes)
 total in heap  [0x000002a7e06dce10,0x000002a7e06dd498] = 1672
 relocation     [0x000002a7e06dcf70,0x000002a7e06dcfd0] = 96
 main code      [0x000002a7e06dcfe0,0x000002a7e06dd360] = 896
 stub code      [0x000002a7e06dd360,0x000002a7e06dd3a8] = 72
 oops           [0x000002a7e06dd3a8,0x000002a7e06dd3b0] = 8
 metadata       [0x000002a7e06dd3b0,0x000002a7e06dd3c8] = 24
 scopes data    [0x000002a7e06dd3c8,0x000002a7e06dd410] = 72
 scopes pcs     [0x000002a7e06dd410,0x000002a7e06dd480] = 112
 dependencies   [0x000002a7e06dd480,0x000002a7e06dd488] = 8
 nul chk table  [0x000002a7e06dd488,0x000002a7e06dd498] = 16

[Constant Pool (empty)]

[MachCode]
[Entry Point]
  # {method} {0x000002a7cff460d0} 'execute' '(Lorg/gradle/internal/operations/BuildOperation;Lorg/gradle/internal/operations/BuildOperationContext;)V' in 'org/gradle/internal/operations/DefaultBuildOperationRunner$CallableBuildOperationWorker'
  # this:     rdx:rdx   = 'org/gradle/internal/operations/DefaultBuildOperationRunner$CallableBuildOperationWorker'
  # parm0:    r8:r8     = 'org/gradle/internal/operations/BuildOperation'
  # parm1:    r9:r9     = 'org/gradle/internal/operations/BuildOperationContext'
  #           [sp+0x60]  (sp of caller)
  0x000002a7e06dcfe0: 448b 5208 | 49bb 0000 | 008e a702 | 0000 4d03 | d34c 3bd0 

  0x000002a7e06dcff4: ;   {runtime_call ic_miss_stub}
  0x000002a7e06dcff4: 0f85 8617 | 110f 660f | 1f44 0000 
[Verified Entry Point]
  0x000002a7e06dd000: 8984 2400 | 80ff ff55 | 4883 ec50 | 4181 7f20 | 1100 0000 

  0x000002a7e06dd014: ;   {runtime_call StubRoutines (final stubs)}
  0x000002a7e06dd014: 7405 e845 

  0x000002a7e06dd018: ;   {metadata(method data for {method} {0x000002a7cff460d0} 'execute' '(Lorg/gradle/internal/operations/BuildOperation;Lorg/gradle/internal/operations/BuildOperationContext;)V' in 'org/gradle/internal/operations/DefaultBuildOperationRunner$CallableBuildOperationWorker')}
  0x000002a7e06dd018: 7d0f 0f48 | be58 f2e8 | d1a7 0200 | 008b becc | 0000 0083 | c702 89be | cc00 0000 | 81e7 fe07 
  0x000002a7e06dd038: 0000 85ff | 0f84 5602 | 0000 4d85 

  0x000002a7e06dd044: ;   {metadata(method data for {method} {0x000002a7cff460d0} 'execute' '(Lorg/gradle/internal/operations/BuildOperation;Lorg/gradle/internal/operations/BuildOperationContext;)V' in 'org/gradle/internal/operations/DefaultBuildOperationRunner$CallableBuildOperationWorker')}
  0x000002a7e06dd044: c075 1648 | bf58 f2e8 | d1a7 0200 | 0080 8f09 | 0100 0001 | e9e9 0000 

  0x000002a7e06dd05c: ;   {metadata('org/gradle/internal/operations/CallableBuildOperation')}
  0x000002a7e06dd05c: 0048 bb60 | c61f 8fa7 | 0200 0041 | 8b78 0849 | ba00 0000 | 8ea7 0200 | 0049 03fa | 483b 5f20 
  0x000002a7e06dd07c: 0f84 1a00 | 0000 483b | fb0f 8411 | 0000 0057 

  0x000002a7e06dd08c: ;   {runtime_call slow_subtype_check Runtime1 stub}
  0x000002a7e06dd08c: 53e8 ee86 | 1e0f 5f5f | 85ff 0f84 | 8e00 0000 

  0x000002a7e06dd09c: ;   {metadata(method data for {method} {0x000002a7cff460d0} 'execute' '(Lorg/gradle/internal/operations/BuildOperation;Lorg/gradle/internal/operations/BuildOperationContext;)V' in 'org/gradle/internal/operations/DefaultBuildOperationRunner$CallableBuildOperationWorker')}
  0x000002a7e06dd09c: 48bf 58f2 | e8d1 a702 | 0000 418b | 5808 49ba | 0000 008e | a702 0000 | 4903 da48 | 3b9f 2001 
  0x000002a7e06dd0bc: 0000 750d | 4883 8728 | 0100 0001 | e979 0000 | 0048 3b9f | 3001 0000 | 750d 4883 | 8738 0100 
  0x000002a7e06dd0dc: 0001 e963 | 0000 0048 | 83bf 2001 | 0000 0075 | 1748 899f | 2001 0000 | 48c7 8728 | 0100 0001 
  0x000002a7e06dd0fc: 0000 00e9 | 4200 0000 | 4883 bf30 | 0100 0000 | 7517 4889 | 9f30 0100 | 0048 c787 | 3801 0000 
  0x000002a7e06dd11c: 0100 0000 | e921 0000 | 00e9 1c00 

  0x000002a7e06dd128: ;   {metadata(method data for {method} {0x000002a7cff460d0} 'execute' '(Lorg/gradle/internal/operations/BuildOperation;Lorg/gradle/internal/operations/BuildOperationContext;)V' in 'org/gradle/internal/operations/DefaultBuildOperationRunner$CallableBuildOperationWorker')}
  0x000002a7e06dd128: 0000 48bf | 58f2 e8d1 | a702 0000 | 4883 af10 | 0100 0001 | e978 0100 | 00e9 0000 | 0000 498b 
  0x000002a7e06dd148: f04c 8bc2 

  0x000002a7e06dd14c: ;   {metadata(method data for {method} {0x000002a7cff460d0} 'execute' '(Lorg/gradle/internal/operations/BuildOperation;Lorg/gradle/internal/operations/BuildOperationContext;)V' in 'org/gradle/internal/operations/DefaultBuildOperationRunner$CallableBuildOperationWorker')}
  0x000002a7e06dd14c: 48bf 58f2 | e8d1 a702 

  0x000002a7e06dd154: ;   {metadata('org/gradle/internal/operations/DefaultBuildOperationRunner$CallableBuildOperationWorker')}
  0x000002a7e06dd154: 0000 49ba | d010 2b8f | a702 0000 | 4c89 9758 | 0100 0048 | 8387 6001 

  0x000002a7e06dd16c: ;   {metadata(method data for {method} {0x000002a7cff45f68} 'execute' '(Lorg/gradle/internal/operations/CallableBuildOperation;Lorg/gradle/internal/operations/BuildOperationContext;)V' in 'org/gradle/internal/operations/DefaultBuildOperationRunner$CallableBuildOperationWorker')}
  0x000002a7e06dd16c: 0000 0149 | b828 f4e8 | d1a7 0200 | 0041 8bb8 | cc00 0000 | 83c7 0241 | 89b8 cc00 | 0000 81e7 
  0x000002a7e06dd18c: feff 1f00 | 85ff 0f84 | 2a01 0000 

  0x000002a7e06dd198: ; implicit exception: dispatches to 0x000002a7e06dd2e3
  0x000002a7e06dd198: 483b 064c 

  0x000002a7e06dd19c: ;   {metadata(method data for {method} {0x000002a7cff45f68} 'execute' '(Lorg/gradle/internal/operations/CallableBuildOperation;Lorg/gradle/internal/operations/BuildOperationContext;)V' in 'org/gradle/internal/operations/DefaultBuildOperationRunner$CallableBuildOperationWorker')}
  0x000002a7e06dd19c: 8bc6 48bf | 28f4 e8d1 | a702 0000 | 458b 4008 | 49ba 0000 | 008e a702 | 0000 4d03 | c24c 3b87 
  0x000002a7e06dd1bc: 2001 0000 | 750d 4883 | 8728 0100 | 0001 e960 | 0000 004c | 3b87 3001 | 0000 750d | 4883 8738 
  0x000002a7e06dd1dc: 0100 0001 | e94a 0000 | 0048 83bf | 2001 0000 | 0075 174c | 8987 2001 | 0000 48c7 | 8728 0100 
  0x000002a7e06dd1fc: 0001 0000 | 00e9 2900 | 0000 4883 | bf30 0100 | 0000 7517 | 4c89 8730 | 0100 0048 | c787 3801 
  0x000002a7e06dd21c: 0000 0100 | 0000 e908 | 0000 0048 | 8387 1001 | 0000 014d | 8bc1 4889 | 5424 4048 | 8bd6 6666 
  0x000002a7e06dd23c: 9048 b8d0 | 7e5c d3a7 

  0x000002a7e06dd244: ;   {virtual_call}
  0x000002a7e06dd244: 0200 00e8 

  0x000002a7e06dd248: ; ImmutableOopMap {[64]=Oop }
                      ;*invokeinterface call {reexecute=0 rethrow=0 return_oop=0}
                      ; - org.gradle.internal.operations.DefaultBuildOperationRunner$CallableBuildOperationWorker::execute@3 (line 209)
                      ; - org.gradle.internal.operations.DefaultBuildOperationRunner$CallableBuildOperationWorker::execute@6 (line 204)
  0x000002a7e06dd248: fcb1 1f0f 

  0x000002a7e06dd24c: ;   {other}
  0x000002a7e06dd24c: 0f1f 8400 | 3c04 0000 | 410f be77 | 4085 f648 | 8b54 2440 | 0f85 8200 | 0000 4c8b | d049 c1ea 
  0x000002a7e06dd26c: 0344 8952 | 0c48 8bf2 | 4833 f048 | c1ee 1648 | 83fe 000f | 8582 0000 | 0048 83c4 

  0x000002a7e06dd288: ;   {poll_return}
  0x000002a7e06dd288: 505d 493b | a748 0400 | 000f 8788 | 0000 00c3 

  0x000002a7e06dd298: ;   {metadata({method} {0x000002a7cff460d0} 'execute' '(Lorg/gradle/internal/operations/BuildOperation;Lorg/gradle/internal/operations/BuildOperationContext;)V' in 'org/gradle/internal/operations/DefaultBuildOperationRunner$CallableBuildOperationWorker')}
  0x000002a7e06dd298: 49ba c860 | f4cf a702 | 0000 4c89 | 5424 0848 | c704 24ff 

  0x000002a7e06dd2ac: ;   {runtime_call counter_overflow Runtime1 stub}
  0x000002a7e06dd2ac: ffff ffe8 

  0x000002a7e06dd2b0: ; ImmutableOopMap {rdx=Oop r8=Oop r9=Oop }
                      ;*synchronization entry
                      ; - org.gradle.internal.operations.DefaultBuildOperationRunner$CallableBuildOperationWorker::execute@-1 (line 204)
  0x000002a7e06dd2b0: ccbd 1e0f | e989 fdff | ff4c 8904 

  0x000002a7e06dd2bc: ;   {runtime_call throw_class_cast_exception Runtime1 stub}
  0x000002a7e06dd2bc: 24e8 3e7a 

  0x000002a7e06dd2c0: ; ImmutableOopMap {rdx=Oop r9=Oop }
                      ;*checkcast {reexecute=0 rethrow=0 return_oop=0}
                      ; - org.gradle.internal.operations.DefaultBuildOperationRunner$CallableBuildOperationWorker::execute@2 (line 204)
                      ;   {metadata({method} {0x000002a7cff45f68} 'execute' '(Lorg/gradle/internal/operations/CallableBuildOperation;Lorg/gradle/internal/operations/BuildOperationContext;)V' in 'org/gradle/internal/operations/DefaultBuildOperationRunner$CallableBuildOperationWorker')}
  0x000002a7e06dd2c0: 1e0f 49ba | 605f f4cf | a702 0000 | 4c89 5424 | 0848 c704 | 24ff ffff 

  0x000002a7e06dd2d8: ;   {runtime_call counter_overflow Runtime1 stub}
  0x000002a7e06dd2d8: ffe8 a2bd 

  0x000002a7e06dd2dc: ; ImmutableOopMap {rdx=Oop r9=Oop rsi=Oop }
                      ;*synchronization entry
                      ; - org.gradle.internal.operations.DefaultBuildOperationRunner$CallableBuildOperationWorker::execute@-1 (line 209)
                      ; - org.gradle.internal.operations.DefaultBuildOperationRunner$CallableBuildOperationWorker::execute@6 (line 204)
  0x000002a7e06dd2dc: 1e0f e9b5 

  0x000002a7e06dd2e0: ;   {runtime_call throw_null_pointer_exception Runtime1 stub}
  0x000002a7e06dd2e0: feff ffe8 

  0x000002a7e06dd2e4: ; ImmutableOopMap {rdx=Oop r9=Oop rsi=Oop }
                      ;*invokeinterface call {reexecute=0 rethrow=0 return_oop=0}
                      ; - org.gradle.internal.operations.DefaultBuildOperationRunner$CallableBuildOperationWorker::execute@3 (line 209)
                      ; - org.gradle.internal.operations.DefaultBuildOperationRunner$CallableBuildOperationWorker::execute@6 (line 204)
  0x000002a7e06dd2e4: 9851 1e0f | 8b72 0c48 | c1e6 0348 | 83fe 000f | 846d ffff | ff48 8934 

  0x000002a7e06dd2fc: ;   {runtime_call g1_pre_barrier_slow}
  0x000002a7e06dd2fc: 24e8 7ec3 | 1e0f e95f | ffff ff48 | 83f8 000f | 8474 ffff | ff48 8914 

  0x000002a7e06dd314: ;   {runtime_call g1_post_barrier_slow}
  0x000002a7e06dd314: 24e8 66c6 | 1e0f e966 

  0x000002a7e06dd31c: ;   {internal_word}
  0x000002a7e06dd31c: ffff ff49 | ba8a d26d | e0a7 0200 | 004d 8997 | 6004 0000 

  0x000002a7e06dd330: ;   {runtime_call SafepointBlob}
  0x000002a7e06dd330: e9cb 8311 | 0f49 8b87 | f804 0000 | 49c7 87f8 | 0400 0000 | 0000 0049 | c787 0005 | 0000 0000 
  0x000002a7e06dd350: 0000 4883 

  0x000002a7e06dd354: ;   {runtime_call unwind_exception Runtime1 stub}
  0x000002a7e06dd354: c450 5de9 | 2442 1e0f | f4f4 f4f4 
[Stub Code]
  0x000002a7e06dd360: ;   {no_reloc}
  0x000002a7e06dd360: 0f1f 4400 

  0x000002a7e06dd364: ;   {static_stub}
  0x000002a7e06dd364: 0048 bb00 | 0000 0000 

  0x000002a7e06dd36c: ;   {runtime_call nmethod}
  0x000002a7e06dd36c: 0000 00e9 | fbff ffff 
[Exception Handler]
  0x000002a7e06dd374: ;   {runtime_call handle_exception_from_callee Runtime1 stub}
  0x000002a7e06dd374: e807 6f1e 

  0x000002a7e06dd378: ;   {external_word}
  0x000002a7e06dd378: 0f48 b990 | 7f38 aaf9 | 7f00 0048 

  0x000002a7e06dd384: ;   {runtime_call}
  0x000002a7e06dd384: 83e4 f048 | b8e0 44fb | a9f9 7f00 | 00ff d0f4 
[Deopt Handler Code]
  0x000002a7e06dd394: ;   {section_word}
  0x000002a7e06dd394: 49ba 94d3 | 6de0 a702 | 0000 4152 

  0x000002a7e06dd3a0: ;   {runtime_call DeoptimizationBlob}
  0x000002a7e06dd3a0: e9fb 7511 | 0ff4 f4f4 
[/MachCode]


Compiled method (c2) 42538 12701       4       org.gradle.internal.operations.DefaultBuildOperationRunner::execute (147 bytes)
 total in heap  [0x000002a7f041d790,0x000002a7f042b678] = 57064
 relocation     [0x000002a7f041d8f0,0x000002a7f041e0e0] = 2032
 main code      [0x000002a7f041e0e0,0x000002a7f0426ac8] = 35304
 stub code      [0x000002a7f0426ac8,0x000002a7f0426c18] = 336
 oops           [0x000002a7f0426c18,0x000002a7f0426c90] = 120
 metadata       [0x000002a7f0426c90,0x000002a7f0427110] = 1152
 scopes data    [0x000002a7f0427110,0x000002a7f0429c18] = 11016
 scopes pcs     [0x000002a7f0429c18,0x000002a7f042adb8] = 4512
 dependencies   [0x000002a7f042adb8,0x000002a7f042ae58] = 160
 handler table  [0x000002a7f042ae58,0x000002a7f042b380] = 1320
 nul chk table  [0x000002a7f042b380,0x000002a7f042b678] = 760

[Constant Pool (empty)]

[MachCode]
[Entry Point]
  # {method} {0x000002a7cfa192c0} 'execute' '(Lorg/gradle/internal/operations/BuildOperationDescriptor$Builder;Lorg/gradle/internal/operations/BuildOperationState;Lorg/gradle/internal/operations/DefaultBuildOperationRunner$BuildOperationExecution;)Ljava/lang/Object;' in 'org/gradle/internal/operations/DefaultBuildOperationRunner'
  # this:     rdx:rdx   = 'org/gradle/internal/operations/DefaultBuildOperationRunner'
  # parm0:    r8:r8     = 'org/gradle/internal/operations/BuildOperationDescriptor$Builder'
  # parm1:    r9:r9     = 'org/gradle/internal/operations/BuildOperationState'
  # parm2:    rdi:rdi   = 'org/gradle/internal/operations/DefaultBuildOperationRunner$BuildOperationExecution'
  #           [sp+0x100]  (sp of caller)
  0x000002a7f041e0e0: 448b 5208 | 49bb 0000 | 008e a702 | 0000 4d03 | d349 3bc2 

  0x000002a7f041e0f4: ;   {runtime_call ic_miss_stub}
  0x000002a7f041e0f4: 0f85 8606 | 3dff 6690 | 0f1f 4000 
[Verified Entry Point]
  0x000002a7f041e100: 8984 2400 | 80ff ff55 | 4881 ecf0 | 0000 0090 | 4181 7f20 | 1100 0000 | 0f85 9f89 | 0000 4889 
  0x000002a7f041e120: 7c24 304c | 894c 2438 | 488b ea4c | 8944 2458 

  0x000002a7f041e130: ; implicit exception: dispatches to 0x000002a7f0425c10
  0x000002a7f041e130: 458b 5820 | 4585 db74 | 3347 8b44 

  0x000002a7f041e13c: ;   {metadata('org/gradle/internal/operations/BuildOperationState')}
  0x000002a7f041e13c: dc08 4181 | f820 212b | 010f 856c | 3100 004f | 8d14 dcba | 54ff ffff | 4c89 4c24 | 284c 8954 
  0x000002a7f041e15c: ;   {runtime_call UncommonTrapBlob}
  0x000002a7f041e15c: 2440 90e8 

  0x000002a7f041e160: ; ImmutableOopMap {rbp=Oop [40]=Oop [48]=Oop [64]=Oop [88]=Oop }
                      ;*ifnonnull {reexecute=1 rethrow=0 return_oop=0}
                      ; - (reexecute) org.gradle.internal.operations.DefaultBuildOperationRunner::execute@11 (line 156)
  0x000002a7f041e160: 9c64 3dff 

  0x000002a7f041e164: ;   {other}
  0x000002a7f041e164: 0f1f 8400 | d409 0000 | 498b 87b8 | 0100 004d | 8b97 8003 | 0000 4c8b | d849 83c3 | 184d 8b02 
  0x000002a7f041e184: 4d3b 9fc8 | 0100 000f | 836f 4700 | 004d 899f | b801 0000 | 410f 1883 | c000 0000 | 48c7 0001 
  0x000002a7f041e1a4: ;   {metadata('org/gradle/internal/operations/OperationIdentifier')}
  0x000002a7f041e1a4: 0000 00c7 | 4008 08ed | 2901 4489 | 600c 4c89 | 6010 4c8b | d04c 8954 | 2448 4889 | ac24 9800 
  0x000002a7f041e1c4: 0000 448b | 5510 478b 

  0x000002a7f041e1cc: ;   {metadata('org/gradle/internal/operations/DefaultBuildOperationIdFactory')}
  0x000002a7f041e1cc: 5cd4 0841 | 81fb 00c0 | 1901 0f85 | 9055 0000 | 49c1 e203 | 458b 5a0c | 4585 db0f | 84af 5400 
  0x000002a7f041e1ec: 0041 ba01 | 0000 00f0 | 4f0f c154 | dc10 4d85 | d20f 84df | 6600 004c | 8b5c 2448 | 4d89 5310 
  0x000002a7f041e20c: 48ff 7424 | 3848 8f84 | 24a8 0000 | 004c 8b54 | 2438 458b | 520c 438b | 6cd4 1049 | 8b87 b801 
  0x000002a7f041e22c: 0000 4c8b | d049 83c2 | 304d 3b97 | c801 0000 | 0f83 e446 | 0000 4d89 | 97b8 0100 | 0041 0f18 
  0x000002a7f041e24c: 82c0 0000 | 0048 c700 | 0100 0000 

  0x000002a7f041e258: ;   {metadata('org/gradle/internal/operations/BuildOperationDescriptor')}
  0x000002a7f041e258: c740 0800 | 132b 0144 | 8960 0c4c | 8960 104c | 8960 184c | 8960 204c | 8960 284c | 8bd0 4c89 
  0x000002a7f041e278: 9424 8000 | 0000 4c8b | 5424 5845 | 8b52 2045 | 85d2 0f85 | cc62 0000 | 4c89 4424 | 704c 8b54 
  0x000002a7f041e298: 2458 458b | 5a0c 418b | 7a14 458b | 5210 4c8b | 4424 5845 | 8b40 244c | 8b4c 2458 | 418b 511c 
  0x000002a7f041e2b8: 418b 4918 | 4c8b cd49 | c1e1 0348 | c1e1 0348 | 8bda 48c1 | e303 498b | c048 c1e0 | 0349 8bf2 
  0x000002a7f041e2d8: 48c1 e603 | 48c1 e703 | 488b 9424 | 8000 0000 | 4c8b 4424 | 4848 891c | 2448 8944 | 2408 4489 
  0x000002a7f041e2f8: 5c24 1045 | 33d2 4c89 | 5424 1848 | 8bac 2498 

  0x000002a7f041e308: ;   {optimized virtual_call}
  0x000002a7f041e308: 0000 00e8 

  0x000002a7f041e30c: ; ImmutableOopMap {rbp=Oop [48]=Oop [112]=Oop [128]=Oop [152]=Oop [168]=Oop }
                      ;*invokespecial <init> {reexecute=0 rethrow=0 return_oop=0}
                      ; - org.gradle.internal.operations.BuildOperationDescriptor$Builder::build@50 (line 190)
                      ; - org.gradle.internal.operations.DefaultBuildOperationRunner::execute@60 (line 158)
  0x000002a7f041e30c: d031 0300 

  0x000002a7f041e310: ;   {other}
  0x000002a7f041e310: 0f1f 8400 | 800b 0001 | 4c8b 9424 | a800 0000 | 458b 5a18 

  0x000002a7f041e324: ; implicit exception: dispatches to 0x000002a7f0425d5c
  0x000002a7f041e324: 478b 54dc | 0c45 85d2 | 0f84 da65 | 0000 498b | 87b8 0100 | 004c 8bd0 | 4983 c220 | 4d3b 97c8 
  0x000002a7f041e344: 0100 000f | 8301 4600 | 004d 8997 | b801 0000 | 410f 1882 | c000 0000 | 48c7 0001 

  0x000002a7f041e360: ;   {metadata('org/gradle/internal/operations/BuildOperationState')}
  0x000002a7f041e360: 0000 00c7 | 4008 2021 | 2b01 4489 | 600c 4c89 | 6010 4c89 | 6018 4c8b | d04c 8994 | 2488 0000 
  0x000002a7f041e380: 0044 8b5d | 0c47 8b54 

  0x000002a7f041e388: ;   {metadata('org/gradle/internal/service/scopes/WorkerSharedGlobalScopeServices$$Lambda+0x000002a78f19d8c0')}
  0x000002a7f041e388: dc08 4181 | fac0 d819 | 010f 850d | 5400 004f | 8d14 dc45 | 8b5a 0c47 | 8b44 dc08 

  0x000002a7f041e3a4: ;   {metadata('org/gradle/internal/time/MonotonicClock')}
  0x000002a7f041e3a4: 4181 f8c8 | 0f01 010f | 852f 5400 | 004b 8d1c | dc44 8b5b | 0c47 8b54 

  0x000002a7f041e3bc: ;   {metadata('org/gradle/internal/time/TimeSource$1')}
  0x000002a7f041e3bc: dc08 4181 | fae0 1301 | 010f 8551 | 5400 0049 | bad0 8d05 | aaf9 7f00 | 0041 ffd2 

  0x000002a7f041e3d8: ;   {other}
  0x000002a7f041e3d8: 0f1f 8400 | 0000 0000 | 4c8b d844 | 8b53 1c4f | 8b44 d410 | 448b 4b18 

  0x000002a7f041e3f0: ; implicit exception: dispatches to 0x000002a7f0425dc0
  0x000002a7f041e3f0: 4f8b 54cc | 1048 8be8 

  0x000002a7f041e3f8: ;   {oop(a 'java/util/concurrent/TimeUnit'{0x00000006004d8440})}
  0x000002a7f041e3f8: 492b e849 | b940 844d | 0006 0000 | 0049 8b49 | 1845 8b49 | 4849 63f9 | 4881 f940 | 420f 000f 
  0x000002a7f041e418: 8fda 2700 | 0048 81f9 | 4042 0f00 | 742b 4585 | c90f 84a1 | 6000 0048 | 8bc5 48ba | 0000 0000 
  0x000002a7f041e438: 0000 0080 | 483b c275 | 0833 d248 | 83ff ff74 | 0548 9948 | f7ff 488b | e84c 8b4b | 1049 3be9 
  0x000002a7f041e458: 0f8d 2b3c | 0000 448b | 5b20 4b8b | 44dc 1049 | 03ea 483b | e80f 8ffd | 2500 0048 | 8be8 498b 
  0x000002a7f041e478: 9fb8 0100 | 004c 8bd3 | 4983 c210 | 4d3b 97c8 | 0100 000f | 8330 4500 | 004d 8997 | b801 0000 
  0x000002a7f041e498: 410f 1882 | c000 0000 | 48c7 0301 

  0x000002a7f041e4a4: ;   {metadata('java/util/concurrent/atomic/AtomicBoolean')}
  0x000002a7f041e4a4: 0000 00c7 | 4308 f091 | 0601 4489 | 630c 4180 | 7f40 000f | 857f 2d00 | 004c 8b94 | 2488 0000 
  0x000002a7f041e4c4: 004d 8bda | 4c8b c34d | 33c3 4c8b | 9424 8000 | 0000 498b | fa48 c1ef | 0349 c1e8 | 164c 8bd3 
  0x000002a7f041e4e4: 49c1 ea03 | 4c8b 8c24 | 8800 0000 | 4589 5118 | 4d85 c074 | 1a49 c1eb | 0948 b900 | 0077 7ea7 
  0x000002a7f041e504: 0200 0049 | 03cb 8039 | 020f 85b9 | 2d00 0041 | 807f 4000 | 0f85 df2c | 0000 4c8b | 9424 8800 
  0x000002a7f041e524: 0000 4989 | 6a10 4189 | 7a0c 4c8b | 9424 8000 | 0000 4c8b | 9c24 8800 | 0000 4d33 | d349 c1ea 
  0x000002a7f041e544: 164d 85d2 | 741a 49c1 | eb09 48b9 | 0000 777e | a702 0000 | 4903 cb80 | 3902 0f85 | b62d 0000 
  0x000002a7f041e564: 498b 87b8 | 0100 004c | 8bd0 4983 | c218 4d3b | 97c8 0100 | 000f 83ee | 4300 004d | 8997 b801 
  0x000002a7f041e584: 0000 410f | 1882 c000 | 0000 48c7 | 0001 0000 

  0x000002a7f041e594: ;   {metadata('org/gradle/internal/operations/DefaultBuildOperationRunner$BuildOperationTrackingListener')}
  0x000002a7f041e594: 00c7 4008 | 7823 2b01 | 4489 600c | 4c89 6010 | 4c8b d04c | 8954 2468 | 4c8b 9424 | 9800 0000 
  0x000002a7f041e5b4: 458b 5218 

  0x000002a7f041e5b8: ; implicit exception: dispatches to 0x000002a7f0425dd4
  0x000002a7f041e5b8: 478b 5cd4 | 084c 8b84 | 2498 0000 | 0045 8b40 

  0x000002a7f041e5c8: ;   {metadata('org/gradle/internal/service/scopes/WorkerSharedGlobalScopeServices$$Lambda+0x000002a78f19dcc8')}
  0x000002a7f041e5c8: 1441 81fb | c8dc 1901 | 0f85 8652 | 0000 498b | 9fb8 0100 | 004c 8bdb | 4983 c320 | 49c1 e203 
  0x000002a7f041e5e8: 458b 4a0c | 418b 5214 | 458b 5210 | 498b e848 | c1e5 034d | 3b9f c801 | 0000 0f83 | f443 0000 
  0x000002a7f041e608: 4d89 9fb8 | 0100 0041 | 0f18 83c0 | 0000 0048 | c703 0100 

  0x000002a7f041e61c: ;   {metadata('org/gradle/internal/operations/BuildOperationProgressEventListenerAdapter')}
  0x000002a7f041e61c: 0000 c743 | 08d8 252b | 014c 8963 | 1844 894b | 0c44 8953 | 1089 5314 | 4c8b 5424 | 6845 8942 
  0x000002a7f041e63c: 0c4c 8bd5 | 4c8b 5c24 | 6849 8beb | 48c1 ed03 | 4d33 d34c | 8beb 49c1 | ed03 49c1 | ea16 4d85 
  0x000002a7f041e65c: d274 1f45 | 85c0 741a | 49c1 eb09 | 48b9 0000 | 777e a702 | 0000 4903 | cb80 3902 | 0f85 0932 
  0x000002a7f041e67c: 0000 4180 | 7f40 000f | 85f2 2b00 | 004c 8b54 | 2468 4589 | 6a10 4c8b | d34c 8b5c | 2468 4d33 
  0x000002a7f041e69c: d349 c1ea | 164d 85d2 | 741a 49c1 | eb09 48b9 | 0000 777e | a702 0000 | 4903 cb80 | 3902 0f85 
  0x000002a7f041e6bc: a82c 0000 | 498b 87b8 | 0100 004c | 8bd0 4983 | c220 4d3b | 97c8 0100 | 000f 83a0 | 4300 004d 
  0x000002a7f041e6dc: 8997 b801 | 0000 410f | 1882 c000 | 0000 48c7 | 0001 0000 

  0x000002a7f041e6f0: ;   {metadata('org/gradle/internal/operations/DefaultBuildOperationRunner$DefaultBuildOperationContext')}
  0x000002a7f041e6f0: 00c7 4008 | 3828 2b01 | 4489 600c | 4c89 6010 | 4c89 6018 | 4c8b d04c | 8994 2490 | 0000 0041 
  0x000002a7f041e710: 897a 0c41 | 896a 104c | 8b54 2430 

  0x000002a7f041e71c: ; implicit exception: dispatches to 0x000002a7f0425de8
  0x000002a7f041e71c: 458b 5a08 

  0x000002a7f041e720: ;   {metadata('org/gradle/internal/operations/DefaultBuildOperationRunner$2')}
  0x000002a7f041e720: 4181 fb08 | 1d2b 010f | 851e 2900 | 004c 8954 | 2430 4c8b | 5424 6845 | 8b5a 0c47 | 8b44 dc0c 
  0x000002a7f041e740: ; implicit exception: dispatches to 0x000002a7f0425e30
  0x000002a7f041e740: 478b 54c4 

  0x000002a7f041e744: ;   {metadata('java/lang/ThreadLocal')}
  0x000002a7f041e744: 0841 81fa | 1018 1200 | 0f85 3651 | 0000 488b | 5c24 7044 | 8b53 4c4f | 8d1c c44d | 8bc3 438b 
  0x000002a7f041e764: 4cd4 1445 | 8b5c cc0c | 458b cb41 | ffc9 4523 | 480c 4585 | db0f 8649 | 5100 004d | 8d1c cc47 
  0x000002a7f041e784: 8b5c 8b10 | 4585 db0f | 8444 2700 | 0043 8b54 | dc0c 4b8d | 3cdc 4c8b | da49 c1e3 | 034d 3bd8 
  0x000002a7f041e7a4: 747c 4c89 | 4424 3848 | ffb4 2490 | 0000 0048 | 8f44 2428 | 48ff 7424 | 6848 8f44 | 2448 48ff 
  0x000002a7f041e7c4: b424 8800 | 0000 488f | 4424 7048 | ffb4 2480 | 0000 0048 | 8f44 2468 | 4889 5c24 | 2048 8bac 
  0x000002a7f041e7e4: 24a8 0000 | 004b 8d14 | d44c 8b54 | 2468 4c89 

  0x000002a7f041e7f4: ;   {optimized virtual_call}
  0x000002a7f041e7f4: 5424 40e8 

  0x000002a7f041e7f8: ; ImmutableOopMap {rbp=Oop [32]=Oop [40]=Oop [48]=Oop [56]=Oop [64]=Oop [72]=Oop [104]=Oop [112]=Oop [128]=Oop [136]=Oop [144]=Oop [168]=Oop }
                      ;*invokevirtual getEntryAfterMiss {reexecute=0 rethrow=0 return_oop=1}
                      ; - java.lang.ThreadLocal$ThreadLocalMap::getEntry@38 (line 504)
                      ; - java.lang.ThreadLocal::get@12 (line 187)
                      ; - java.lang.ThreadLocal::get@4 (line 172)
                      ; - org.gradle.internal.operations.CurrentBuildOperationRef::get@4 (line 37)
                      ; - org.gradle.internal.operations.DefaultBuildOperationRunner$BuildOperationTrackingListener::start@5 (line 229)
                      ; - org.gradle.internal.operations.DefaultBuildOperationRunner$2::execute@4 (line 63)
                      ; - org.gradle.internal.operations.DefaultBuildOperationRunner$2::execute@8 (line 59)
                      ; - org.gradle.internal.operations.DefaultBuildOperationRunner::execute@141 (line 166)
  0x000002a7f041e7f8: 8402 3dff 

  0x000002a7f041e7fc: ;   {other}
  0x000002a7f041e7fc: 0f1f 8400 | 6c10 0002 | 4885 c00f | 84d6 2600 | 0048 8bf8 | 4c8b 5424 | 2048 ff74 | 2448 488f 
  0x000002a7f041e81c: 4424 6849 | 8bda 448b | 5f1c 498b | fb48 c1e7 | 0348 85ff | 0f84 802b | 0000 448b 

  0x000002a7f041e838: ;   {metadata('org/gradle/internal/operations/BuildOperationState')}
  0x000002a7f041e838: 5708 4181 | fa20 212b | 010f 851d | 7300 0041 | 807f 4000 | 0f85 6b2b | 0000 4c8b | 5424 684c 
  0x000002a7f041e858: 8bdf 49c1 | eb03 4c8b | 4424 6845 | 8958 144c | 8bdf 4d33 | da49 c1eb | 164d 85db | 741f 4885 
  0x000002a7f041e878: ff74 1a49 | c1ea 0948 | b900 0077 | 7ea7 0200 | 0049 03ca | 8039 020f | 8503 3300 | 004c 8b54 
  0x000002a7f041e898: 2468 458b | 520c 478b | 54d4 0c47 | 8b44 d408 

  0x000002a7f041e8a8: ;   {metadata('java/lang/ThreadLocal')}
  0x000002a7f041e8a8: 4181 f810 | 1812 000f | 856b 5000 | 008b 7b4c | 4f8d 1cd4 | 85ff 0f84 | d127 0000 | 458b 44fc 
  0x000002a7f041e8c8: 1447 8b54 | c40c 418b | f2ff ce41 | 2373 0c45 | 85d2 0f86 | 045a 0000 | 4889 9c24 | 9800 0000 
  0x000002a7f041e8e8: 4b8d 2cc4 | 448b 4cb5 | 1048 8b8c | 2488 0000 | 0048 8bd9 | 48c1 eb03 | 899c 24a4 | 0000 004d 
  0x000002a7f041e908: 8d34 fc45 | 85c9 0f84 | c423 0000 | 4f8d 2ccc | 48bb 0000 | 777e a702 | 0000 eb60 | 4180 7f40 
  0x000002a7f041e928: 000f 85f1 | 3800 0044 | 8b9c 24a4 | 0000 0045 | 895d 1c4c | 8b94 2488 | 0000 004d | 8bdd 4d33 
  0x000002a7f041e948: d349 c1ea | 164d 85d2 | 0f84 7b02 | 0000 49c1 | eb09 48b9 | 0000 777e | a702 0000 | 4903 cb80 
  0x000002a7f041e968: 3902 0f85 | 5539 0000 | e95c 0200 | 0066 6666 | 0f1f 8400 | 0000 0000 | 4f8d 2ccc | 418b 550c 
  0x000002a7f041e988: 4c8b ca49 | c1e1 034d | 3bcb 7490 | 418b 550c | 85d2 0f84 | a44b 0000 | ffc6 413b 

  0x000002a7f041e9a4: ;   {no_reloc}
  0x000002a7f041e9a4: f20f 8d16 | 2300 0041 | 3bf2 0f83 | c449 0000 | 448b 4cb5 | 104d 8baf | 5004 0000 | 488b 4c24 
  0x000002a7f041e9c4: 3048 8b94 | 2480 0000 | 0048 8b84 | 2488 0000 | 00c5 fb10 | 8424 a800 | 0000 c5fb | 108c 2490 
  0x000002a7f041e9e4: ; ImmutableOopMap {r11=Oop r8=NarrowOop r9=NarrowOop rcx=Oop rdi=NarrowOop rdx=Oop rax=Oop rbp=Oop r14=Oop xmm0=Oop xmm1=Oop [48]=Oop [104]=Oop [128]=Oop [136]=Oop [144]=Oop [152]=Oop [164]=NarrowOop [168]=Oop }
                      ;*goto {reexecute=1 rethrow=0 return_oop=0}
                      ; - (reexecute) java.lang.ThreadLocal$ThreadLocalMap::set@79 (line 551)
                      ; - java.lang.ThreadLocal::set@13 (line 265)
                      ; - java.lang.ThreadLocal::set@5 (line 251)
                      ; - org.gradle.internal.operations.CurrentBuildOperationRef::set@16 (line 56)
                      ; - org.gradle.internal.operations.DefaultBuildOperationRunner$BuildOperationTrackingListener::start@19 (line 230)
                      ; - org.gradle.internal.operations.DefaultBuildOperationRunner$2::execute@4 (line 63)
                      ; - org.gradle.internal.operations.DefaultBuildOperationRunner$2::execute@8 (line 59)
                      ; - org.gradle.internal.operations.DefaultBuildOperationRunner::execute@141 (line 166)
                      ;   {poll}
  0x000002a7f041e9e4: 0000 0041 | 8545 0045 | 85c9 7590 | 4d8b 8fb8 | 0100 0049 | 8bc9 4883 | c120 493b | 8fc8 0100 
  0x000002a7f041ea04: 000f 8377 | 4400 0049 | 898f b801 | 0000 0f18 | 81c0 0000 | 0049 c701 | 0100 0000 

  0x000002a7f041ea20: ;   {metadata('java/lang/ThreadLocal$ThreadLocalMap$Entry')}
  0x000002a7f041ea20: 41c7 4108 | 584d 2200 | 4589 610c | 4d89 6110 | 4d89 6118 | 49c1 eb03 | 4589 590c | 4180 7f40 
  0x000002a7f041ea40: 000f 85a4 

  0x000002a7f041ea44: ;   {oop(a 'java/lang/ref/ReferenceQueue$Null'{0x000000060044c368})}
  0x000002a7f041ea44: 3900 0041 | c741 106d 

  0x000002a7f041ea4c: ;   {oop(a 'java/lang/ref/ReferenceQueue$Null'{0x000000060044c368})}
  0x000002a7f041ea4c: 9808 c049 | bb68 c344 | 0006 0000 | 0049 8bcb | 4d8b d949 | 33cb 48c1 | e916 4885 | c974 1a49 
  0x000002a7f041ea6c: c1eb 0948 | b900 0077 | 7ea7 0200 | 0049 03cb | 8039 020f | 85b4 3b00 | 00f0 8344 | 24c0 0041 
  0x000002a7f041ea8c: 807f 4000 | 0f85 1e39 | 0000 8b8c | 24a4 0000 | 0041 8949 | 1c4c 8b9c | 2488 0000 | 0049 8bcb 
  0x000002a7f041eaac: 4d8b d949 | 33cb 48c1 | e916 4885 | c974 1a49 | c1eb 0948 | b900 0077 | 7ea7 0200 | 0049 03cb 
  0x000002a7f041eacc: 8039 020f | 85d8 3a00 | 0041 3bf2 | 0f83 c262 | 0000 488d | 6cb5 1041 | 807f 4000 | 0f85 3039 
  0x000002a7f041eaec: 0000 4c8b | d54d 8bd9 | 49c1 eb03 | 4489 5d00 | 4d8b d94d | 33da 49c1 | eb16 4d85 | db74 1a49 
  0x000002a7f041eb0c: c1ea 0948 | b900 0077 | 7ea7 0200 | 0049 03ca | 8039 020f | 85a0 3b00 | 004c 8974 | 2450 48ff 
  0x000002a7f041eb2c: 7424 3048 | 8f44 2428 | 48ff 7424 | 6848 8f44 | 2448 4889 | 5c24 2048 | ffb4 2488 | 0000 0048 
  0x000002a7f041eb4c: ;   {no_reloc}
  0x000002a7f041eb4c: 8f44 2470 | 48ff b424 | 8000 0000 | 488f 4424 | 6848 ffb4 | 24a8 0000 | 0048 8f44 | 2430 458b 
  0x000002a7f041eb6c: 5cfc 0c41 | ffc3 4589 | 5cfc 0c44 | 895c 2444 | 897c 2440 | 498b d644 | 8bc6 458b 

  0x000002a7f041eb88: ;   {optimized virtual_call}
  0x000002a7f041eb88: cb66 90e8 

  0x000002a7f041eb8c: ; ImmutableOopMap {[40]=Oop [48]=Oop [64]=NarrowOop [72]=Oop [80]=Oop [104]=Oop [112]=Oop [128]=Oop [136]=Oop [144]=Oop [152]=Oop [168]=Oop }
                      ;*invokevirtual cleanSomeSlots {reexecute=0 rethrow=0 return_oop=0}
                      ; - java.lang.ThreadLocal$ThreadLocalMap::set@113 (line 565)
                      ; - java.lang.ThreadLocal::set@13 (line 265)
                      ; - java.lang.ThreadLocal::set@5 (line 251)
                      ; - org.gradle.internal.operations.CurrentBuildOperationRef::set@16 (line 56)
                      ; - org.gradle.internal.operations.DefaultBuildOperationRunner$BuildOperationTrackingListener::start@19 (line 230)
                      ; - org.gradle.internal.operations.DefaultBuildOperationRunner$2::execute@4 (line 63)
                      ; - org.gradle.internal.operations.DefaultBuildOperationRunner$2::execute@8 (line 59)
                      ; - org.gradle.internal.operations.DefaultBuildOperationRunner::execute@141 (line 166)
  0x000002a7f041eb8c: f0fe 3cff 

  0x000002a7f041eb90: ;   {other}
  0x000002a7f041eb90: 0f1f 8400 | 0014 0004 | 85c0 0f85 | c463 0000 | 448b 5c24 | 4047 8b54 | dc10 448b | 5c24 4445 
  0x000002a7f041ebb0: 3bda 0f8d | 9d34 0000 | 488b 5c24 | 2048 ff74 | 2448 488f | 4424 6848 | ff74 2428 | 488f 4424 
  0x000002a7f041ebd0: 304c 8b94 | 2488 0000 | 0045 8b52 | 1845 85d2 | 0f84 ca4a | 0000 43c7 | 44d4 0c01 | 0000 00f0 
  0x000002a7f041ebf0: 8344 24c0 

  0x000002a7f041ebf4: ;   {oop(a 'org/gradle/internal/logging/slf4j/OutputEventListenerBackedLogger'{0x0000000600da0600})}
  0x000002a7f041ebf4: 0049 ba00 | 06da 0006 | 0000 0045 | 8b5a 1047 | 8b54 dc10 

  0x000002a7f041ec08: ; implicit exception: dispatches to 0x000002a7f0425ec0
  0x000002a7f041ec08: 478b 5cd4 | 0c4c 8b94 | 2480 0000 | 0045 8b42 | 1847 8b4c 

  0x000002a7f041ec1c: ;   {metadata('org/gradle/api/logging/LogLevel')}
  0x000002a7f041ec1c: dc08 4181 | f9e0 0301 | 010f 8589 | 6d00 0049 | c1e3 0345 | 33d2 452b | 530c 4585 | d20f 8d89 
  0x000002a7f041ec3c: 4a00 004c | 8b54 2468 | 458b 5210 

  0x000002a7f041ec48: ; implicit exception: dispatches to 0x000002a7f0425ef4
  0x000002a7f041ec48: 478b 5cd4 

  0x000002a7f041ec4c: ;   {metadata('org/gradle/internal/operations/BuildOperationProgressEventListenerAdapter')}
  0x000002a7f041ec4c: 0841 81fb | d825 2b01 | 0f85 064d | 0000 498b | 87b8 0100 | 004c 8bd8 | 4983 c318 | 49c1 e203 
  0x000002a7f041ec6c: 418b 6a0c | 4d3b 9fc8 | 0100 000f | 8354 3e00 | 004d 899f | b801 0000 | 410f 1883 | c000 0000 
  0x000002a7f041ec8c: 48c7 0001 

  0x000002a7f041ec90: ;   {metadata('org/gradle/internal/operations/OperationStartEvent')}
  0x000002a7f041ec90: 0000 00c7 | 4008 e82a | 2b01 4489 | 600c 4c89 | 6010 4c8b | d84c 8b84 | 2488 0000 | 004d 8b40 
  0x000002a7f041ecb0: 104d 8943 | 1045 8b4c 

  0x000002a7f041ecb8: ;   {metadata('org/gradle/internal/operations/DefaultBuildOperationListenerManager$1')}
  0x000002a7f041ecb8: ec08 4181 | f988 2319 | 010f 85b5 | 4c00 004d | 8d04 ec45 | 8b48 0c43 | 8b4c cc0c 

  0x000002a7f041ecd4: ; implicit exception: dispatches to 0x000002a7f0425f40
  0x000002a7f041ecd4: 458b 44cc 

  0x000002a7f041ecd8: ;   {metadata('java/util/ArrayList')}
  0x000002a7f041ecd8: 0841 81f8 | e0a5 0b00 | 0f85 c64c | 0000 4d8d | 04cc 418b | 4810 85c9 | 0f8e d201 | 0000 33ff 
  0x000002a7f041ecf8: eb4e 660f | 1f44 0000 | 418b fb48 | ff74 2428 | 488f 8424 | 9800 0000 | 48ff 7424 | 7048 8f84 
  0x000002a7f041ed18: 2488 0000 | 0048 8b5c | 2430 48ff | 7424 4848 | 8f44 2468 | 48ff 7424 | 3848 8f84 | 2490 0000 
  0x000002a7f041ed38: 0048 896c | 2430 4c8b | 5424 504c | 8b5c 2458 | 85c9 0f8c | 6845 0000 | 3bf9 0f83 | c444 0000 
  0x000002a7f041ed58: 418b 7014 | 448b cf41 | 8b4c f40c | 443b c90f | 830b 4500 | 0049 8d0c | f442 8b74 | 8910 418b 
  0x000002a7f041ed78: ;   {metadata('org/gradle/internal/operations/DefaultBuildOperationListenerManager$ProgressShieldingBuildOperationListener')}
  0x000002a7f041ed78: 4cf4 0881 | f970 4228 | 010f 85a1 | 6d00 0048 | 8b8c 2480 | 0000 008b | 4910 498d | 2cf4 8b75 
  0x000002a7f041ed98: 0c41 8b54 

  0x000002a7f041ed9c: ;   {metadata('java/util/concurrent/ConcurrentHashMap')}
  0x000002a7f041ed9c: f408 81fa | 8047 0600 | 0f85 6a45 | 0000 4489 | 4c24 784c | 8944 2460 | 4c89 5c24 | 584c 8954 
  0x000002a7f041edbc: 2450 48ff | 7424 3048 | 8f44 2440 | 48ff b424 | 9000 0000 | 488f 4424 | 3848 ff74 | 2468 488f 
  0x000002a7f041eddc: 4424 4848 | 895c 2430 | 48ff b424 | 8800 0000 | 488f 4424 | 7048 ffb4 | 2480 0000 | 0048 8f44 
  0x000002a7f041edfc: 2468 48ff | b424 9800 | 0000 488f | 4424 2849 | 8d14 f44c | 8bc1 49c1 

  0x000002a7f041ee14: ;   {oop(a 'java/lang/Boolean'{0x000000060044b890} = true)}
  0x000002a7f041ee14: e003 49b9 | 90b8 4400 | 0600 0000 

  0x000002a7f041ee20: ;   {optimized virtual_call}
  0x000002a7f041ee20: 33ff 90e8 

  0x000002a7f041ee24: ; ImmutableOopMap {rbp=Oop [40]=Oop [56]=Oop [64]=Oop [72]=Oop [80]=Oop [88]=Oop [96]=Oop [104]=Oop [112]=Oop [128]=Oop [168]=Oop }
                      ;*invokevirtual putVal {reexecute=0 rethrow=0 return_oop=1}
                      ; - java.util.concurrent.ConcurrentHashMap::put@4 (line 1006)
                      ; - org.gradle.internal.operations.DefaultBuildOperationListenerManager$ProgressShieldingBuildOperationListener::started@11 (line 113)
                      ; - org.gradle.internal.operations.DefaultBuildOperationListenerManager$1::started@35 (line 43)
                      ; - org.gradle.internal.operations.BuildOperationProgressEventListenerAdapter::start@16 (line 48)
                      ; - org.gradle.internal.operations.DefaultBuildOperationRunner$BuildOperationTrackingListener::start@47 (line 233)
                      ; - org.gradle.internal.operations.DefaultBuildOperationRunner$2::execute@4 (line 63)
                      ; - org.gradle.internal.operations.DefaultBuildOperationRunner$2::execute@8 (line 59)
                      ; - org.gradle.internal.operations.DefaultBuildOperationRunner::execute@141 (line 166)
  0x000002a7f041ee24: d87b eeff 

  0x000002a7f041ee28: ;   {other}
  0x000002a7f041ee28: 0f1f 8400 | 9816 0005 | 448b 5510 | 498b d248 | c1e2 034c | 8b84 2480 | 0000 004c | 8b4c 2458 
  0x000002a7f041ee48: 488b 6c24 | 4048 b820 | 89e6 00a8 

  0x000002a7f041ee54: ;   {virtual_call}
  0x000002a7f041ee54: 0200 00e8 

  0x000002a7f041ee58: ; ImmutableOopMap {rbp=Oop [40]=Oop [56]=Oop [72]=Oop [80]=Oop [88]=Oop [96]=Oop [104]=Oop [112]=Oop [128]=Oop [168]=Oop }
                      ;*invokeinterface started {reexecute=0 rethrow=0 return_oop=0}
                      ; - org.gradle.internal.operations.DefaultBuildOperationListenerManager$ProgressShieldingBuildOperationListener::started@23 (line 114)
                      ; - org.gradle.internal.operations.DefaultBuildOperationListenerManager$1::started@35 (line 43)
                      ; - org.gradle.internal.operations.BuildOperationProgressEventListenerAdapter::start@16 (line 48)
                      ; - org.gradle.internal.operations.DefaultBuildOperationRunner$BuildOperationTrackingListener::start@47 (line 233)
                      ; - org.gradle.internal.operations.DefaultBuildOperationRunner$2::execute@4 (line 63)
                      ; - org.gradle.internal.operations.DefaultBuildOperationRunner$2::execute@8 (line 59)
                      ; - org.gradle.internal.operations.DefaultBuildOperationRunner::execute@141 (line 166)
  0x000002a7f041ee58: b4c8 4eff 

  0x000002a7f041ee5c: ;   {other}
  0x000002a7f041ee5c: 0f1f 8400 | cc16 0006 | 4d8b 9750 | 0400 004c | 8b44 2460 | 418b 4810 | 448b 5c24 

  0x000002a7f041ee78: ; ImmutableOopMap {r8=Oop rbp=Oop [40]=Oop [56]=Oop [72]=Oop [80]=Oop [88]=Oop [112]=Oop [128]=Oop [168]=Oop }
                      ;*goto {reexecute=1 rethrow=0 return_oop=0}
                      ; - (reexecute) org.gradle.internal.operations.DefaultBuildOperationListenerManager$1::started@43 (line 42)
                      ; - org.gradle.internal.operations.BuildOperationProgressEventListenerAdapter::start@16 (line 48)
                      ; - org.gradle.internal.operations.DefaultBuildOperationRunner$BuildOperationTrackingListener::start@47 (line 233)
                      ; - org.gradle.internal.operations.DefaultBuildOperationRunner$2::execute@4 (line 63)
                      ; - org.gradle.internal.operations.DefaultBuildOperationRunner$2::execute@8 (line 59)
                      ; - org.gradle.internal.operations.DefaultBuildOperationRunner::execute@141 (line 166)
  0x000002a7f041ee78: 7841 ffc3 

  0x000002a7f041ee7c: ;   {poll}
  0x000002a7f041ee7c: 4185 0244 | 3bd9 0f8c | 78fe ffff | 48ff 7424 | 2848 8f84 | 2498 0000 | 0048 ff74 | 2470 488f 
  0x000002a7f041ee9c: 8424 8800 | 0000 488b | 5c24 3048 | ff74 2448 | 488f 4424 | 6848 ff74 | 2438 488f | 8424 9000 
  0x000002a7f041eebc: 0000 4889 | 6c24 304c | 8b54 2450 | 458b 4a10 

  0x000002a7f041eecc: ; implicit exception: dispatches to 0x000002a7f0425f58
  0x000002a7f041eecc: 478b 5ccc 

  0x000002a7f041eed0: ;   {metadata('org/gradle/internal/logging/progress/DefaultProgressLoggerFactory')}
  0x000002a7f041eed0: 0841 81fb | 20c2 1901 | 0f85 fe4a | 0000 4c8b | 9c24 8000 | 0000 418b | 4b28 4f8d | 1ccc 458b 
  0x000002a7f041eef0: ;   {metadata('org/gradle/internal/operations/BuildOperationCategory')}
  0x000002a7f041eef0: 44cc 0841 | 81f8 981a | 1101 0f85 | d21c 0000 | 498d 2ccc 

  0x000002a7f041ef04: ;   {oop(a 'org/gradle/internal/operations/BuildOperationCategory'{0x0000000600dc3f80})}
  0x000002a7f041ef04: 49b8 803f | dc00 0600 | 0000 493b | e80f 8425 

  0x000002a7f041ef14: ;   {oop("org.gradle.internal.logging.progress.ProgressLoggerFactory"{0x0000000600495148})}
  0x000002a7f041ef14: 2100 0049 | b848 5149 | 0006 0000 | 0049 8b87 | b801 0000 | 4c8b c849 | 83c1 484d | 3b8f c801 
  0x000002a7f041ef34: 0000 0f83 | 173c 0000 | 4d89 8fb8 | 0100 0041 | 0f18 81c0 | 0000 0048 | c700 0100 

  0x000002a7f041ef50: ;   {metadata('org/gradle/internal/logging/progress/DefaultProgressLoggerFactory$ProgressLoggerImpl')}
  0x000002a7f041ef50: 0000 c740 | 0868 3f2b | 0144 8960 | 0c44 8960 | 1c4c 8960 | 204c 8960 | 284c 8960 | 304c 8960 
  0x000002a7f041ef70: 3844 8960 | 4448 ffb4 | 24a8 0000 | 0048 8f44 | 2478 48ff | b424 9800 | 0000 488f | 4424 2048 
  0x000002a7f041ef90: ffb4 2488 | 0000 0048 | 8f44 2470 | 4889 5c24 | 2848 ff74 | 2468 488f | 4424 4848 | ffb4 2490 
  0x000002a7f041efb0: 0000 0048 | 8f44 2440 | 4c89 5424 | 504c 895c | 2438 4c89 | 4424 5848 | c740 1001 | 0000 004c 
  0x000002a7f041efd0: 8b94 2480 | 0000 0045 | 8b52 104c | 8b9c 2480 | 0000 0045 | 8b43 1448 | ffb4 2480 | 0000 0048 
  0x000002a7f041eff0: 8f44 2468 | 4c8b 5c24 | 3845 8b5b | 0c4c 8b4c | 2438 418b | 4910 4c8b | 4c24 5849 | c1e9 0344 
  0x000002a7f041f010: ;   {oop(a 'org/gradle/internal/logging/progress/DefaultProgressLoggerFactory$State'{0x0000000601a4c018})}
  0x000002a7f041f010: 8948 18c7 | 4040 0398 | 34c0 4c8b | c84c 894c | 2458 4589 | 5114 4589 | 4128 4589 | 5124 4189 
  0x000002a7f041f030: 4920 4589 | 591c 4c8b | 5424 384d | 8bda 49c1 | eb03 4589 | 5944 4c8b | d549 c1ea | 0345 8951 
  0x000002a7f041f050: 2c44 0fb6 | 4d19 4c8b | 9424 8000 | 0000 458b | 5a20 418b | cb45 8b52 | 0c4c 8b5c | 2458 4589 
  0x000002a7f041f070: 530c 4585 | c90f 852a | 1f00 004c | 8b9c 2480 | 0000 0041 | 8b5b 184c | 8b54 2458 | 448b f141 
  0x000002a7f041f090: 807f 4000 | 0f85 a623 | 0000 4189 | 5a38 4c8b | cb49 c1e1 | 034d 8bc2 | 4d33 c849 | c1e9 164d 
  0x000002a7f041f0b0: 85c9 0f84 | 4123 0000 | 85db 0f84 | 4123 0000 | 49c1 e809 | 48b9 0000 | 777e a702 | 0000 4903 
  0x000002a7f041f0d0: c880 3902 | 0f85 fb27 | 0000 458b | 44dc 1447 | 8b4c c40c | 450f be44 | dc10 c442 | 3af7 c945 
  0x000002a7f041f0f0: 85c9 0f8e | 0923 0000 | 458b 4a40 | 458b 420c 

  0x000002a7f041f100: ;   {oop(a 'org/gradle/internal/logging/progress/DefaultProgressLoggerFactory$State'{0x0000000601a4bfd0})}
  0x000002a7f041f100: 4181 f9fa | 9734 c00f | 843f 5800 

  0x000002a7f041f10c: ;   {oop(a 'org/gradle/internal/logging/progress/DefaultProgressLoggerFactory$State'{0x0000000601a4bf80})}
  0x000002a7f041f10c: 0041 81f9 | f097 34c0 | 0f84 9258 | 0000 4180 | 7f40 000f | 8552 2300 

  0x000002a7f041f124: ;   {oop(a 'org/gradle/internal/logging/progress/DefaultProgressLoggerFactory$State'{0x0000000601a4bfd0})}
  0x000002a7f041f124: 0041 c742 | 40fa 9734 | c04d 8bca 

  0x000002a7f041f130: ;   {oop(a 'org/gradle/internal/logging/progress/DefaultProgressLoggerFactory$State'{0x0000000601a4bfd0})}
  0x000002a7f041f130: 48b9 d0bf | a401 0600 | 0000 4933 | c948 c1e9 | 1648 85c9 | 741a 49c1 | e909 48b9 | 0000 777e 
  0x000002a7f041f150: a702 0000 | 4903 c980 | 3902 0f85 | d427 0000 | 458b 4a44 

  0x000002a7f041f164: ; implicit exception: dispatches to 0x000002a7f0425fbc
  0x000002a7f041f164: 478b 4ccc | 1843 8b5c 

  0x000002a7f041f16c: ;   {metadata('java/lang/ThreadLocal')}
  0x000002a7f041f16c: cc08 81fb | 1018 1200 | 0f85 8648 | 0000 488b | 5c24 208b | 734c 49c1 | e103 498b | c141 8b4c 
  0x000002a7f041f18c: f414 418b | 54cc 0c44 | 8bca 41ff | c944 2348 | 0c85 d20f | 86bb 4800 | 0048 c1e1 | 0342 8b54 
  0x000002a7f041f1ac: 8910 85d2 | 0f84 261d | 0000 418b | 4cd4 0c49 | 8d3c d448 | c1e1 0348 | 3bc8 7453 | 4889 4424 
  0x000002a7f041f1cc: 5844 8944 | 243c 4489 | 7424 384c | 8954 2420 | 4c89 5c24 | 6848 8beb | 498d 14f4 

  0x000002a7f041f1e8: ;   {optimized virtual_call}
  0x000002a7f041f1e8: 4c8b c0e8 

  0x000002a7f041f1ec: ; ImmutableOopMap {rbp=Oop [32]=Oop [48]=Oop [56]=NarrowOop [64]=Oop [72]=Oop [80]=Oop [88]=Oop [104]=Oop [112]=Oop [120]=Oop }
                      ;*invokevirtual getEntryAfterMiss {reexecute=0 rethrow=0 return_oop=1}
                      ; - java.lang.ThreadLocal$ThreadLocalMap::getEntry@38 (line 504)
                      ; - java.lang.ThreadLocal::get@12 (line 187)
                      ; - java.lang.ThreadLocal::get@4 (line 172)
                      ; - org.gradle.internal.logging.progress.DefaultProgressLoggerFactory$ProgressLoggerImpl::started@39 (line 199)
                      ; - org.gradle.internal.logging.progress.DefaultProgressLoggerFactory$ProgressLoggerImpl::started@6 (line 190)
                      ; - org.gradle.internal.logging.progress.DefaultProgressLoggerFactory$ProgressLoggerImpl::start@8 (line 179)
                      ; - org.gradle.internal.operations.BuildOperationProgressEventListenerAdapter::start@44 (line 50)
                      ; - org.gradle.internal.operations.DefaultBuildOperationRunner$BuildOperationTrackingListener::start@47 (line 233)
                      ; - org.gradle.internal.operations.DefaultBuildOperationRunner$2::execute@4 (line 63)
                      ; - org.gradle.internal.operations.DefaultBuildOperationRunner$2::execute@8 (line 59)
                      ; - org.gradle.internal.operations.DefaultBuildOperationRunner::execute@141 (line 166)
  0x000002a7f041f1ec: 90f8 3cff 

  0x000002a7f041f1f0: ;   {other}
  0x000002a7f041f1f0: 0f1f 8400 | 601a 0008 | 4885 c00f | 8429 1d00 | 0048 8bf8 | 488b dd4c | 8b5c 2468 | 4c8b 5424 
  0x000002a7f041f210: 2044 8b74 | 2438 448b | 4424 3c44 | 8b4f 1c49 | c1e1 034d | 85c9 0f84 | 7e22 0000 | 418b 7908 
  0x000002a7f041f230: ;   {metadata('org/gradle/internal/logging/progress/DefaultProgressLoggerFactory$ProgressLoggerImpl')}
  0x000002a7f041f230: 81ff 683f | 2b01 0f85 | 7469 0000 | 4180 7f40 | 000f 856b | 2200 0049 | 8bd2 498b | f948 c1ef 
  0x000002a7f041f250: 0341 897a | 3049 8bc9 | 4833 ca48 | c1e9 1648 | 85c9 741f | 4d85 c974 | 1a48 c1ea | 0948 b900 
  0x000002a7f041f270: 0077 7ea7 | 0200 0048 | 03ca 8039 | 020f 8563 | 2900 0045 | 8b4a 3445 | 85c9 0f85 | 7853 0000 
  0x000002a7f041f290: 418b 7230 | 85f6 0f84 | 4519 0000 | 4180 7f40 | 000f 8569 | 2c00 0041 | 8972 3448 | 8bce 48c1 
  0x000002a7f041f2b0: e103 4d8b | ca49 33c9 | 48c1 e916 | 4885 c974 | 1a49 c1e9 | 0948 b900 | 0077 7ea7 | 0200 0049 
  0x000002a7f041f2d0: 03c9 8039 | 020f 8568 | 2c00 0045 | 8b4c f414 | 418b 4a44 

  0x000002a7f041f2e4: ; implicit exception: dispatches to 0x000002a7f0426034
  0x000002a7f041f2e4: 418b 4ccc | 1841 8b54 

  0x000002a7f041f2ec: ;   {metadata('java/lang/ThreadLocal')}
  0x000002a7f041f2ec: cc08 81fa | 1018 1200 | 0f85 ee47 | 0000 8b7b | 4c48 c1e1 | 0349 8bd2 | 48c1 ea03 | 498b f148 
  0x000002a7f041f30c: c1e6 0385 | ff0f 840f | 1e00 0048 | 8974 2460 | 8954 2438 | 4889 8c24 | 9000 0000 | 4489 8c24 
  0x000002a7f041f32c: 8800 0000 | 4489 8424 | 8400 0000 | 4489 b424 | 8000 0000 | 4c89 5424 | 584c 895c | 2468 4889 
  0x000002a7f041f34c: 5c24 2045 | 8b5c fc14 | 4489 9c24 | 9800 0000 | 89bc 248c | 0000 0047 | 8b54 dc0c | 4489 9424 
  0x000002a7f041f36c: 9c00 0000 | 41ff ca45 | 8bda 4423 | 590c 4489 | 9c24 a000 | 0000 448b | 9424 9c00 | 0000 4585 
  0x000002a7f041f38c: d20f 86a9 | 4f00 0044 | 8b94 2498 | 0000 004b | 8d2c d446 | 8b5c 9d10 | 4d8d 14fc | 4c89 9424 
  0x000002a7f041f3ac: a800 0000 | 4585 db0f | 84ce 0000 | 004b 8d1c | dceb 5d41 | 807f 4000 | 0f85 8d2e | 0000 448b 
  0x000002a7f041f3cc: 5c24 3844 | 895b 1c4c | 8b44 2458 | 4d8b d04c | 8bcb 4d33 | d149 c1ea | 164d 85d2 | 0f84 4d02 
  0x000002a7f041f3ec: ;   {no_reloc}
  0x000002a7f041f3ec: 0000 49c1 | e909 48b9 | 0000 777e | a702 0000 | 4903 c980 | 3902 0f85 | 0b2f 0000 | e92e 0200 
  0x000002a7f041f40c: 0066 6690 | 4b8d 1cd4 | 4489 8424 | a000 0000 | 448b 5b0c | 4d8b d349 | c1e2 034c | 8b9c 2490 
  0x000002a7f041f42c: 0000 004d | 3bd3 748b | 448b 5b0c | 4585 db0f | 845b 4100 | 0044 8b9c | 24a0 0000 | 0041 ffc3 
  0x000002a7f041f44c: 443b 9c24 | 9c00 0000 | 0f8d 6e18 | 0000 458b | c344 3b84 | 249c 0000 | 000f 8365 | 3f00 0046 
  0x000002a7f041f46c: 8b54 8510 | 4d8b 9f50 

  0x000002a7f041f474: ; ImmutableOopMap {r10=NarrowOop rbp=Oop [32]=Oop [48]=Oop [56]=NarrowOop [64]=Oop [72]=Oop [80]=Oop [88]=Oop [96]=Oop [104]=Oop [112]=Oop [120]=Oop [128]=NarrowOop [136]=NarrowOop [140]=NarrowOop [144]=Oop [152]=NarrowOop [168]=Oop }
                      ;*goto {reexecute=1 rethrow=0 return_oop=0}
                      ; - (reexecute) java.lang.ThreadLocal$ThreadLocalMap::set@79 (line 551)
                      ; - java.lang.ThreadLocal::set@13 (line 265)
                      ; - java.lang.ThreadLocal::set@5 (line 251)
                      ; - org.gradle.internal.logging.progress.DefaultProgressLoggerFactory$ProgressLoggerImpl::started@127 (line 214)
                      ; - org.gradle.internal.logging.progress.DefaultProgressLoggerFactory$ProgressLoggerImpl::started@6 (line 190)
                      ; - org.gradle.internal.logging.progress.DefaultProgressLoggerFactory$ProgressLoggerImpl::start@8 (line 179)
                      ; - org.gradle.internal.operations.BuildOperationProgressEventListenerAdapter::start@44 (line 50)
                      ; - org.gradle.internal.operations.DefaultBuildOperationRunner$BuildOperationTrackingListener::start@47 (line 233)
                      ; - org.gradle.internal.operations.DefaultBuildOperationRunner$2::execute@4 (line 63)
                      ; - org.gradle.internal.operations.DefaultBuildOperationRunner$2::execute@8 (line 59)
                      ; - org.gradle.internal.operations.DefaultBuildOperationRunner::execute@141 (line 166)
                      ;   {poll}
  0x000002a7f041f474: 0400 0041 | 8503 4585 | d275 9144 | 8984 24a0 | 0000 004d | 8b97 b801 | 0000 4d8b | da49 83c2 
  0x000002a7f041f494: 204d 3b97 | c801 0000 | 0f83 df3a | 0000 4d89 | 97b8 0100 | 0041 0f18 | 82c0 0000 | 004d 8bd3 
  0x000002a7f041f4b4: 49c7 0201 

  0x000002a7f041f4b8: ;   {metadata('java/lang/ThreadLocal$ThreadLocalMap$Entry')}
  0x000002a7f041f4b8: 0000 0041 | c742 0858 | 4d22 0045 | 8962 0c4d | 8962 104d | 8962 184d | 8bd3 498b | da4c 8b94 
  0x000002a7f041f4d8: 2490 0000 | 0049 c1ea | 0344 8953 | 0c41 807f | 4000 0f85 | 652f 0000 

  0x000002a7f041f4f0: ;   {oop(a 'java/lang/ref/ReferenceQueue$Null'{0x000000060044c368})}
  0x000002a7f041f4f0: 4c8b d341 | c742 106d 

  0x000002a7f041f4f8: ;   {oop(a 'java/lang/ref/ReferenceQueue$Null'{0x000000060044c368})}
  0x000002a7f041f4f8: 9808 c049 | ba68 c344 | 0006 0000 | 004c 8bdb | 4d33 d349 | c1ea 164d | 85d2 741a | 49c1 eb09 
  0x000002a7f041f518: 48b9 0000 | 777e a702 | 0000 4903 | cb80 3902 | 0f85 e531 | 0000 f083 | 4424 c000 | 4180 7f40 
  0x000002a7f041f538: 000f 8550 | 2f00 004c | 8bd3 448b | 5c24 3845 | 895a 1c4c | 8b54 2458 | 4c8b db4d | 33d3 49c1 
  0x000002a7f041f558: ea16 4d85 | d274 1a49 | c1eb 0948 | b900 0077 | 7ea7 0200 | 0049 03cb | 8039 020f | 85e8 3100 
  0x000002a7f041f578: 0044 8b9c | 24a0 0000 | 0044 3b9c | 249c 0000 | 000f 8345 | 5800 004a | 8d7c 9d10 | 4180 7f40 
  0x000002a7f041f598: 000f 852a | 2f00 004c | 8bd7 4c8b | db49 c1eb | 0344 891f | 4c8b db4d | 33da 49c1 | eb16 4d85 
  0x000002a7f041f5b8: db74 1a49 | c1ea 0948 | b900 0077 | 7ea7 0200 | 0049 03ca | 8039 020f | 85da 3100 | 0044 8b84 
  0x000002a7f041f5d8: 248c 0000 | 0047 8b54 | c40c 41ff | c247 8954 | c40c 418b | ea48 8b94 | 24a8 0000 | 0044 8b84 
  0x000002a7f041f5f8: ;   {no_reloc}
  0x000002a7f041f5f8: 24a0 0000 | 0045 8bca 

  0x000002a7f041f600: ;   {optimized virtual_call}
  0x000002a7f041f600: 6666 90e8 

  0x000002a7f041f604: ; ImmutableOopMap {[32]=Oop [48]=Oop [56]=NarrowOop [64]=Oop [72]=Oop [80]=Oop [88]=Oop [96]=Oop [104]=Oop [112]=Oop [120]=Oop [128]=NarrowOop [136]=NarrowOop [140]=NarrowOop [168]=Oop }
                      ;*invokevirtual cleanSomeSlots {reexecute=0 rethrow=0 return_oop=0}
                      ; - java.lang.ThreadLocal$ThreadLocalMap::set@113 (line 565)
                      ; - java.lang.ThreadLocal::set@13 (line 265)
                      ; - java.lang.ThreadLocal::set@5 (line 251)
                      ; - org.gradle.internal.logging.progress.DefaultProgressLoggerFactory$ProgressLoggerImpl::started@127 (line 214)
                      ; - org.gradle.internal.logging.progress.DefaultProgressLoggerFactory$ProgressLoggerImpl::started@6 (line 190)
                      ; - org.gradle.internal.logging.progress.DefaultProgressLoggerFactory$ProgressLoggerImpl::start@8 (line 179)
                      ; - org.gradle.internal.operations.BuildOperationProgressEventListenerAdapter::start@44 (line 50)
                      ; - org.gradle.internal.operations.DefaultBuildOperationRunner$BuildOperationTrackingListener::start@47 (line 233)
                      ; - org.gradle.internal.operations.DefaultBuildOperationRunner$2::execute@4 (line 63)
                      ; - org.gradle.internal.operations.DefaultBuildOperationRunner$2::execute@8 (line 59)
                      ; - org.gradle.internal.operations.DefaultBuildOperationRunner::execute@141 (line 166)
  0x000002a7f041f604: 78f4 3cff 

  0x000002a7f041f608: ;   {other}
  0x000002a7f041f608: 0f1f 8400 | 781e 000a | 85c0 0f85 | 655a 0000 | 448b 9c24 | 8c00 0000 | 478b 5cdc | 1044 8bd5 
  0x000002a7f041f628: 453b d30f | 8d3c 2a00 | 004c 8b44 | 2458 448b | 5c24 3844 | 895c 2438 | 458b 501c | 4489 9424 
  0x000002a7f041f648: 8c00 0000 | 4c89 4424 | 5849 8b87 | b801 0000 | 4c8b d049 | 83c2 404d | 3b97 c801 | 0000 0f83 
  0x000002a7f041f668: 6535 0000 | 4d89 97b8 | 0100 0041 | 0f18 82c0 | 0000 0048 | c700 0100 

  0x000002a7f041f680: ;   {metadata('org/gradle/internal/logging/events/ProgressStartEvent')}
  0x000002a7f041f680: 0000 c740 | 0888 7101 | 0144 8960 | 0c4c 8960 | 104c 8960 | 184c 8960 | 204c 8960 | 284c 8960 
  0x000002a7f041f6a0: 304c 8960 | 384c 8bd0 | 4c89 9424 | 9000 0000 | 4c8b 5424 | 5845 8b52 | 2047 8b44 | d408 4c8b 
  0x000002a7f041f6c0: 5c24 5845 | 8b4b 1444 | 898c 2498 

  0x000002a7f041f6cc: ;   {metadata('org/gradle/internal/time/MonotonicClock')}
  0x000002a7f041f6cc: 0000 0041 | 81f8 c80f | 0101 0f85 | 7044 0000 | 49c1 e203 | 4c89 9424 | a000 0000 | 458b 420c 
  0x000002a7f041f6ec: ; implicit exception: dispatches to 0x000002a7f04260b8
  0x000002a7f041f6ec: 478b 54c4 

  0x000002a7f041f6f0: ;   {metadata('org/gradle/internal/time/TimeSource$1')}
  0x000002a7f041f6f0: 0841 81fa | e013 0101 | 0f85 d244 | 0000 49ba | d08d 05aa | f97f 0000 

  0x000002a7f041f708: ;   {other}
  0x000002a7f041f708: 41ff d20f | 1f84 0000 | 0000 004c | 8bc8 4c8b | 9424 a000 | 0000 458b | 521c 4f8b | 44d4 104c 
  0x000002a7f041f728: 8b94 24a0 | 0000 0045 | 8b5a 184f | 8b54 dc10 | 4c89 9424 | a800 0000 | 4c8b d04d | 2bd0 4c89 
  0x000002a7f041f748: 9424 b000 

  0x000002a7f041f74c: ;   {oop(a 'java/util/concurrent/TimeUnit'{0x00000006004d8440})}
  0x000002a7f041f74c: 0000 49ba | 4084 4d00 | 0600 0000 | 458b 5248 

  0x000002a7f041f75c: ;   {oop(a 'java/util/concurrent/TimeUnit'{0x00000006004d8440})}
  0x000002a7f041f75c: 49bb 4084 | 4d00 0600 | 0000 498b | 4b18 4d63 | da48 81f9 | 4042 0f00 | 0f8f a914 | 0000 4881 
  0x000002a7f041f77c: f940 420f | 0074 3545 | 85d2 0f84 | 584d 0000 | 488b 8424 | b000 0000 | 48ba 0000 | 0000 0000 
  0x000002a7f041f79c: 0080 483b | c275 0833 | d249 83fb | ff74 0548 | 9949 f7fb | 4889 8424 | b000 0000 | 4c8b 9424 
  0x000002a7f041f7bc: a000 0000 | 4d8b 5a10 | 448b 9424 | 9800 0000 | 498b ea48 | c1e5 034c | 8b94 24b0 | 0000 004d 
  0x000002a7f041f7dc: 3bd3 0f8d | 2829 0000 | 4c8b 9424 | a000 0000 | 458b 5a20 

  0x000002a7f041f7f0: ; implicit exception: dispatches to 0x000002a7f04265f8
  0x000002a7f041f7f0: 4b8b 44dc | 104c 8b94 | 24b0 0000 | 004c 0394 | 24a8 0000 | 0049 8bda | 4c3b d00f | 8fc0 1200 
  0x000002a7f041f810: 0048 8bd8 | 448b 9c24 | 8000 0000 | 4585 db0f | 853a 1700 

  0x000002a7f041f824: ;   {oop(""{0x0000000600447d88})}
  0x000002a7f041f824: 0048 bf88 | 7d44 0006 | 0000 0041 | 807f 4000 | 0f85 251e | 0000 4889 | bc24 a000 | 0000 4c8b 
  0x000002a7f041f844: 9424 9000 | 0000 4989 | 5a10 4c8b | 5424 5845 | 8b52 2c44 | 8954 243c | 4c8b 5424 | 5845 0fb6 
  0x000002a7f041f864: 5a10 4489 | 9c24 8000 | 0000 458b | 5218 4c8b | 9c24 9000 | 0000 4589 | 530c 4c8b | 5c24 5841 
  0x000002a7f041f884: 8b5b 3845 | 8b43 2441 | 8b73 3c4c | 8b9c 2490 | 0000 0048 | 8bfe 48c1 | e703 4d8b | c849 c1e1 
  0x000002a7f041f8a4: 034c 898c | 24a8 0000 | 0044 8984 | 249c 0000 | 004c 8beb | 49c1 e503 | 4d8b ca49 | c1e1 034c 
  0x000002a7f041f8c4: 8b84 24a0 | 0000 0049 | c1e8 0344 | 8984 24b0 | 0000 004d | 8bc1 4d33 | c349 c1e8 

  0x000002a7f041f8e0: ;   {oop(a 'org/gradle/api/logging/LogLevel'{0x00000007ffa5eef0})}
  0x000002a7f041f8e0: 1649 bef0 | eea5 ff07 | 0000 004d | 85c0 741f | 4585 d274 | 1a49 c1eb | 0948 b900 | 0077 7ea7 
  0x000002a7f041f900: 0200 0049 | 03cb 8039 | 020f 85d3 | 2300 0041 | 807f 4000 | 0f85 c71c | 0000 4c8b | 9424 9000 
  0x000002a7f041f920: ;   {oop(a 'org/gradle/api/logging/LogLevel'{0x00000007ffa5eef0})}
  0x000002a7f041f920: 0000 41c7 | 4218 debd | f4ff 4d8b | de4d 33da | 49c1 eb16 | 4d85 db74 | 1a49 c1ea | 0948 b900 
  0x000002a7f041f940: 0077 7ea7 | 0200 0049 | 03ca 8039 | 020f 8541 | 2000 0041 | 807f 4000 | 0f85 401d | 0000 4c8b 
  0x000002a7f041f960: 9424 9000 | 0000 448b | 9c24 9800 | 0000 4589 | 5a24 4c8b | dd4d 33da | 49c1 eb16 | 4d85 db74 
  0x000002a7f041f980: 2744 8b9c | 2498 0000 | 0045 85db | 741a 49c1 | ea09 48b9 | 0000 777e | a702 0000 | 4903 ca80 
  0x000002a7f041f9a0: 3902 0f85 | 8823 0000 | 4180 7f40 | 000f 856d | 1c00 004c | 8b9c 2490 | 0000 0044 | 8b94 2488 
  0x000002a7f041f9c0: 0000 0045 | 8953 284c | 8b54 2460 | 4d8b da4c | 8b94 2490 | 0000 004d | 33da 49c1 | eb16 4d85 
  0x000002a7f041f9e0: db74 2744 | 8b9c 2488 | 0000 0045 | 85db 741a | 49c1 ea09 | 48b9 0000 | 777e a702 | 0000 4903 
  0x000002a7f041fa00: ca80 3902 | 0f85 8a22 | 0000 4180 | 7f40 000f | 850f 1b00 | 004c 8b94 | 2490 0000 | 0041 895a 
  0x000002a7f041fa20: ;   {no_reloc}
  0x000002a7f041fa20: 2c4d 8bd5 | 4c8b 9c24 | 9000 0000 | 4d33 d349 | c1ea 164d | 85d2 741e | 85db 741a | 49c1 eb09 
  0x000002a7f041fa40: 48b9 0000 | 777e a702 | 0000 4903 | cb80 3902 | 0f85 7623 | 0000 4180 | 7f40 000f | 8541 1b00 
  0x000002a7f041fa60: 004c 8b94 | 2490 0000 | 0041 8972 | 304c 8bd7 | 4c8b 9c24 | 9000 0000 | 4d33 d349 | c1ea 164d 
  0x000002a7f041fa80: 85d2 741e | 85f6 741a | 49c1 eb09 | 48b9 0000 | 777e a702 | 0000 4903 | cb80 3902 | 0f85 dc22 
  0x000002a7f041faa0: 0000 4180 | 7f40 000f | 85b6 1a00 | 004c 8b94 | 2490 0000 | 0044 8b84 | 24b0 0000 | 0045 8942 
  0x000002a7f041fac0: 344c 8b94 | 24a0 0000 | 004c 8b9c | 2490 0000 | 004d 33d3 | 49c1 ea16 | 4d85 d274 | 1a49 c1eb 
  0x000002a7f041fae0: 0948 b900 | 0077 7ea7 | 0200 0049 | 03cb 8039 | 020f 85eb | 1e00 0041 | 807f 4000 | 0f85 e319 
  0x000002a7f041fb00: 0000 4c8b | 9424 9000 | 0000 448b | 8c24 9c00 | 0000 4589 | 4a38 448b | 9c24 8000 | 0000 4588 
  0x000002a7f041fb20: ;   {no_reloc}
  0x000002a7f041fb20: 5a20 448b | 9c24 8400 | 0000 4589 | 5a1c 4c8b | 9424 a800 | 0000 4c8b | 9c24 9000 | 0000 4d33 
  0x000002a7f041fb40: d349 c1ea | 164d 85d2 | 741f 4585 | c974 1a49 | c1eb 0948 | b900 0077 | 7ea7 0200 | 0049 03cb 
  0x000002a7f041fb60: 8039 020f | 85dd 2000 | 008b 7c24 | 3c85 ff0f | 8497 4e00 | 0041 807f | 4000 0f85 | 5d1b 0000 
  0x000002a7f041fb80: 4c8b 9424 | 9000 0000 | 4189 7a3c | 4d8d 1cfc | 4d8b c24d | 33d8 49c1 | eb16 4d85 | db74 1a49 
  0x000002a7f041fba0: c1e8 0948 | b900 0077 | 7ea7 0200 | 0049 03c8 | 8039 020f | 8577 1e00 | 0044 8b9c | 248c 0000 
  0x000002a7f041fbc0: 0047 8b44 

  0x000002a7f041fbc4: ;   {metadata('org/gradle/internal/logging/services/ProgressLoggingBridge')}
  0x000002a7f041fbc4: dc08 4181 | f860 c619 | 010f 859d | 4000 0049 | c1e3 0345 | 8b43 0c47 | 8b4c c408 

  0x000002a7f041fbe0: ;   {metadata('org/gradle/internal/logging/sink/OutputEventListenerManager$1')}
  0x000002a7f041fbe0: 4181 f9a0 | 7303 010f | 85c7 4000 | 004b 8d2c | c444 8b5d | 0c47 8b5c | dc0c 478b 

  0x000002a7f041fbfc: ;   {metadata('org/gradle/internal/logging/sink/OutputEventRenderer')}
  0x000002a7f041fbfc: 4cdc 0841 | 81f9 c02a | 0101 0f85 | f440 0000 | 418b 4a18 | 4f8d 04dc | 85c9 0f84 | 544e 0000 
  0x000002a7f041fc1c: 458b 4810 

  0x000002a7f041fc20: ; implicit exception: dispatches to 0x000002a7f04261d8
  0x000002a7f041fc20: 478b 5ccc | 0c47 8b4c 

  0x000002a7f041fc28: ;   {metadata('org/gradle/api/logging/LogLevel')}
  0x000002a7f041fc28: dc08 4181 | f9e0 0301 | 010f 85a1 | 5d00 0045 | 8b4c cc0c | 49c1 e303 | 418b 4b0c | 442b c945 
  0x000002a7f041fc48: 85c9 0f8c | 684e 0000 | 458b 5820 | 4585 db0f | 8487 3a00 | 004c 8954 | 2460 4b8d | 14dc 4d8b 
  0x000002a7f041fc68: ;   {optimized virtual_call}
  0x000002a7f041fc68: c266 90e8 

  0x000002a7f041fc6c: ; ImmutableOopMap {rbp=Oop [32]=Oop [48]=Oop [56]=NarrowOop [64]=Oop [72]=Oop [80]=Oop [88]=Oop [96]=Oop [104]=Oop [112]=Oop [120]=Oop }
                      ;*invokevirtual onOutput {reexecute=0 rethrow=0 return_oop=0}
                      ; - org.gradle.internal.logging.sink.OutputEventRenderer::onOutput@78 (line 435)
                      ; - org.gradle.internal.logging.sink.OutputEventListenerManager$1::onOutput@8 (line 36)
                      ; - org.gradle.internal.logging.services.ProgressLoggingBridge::started@5 (line 39)
                      ; - org.gradle.internal.logging.progress.DefaultProgressLoggerFactory$ProgressLoggerImpl::started@185 (line 215)
                      ; - org.gradle.internal.logging.progress.DefaultProgressLoggerFactory$ProgressLoggerImpl::started@6 (line 190)
                      ; - org.gradle.internal.logging.progress.DefaultProgressLoggerFactory$ProgressLoggerImpl::start@8 (line 179)
                      ; - org.gradle.internal.operations.BuildOperationProgressEventListenerAdapter::start@44 (line 50)
                      ; - org.gradle.internal.operations.DefaultBuildOperationRunner$BuildOperationTrackingListener::start@47 (line 233)
                      ; - org.gradle.internal.operations.DefaultBuildOperationRunner$2::execute@4 (line 63)
                      ; - org.gradle.internal.operations.DefaultBuildOperationRunner$2::execute@8 (line 59)
                      ; - org.gradle.internal.operations.DefaultBuildOperationRunner::execute@141 (line 166)
  0x000002a7f041fc6c: 101f e9ff 

  0x000002a7f041fc70: ;   {other}
  0x000002a7f041fc70: 0f1f 8400 | e024 000b | 448b 5d0c 

  0x000002a7f041fc7c: ; implicit exception: dispatches to 0x000002a7f0426244
  0x000002a7f041fc7c: 478b 5cdc | 1047 8b54 

  0x000002a7f041fc84: ;   {metadata('org/gradle/internal/operations/logging/LoggingBuildOperationProgressBroadcaster')}
  0x000002a7f041fc84: dc08 4181 | fad0 9518 | 010f 85a9 | 4000 004c | 8b54 2460 | 453b 6230 | 0f85 d612 | 0000 4180 
  0x000002a7f041fca4: 7f40 000f | 856f 1a00 | 004c 8b44 | 2450 448b | 5c24 3845 | 8958 184d | 8bd0 4c8b | 5c24 584d 
  0x000002a7f041fcc4: 33da 49c1 | eb16 4d85 | db74 1a49 | c1ea 0948 | b900 0077 | 7ea7 0200 | 0049 03ca | 8039 020f 
  0x000002a7f041fce4: 859b 1d00 | 004c 8b5c | 2430 458b | 530c 458b | 4310 498b | d248 c1e2 | 0349 c1e0 | 034c 8b4c 
  0x000002a7f041fd04: 2440 6666 | 9048 b830 | 91e6 00a8 

  0x000002a7f041fd10: ;   {virtual_call}
  0x000002a7f041fd10: 0200 00e8 

  0x000002a7f041fd14: ; ImmutableOopMap {[32]=Oop [48]=Oop [64]=Oop [72]=Oop [104]=Oop [112]=Oop [120]=Oop }
                      ;*invokeinterface execute {reexecute=0 rethrow=0 return_oop=0}
                      ; - org.gradle.internal.operations.DefaultBuildOperationRunner$2::execute@22 (line 66)
                      ; - org.gradle.internal.operations.DefaultBuildOperationRunner$2::execute@8 (line 59)
                      ; - org.gradle.internal.operations.DefaultBuildOperationRunner::execute@141 (line 166)
  0x000002a7f041fd14: 3087 4bff 

  0x000002a7f041fd18: ;   {other}
  0x000002a7f041fd18: 0f1f 8400 | 8825 000c | 4533 d24c | 8b44 2440 | 488b 4424 | 4844 8b48 | 1043 8b4c 

  0x000002a7f041fd34: ;   {metadata('org/gradle/internal/operations/BuildOperationProgressEventListenerAdapter')}
  0x000002a7f041fd34: cc08 81f9 | d825 2b01 | 0f85 3e40 | 0000 49c1 | e103 458b | 591c 4585 | db0f 85b1 | 4d00 0041 
  0x000002a7f041fd54: 8b48 1441 | 8b58 1c45 | 8b59 1885 | c90f 85f1 | 4d00 0043 | 8b4c dc08 

  0x000002a7f041fd6c: ;   {metadata('org/gradle/internal/logging/progress/DefaultProgressLoggerFactory$ProgressLoggerImpl')}
  0x000002a7f041fd6c: 81f9 683f | 2b01 0f85 | 5840 0000 | 4b8d 34dc | 448b 5e40 

  0x000002a7f041fd80: ;   {oop(a 'org/gradle/internal/logging/progress/DefaultProgressLoggerFactory$State'{0x0000000601a4c018})}
  0x000002a7f041fd80: 4181 fb03 | 9834 c00f | 8433 4e00 

  0x000002a7f041fd8c: ;   {oop(a 'org/gradle/internal/logging/progress/DefaultProgressLoggerFactory$State'{0x0000000601a4bf80})}
  0x000002a7f041fd8c: 0041 81fb | f097 34c0 | 0f84 924e | 0000 4180 | 7f40 000f | 85b3 1900 

  0x000002a7f041fda4: ;   {oop(a 'org/gradle/internal/logging/progress/DefaultProgressLoggerFactory$State'{0x0000000601a4bf80})}
  0x000002a7f041fda4: 00c7 4640 | f097 34c0 

  0x000002a7f041fdac: ;   {oop(a 'org/gradle/internal/logging/progress/DefaultProgressLoggerFactory$State'{0x0000000601a4bf80})}
  0x000002a7f041fdac: 4c8b de48 | b980 bfa4 | 0106 0000 | 0049 33cb | 48c1 e916 | 4885 c974 | 1a49 c1eb | 0948 b900 
  0x000002a7f041fdcc: 0077 7ea7 | 0200 0049 | 03cb 8039 | 020f 85f3 | 1c00 0044 | 8b5e 4443 | 8b7c dc18 | 448b 5e30 
  0x000002a7f041fdec: ; implicit exception: dispatches to 0x000002a7f04262d8
  0x000002a7f041fdec: 418b 54fc 

  0x000002a7f041fdf0: ;   {metadata('java/lang/ThreadLocal')}
  0x000002a7f041fdf0: 0881 fa10 | 1812 000f | 852b 4000 | 0048 8b4c | 2420 8b51 | 4c49 8d2c | fc49 8bfb | 48c1 e703 
  0x000002a7f041fe10: 85d2 0f84 | 5c13 0000 | 4889 7c24 | 2048 89ac | 24a0 0000 | 0044 899c | 2498 0000 | 0048 89b4 
  0x000002a7f041fe30: 2490 0000 | 0089 9c24 | 8800 0000 | 4c89 4c24 | 584c 8954 | 2440 4c89 | 8424 8000 | 0000 4889 
  0x000002a7f041fe50: 4424 4848 | 894c 2438 | 458b 54d4 | 1444 8994 | 249c 0000 | 0089 9424 | 8c00 0000 

  0x000002a7f041fe6c: ; implicit exception: dispatches to 0x000002a7f0426688
  0x000002a7f041fe6c: 478b 5cd4 | 0c44 899c | 24a8 0000 | 0041 ffcb | 458b c345 | 8bd0 4423 | 550c 4489 | 9424 ac00 
  0x000002a7f041fe8c: 0000 448b | 9c24 a800 | 0000 4585 | db0f 8635 | 4500 0044 | 8b94 249c | 0000 004b | 8d2c d444 
  0x000002a7f041feac: 8b9c 24ac | 0000 0046 | 8b54 9d10 | 4d8d 1cd4 | 4c89 5c24 | 5045 85d2 | 0f84 1d0e | 0000 4b8d 
  0x000002a7f041fecc: ;   {oop(""{0x0000000600447d88})}
  0x000002a7f041fecc: 1cd4 49ba | 887d 4400 | 0600 0000 | 4c89 9424 | c800 0000 | eb1a 6666 | 0f1f 8400 | 0000 0000 
  0x000002a7f041feec: 6666 6690 | 4b8d 1cdc | 4489 9424 | ac00 0000 | 448b 530c | 49c1 e203 | 4c8b 9c24 | a000 0000 
  0x000002a7f041ff0c: 4d3b d30f | 841d 0200 | 0044 8b5b | 0c45 85db | 0f84 e636 | 0000 448b | 9424 ac00 | 0000 41ff 
  0x000002a7f041ff2c: c244 3b94 | 24a8 0000 | 000f 8d95 | 0d00 0044 | 3b94 24a8 | 0000 000f | 833f 3500 | 0046 8b5c 
  0x000002a7f041ff4c: 9510 4d8b | 8750 0400 

  0x000002a7f041ff54: ; ImmutableOopMap {r11=NarrowOop rbp=Oop [32]=Oop [48]=Oop [56]=Oop [64]=Oop [72]=Oop [80]=Oop [88]=Oop [104]=Oop [112]=Oop [120]=Oop [128]=Oop [136]=NarrowOop [140]=NarrowOop [144]=Oop [152]=NarrowOop [156]=NarrowOop [160]=Oop [200]=Oop }
                      ;*goto {reexecute=1 rethrow=0 return_oop=0}
                      ; - (reexecute) java.lang.ThreadLocal$ThreadLocalMap::set@79 (line 551)
                      ; - java.lang.ThreadLocal::set@13 (line 265)
                      ; - java.lang.ThreadLocal::set@5 (line 251)
                      ; - org.gradle.internal.logging.progress.DefaultProgressLoggerFactory$ProgressLoggerImpl::completed@22 (line 250)
                      ; - org.gradle.internal.operations.BuildOperationProgressEventListenerAdapter::stop@42 (line 78)
                      ; - org.gradle.internal.operations.DefaultBuildOperationRunner$BuildOperationTrackingListener::stop@9 (line 248)
                      ; - org.gradle.internal.operations.DefaultBuildOperationRunner$2::execute@62 (line 73)
                      ; - org.gradle.internal.operations.DefaultBuildOperationRunner$2::execute@8 (line 59)
                      ; - org.gradle.internal.operations.DefaultBuildOperationRunner::execute@141 (line 166)
                      ;   {poll}
  0x000002a7f041ff54: 0041 8500 | 4585 db75 | 9344 8994 | 24ac 0000 | 004d 8b97 | b801 0000 | 4d8b da49 | 83c2 204d 
  0x000002a7f041ff74: 3b97 c801 | 0000 0f83 | 2030 0000 | 4d89 97b8 | 0100 0041 | 0f18 82c0 | 0000 004d | 8bd3 49c7 
  0x000002a7f041ff94: 0201 0000 

  0x000002a7f041ff98: ;   {metadata('java/lang/ThreadLocal$ThreadLocalMap$Entry')}
  0x000002a7f041ff98: 0041 c742 | 0858 4d22 | 0045 8962 | 0c4d 8962 | 104d 8962 | 184d 8bd3 | 498b da4c | 8b94 24a0 
  0x000002a7f041ffb8: 0000 004d | 8bda 49c1 | eb03 4c8b | d345 895a | 0c41 807f | 4000 0f85 | 6525 0000 

  0x000002a7f041ffd4: ;   {oop(a 'java/lang/ref/ReferenceQueue$Null'{0x000000060044c368})}
  0x000002a7f041ffd4: 4c8b d341 | c742 106d 

  0x000002a7f041ffdc: ;   {oop(a 'java/lang/ref/ReferenceQueue$Null'{0x000000060044c368})}
  0x000002a7f041ffdc: 9808 c049 | ba68 c344 | 0006 0000 | 004c 8bdb | 4d33 d349 | c1ea 164d | 85d2 741a | 49c1 eb09 
  0x000002a7f041fffc: 48b9 0000 | 777e a702 | 0000 4903 | cb80 3902 | 0f85 eb27 | 0000 f083 | 4424 c000 | 4180 7f40 
  0x000002a7f042001c: 000f 85dc | 2400 004c | 8bd3 448b | 8424 9800 | 0000 4589 | 421c 4c8b | 5424 204c | 8bdb 4d33 
  0x000002a7f042003c: d349 c1ea | 164d 85d2 | 741f 4585 | c074 1a49 | c1eb 0948 | b900 0077 | 7ea7 0200 | 0049 03cb 
  0x000002a7f042005c: 8039 020f | 8534 2800 | 0044 8b9c | 24ac 0000 | 0044 3b9c | 24a8 0000 | 000f 83d1 | 4d00 0044 
  0x000002a7f042007c: 8b94 24ac | 0000 004a | 8d7c 9510 | 4180 7f40 | 000f 85dd | 2400 008b | b424 ac00 | 0000 4c8b 
  0x000002a7f042009c: d74c 8bdb | 4d33 da4c | 8bcb 49c1 | e903 4489 | 0f49 c1eb | 164d 85db | 741a 49c1 | ea09 48b9 
  0x000002a7f04200bc: 0000 777e | a702 0000 | 4903 ca80 | 3902 0f85 | 7b27 0000 | 448b 8424 | 8c00 0000 | 478b 54c4 
  0x000002a7f04200dc: ;   {no_reloc}
  0x000002a7f04200dc: 0c41 ffc2 | 4789 54c4 | 0c41 8bea | 488b 5424 | 5044 8bc6 

  0x000002a7f04200f0: ;   {optimized virtual_call}
  0x000002a7f04200f0: 458b cae8 

  0x000002a7f04200f4: ; ImmutableOopMap {[48]=Oop [56]=Oop [64]=Oop [72]=Oop [80]=Oop [88]=Oop [104]=Oop [112]=Oop [120]=Oop [128]=Oop [136]=NarrowOop [140]=NarrowOop [144]=Oop [200]=Oop }
                      ;*invokevirtual cleanSomeSlots {reexecute=0 rethrow=0 return_oop=0}
                      ; - java.lang.ThreadLocal$ThreadLocalMap::set@113 (line 565)
                      ; - java.lang.ThreadLocal::set@13 (line 265)
                      ; - java.lang.ThreadLocal::set@5 (line 251)
                      ; - org.gradle.internal.logging.progress.DefaultProgressLoggerFactory$ProgressLoggerImpl::completed@22 (line 250)
                      ; - org.gradle.internal.operations.BuildOperationProgressEventListenerAdapter::stop@42 (line 78)
                      ; - org.gradle.internal.operations.DefaultBuildOperationRunner$BuildOperationTrackingListener::stop@9 (line 248)
                      ; - org.gradle.internal.operations.DefaultBuildOperationRunner$2::execute@62 (line 73)
                      ; - org.gradle.internal.operations.DefaultBuildOperationRunner$2::execute@8 (line 59)
                      ; - org.gradle.internal.operations.DefaultBuildOperationRunner::execute@141 (line 166)
  0x000002a7f04200f4: 88e9 3cff 

  0x000002a7f04200f8: ;   {other}
  0x000002a7f04200f8: 0f1f 8400 | 6829 000e | 85c0 0f85 | 0f50 0000 | 448b 9c24 | 8c00 0000 | 478b 5cdc | 1044 8bd5 
  0x000002a7f0420118: 453b d37c | 5f48 8b54 

  0x000002a7f0420120: ;   {optimized virtual_call}
  0x000002a7f0420120: 2450 90e8 

  0x000002a7f0420124: ; ImmutableOopMap {[48]=Oop [56]=Oop [64]=Oop [72]=Oop [88]=Oop [104]=Oop [112]=Oop [120]=Oop [128]=Oop [136]=NarrowOop [144]=Oop [200]=Oop }
                      ;*invokevirtual rehash {reexecute=0 rethrow=0 return_oop=0}
                      ; - java.lang.ThreadLocal$ThreadLocalMap::set@129 (line 566)
                      ; - java.lang.ThreadLocal::set@13 (line 265)
                      ; - java.lang.ThreadLocal::set@5 (line 251)
                      ; - org.gradle.internal.logging.progress.DefaultProgressLoggerFactory$ProgressLoggerImpl::completed@22 (line 250)
                      ; - org.gradle.internal.operations.BuildOperationProgressEventListenerAdapter::stop@42 (line 78)
                      ; - org.gradle.internal.operations.DefaultBuildOperationRunner$BuildOperationTrackingListener::stop@9 (line 248)
                      ; - org.gradle.internal.operations.DefaultBuildOperationRunner$2::execute@62 (line 73)
                      ; - org.gradle.internal.operations.DefaultBuildOperationRunner$2::execute@8 (line 59)
                      ; - org.gradle.internal.operations.DefaultBuildOperationRunner::execute@141 (line 166)
  0x000002a7f0420124: 58e9 3cff 

  0x000002a7f0420128: ;   {other}
  0x000002a7f0420128: 0f1f 8400 | 9829 000f | eb4a 4180 | 7f40 000f | 8551 2100 | 0044 8b94 | 2498 0000 | 0044 8953 
  0x000002a7f0420148: 1c4c 8b5c | 2420 4c8b | c34d 33d8 | 49c1 eb16 | 4d85 db74 | 1f45 85d2 | 741a 49c1 | e809 48b9 
  0x000002a7f0420168: 0000 777e | a702 0000 | 4903 c880 | 3902 0f85 | ea21 0000 | 4c8b 8c24 | c800 0000 | 4c8b 8424 
  0x000002a7f0420188: 9000 0000 | 458b 501c | 498b 87b8 | 0100 004c | 8bd8 4983 | c320 4d3b | 9fc8 0100 | 000f 8342 
  0x000002a7f04201a8: 2a00 004d | 899f b801 | 0000 410f | 1883 c000 | 0000 48c7 | 0001 0000 

  0x000002a7f04201c0: ;   {metadata('org/gradle/internal/logging/events/ProgressCompleteEvent')}
  0x000002a7f04201c0: 00c7 4008 | 1857 0d01 | 4489 600c | 4c89 6010 | 4c89 6018 | 488b d845 | 8b58 2043 | 8b4c dc08 
  0x000002a7f04201e0: 4889 9c24 | 9800 0000 | 4489 9424 | 8c00 0000 | 4c89 8424 | 9000 0000 | 4c89 4c24 | 5045 8b50 
  0x000002a7f0420200: 1444 8994 | 24a0 0000 

  0x000002a7f0420208: ;   {metadata('org/gradle/internal/time/MonotonicClock')}
  0x000002a7f0420208: 0081 f9c8 | 0f01 010f | 857b 3c00 | 0049 c1e3 | 0345 8b53 | 0c4c 899c | 24a8 0000 | 0047 8b44 
  0x000002a7f0420228: ;   {metadata('org/gradle/internal/time/TimeSource$1')}
  0x000002a7f0420228: d408 4181 | f8e0 1301 | 010f 85f5 | 3c00 0049 | bad0 8d05 | aaf9 7f00 | 0041 ffd2 

  0x000002a7f0420244: ;   {other}
  0x000002a7f0420244: 0f1f 8400 | 0000 0000 | 4c8b c84c | 8b94 24a8 | 0000 0045 | 8b5a 1c4f | 8b44 dc10 | 458b 5a18 
  0x000002a7f0420264: ; implicit exception: dispatches to 0x000002a7f0426348
  0x000002a7f0420264: 4f8b 54dc | 104c 8994 | 24b8 0000 | 004c 8bd0 | 4d2b d04c | 8954 2460 

  0x000002a7f042027c: ;   {oop(a 'java/util/concurrent/TimeUnit'{0x00000006004d8440})}
  0x000002a7f042027c: 49ba 4084 | 4d00 0600 | 0000 458b 

  0x000002a7f0420288: ;   {oop(a 'java/util/concurrent/TimeUnit'{0x00000006004d8440})}
  0x000002a7f0420288: 5248 49bb | 4084 4d00 | 0600 0000 | 498b 4b18 | 4d63 da48 | 81f9 4042 | 0f00 0f8f | b709 0000 
  0x000002a7f04202a8: 4881 f940 | 420f 0074 | 2f45 85d2 | 0f84 5642 | 0000 488b | 4424 6048 | ba00 0000 | 0000 0000 
  0x000002a7f04202c8: 8048 3bc2 | 7508 33d2 | 4983 fbff | 7405 4899 | 49f7 fb48 | 8944 2460 | 4c8b 9424 | a800 0000 
  0x000002a7f04202e8: 4d8b 5210 | 448b 9c24 | a000 0000 | 498b eb48 | c1e5 034c | 8b5c 2460 | 4d3b da0f | 8d5b 1e00 
  0x000002a7f0420308: 004c 8b94 | 24a8 0000 | 0045 8b5a | 204b 8b44 | dc10 4c8b | 5424 604c | 0394 24b8 | 0000 0049 
  0x000002a7f0420328: 8bfa 4c3b | d00f 8ffd | 0700 0048 | 8bf8 448b | 9424 8800 | 0000 4585 | d20f 8521 | 0c00 004c 
  0x000002a7f0420348: 8b4c 2450 | 4180 7f40 | 000f 856f | 1400 004c | 8b94 2498 | 0000 0044 | 8b9c 24a0 | 0000 0045 
  0x000002a7f0420368: 895a 1c49 | 8bd9 48c1 | eb03 4c8b | c549 8bd2 | 4c33 c249 | c1e8 164d | 85c0 741f | 4585 db74 
  0x000002a7f0420388: ;   {no_reloc}
  0x000002a7f0420388: 1a48 c1ea | 0948 b900 | 0077 7ea7 | 0200 0048 | 03ca 8039 | 020f 8577 | 1a00 0041 | 807f 4000 
  0x000002a7f04203a8: 0f85 e113 | 0000 4189 | 5a18 4989 | 7a10 4d8b | d94d 8bc2 | 4d33 d849 | c1eb 164d | 85db 741a 
  0x000002a7f04203c8: 49c1 e809 | 48b9 0000 | 777e a702 | 0000 4903 | c880 3902 | 0f85 6217 | 0000 4588 | 620c 448b 
  0x000002a7f04203e8: 8424 8c00 | 0000 478b 

  0x000002a7f04203f0: ;   {metadata('org/gradle/internal/logging/services/ProgressLoggingBridge')}
  0x000002a7f04203f0: 5cc4 0841 | 81fb 60c6 | 1901 0f85 | d03b 0000 | 4f8d 1cc4 | 458b 5b0c 

  0x000002a7f0420408: ; implicit exception: dispatches to 0x000002a7f0426388
  0x000002a7f0420408: 478b 4cdc 

  0x000002a7f042040c: ;   {metadata('org/gradle/internal/logging/sink/OutputEventListenerManager$1')}
  0x000002a7f042040c: 0841 81f9 | a073 0301 | 0f85 1a3c | 0000 4b8d | 2cdc 448b | 5d0c 478b | 44dc 0c47 | 8b4c c408 
  0x000002a7f042042c: ;   {metadata('org/gradle/internal/logging/sink/OutputEventRenderer')}
  0x000002a7f042042c: 4181 f9c0 | 2a01 010f | 8563 3c00 | 004f 8d0c | c445 8b59 | 1047 8b5c | dc0c 438b 

  0x000002a7f0420448: ;   {metadata('org/gradle/api/logging/LogLevel')}
  0x000002a7f0420448: 4cdc 0881 | f9e0 0301 | 010f 85d1 | 5500 0049 | c1e3 0341 | b802 0000 | 0045 2b43 | 0c45 85c0 
  0x000002a7f0420468: 0f8c 2a48 | 0000 458b | 5920 4585 | db0f 8499 | 3200 004c | 8994 2488 | 0000 004b | 8d14 dc4d 
  0x000002a7f0420488: ;   {optimized virtual_call}
  0x000002a7f0420488: 8bc2 90e8 

  0x000002a7f042048c: ; ImmutableOopMap {rbp=Oop [48]=Oop [56]=Oop [64]=Oop [72]=Oop [88]=Oop [104]=Oop [112]=Oop [120]=Oop [128]=Oop [136]=Oop }
                      ;*invokevirtual onOutput {reexecute=0 rethrow=0 return_oop=0}
                      ; - org.gradle.internal.logging.sink.OutputEventRenderer::onOutput@78 (line 435)
                      ; - org.gradle.internal.logging.sink.OutputEventListenerManager$1::onOutput@8 (line 36)
                      ; - org.gradle.internal.logging.services.ProgressLoggingBridge::completed@5 (line 34)
                      ; - org.gradle.internal.logging.progress.DefaultProgressLoggerFactory$ProgressLoggerImpl::completed@55 (line 251)
                      ; - org.gradle.internal.operations.BuildOperationProgressEventListenerAdapter::stop@42 (line 78)
                      ; - org.gradle.internal.operations.DefaultBuildOperationRunner$BuildOperationTrackingListener::stop@9 (line 248)
                      ; - org.gradle.internal.operations.DefaultBuildOperationRunner$2::execute@62 (line 73)
                      ; - org.gradle.internal.operations.DefaultBuildOperationRunner$2::execute@8 (line 59)
                      ; - org.gradle.internal.operations.DefaultBuildOperationRunner::execute@141 (line 166)
  0x000002a7f042048c: f016 e9ff 

  0x000002a7f0420490: ;   {other}
  0x000002a7f0420490: 0f1f 8400 | 002d 0010 | 448b 5d0c 

  0x000002a7f042049c: ; implicit exception: dispatches to 0x000002a7f0426474
  0x000002a7f042049c: 478b 5cdc | 1047 8b54 

  0x000002a7f04204a4: ;   {metadata('org/gradle/internal/operations/logging/LoggingBuildOperationProgressBroadcaster')}
  0x000002a7f04204a4: dc08 4181 | fad0 9518 | 010f 8555 | 3c00 0049 | 8b87 b801 | 0000 4c8b | 4424 5845 | 8b58 0c4c 
  0x000002a7f04204c4: 8bd0 4983 | c228 4d3b | 97c8 0100 | 000f 8357 | 2700 004d | 8997 b801 | 0000 410f | 1882 c000 
  0x000002a7f04204e4: 0000 48c7 | 0001 0000 

  0x000002a7f04204ec: ;   {metadata('org/gradle/internal/operations/OperationFinishEvent')}
  0x000002a7f04204ec: 00c7 4008 | 980e 3e01 | 4489 600c | 4c89 6010 | 4c89 6018 | 4c89 6020 | 4c8b c845 | 8b50 1447 
  0x000002a7f042050c: 8b44 d408 | 488b 5c24 | 7048 8b4b 

  0x000002a7f0420518: ;   {metadata('org/gradle/internal/time/MonotonicClock')}
  0x000002a7f0420518: 1041 81f8 | c80f 0101 | 0f85 463c | 0000 4f8d | 04d4 458b | 500c 438b 

  0x000002a7f0420530: ;   {metadata('org/gradle/internal/time/TimeSource$1')}
  0x000002a7f0420530: 54d4 0881 | fae0 1301 | 010f 8595 | 3c00 0049 | 8bf8 4889 | 8c24 9000 | 0000 4c89 | 8c24 8800 
  0x000002a7f0420550: 0000 4489 | 5c24 6049 | bad0 8d05 | aaf9 7f00 | 0041 ffd2 

  0x000002a7f0420564: ;   {other}
  0x000002a7f0420564: 0f1f 8400 | 0000 0000 | 488b f044 | 8b5f 1c4f | 8b44 dc10 | 488b cf44 | 8b51 184b | 8b5c d410 
  0x000002a7f0420584: 4c8b c84d 

  0x000002a7f0420588: ;   {oop(a 'java/util/concurrent/TimeUnit'{0x00000006004d8440})}
  0x000002a7f0420588: 2bc8 49ba | 4084 4d00 | 0600 0000 | 458b 5248 

  0x000002a7f0420598: ;   {oop(a 'java/util/concurrent/TimeUnit'{0x00000006004d8440})}
  0x000002a7f0420598: 49bb 4084 | 4d00 0600 | 0000 4d8b | 5b18 4963 | fa49 81fb | 4042 0f00 | 0f8f df06 | 0000 4981 
  0x000002a7f04205b8: fb40 420f | 0074 2b45 | 85d2 0f84 | 6c3f 0000 | 498b c148 | ba00 0000 | 0000 0000 | 8048 3bc2 
  0x000002a7f04205d8: 7508 33d2 | 4883 ffff | 7405 4899 | 48f7 ff4c | 8bc8 4c8b | 5110 4d3b | ca0f 8dd1 | 1b00 0044 
  0x000002a7f04205f8: 8b59 204b | 8b44 dc10 | 4c03 cb4c | 3bc8 0f8f | 8405 0000 | 4c8b c841 | 807f 4000 | 0f85 f711 
  0x000002a7f0420618: 0000 488b | 9c24 8800 | 0000 4c89 | 4b18 4c8b | 9424 9000 | 0000 4c89 | 5310 4c8b | 9424 8000 
  0x000002a7f0420638: 0000 458b | 4a14 4489 | 4b0c 418b | 7a18 4c8b | d348 8bf7 | 48c1 e603 | 4d8b d949 | c1e3 034d 
  0x000002a7f0420658: 33da 49c1 | eb16 4d85 | db74 1f45 | 85c9 741a | 49c1 ea09 | 48b9 0000 | 777e a702 | 0000 4903 
  0x000002a7f0420678: ca80 3902 | 0f85 f217 | 0000 4180 | 7f40 000f | 85c3 1100 | 0089 7b20 | 4c8b d64c 

  0x000002a7f0420694: ;   {no_reloc}
  0x000002a7f0420694: 8bdb 4d33 | d349 c1ea | 164d 85d2 | 741e 85ff | 741a 49c1 | eb09 48b9 | 0000 777e | a702 0000 
  0x000002a7f04206b4: 4903 cb80 | 3902 0f85 | 0218 0000 | 448b 5c24 | 6047 8b54 

  0x000002a7f04206c8: ;   {metadata('org/gradle/internal/operations/DefaultBuildOperationListenerManager$1')}
  0x000002a7f04206c8: dc08 4181 | fa88 2319 | 010f 8575 | 3b00 004f | 8d14 dc45 | 8b5a 0c47 | 8b5c dc0c 

  0x000002a7f04206e4: ; implicit exception: dispatches to 0x000002a7f0426534
  0x000002a7f04206e4: 478b 54dc 

  0x000002a7f04206e8: ;   {metadata('java/util/ArrayList')}
  0x000002a7f04206e8: 0841 81fa | e0a5 0b00 | 0f85 8e3b | 0000 4f8d | 04dc 418b | 4810 ffc9 | 85c9 0f8c | 3701 0000 
  0x000002a7f0420708: 85c9 7f5e | ba6e ffff | ff48 8b6c | 2430 4c8b | 5424 484c | 8954 2430 | 4c8b 5424 | 404c 8954 
  0x000002a7f0420728: 2438 4c8b | 5424 684c | 8954 2440 | 4c8b 5424 | 684c 8954 | 2450 4889 | 5c24 584c | 8944 2460 
  0x000002a7f0420748: 894c 246c 

  0x000002a7f042074c: ;   {runtime_call UncommonTrapBlob}
  0x000002a7f042074c: 6666 90e8 

  0x000002a7f0420750: ; ImmutableOopMap {rbp=Oop [48]=Oop [56]=Oop [64]=Oop [80]=Oop [88]=Oop [96]=Oop [112]=Oop [120]=Oop }
                      ;*iflt {reexecute=1 rethrow=0 return_oop=0}
                      ; - (reexecute) org.gradle.internal.operations.DefaultBuildOperationListenerManager$1::finished@20 (line 59)
                      ; - org.gradle.internal.operations.BuildOperationProgressEventListenerAdapter::stop@86 (line 79)
                      ; - org.gradle.internal.operations.DefaultBuildOperationRunner$BuildOperationTrackingListener::stop@9 (line 248)
                      ; - org.gradle.internal.operations.DefaultBuildOperationRunner$2::execute@62 (line 73)
                      ; - org.gradle.internal.operations.DefaultBuildOperationRunner$2::execute@8 (line 59)
                      ; - org.gradle.internal.operations.DefaultBuildOperationRunner::execute@141 (line 166)
  0x000002a7f0420750: ac3e 3dff 

  0x000002a7f0420754: ;   {other}
  0x000002a7f0420754: 0f1f 8400 | c42f 0011 | 0f1f 4000 | 488b 5c24 | 204c 8b44 | 2450 458b | 5810 4585 | db0f 8ccd 
  0x000002a7f0420774: 2900 0041 | 3bcb 0f83 | f628 0000 | 458b 5814 | 448b d147 | 8b4c dc0c | 453b d10f | 834b 2900 
  0x000002a7f0420794: 0049 c1e3 | 0347 8b5c | 9310 438b 

  0x000002a7f04207a0: ;   {metadata('org/gradle/internal/operations/DefaultBuildOperationListenerManager$ProgressShieldingBuildOperationListener')}
  0x000002a7f04207a0: 7cdc 0881 | ff70 4228 | 010f 8525 | 5300 0048 | 8b74 2468 | 8b7e 104b | 8d2c dc44 | 8b4d 0c43 
  0x000002a7f04207c0: 8b54 cc08 

  0x000002a7f04207c4: ;   {metadata('java/util/concurrent/ConcurrentHashMap')}
  0x000002a7f04207c4: 81fa 8047 | 0600 0f85 | e029 0000 | 4489 5424 | 5c89 4c24 | 584c 8944 | 2450 4889 | 5c24 204b 
  0x000002a7f04207e4: 8d14 cc4c | 8bc7 49c1 | e003 4533 

  0x000002a7f04207f0: ;   {optimized virtual_call}
  0x000002a7f04207f0: c933 ffe8 

  0x000002a7f04207f4: ; ImmutableOopMap {rbp=Oop [32]=Oop [48]=Oop [56]=Oop [64]=Oop [72]=Oop [80]=Oop [104]=Oop [112]=Oop [120]=Oop }
                      ;*invokevirtual replaceNode {reexecute=0 rethrow=0 return_oop=1}
                      ; - java.util.concurrent.ConcurrentHashMap::remove@4 (line 1102)
                      ; - org.gradle.internal.operations.DefaultBuildOperationListenerManager$ProgressShieldingBuildOperationListener::finished@8 (line 126)
                      ; - org.gradle.internal.operations.DefaultBuildOperationListenerManager$1::finished@36 (line 60)
                      ; - org.gradle.internal.operations.BuildOperationProgressEventListenerAdapter::stop@86 (line 79)
                      ; - org.gradle.internal.operations.DefaultBuildOperationRunner$BuildOperationTrackingListener::stop@9 (line 248)
                      ; - org.gradle.internal.operations.DefaultBuildOperationRunner$2::execute@62 (line 73)
                      ; - org.gradle.internal.operations.DefaultBuildOperationRunner$2::execute@8 (line 59)
                      ; - org.gradle.internal.operations.DefaultBuildOperationRunner::execute@141 (line 166)
  0x000002a7f04207f4: 88c3 ccff 

  0x000002a7f04207f8: ;   {other}
  0x000002a7f04207f8: 0f1f 8400 | 6830 0012 | 448b 5d10 | 498b d348 | c1e2 038b | 6c24 5c4c | 8b44 2468 | 4c8b 4c24 
  0x000002a7f0420818: 2048 b830 | 8ee6 00a8 

  0x000002a7f0420820: ;   {virtual_call}
  0x000002a7f0420820: 0200 00e8 

  0x000002a7f0420824: ; ImmutableOopMap {[32]=Oop [48]=Oop [56]=Oop [64]=Oop [72]=Oop [80]=Oop [104]=Oop [112]=Oop [120]=Oop }
                      ;*invokeinterface finished {reexecute=0 rethrow=0 return_oop=0}
                      ; - org.gradle.internal.operations.DefaultBuildOperationListenerManager$ProgressShieldingBuildOperationListener::finished@20 (line 127)
                      ; - org.gradle.internal.operations.DefaultBuildOperationListenerManager$1::finished@36 (line 60)
                      ; - org.gradle.internal.operations.BuildOperationProgressEventListenerAdapter::stop@86 (line 79)
                      ; - org.gradle.internal.operations.DefaultBuildOperationRunner$BuildOperationTrackingListener::stop@9 (line 248)
                      ; - org.gradle.internal.operations.DefaultBuildOperationRunner$2::execute@62 (line 73)
                      ; - org.gradle.internal.operations.DefaultBuildOperationRunner$2::execute@8 (line 59)
                      ; - org.gradle.internal.operations.DefaultBuildOperationRunner::execute@141 (line 166)
  0x000002a7f0420824: 907d 4bff 

  0x000002a7f0420828: ;   {other}
  0x000002a7f0420828: 0f1f 8400 | 9830 0013 | 8b4c 2458 | ffc9 83f9 | ff0f 8f21 

  0x000002a7f042083c: ;   {oop(a 'org/gradle/internal/logging/slf4j/OutputEventListenerBackedLogger'{0x0000000600da0600})}
  0x000002a7f042083c: ffff ff49 | ba00 06da | 0006 0000 | 0045 8b5a | 1047 8b54 | dc10 478b | 54d4 0c48 | ff74 2468 
  0x000002a7f042085c: 488f 8424 | 8000 0000 | 4c8b 5c24 | 6845 8b5b | 1847 8b4c 

  0x000002a7f0420870: ;   {metadata('org/gradle/api/logging/LogLevel')}
  0x000002a7f0420870: d408 4181 | f9e0 0301 | 010f 851d | 5200 0049 | c1e2 0345 | 33c0 452b | 420c 4585 | c00f 8da9 
  0x000002a7f0420890: 2e00 004c | 8b44 2478 | 458b 5818 

  0x000002a7f042089c: ; implicit exception: dispatches to 0x000002a7f04265ac
  0x000002a7f042089c: 478b 54dc | 0c45 85d2 | 0f84 6244 | 0000 4c8b | 5424 404d | 85d2 0f85 | 8444 0000 | 4c8b 4424 
  0x000002a7f04208bc: 4845 8b50 | 104c 8b5c | 2430 458b | 5b10 4489 | 5c24 6047 | 8b5c d408 

  0x000002a7f04208d4: ;   {metadata('org/gradle/internal/operations/BuildOperationProgressEventListenerAdapter')}
  0x000002a7f04208d4: 4181 fbd8 | 252b 010f | 85db 3900 | 0045 8b70 | 1445 8b58 | 0c47 8b5c | dc0c 448b | 4424 604d 
  0x000002a7f04208f4: 8bd0 49c1 | e203 4c89 | 5424 6845 | 85f6 0f84 | 9d05 0000 

  0x000002a7f0420908: ; implicit exception: dispatches to 0x000002a7f04266a0
  0x000002a7f0420908: 478b 54dc 

  0x000002a7f042090c: ;   {metadata('java/lang/ThreadLocal')}
  0x000002a7f042090c: 0841 81fa | 1018 1200 | 0f85 623b | 0000 4c8b | 5424 3841 | 8b72 4c4f | 8d04 dc4f | 8d2c f485 
  0x000002a7f042092c: f60f 8498 | 0800 0045 | 8b54 f414 

  0x000002a7f0420938: ; implicit exception: dispatches to 0x000002a7f04266bc
  0x000002a7f0420938: 478b 5cd4 | 0c41 8bdb | ffcb 4123 | 580c 4585 | db0f 864d | 3b00 004b | 8d0c d444 | 8b4c 9910 
  0x000002a7f0420958: 498d 2cf4 | 4585 c90f | 8499 0300 | 004b 8d3c | cc48 894c | 2478 8b4f | 0c4c 8bc9 | 49c1 e103 
  0x000002a7f0420978: 4d3b c874 | 5044 8b4f | 0c45 85c9 | 0f84 0649 | 0000 ffc3 | 413b db0f | 8ddc 0500 | 0041 3bdb 
  0x000002a7f0420998: 0f83 9145 | 0000 4c8b | 4c24 7845 | 8b4c 9910 | 498b 8750 | 0400 0048 | 8b4c 2468 | 488b bc24 
  0x000002a7f04209b8: ; ImmutableOopMap {r10=NarrowOop r8=Oop r9=NarrowOop rcx=Oop rdi=Oop rsi=NarrowOop rbp=Oop r13=Oop r14=NarrowOop [96]=NarrowOop [104]=Oop [112]=Oop [120]=Oop [128]=Oop }
                      ;*goto {reexecute=1 rethrow=0 return_oop=0}
                      ; - (reexecute) java.lang.ThreadLocal$ThreadLocalMap::set@79 (line 551)
                      ; - java.lang.ThreadLocal::set@13 (line 265)
                      ; - java.lang.ThreadLocal::set@5 (line 251)
                      ; - org.gradle.internal.operations.CurrentBuildOperationRef::set@16 (line 56)
                      ; - org.gradle.internal.operations.DefaultBuildOperationRunner$BuildOperationTrackingListener::close@19 (line 256)
                      ; - org.gradle.internal.operations.DefaultBuildOperationRunner$2::execute@88 (line 79)
                      ; - org.gradle.internal.operations.DefaultBuildOperationRunner$2::execute@8 (line 59)
                      ; - org.gradle.internal.operations.DefaultBuildOperationRunner::execute@141 (line 166)
  0x000002a7f04209b8: 8000 0000 

  0x000002a7f04209bc: ;   {poll}
  0x000002a7f04209bc: 8500 4585 | c90f 843c | 0300 004b | 8d3c cceb | a141 807f | 4000 0f85 | f415 0000 | 4489 771c 
  0x000002a7f04209dc: 4d8b d54c | 8bdf 4d33 | d349 c1ea | 164d 85d2 | 7416 49c1 | eb09 4c8b | 4424 284d | 03c3 4180 
  0x000002a7f04209fc: 3802 0f85 | ff15 0000 | 488b ac24 | 8000 0000 | 488b 5424 | 7045 33c0 

  0x000002a7f0420a14: ;   {optimized virtual_call}
  0x000002a7f0420a14: 6666 90e8 

  0x000002a7f0420a18: ; ImmutableOopMap {rbp=Oop [104]=Oop }
                      ;*invokevirtual setRunning {reexecute=0 rethrow=0 return_oop=0}
                      ; - org.gradle.internal.operations.DefaultBuildOperationRunner$BuildOperationTrackingListener::close@24 (line 257)
                      ; - org.gradle.internal.operations.DefaultBuildOperationRunner$2::execute@88 (line 79)
                      ; - org.gradle.internal.operations.DefaultBuildOperationRunner$2::execute@8 (line 59)
                      ; - org.gradle.internal.operations.DefaultBuildOperationRunner::execute@141 (line 166)
  0x000002a7f0420a18: a4db 0500 

  0x000002a7f0420a1c: ;   {other}
  0x000002a7f0420a1c: 0f1f 8400 | 8c32 0015 | 448b 5518 | 4d8b ca49 

  0x000002a7f0420a2c: ;   {oop("Build operation '{}' completed"{0x0000000600ac3128})}
  0x000002a7f0420a2c: c1e1 0349 | b828 31ac | 0006 0000 

  0x000002a7f0420a38: ;   {oop(a 'org/gradle/internal/logging/slf4j/OutputEventListenerBackedLogger'{0x0000000600da0600})}
  0x000002a7f0420a38: 0048 ba00 | 06da 0006 

  0x000002a7f0420a40: ;   {optimized virtual_call}
  0x000002a7f0420a40: 0000 00e8 

  0x000002a7f0420a44: ; ImmutableOopMap {[104]=Oop }
                      ;*invokeinterface debug {reexecute=0 rethrow=0 return_oop=0}
                      ; - org.gradle.internal.operations.DefaultBuildOperationRunner$BuildOperationTrackingListener::close@36 (line 258)
                      ; - org.gradle.internal.operations.DefaultBuildOperationRunner$2::execute@88 (line 79)
                      ; - org.gradle.internal.operations.DefaultBuildOperationRunner$2::execute@8 (line 59)
                      ; - org.gradle.internal.operations.DefaultBuildOperationRunner::execute@141 (line 166)
  0x000002a7f0420a44: f8fd 0200 

  0x000002a7f0420a48: ;   {other}
  0x000002a7f0420a48: 0f1f 8400 | b832 0016 | 488b 4424 | 6848 81c4 | f000 0000 

  0x000002a7f0420a5c: ;   {poll_return}
  0x000002a7f0420a5c: 5d49 3ba7 | 4804 0000 | 0f87 3d60 | 0000 c30f | 1f44 0000 | 448b 5b20 | 4585 db0f | 8452 4700 
  0x000002a7f0420a7c: 00f0 4b0f | b16c dc10 | 410f 94c3 | 450f b6db | 4585 db0f | 85e1 d9ff | ff49 8bb7 | 5004 0000 
  0x000002a7f0420a9c: 4c8b 9424 | 9800 0000 | 4c8b 9c24 | a800 0000 | 4c8b 8424 | 8000 0000 | 4c8b 8c24 

  0x000002a7f0420ab8: ; ImmutableOopMap {r10=Oop r11=Oop r8=Oop r9=Oop rbx=Oop [48]=Oop [112]=Oop [128]=Oop [136]=Oop [152]=Oop [168]=Oop }
                      ;*goto {reexecute=1 rethrow=0 return_oop=0}
                      ; - (reexecute) org.gradle.internal.time.MonotonicClock::advance@30 (line 117)
                      ; - org.gradle.internal.time.MonotonicClock::getCurrentTime@66 (line 86)
                      ; - org.gradle.internal.service.scopes.WorkerSharedGlobalScopeServices$$Lambda/0x000002a78f19d8c0::getCurrentTime@4
                      ; - org.gradle.internal.operations.DefaultBuildOperationRunner::execute@84 (line 163)
  0x000002a7f0420ab8: 8800 0000 

  0x000002a7f0420abc: ;   {poll}
  0x000002a7f0420abc: 8506 448b | 5b20 4b8b | 44dc 1048 | 3be8 7fa4 | e9a2 d9ff | ff4c 8b94 | 24a0 0000 | 0045 8b52 
  0x000002a7f0420adc: 2045 85d2 | 0f84 0247 | 0000 f04b | 0fb1 5cd4 | 1041 0f94 | c245 0fb6 | d245 85d2 | 0f85 16ed 
  0x000002a7f0420afc: ffff 4d8b | 9750 0400 

  0x000002a7f0420b04: ; ImmutableOopMap {rbp=Oop [32]=Oop [48]=Oop [56]=NarrowOop [64]=Oop [72]=Oop [80]=Oop [88]=Oop [96]=Oop [104]=Oop [112]=Oop [120]=Oop [128]=NarrowOop [136]=NarrowOop [140]=NarrowOop [144]=Oop [152]=NarrowOop [160]=Oop }
                      ;*goto {reexecute=1 rethrow=0 return_oop=0}
                      ; - (reexecute) org.gradle.internal.time.MonotonicClock::advance@30 (line 117)
                      ; - org.gradle.internal.time.MonotonicClock::getCurrentTime@66 (line 86)
                      ; - org.gradle.internal.logging.progress.DefaultProgressLoggerFactory$ProgressLoggerImpl::started@147 (line 218)
                      ; - org.gradle.internal.logging.progress.DefaultProgressLoggerFactory$ProgressLoggerImpl::started@6 (line 190)
                      ; - org.gradle.internal.logging.progress.DefaultProgressLoggerFactory$ProgressLoggerImpl::start@8 (line 179)
                      ; - org.gradle.internal.operations.BuildOperationProgressEventListenerAdapter::start@44 (line 50)
                      ; - org.gradle.internal.operations.DefaultBuildOperationRunner$BuildOperationTrackingListener::start@47 (line 233)
                      ; - org.gradle.internal.operations.DefaultBuildOperationRunner$2::execute@4 (line 63)
                      ; - org.gradle.internal.operations.DefaultBuildOperationRunner$2::execute@8 (line 59)
                      ; - org.gradle.internal.operations.DefaultBuildOperationRunner::execute@141 (line 166)
                      ;   {poll}
  0x000002a7f0420b04: 0041 8502 | 4c8b 9424 | a000 0000 | 458b 5220 

  0x000002a7f0420b14: ; implicit exception: dispatches to 0x000002a7f0426868
  0x000002a7f0420b14: 4b8b 44d4 | 104c 8bd3 | 4c3b d07f | b0e9 ebec | ffff 6666 | 0f1f 8400 | 0000 0000 | 4c8b 9424 
  0x000002a7f0420b34: a800 0000 | 458b 5220 | 4585 d20f | 84db 4600 | 00f0 4b0f | b17c d410 | 410f 94c2 | 450f b6d2 
  0x000002a7f0420b54: 4585 d20f | 85d9 f7ff | ff4d 8b97 | 5004 0000 | 4c8b 9c24 | a800 0000 

  0x000002a7f0420b6c: ; ImmutableOopMap {r11=Oop r8=NarrowOop rbp=Oop [48]=Oop [56]=Oop [64]=Oop [72]=Oop [80]=Oop [88]=Oop [104]=Oop [112]=Oop [120]=Oop [128]=Oop [136]=NarrowOop [140]=NarrowOop [144]=Oop [152]=Oop [160]=NarrowOop [168]=Oop }
                      ;*goto {reexecute=1 rethrow=0 return_oop=0}
                      ; - (reexecute) org.gradle.internal.time.MonotonicClock::advance@30 (line 117)
                      ; - org.gradle.internal.time.MonotonicClock::getCurrentTime@66 (line 86)
                      ; - org.gradle.internal.logging.progress.DefaultProgressLoggerFactory$ProgressLoggerImpl::completed@41 (line 251)
                      ; - org.gradle.internal.operations.BuildOperationProgressEventListenerAdapter::stop@42 (line 78)
                      ; - org.gradle.internal.operations.DefaultBuildOperationRunner$BuildOperationTrackingListener::stop@9 (line 248)
                      ; - org.gradle.internal.operations.DefaultBuildOperationRunner$2::execute@62 (line 73)
                      ; - org.gradle.internal.operations.DefaultBuildOperationRunner$2::execute@8 (line 59)
                      ; - org.gradle.internal.operations.DefaultBuildOperationRunner::execute@141 (line 166)
  0x000002a7f0420b6c: 458b 4320 

  0x000002a7f0420b70: ;   {poll}
  0x000002a7f0420b70: 4185 024b | 8b44 c410 | 4c8b d74c | 3bd0 7fb0 | e9ae f7ff | ff66 6666 | 0f1f 8400 | 0000 0000 
  0x000002a7f0420b90: 448b 5120 | 4585 d20f | 84bb 4600 | 00f0 4f0f | b14c d410 | 410f 94c2 | 450f b6d2 | 4585 d20f 
  0x000002a7f0420bb0: 855a faff | ff4d 8b87 

  0x000002a7f0420bb8: ; ImmutableOopMap {rcx=Oop [48]=Oop [56]=Oop [64]=Oop [72]=Oop [96]=NarrowOop [104]=Oop [112]=Oop [120]=Oop [128]=Oop [136]=Oop }
                      ;*goto {reexecute=1 rethrow=0 return_oop=0}
                      ; - (reexecute) org.gradle.internal.time.MonotonicClock::advance@30 (line 117)
                      ; - org.gradle.internal.time.MonotonicClock::getCurrentTime@66 (line 86)
                      ; - org.gradle.internal.operations.BuildOperationProgressEventListenerAdapter::stop@64 (line 79)
                      ; - org.gradle.internal.operations.DefaultBuildOperationRunner$BuildOperationTrackingListener::stop@9 (line 248)
                      ; - org.gradle.internal.operations.DefaultBuildOperationRunner$2::execute@62 (line 73)
                      ; - org.gradle.internal.operations.DefaultBuildOperationRunner$2::execute@8 (line 59)
                      ; - org.gradle.internal.operations.DefaultBuildOperationRunner::execute@141 (line 166)
  0x000002a7f0420bb8: 5004 0000 

  0x000002a7f0420bbc: ;   {poll}
  0x000002a7f0420bbc: 4185 0044 | 8b51 204b | 8b44 d410 | 4c3b c87f | c3e9 3afa 

  0x000002a7f0420bd0: ;   {oop(a 'org/gradle/internal/operations/BuildOperationCategory'{0x0000000600dc3f08})}
  0x000002a7f0420bd0: ffff 48bd | 083f dc00 | 0600 0000 | e936 e3ff | ff41 0fb6 | 6a10 85ed | 0f84 f646 | 0000 458b 
  0x000002a7f0420bf0: 4a28 e9e9 

  0x000002a7f0420bf4: ;   {oop(a 'java/util/concurrent/TimeUnit'{0x00000006004d8440})}
  0x000002a7f0420bf4: e6ff ff49 | b940 844d | 0006 0000 | 004d 8b49 | 3049 3be9 | 0f8f 0647 | 0000 49f7 | d949 3be9 
  0x000002a7f0420c14: 0f8c 5647 | 0000 480f | afef e92e 

  0x000002a7f0420c20: ;   {oop(a 'java/util/concurrent/TimeUnit'{0x00000006004d8440})}
  0x000002a7f0420c20: d8ff ff49 | ba40 844d | 0006 0000 | 0049 8b4a | 304c 8b94 | 24b0 0000 | 004c 3bd1 | 0f8f 8a47 
  0x000002a7f0420c40: 0000 48f7 | d94c 3bd1 | 0f8c 2248 | 0000 4d0f | afd3 4c89 | 9424 b000 | 0000 e959 

  0x000002a7f0420c5c: ;   {oop(a 'java/util/concurrent/TimeUnit'{0x00000006004d8440})}
  0x000002a7f0420c5c: ebff ff49 | ba40 844d | 0006 0000 | 0049 8b4a | 304c 8b54 | 2460 4c3b | d10f 8f99 | 4800 0048 
  0x000002a7f0420c7c: f7d9 4c3b | d10f 8c61 | 4900 004d | 0faf d34c | 8954 2460 | e94b f6ff 

  0x000002a7f0420c94: ;   {oop(a 'java/util/concurrent/TimeUnit'{0x00000006004d8440})}
  0x000002a7f0420c94: ff49 ba40 | 844d 0006 | 0000 004d | 8b52 304d | 3bca 0f8f | 104a 0000 | 49f7 da4d | 3bca 0f8c 
  0x000002a7f0420cb4: 9c4a 0000 | 4c0f afcf | e929 f9ff | ff33 f6e9 | e3dc ffff | 4533 c0e9 | 8de7 ffff | 4533 d2e9 
  0x000002a7f0420cd4: 63f2 ffff | 48bb 0000 | 777e a702 | 0000 e909 

  0x000002a7f0420ce4: ;   {oop(""{0x0000000600447d88})}
  0x000002a7f0420ce4: ddff ff49 | ba88 7d44 | 0006 0000 | 004c 8994 | 24c8 0000 | 00e9 67f2 | ffff 4889 | 4c24 7849 
  0x000002a7f0420d04: 8bbf b801 | 0000 4c8b | cf49 83c1 | 204d 3b8f | c801 0000 | 0f83 aa22 | 0000 4d89 | 8fb8 0100 
  0x000002a7f0420d24: 0041 0f18 | 81c0 0000 | 0048 c707 | 0100 0000 

  0x000002a7f0420d34: ;   {metadata('java/lang/ThreadLocal$ThreadLocalMap$Entry')}
  0x000002a7f0420d34: c747 0858 | 4d22 0044 | 8967 0c4c | 8967 104c | 8967 184d | 8bc8 49c1 | e903 4489 | 4f0c 4180 
  0x000002a7f0420d54: 7f40 000f | 8537 1f00 

  0x000002a7f0420d5c: ;   {oop(a 'java/lang/ref/ReferenceQueue$Null'{0x000000060044c368})}
  0x000002a7f0420d5c: 00c7 4710 | 6d98 08c0 

  0x000002a7f0420d64: ;   {oop(a 'java/lang/ref/ReferenceQueue$Null'{0x000000060044c368})}
  0x000002a7f0420d64: 49b8 68c3 | 4400 0600 | 0000 4d8b | c84c 8bc7 | 4d33 c849 | c1e9 164d | 85c9 741a | 49c1 e809 
  0x000002a7f0420d84: 48b9 0000 | 777e a702 | 0000 4903 | c880 3902 | 0f85 e41f | 0000 f083 | 4424 c000 | 4180 7f40 
  0x000002a7f0420da4: 000f 85b2 | 1e00 0044 | 8977 1c4d | 8bc5 4c8b | cf4d 33c1 | 49c1 e816 | 4d85 c074 | 1a49 c1e9 
  0x000002a7f0420dc4: 0948 b900 | 0077 7ea7 | 0200 0049 | 03c9 8039 | 020f 8527 | 1f00 0041 | 3bdb 0f83 | dc44 0000 
  0x000002a7f0420de4: 4c8b 5424 | 784d 8d6c | 9a10 4180 | 7f40 000f | 85d2 1e00 | 004c 8bd7 | 49c1 ea03 | 4589 5500 
  0x000002a7f0420e04: 4d8b d54c | 8bdf 4d33 | da49 c1eb | 164d 85db | 7416 49c1 | ea09 4c8b | 4424 284d | 03c2 4180 
  0x000002a7f0420e24: 3802 0f85 | e01f 0000 | 4889 6c24 | 3848 ffb4 | 2480 0000 | 0048 8f44 | 2420 458b | 5cf4 0c41 
  0x000002a7f0420e44: ffc3 4589 | 5cf4 0c44 | 895c 2434 | 8974 2430 | 488b 5424 | 3844 8bc3 

  0x000002a7f0420e5c: ;   {optimized virtual_call}
  0x000002a7f0420e5c: 458b cbe8 

  0x000002a7f0420e60: ; ImmutableOopMap {[32]=Oop [48]=NarrowOop [56]=Oop [96]=NarrowOop [104]=Oop [112]=Oop [128]=Oop }
                      ;*invokevirtual cleanSomeSlots {reexecute=0 rethrow=0 return_oop=0}
                      ; - java.lang.ThreadLocal$ThreadLocalMap::set@113 (line 565)
                      ; - java.lang.ThreadLocal::set@13 (line 265)
                      ; - java.lang.ThreadLocal::set@5 (line 251)
                      ; - org.gradle.internal.operations.CurrentBuildOperationRef::set@16 (line 56)
                      ; - org.gradle.internal.operations.DefaultBuildOperationRunner$BuildOperationTrackingListener::close@19 (line 256)
                      ; - org.gradle.internal.operations.DefaultBuildOperationRunner$2::execute@88 (line 79)
                      ; - org.gradle.internal.operations.DefaultBuildOperationRunner$2::execute@8 (line 59)
                      ; - org.gradle.internal.operations.DefaultBuildOperationRunner::execute@141 (line 166)
  0x000002a7f0420e60: 1cdc 3cff 

  0x000002a7f0420e64: ;   {other}
  0x000002a7f0420e64: 0f1f 8400 | d436 001b | 85c0 0f85 | 7849 0000 | 448b 5c24 | 3047 8b5c | dc10 448b | 5424 3445 
  0x000002a7f0420e84: 3bd3 0f8c | 78fb ffff | 488b 5424 

  0x000002a7f0420e90: ;   {optimized virtual_call}
  0x000002a7f0420e90: 3866 90e8 

  0x000002a7f0420e94: ; ImmutableOopMap {[32]=Oop [104]=Oop [112]=Oop [128]=Oop }
                      ;*invokevirtual rehash {reexecute=0 rethrow=0 return_oop=0}
                      ; - java.lang.ThreadLocal$ThreadLocalMap::set@129 (line 566)
                      ; - java.lang.ThreadLocal::set@13 (line 265)
                      ; - java.lang.ThreadLocal::set@5 (line 251)
                      ; - org.gradle.internal.operations.CurrentBuildOperationRef::set@16 (line 56)
                      ; - org.gradle.internal.operations.DefaultBuildOperationRunner$BuildOperationTrackingListener::close@19 (line 256)
                      ; - org.gradle.internal.operations.DefaultBuildOperationRunner$2::execute@88 (line 79)
                      ; - org.gradle.internal.operations.DefaultBuildOperationRunner$2::execute@8 (line 59)
                      ; - org.gradle.internal.operations.DefaultBuildOperationRunner::execute@141 (line 166)
  0x000002a7f0420e94: e8db 3cff 

  0x000002a7f0420e98: ;   {other}
  0x000002a7f0420e98: 0f1f 8400 | 0837 001c | e95f fbff | ff4c 8954 | 2420 488b | ac24 8000 | 0000 498b | d348 c1e2 
  0x000002a7f0420eb8: 0348 b8ff | ffff ffff 

  0x000002a7f0420ec0: ;   {virtual_call}
  0x000002a7f0420ec0: ffff ffe8 

  0x000002a7f0420ec4: ; ImmutableOopMap {rbp=Oop [32]=Oop [104]=Oop [112]=Oop [128]=Oop }
                      ;*invokevirtual remove {reexecute=0 rethrow=0 return_oop=0}
                      ; - org.gradle.internal.operations.CurrentBuildOperationRef::clear@4 (line 61)
                      ; - org.gradle.internal.operations.CurrentBuildOperationRef::set@5 (line 54)
                      ; - org.gradle.internal.operations.DefaultBuildOperationRunner$BuildOperationTrackingListener::close@19 (line 256)
                      ; - org.gradle.internal.operations.DefaultBuildOperationRunner$2::execute@88 (line 79)
                      ; - org.gradle.internal.operations.DefaultBuildOperationRunner$2::execute@8 (line 59)
                      ; - org.gradle.internal.operations.DefaultBuildOperationRunner::execute@141 (line 166)
  0x000002a7f0420ec4: b8de 3cff 

  0x000002a7f0420ec8: ;   {other}
  0x000002a7f0420ec8: 0f1f 8400 | 3837 001d | e92f fbff | ff33 ffe9 | cad8 ffff | 33ff e9e5 | e2ff ff48 | 8b54 2438 
  0x000002a7f0420ee8: 4c8b 4424 | 204c 8b54 | 2440 4c89 | 5424 384c | 8b54 2470 | 4c89 5424 

  0x000002a7f0420f00: ;   {optimized virtual_call}
  0x000002a7f0420f00: 4066 90e8 

  0x000002a7f0420f04: ; ImmutableOopMap {rbp=Oop [32]=Oop [40]=Oop [48]=Oop [56]=Oop [64]=Oop [72]=Oop [104]=Oop [112]=Oop [128]=Oop [136]=Oop [144]=Oop [168]=Oop }
                      ;*invokevirtual setInitialValue {reexecute=0 rethrow=0 return_oop=1}
                      ; - java.lang.ThreadLocal::get@31 (line 194)
                      ; - java.lang.ThreadLocal::get@4 (line 172)
                      ; - org.gradle.internal.operations.CurrentBuildOperationRef::get@4 (line 37)
                      ; - org.gradle.internal.operations.DefaultBuildOperationRunner$BuildOperationTrackingListener::start@5 (line 229)
                      ; - org.gradle.internal.operations.DefaultBuildOperationRunner$2::execute@4 (line 63)
                      ; - org.gradle.internal.operations.DefaultBuildOperationRunner$2::execute@8 (line 59)
                      ; - org.gradle.internal.operations.DefaultBuildOperationRunner::execute@141 (line 166)
  0x000002a7f0420f04: 78db 3cff 

  0x000002a7f0420f08: ;   {other}
  0x000002a7f0420f08: 0f1f 8400 | 7837 001e | 4c8b 5c24 | 2048 ff74 | 2448 488f | 4424 6848 | 8bf8 498b | dbe9 03d9 
  0x000002a7f0420f28: ffff 488b | 5424 584c 

  0x000002a7f0420f30: ;   {optimized virtual_call}
  0x000002a7f0420f30: 8bc5 90e8 

  0x000002a7f0420f34: ; ImmutableOopMap {rbp=Oop [32]=Oop [48]=Oop [56]=NarrowOop [64]=Oop [72]=Oop [80]=Oop [104]=Oop [112]=Oop [120]=Oop }
                      ;*invokevirtual setInitialValue {reexecute=0 rethrow=0 return_oop=1}
                      ; - java.lang.ThreadLocal::get@31 (line 194)
                      ; - java.lang.ThreadLocal::get@4 (line 172)
                      ; - org.gradle.internal.logging.progress.DefaultProgressLoggerFactory$ProgressLoggerImpl::started@39 (line 199)
                      ; - org.gradle.internal.logging.progress.DefaultProgressLoggerFactory$ProgressLoggerImpl::started@6 (line 190)
                      ; - org.gradle.internal.logging.progress.DefaultProgressLoggerFactory$ProgressLoggerImpl::start@8 (line 179)
                      ; - org.gradle.internal.operations.BuildOperationProgressEventListenerAdapter::start@44 (line 50)
                      ; - org.gradle.internal.operations.DefaultBuildOperationRunner$BuildOperationTrackingListener::start@47 (line 233)
                      ; - org.gradle.internal.operations.DefaultBuildOperationRunner$2::execute@4 (line 63)
                      ; - org.gradle.internal.operations.DefaultBuildOperationRunner$2::execute@8 (line 59)
                      ; - org.gradle.internal.operations.DefaultBuildOperationRunner::execute@141 (line 166)
  0x000002a7f0420f34: 48db 3cff 

  0x000002a7f0420f38: ;   {other}
  0x000002a7f0420f38: 0f1f 8400 | a837 001f | 488b dd4c | 8b5c 2468 | 4c8b 5424 | 2044 8b74 | 2438 448b | 4424 3c4c 
  0x000002a7f0420f58: 8bc8 e9c4 | e2ff ff4b | 8d3c dce9 | c7e8 ffff | 4f8d 0cd4 | e9db f3ff | ff33 dbe9 | 1dfa ffff 
  0x000002a7f0420f78: 458b 4238 | 4b8d 14dc | 4585 c00f | 845e 1900 | 004f 8d0c | c44d 8bc2 

  0x000002a7f0420f90: ;   {optimized virtual_call}
  0x000002a7f0420f90: 6666 90e8 

  0x000002a7f0420f94: ; ImmutableOopMap {[32]=Oop [48]=Oop [56]=NarrowOop [64]=Oop [72]=Oop [80]=Oop [88]=Oop [104]=Oop [112]=Oop [120]=Oop }
                      ;*invokespecial emit {reexecute=0 rethrow=0 return_oop=0}
                      ; - org.gradle.internal.operations.logging.LoggingBuildOperationProgressBroadcaster::onOutput@101 (line 101)
                      ; - org.gradle.internal.logging.sink.OutputEventListenerManager$1::onOutput@27 (line 40)
                      ; - org.gradle.internal.logging.services.ProgressLoggingBridge::started@5 (line 39)
                      ; - org.gradle.internal.logging.progress.DefaultProgressLoggerFactory$ProgressLoggerImpl::started@185 (line 215)
                      ; - org.gradle.internal.logging.progress.DefaultProgressLoggerFactory$ProgressLoggerImpl::started@6 (line 190)
                      ; - org.gradle.internal.logging.progress.DefaultProgressLoggerFactory$ProgressLoggerImpl::start@8 (line 179)
                      ; - org.gradle.internal.operations.BuildOperationProgressEventListenerAdapter::start@44 (line 50)
                      ; - org.gradle.internal.operations.DefaultBuildOperationRunner$BuildOperationTrackingListener::start@47 (line 233)
                      ; - org.gradle.internal.operations.DefaultBuildOperationRunner$2::execute@4 (line 63)
                      ; - org.gradle.internal.operations.DefaultBuildOperationRunner$2::execute@8 (line 59)
                      ; - org.gradle.internal.operations.DefaultBuildOperationRunner::execute@141 (line 166)
  0x000002a7f0420f94: e8da 3cff 

  0x000002a7f0420f98: ;   {other}
  0x000002a7f0420f98: 0f1f 8400 | 0838 0020 | e9fd ecff | ff4c 8bc1 | 49c1 e003 

  0x000002a7f0420fac: ;   {static_call}
  0x000002a7f0420fac: 498b d3e8 

  0x000002a7f0420fb0: ; ImmutableOopMap {[32]=Oop [48]=Oop [64]=Oop [72]=Oop [80]=Oop [88]=Oop [104]=Oop [112]=Oop [120]=Oop [128]=Oop }
                      ;*invokestatic access$102 {reexecute=0 rethrow=0 return_oop=1}
                      ; - org.gradle.internal.logging.progress.DefaultProgressLoggerFactory::newOperation@86 (line 80)
                      ; - org.gradle.internal.operations.BuildOperationProgressEventListenerAdapter::start@28 (line 49)
                      ; - org.gradle.internal.operations.DefaultBuildOperationRunner$BuildOperationTrackingListener::start@47 (line 233)
                      ; - org.gradle.internal.operations.DefaultBuildOperationRunner$2::execute@4 (line 63)
                      ; - org.gradle.internal.operations.DefaultBuildOperationRunner$2::execute@8 (line 59)
                      ; - org.gradle.internal.operations.DefaultBuildOperationRunner::execute@141 (line 166)
  0x000002a7f0420fb0: cce0 3cff 

  0x000002a7f0420fb4: ;   {other}
  0x000002a7f0420fb4: 0f1f 8400 | 2438 0021 | 4c8b 5424 | 5845 8b4a | 404c 8b9c | 2480 0000 | 0041 8b5b | 1845 8b73 
  0x000002a7f0420fd4: ;   {oop(a 'org/gradle/internal/logging/progress/DefaultProgressLoggerFactory$State'{0x0000000601a4c018})}
  0x000002a7f0420fd4: 2041 81f9 | 0398 34c0 | 0f84 ade0 | ffff ba45 | ffff ff48 | 8b6c 2430 | 4c8b 5c24 | 704c 895c 
  0x000002a7f0420ff4: 2428 4c8b | 5c24 404c | 895c 2438 | 4c8b 5c24 | 484c 895c | 2440 4c8b | 5c24 504c | 895c 2448 
  0x000002a7f0421014: 4489 7424 | 584c 8954 | 2460 895c | 245c 4c89 | 5424 6844 | 894c 2470 

  0x000002a7f042102c: ;   {runtime_call UncommonTrapBlob}
  0x000002a7f042102c: 6666 90e8 

  0x000002a7f0421030: ; ImmutableOopMap {rbp=Oop [40]=Oop [56]=Oop [64]=Oop [72]=Oop [88]=NarrowOop [92]=NarrowOop [96]=Oop [104]=Oop [112]=NarrowOop [120]=Oop [128]=Oop }
                      ;*if_acmpeq {reexecute=1 rethrow=0 return_oop=0}
                      ; - (reexecute) org.gradle.internal.logging.progress.DefaultProgressLoggerFactory$ProgressLoggerImpl::assertCanConfigure@7 (line 277)
                      ; - org.gradle.internal.logging.progress.DefaultProgressLoggerFactory$ProgressLoggerImpl::setDescription@1 (line 171)
                      ; - org.gradle.internal.logging.progress.DefaultProgressLoggerFactory$ProgressLoggerImpl::start@2 (line 178)
                      ; - org.gradle.internal.operations.BuildOperationProgressEventListenerAdapter::start@44 (line 50)
                      ; - org.gradle.internal.operations.DefaultBuildOperationRunner$BuildOperationTrackingListener::start@47 (line 233)
                      ; - org.gradle.internal.operations.DefaultBuildOperationRunner$2::execute@4 (line 63)
                      ; - org.gradle.internal.operations.DefaultBuildOperationRunner$2::execute@8 (line 59)
                      ; - org.gradle.internal.operations.DefaultBuildOperationRunner::execute@141 (line 166)
  0x000002a7f0421030: cc35 3dff 

  0x000002a7f0421034: ;   {other}
  0x000002a7f0421034: 0f1f 8400 | a438 0022 

  0x000002a7f042103c: ;   {oop("class org.gradle.internal.buildevents.TaskExecutionLogger"{0x0000000600fb2cf8})}
  0x000002a7f042103c: 49b8 f82c | fb00 0600 | 0000 e9d6 

  0x000002a7f0421048: ;   {metadata('org/gradle/internal/operations/DefaultBuildOperationRunner$3')}
  0x000002a7f0421048: deff ff41 | 81fb 2809 | ba01 0f85 | 8348 0000 | 498b d24c | 8b84 2480 | 0000 004c | 8b8c 2488 
  0x000002a7f0421068: 0000 0048 | 8bbc 24a8 | 0000 0048 | 8bb4 2490 | 0000 0048 | 8b4c 2468 

  0x000002a7f0421080: ;   {optimized virtual_call}
  0x000002a7f0421080: 6666 90e8 

  0x000002a7f0421084: ; ImmutableOopMap {}
                      ;*invokevirtual execute {reexecute=0 rethrow=0 return_oop=1}
                      ; - org.gradle.internal.operations.DefaultBuildOperationRunner$3::execute@8 (line 96)
                      ; - org.gradle.internal.operations.DefaultBuildOperationRunner::execute@141 (line 166)
  0x000002a7f0421084: f8d9 3cff 

  0x000002a7f0421088: ;   {other}
  0x000002a7f0421088: 0f1f 8400 | f838 0023 | e9c0 f9ff | ff48 ffb4 | 2490 0000 | 0048 8f44 | 2428 48ff | 7424 6848 
  0x000002a7f04210a8: 8f44 2448 | 48ff b424 | 8800 0000 | 488f 4424 | 7048 ffb4 | 2480 0000 | 0048 8f44 | 2468 4889 
  0x000002a7f04210c8: 5c24 2048 | 8bac 24a8 | 0000 0049 | 8bd3 4c8b | c34c 8b4c | 2470 4c8b | 5424 684c | 8954 2438 
  0x000002a7f04210e8: 4d8b d14c | 8954 2460 

  0x000002a7f04210f0: ;   {optimized virtual_call}
  0x000002a7f04210f0: 6666 90e8 

  0x000002a7f04210f4: ; ImmutableOopMap {rbp=Oop [32]=Oop [40]=Oop [48]=Oop [56]=Oop [72]=Oop [96]=Oop [104]=Oop [112]=Oop [128]=Oop [136]=Oop [144]=Oop [168]=Oop }
                      ;*invokevirtual createMap {reexecute=0 rethrow=0 return_oop=0}
                      ; - java.lang.ThreadLocal::set@22 (line 267)
                      ; - java.lang.ThreadLocal::set@5 (line 251)
                      ; - org.gradle.internal.operations.CurrentBuildOperationRef::set@16 (line 56)
                      ; - org.gradle.internal.operations.DefaultBuildOperationRunner$BuildOperationTrackingListener::start@19 (line 230)
                      ; - org.gradle.internal.operations.DefaultBuildOperationRunner$2::execute@4 (line 63)
                      ; - org.gradle.internal.operations.DefaultBuildOperationRunner$2::execute@8 (line 59)
                      ; - org.gradle.internal.operations.DefaultBuildOperationRunner::execute@141 (line 166)
  0x000002a7f04210f4: 88d9 3cff 

  0x000002a7f04210f8: ;   {other}
  0x000002a7f04210f8: 0f1f 8400 | 6839 0024 | 48bb 0000 | 777e a702 | 0000 48ff | 7424 2048 | 8f84 2498 | 0000 0048 
  0x000002a7f0421118: ff74 2448 | 488f 4424 | 68e9 abda | ffff 4889 | 7424 6089 | 5424 3844 | 898c 2488 | 0000 0044 
  0x000002a7f0421138: 8984 2484 | 0000 0044 | 89b4 2480 | 0000 0049 | 8bea 4c89 | 5c24 6848 | 895c 2420 | 488b d14c 
  0x000002a7f0421158: 8bc3 4d8b 

  0x000002a7f042115c: ;   {optimized virtual_call}
  0x000002a7f042115c: ca66 90e8 

  0x000002a7f0421160: ; ImmutableOopMap {rbp=Oop [32]=Oop [48]=Oop [56]=NarrowOop [64]=Oop [72]=Oop [80]=Oop [96]=Oop [104]=Oop [112]=Oop [120]=Oop [128]=NarrowOop [136]=NarrowOop }
                      ;*invokevirtual createMap {reexecute=0 rethrow=0 return_oop=0}
                      ; - java.lang.ThreadLocal::set@22 (line 267)
                      ; - java.lang.ThreadLocal::set@5 (line 251)
                      ; - org.gradle.internal.logging.progress.DefaultProgressLoggerFactory$ProgressLoggerImpl::started@127 (line 214)
                      ; - org.gradle.internal.logging.progress.DefaultProgressLoggerFactory$ProgressLoggerImpl::started@6 (line 190)
                      ; - org.gradle.internal.logging.progress.DefaultProgressLoggerFactory$ProgressLoggerImpl::start@8 (line 179)
                      ; - org.gradle.internal.operations.BuildOperationProgressEventListenerAdapter::start@44 (line 50)
                      ; - org.gradle.internal.operations.DefaultBuildOperationRunner$BuildOperationTrackingListener::start@47 (line 233)
                      ; - org.gradle.internal.operations.DefaultBuildOperationRunner$2::execute@4 (line 63)
                      ; - org.gradle.internal.operations.DefaultBuildOperationRunner$2::execute@8 (line 59)
                      ; - org.gradle.internal.operations.DefaultBuildOperationRunner::execute@141 (line 166)
  0x000002a7f0421160: 1cd9 3cff 

  0x000002a7f0421164: ;   {other}
  0x000002a7f0421164: 0f1f 8400 | d439 0025 | 4c8b c5e9 | cce4 ffff | 4889 b424 | 9000 0000 | 899c 2488 | 0000 004c 
  0x000002a7f0421184: 894c 2458 | 4c89 5424 | 404c 8984 | 2480 0000 | 0048 8944 | 2448 48ff | 7424 2048 | 8f44 2438 
  0x000002a7f04211a4: 488b d54c | 8b44 2420 

  0x000002a7f04211ac: ;   {optimized virtual_call}
  0x000002a7f04211ac: 4c8b cfe8 

  0x000002a7f04211b0: ; ImmutableOopMap {[48]=Oop [56]=Oop [64]=Oop [72]=Oop [88]=Oop [104]=Oop [112]=Oop [120]=Oop [128]=Oop [136]=NarrowOop [144]=Oop }
                      ;*invokevirtual createMap {reexecute=0 rethrow=0 return_oop=0}
                      ; - java.lang.ThreadLocal::set@22 (line 267)
                      ; - java.lang.ThreadLocal::set@5 (line 251)
                      ; - org.gradle.internal.logging.progress.DefaultProgressLoggerFactory$ProgressLoggerImpl::completed@22 (line 250)
                      ; - org.gradle.internal.operations.BuildOperationProgressEventListenerAdapter::stop@42 (line 78)
                      ; - org.gradle.internal.operations.DefaultBuildOperationRunner$BuildOperationTrackingListener::stop@9 (line 248)
                      ; - org.gradle.internal.operations.DefaultBuildOperationRunner$2::execute@62 (line 73)
                      ; - org.gradle.internal.operations.DefaultBuildOperationRunner$2::execute@8 (line 59)
                      ; - org.gradle.internal.operations.DefaultBuildOperationRunner::execute@141 (line 166)
  0x000002a7f04211b0: ccd8 3cff 

  0x000002a7f04211b4: ;   {other}
  0x000002a7f04211b4: 0f1f 8400 | 243a 0026 

  0x000002a7f04211bc: ;   {oop(""{0x0000000600447d88})}
  0x000002a7f04211bc: 49b9 887d | 4400 0600 | 0000 e9b9 | efff ff48 | ff74 2468 | 488f 4424 | 2048 8bac | 2480 0000 
  0x000002a7f04211dc: 0049 8bd0 | 4c8b 4424 | 384d 8bcd 

  0x000002a7f04211e8: ;   {optimized virtual_call}
  0x000002a7f04211e8: 6666 90e8 

  0x000002a7f04211ec: ; ImmutableOopMap {rbp=Oop [32]=Oop [104]=Oop [112]=Oop [128]=Oop }
                      ;*invokevirtual createMap {reexecute=0 rethrow=0 return_oop=0}
                      ; - java.lang.ThreadLocal::set@22 (line 267)
                      ; - java.lang.ThreadLocal::set@5 (line 251)
                      ; - org.gradle.internal.operations.CurrentBuildOperationRef::set@16 (line 56)
                      ; - org.gradle.internal.operations.DefaultBuildOperationRunner$BuildOperationTrackingListener::close@19 (line 256)
                      ; - org.gradle.internal.operations.DefaultBuildOperationRunner$2::execute@88 (line 79)
                      ; - org.gradle.internal.operations.DefaultBuildOperationRunner$2::execute@8 (line 59)
                      ; - org.gradle.internal.operations.DefaultBuildOperationRunner::execute@141 (line 166)
  0x000002a7f04211ec: 90d8 3cff 

  0x000002a7f04211f0: ;   {other}
  0x000002a7f04211f0: 0f1f 8400 | 603a 0027 | e907 f8ff | ff4c 8b94 | 2488 0000 | 0045 8b52 | 0c45 85d2 | 0f84 0cd3 
  0x000002a7f0421210: ffff 4d8b | 5f28 498b | ca48 c1e1 | 034d 85db | 0f84 6e33 | 0000 4d8b | 5738 4b89 | 4c1a f849 
  0x000002a7f0421230: 83c3 f84d | 895f 28e9 | e2d2 ffff | 4c8b 9424 | 8800 0000 | 458b 5218 | 4585 d20f | 846c d2ff 
  0x000002a7f0421250: ff4d 8b5f | 2849 8bca | 48c1 e103 | 4d85 db0f | 844c 3300 | 004d 8b57 | 384b 894c | 1af8 4983 
  0x000002a7f0421270: c3f8 4d89 | 5f28 e942 | d2ff ff4c | 8b54 2468 | 458b 5210 | 4585 d20f | 84fc d3ff | ff4d 8b5f 
  0x000002a7f0421290: 2849 8bca | 48c1 e103 | 4d85 db0f | 842d 3300 | 004d 8b57 | 384b 894c | 1af8 4983 | c3f8 4d89 
  0x000002a7f04212b0: 5f28 e9d2 | d3ff ffba | deff ffff 

  0x000002a7f04212bc: ;   {runtime_call UncommonTrapBlob}
  0x000002a7f04212bc: 418b ebe8 

  0x000002a7f04212c0: ; ImmutableOopMap {rbp=NarrowOop }
                      ;*checkcast {reexecute=0 rethrow=0 return_oop=0}
                      ; - org.gradle.internal.operations.DefaultBuildOperationRunner::execute@4 (line 155)
  0x000002a7f04212c0: 3c33 3dff 

  0x000002a7f04212c4: ;   {other}
  0x000002a7f04212c4: 0f1f 8400 | 343b 0028 | 4d8b 5748 | 4d8b 5f58 | f083 4424 | c000 8039 | 000f 8430 | d2ff ff44 
  0x000002a7f04212e4: 8821 4d85 | d275 1d49 | 8bd7 49ba | a014 cba9 | f97f 0000 

  0x000002a7f04212f8: ;   {other}
  0x000002a7f04212f8: 41ff d20f | 1f84 0000 | 0000 00e9 | 0bd2 ffff | 4b89 4c13 | f849 83c2 | f84d 8957 | 48e9 f9d1 
  0x000002a7f0421318: ffff 4d8b | 5748 4d8b | 5f58 f083 | 4424 c000 | 8039 000f | 8433 d2ff | ff44 8821 | 4d85 d275 
  0x000002a7f0421338: 1d49 8bd7 | 49ba a014 | cba9 f97f | 0000 41ff 

  0x000002a7f0421348: ;   {other}
  0x000002a7f0421348: d20f 1f84 | 0000 0000 | 00e9 0ed2 | ffff 4b89 | 4c13 f849 | 83c2 f84d | 8957 48e9 | fcd1 ffff 
  0x000002a7f0421368: 4d8b 5748 | 4d8b 5f58 | f083 4424 | c000 8039 | 000f 8441 | d3ff ff44 | 8821 4d85 | d275 1d49 
  0x000002a7f0421388: 8bd7 49ba | a014 cba9 | f97f 0000 

  0x000002a7f0421394: ;   {other}
  0x000002a7f0421394: 41ff d20f | 1f84 0000 | 0000 00e9 | 1cd3 ffff | 4b89 4c13 | f849 83c2 | f84d 8957 | 48e9 0ad3 
  0x000002a7f04213b4: ffff 33ff | e98a d4ff | ff4c 8b54 | 2468 458b | 5a14 4585 | db0f 8483 | d4ff ff4d | 8b57 2849 
  0x000002a7f04213d4: 8bcb 48c1 | e103 4d85 | d20f 8408 | 3200 004d | 8b5f 384b | 894c 13f8 | 4983 c2f8 | 4d89 5728 
  0x000002a7f04213f4: e959 d4ff | ff85 db0f | 85d9 dcff | ffba 45ff | ffff 488b | 6c24 304c | 895c 2420 | 4c8b 5c24 
  0x000002a7f0421414: 404c 895c | 2438 4c8b | 5c24 484c | 895c 2440 | 4c8b 5c24 | 504c 895c | 2448 4c89 

  0x000002a7f0421430: ;   {runtime_call UncommonTrapBlob}
  0x000002a7f0421430: 5424 50e8 

  0x000002a7f0421434: ; ImmutableOopMap {rbp=Oop [32]=Oop [56]=Oop [64]=Oop [72]=Oop [80]=Oop [112]=Oop [120]=Oop }
                      ;*ifne {reexecute=1 rethrow=0 return_oop=0}
                      ; - (reexecute) org.gradle.internal.logging.progress.DefaultProgressLoggerFactory$ProgressLoggerImpl::started@7 (line 194)
                      ; - org.gradle.internal.logging.progress.DefaultProgressLoggerFactory$ProgressLoggerImpl::started@6 (line 190)
                      ; - org.gradle.internal.logging.progress.DefaultProgressLoggerFactory$ProgressLoggerImpl::start@8 (line 179)
                      ; - org.gradle.internal.operations.BuildOperationProgressEventListenerAdapter::start@44 (line 50)
                      ; - org.gradle.internal.operations.DefaultBuildOperationRunner$BuildOperationTrackingListener::start@47 (line 233)
                      ; - org.gradle.internal.operations.DefaultBuildOperationRunner$2::execute@4 (line 63)
                      ; - org.gradle.internal.operations.DefaultBuildOperationRunner$2::execute@8 (line 59)
                      ; - org.gradle.internal.operations.DefaultBuildOperationRunner::execute@141 (line 166)
  0x000002a7f0421434: c831 3dff 

  0x000002a7f0421438: ;   {other}
  0x000002a7f0421438: 0f1f 8400 | a83c 0029 | 458b 4a38 | 4585 c90f | 844d dcff | ff4d 8b47 | 2849 8bc9 | 48c1 e103 
  0x000002a7f0421458: 4d85 c00f | 84f7 3100 | 004d 8b4f | 384b 894c | 01f8 4983 | c0f8 4d89 | 4728 e923 | dcff ff41 
  0x000002a7f0421478: 8b4a 4085 | c90f 84a2 | dcff ff4d | 8b4f 2848 | c1e1 034d | 85c9 0f84 | ed31 0000 | 498b 5f38 
  0x000002a7f0421498: 4a89 4c0b | f849 83c1 | f84d 894f | 28e9 7bdc | ffff 4533 | c9e9 8add | ffff 418b | 4a30 85c9 
  0x000002a7f04214b8: 0f84 89dd | ffff 498b | 7f28 48c1 | e103 4885 | ff0f 84e1 | 3100 0049 | 8b57 3848 | 894c 3af8 
  0x000002a7f04214d8: 4883 c7f8 | 4989 7f28 | e962 ddff | ff4c 8b94 | 2490 0000 | 0045 8b52 | 3845 85d2 | 0f84 08e6 
  0x000002a7f04214f8: ffff 4d8b | 5f28 498b | ca48 c1e1 | 034d 85db | 0f84 1532 | 0000 4d8b | 5738 4b89 | 4c1a f849 
  0x000002a7f0421518: 83c3 f84d | 895f 28e9 | dee5 ffff | 4c8b 9424 | 9000 0000 | 458b 5a2c | 4585 db0f 

  0x000002a7f0421534: ;   {no_reloc}
  0x000002a7f0421534: 84dc e4ff | ff4d 8b57 | 2849 8bcb | 48c1 e103 | 4d85 d20f | 8410 3200 | 004d 8b5f | 384b 894c 
  0x000002a7f0421554: 13f8 4983 | c2f8 4d89 | 5728 e9b2 | e4ff ff4c | 8b94 2490 | 0000 0045 | 8b52 3445 | 85d2 0f84 
  0x000002a7f0421574: 35e5 ffff | 4d8b 5f28 | 498b ca48 | c1e1 034d | 85db 0f84 | 5d31 0000 | 4d8b 5738 | 4b89 4c1a 
  0x000002a7f0421594: f849 83c3 | f84d 895f | 28e9 0be5 | ffff 4c8b | 9424 9000 | 0000 458b | 5230 4585 | d20f 84aa 
  0x000002a7f04215b4: e4ff ff4d | 8b5f 2849 | 8bca 48c1 | e103 4d85 | db0f 84af | 3100 004d | 8b57 384b | 894c 1af8 
  0x000002a7f04215d4: 4983 c3f8 | 4d89 5f28 | e980 e4ff | ff4c 8b94 | 2490 0000 | 0045 8b5a | 1845 85db | 0f84 24e3 
  0x000002a7f04215f4: ffff 4d8b | 5728 498b | cb48 c1e1 | 034d 85d2 | 0f84 8d31 | 0000 4d8b | 5f38 4b89 | 4c13 f849 
  0x000002a7f0421614: 83c2 f84d | 8957 28e9 | fae2 ffff | 4c8b 9424 | 9000 0000 | 458b 5228 | 4585 d20f | 847e e3ff 
  0x000002a7f0421634: ;   {no_reloc}
  0x000002a7f0421634: ff4d 8b5f | 2849 8bca | 48c1 e103 | 4d85 db0f | 84f7 3000 | 004d 8b57 | 384b 894c | 1af8 4983 
  0x000002a7f0421654: c3f8 4d89 | 5f28 e954 | e3ff ff4c | 8b94 2490 | 0000 0045 | 8b5a 0c45 | 85db 0f84 | c6e1 ffff 
  0x000002a7f0421674: 4d8b 5728 | 498b cb48 | c1e1 034d | 85d2 0f84 | 2c31 0000 | 4d8b 5f38 | 4b89 4c13 | f849 83c2 
  0x000002a7f0421694: f84d 8957 | 28e9 9ce1 | ffff 4c8b | 9424 9000 | 0000 458b | 5224 4585 | d20f 84ab | e2ff ff4d 
  0x000002a7f04216b4: 8b5f 2849 | 8bca 48c1 | e103 4d85 | db0f 843f | 3000 004d | 8b57 384b | 894c 1af8 | 4983 c3f8 
  0x000002a7f04216d4: 4d89 5f28 | e981 e2ff | ff4c 8b94 | 2490 0000 | 0045 8b5a | 3c45 85db | 0f84 96e4 | ffff 4d8b 
  0x000002a7f04216f4: 4728 498b | cb48 c1e1 | 034d 85c0 | 0f84 cb30 | 0000 4d8b | 5f38 4b89 | 4c03 f849 | 83c0 f84d 
  0x000002a7f0421714: 8947 28e9 | 6ce4 ffff | 4c8b 4424 | 5045 8b58 | 1845 85db | 0f84 84e5 | ffff 4d8b | 5728 498b 
  0x000002a7f0421734: ;   {no_reloc}
  0x000002a7f0421734: cb48 c1e1 | 034d 85d2 | 0f84 b230 | 0000 4d8b | 5f38 4b89 | 4c13 f849 | 83c2 f84d | 8957 28e9 
  0x000002a7f0421754: 5ae5 ffff | 448b 5e40 | 4585 db0f | 8440 e6ff | ff49 8b7f | 2849 8bcb | 48c1 e103 | 4885 ff0f 
  0x000002a7f0421774: 849d 3000 | 004d 8b5f | 3849 894c | 3bf8 4883 | c7f8 4989 | 7f28 e916 | e6ff ff45 | 8b42 1845 
  0x000002a7f0421794: 85c0 0f84 | 12ec ffff | 4d8b 5f28 | 498b c848 | c1e1 034d | 85db 0f84 | a630 0000 | 4d8b 4738 
  0x000002a7f04217b4: 4b89 4c18 | f849 83c3 | f84d 895f | 28e9 e8eb | ffff 4c8b | 9424 9800 | 0000 458b | 421c 4585 
  0x000002a7f04217d4: c00f 8484 | ebff ff4d | 8b5f 2849 | 8bc8 48c1 | e103 4d85 | db0f 8490 | 3000 0049 | 8bf2 498b 
  0x000002a7f04217f4: d94d 8b57 | 384b 894c | 1af8 4983 | c3f8 4d89 | 5f28 4c8b | cb4c 8bd6 | e94e ebff | ff48 8b9c 
  0x000002a7f0421814: 2488 0000 | 0044 8b5b | 0c45 85db | 0f84 fced | ffff 4d8b | 5728 498b | cb48 c1e1 | 034d 85d2 
  0x000002a7f0421834: ;   {no_reloc}
  0x000002a7f0421834: 0f84 8530 | 0000 4d8b | 5f38 4b89 | 4c13 f849 | 83c2 f84d | 8957 28e9 | d2ed ffff | 448b 5320 
  0x000002a7f0421854: 4585 d20f | 8430 eeff | ff4d 8b5f | 2849 8bca | 48c1 e103 | 4d85 db0f | 8431 3000 | 004d 8b57 
  0x000002a7f0421874: 384b 894c | 1af8 4983 | c3f8 4d89 | 5f28 e906 | eeff ff4d | 8b57 484d | 8b5f 58f0 | 8344 24c0 
  0x000002a7f0421894: 0080 3900 | 0f84 e0cd | ffff 4488 | 214d 85d2 | 751d 498b | d749 baa0 | 14cb a9f9 | 7f00 0041 
  0x000002a7f04218b4: ;   {other}
  0x000002a7f04218b4: ffd2 0f1f | 8400 0000 | 0000 e9bb | cdff ff4b | 894c 13f8 | 4983 c2f8 | 4d89 5748 | e9a9 cdff 
  0x000002a7f04218d4: ff4d 8b47 | 484d 8b4f | 58f0 8344 | 24c0 0080 | 3900 743b | 4488 214d | 85c0 740f | 4b89 4c01 
  0x000002a7f04218f4: f849 83c0 | f84d 8947 | 48eb 2449 | 8bfa 498b | db49 8bd7 | 49ba a014 | cba9 f97f | 0000 41ff 
  0x000002a7f0421914: ;   {other}
  0x000002a7f0421914: d20f 1f84 | 0000 0000 | 004c 8bdb | 4c8b d741 | 8b5a 3885 | db0f 85ab | d7ff ffe9 | cdfa ffff 
  0x000002a7f0421934: 4d8b 4f48 | 498b 5f58 | f083 4424 | c000 8039 | 000f 8415 | d8ff ff44 | 8821 4d85 | c975 2f45 
  0x000002a7f0421954: 8be8 498b | fa49 8bdb | 498b d749 | baa0 14cb | a9f9 7f00 | 0041 ffd2 

  0x000002a7f042196c: ;   {other}
  0x000002a7f042196c: 0f1f 8400 | 0000 0000 | 4c8b db4c | 8bd7 458b | c5e9 ded7 | ffff 4a89 | 4c0b f849 | 83c1 f84d 
  0x000002a7f042198c: 894f 48e9 | ccd7 ffff | 4d8b 5748 | 4d8b 5f58 | f083 4424 | c000 8039 | 000f 84a8 | dfff ff44 
  0x000002a7f04219ac: 8821 4d85 | d275 1d49 | 8bd7 49ba | a014 cba9 | f97f 0000 

  0x000002a7f04219c0: ;   {other}
  0x000002a7f04219c0: 41ff d20f | 1f84 0000 | 0000 00e9 | 83df ffff | 4b89 4c13 | f849 83c2 | f84d 8957 | 48e9 71df 
  0x000002a7f04219e0: ffff 4d8b | 5748 4d8b | 5f58 f083 | 4424 c000 | 8039 000f | 84fe e0ff | ff44 8821 | 4d85 d275 
  0x000002a7f0421a00: 1d49 8bd7 | 49ba a014 | cba9 f97f | 0000 41ff 

  0x000002a7f0421a10: ;   {other}
  0x000002a7f0421a10: d20f 1f84 | 0000 0000 | 00e9 d9e0 | ffff 4b89 | 4c13 f849 | 83c2 f84d | 8957 48e9 | c7e0 ffff 
  0x000002a7f0421a30: 4d8b 5f48 | 4d8b 4758 | f083 4424 | c000 8039 | 000f 8472 | e1ff ff44 | 8821 4d85 | db75 2349 
  0x000002a7f0421a50: 8bda 498b | d749 baa0 | 14cb a9f9 | 7f00 0041 

  0x000002a7f0421a60: ;   {other}
  0x000002a7f0421a60: ffd2 0f1f | 8400 0000 | 0000 4c8b | d3e9 47e1 | ffff 4b89 | 4c18 f849 | 83c3 f84d | 895f 48e9 
  0x000002a7f0421a80: 35e1 ffff | 4d8b 5748 | 4d8b 5f58 | f083 4424 | c000 8039 | 000f 844e | e2ff ff44 | 8821 4d85 
  0x000002a7f0421aa0: d275 1d49 | 8bd7 49ba | a014 cba9 | f97f 0000 

  0x000002a7f0421ab0: ;   {other}
  0x000002a7f0421ab0: 41ff d20f | 1f84 0000 | 0000 00e9 | 29e2 ffff | 4b89 4c13 | f849 83c2 | f84d 8957 | 48e9 17e2 
  0x000002a7f0421ad0: ffff 4d8b | 5f48 498b | 7f58 f083 | 4424 c000 | 8039 000f | 84f6 e2ff | ff44 8821 | 4d85 db75 
  0x000002a7f0421af0: 414c 8bee | 448b f349 | 8be9 498b | f249 8bf8 | 488b d849 | 8bd7 49ba | a014 cba9 | f97f 0000 
  0x000002a7f0421b10: ;   {other}
  0x000002a7f0421b10: 41ff d20f | 1f84 0000 | 0000 0048 | 8bc3 4c8b | c74c 8bd6 | 4c8b cd41 | 8bde 498b | f5e9 ade2 
  0x000002a7f0421b30: ffff 4a89 | 4c1f f849 | 83c3 f84d | 895f 48e9 | 9be2 ffff | 4d8b 5f48 | 4d8b 4758 | f083 4424 
  0x000002a7f0421b50: c000 8039 | 000f 8487 | e8ff ff44 | 8821 4d85 | db75 2349 | 8bda 498b | d749 baa0 | 14cb a9f9 
  0x000002a7f0421b70: 7f00 0041 

  0x000002a7f0421b74: ;   {other}
  0x000002a7f0421b74: ffd2 0f1f | 8400 0000 | 0000 4c8b | d3e9 5ce8 | ffff 4b89 | 4c18 f849 | 83c3 f84d | 895f 48e9 
  0x000002a7f0421b94: 4ae8 ffff | 4d8b 5748 | 4d8b 5f58 | f083 4424 | c000 8039 | 000f 84e6 | ccff ff44 | 8821 4d85 
  0x000002a7f0421bb4: d275 1d49 | 8bd7 49ba | a014 cba9 | f97f 0000 

  0x000002a7f0421bc4: ;   {other}
  0x000002a7f0421bc4: 41ff d20f | 1f84 0000 | 0000 00e9 | c1cc ffff | 4b89 4c13 | f849 83c2 | f84d 8957 | 48e9 afcc 
  0x000002a7f0421be4: ffff 4d8b | 4f48 498b | 7f58 f083 | 4424 c000 | 8039 000f | 8486 d6ff | ff44 8821 | 4d85 c975 
  0x000002a7f0421c04: 2f45 8be8 | 498b f249 | 8bfb 498b | d749 baa0 | 14cb a9f9 | 7f00 0041 

  0x000002a7f0421c1c: ;   {other}
  0x000002a7f0421c1c: ffd2 0f1f | 8400 0000 | 0000 4c8b | df4c 8bd6 | 458b c5e9 | 4fd6 ffff | 4a89 4c0f | f849 83c1 
  0x000002a7f0421c3c: f84d 894f | 48e9 3dd6 | ffff 4d8b | 5748 4d8b | 5f58 f083 | 4424 c000 | 8039 000f | 840c dfff 
  0x000002a7f0421c5c: ff44 8821 | 4d85 d275 | 1d49 8bd7 | 49ba a014 | cba9 f97f | 0000 41ff 

  0x000002a7f0421c74: ;   {other}
  0x000002a7f0421c74: d20f 1f84 | 0000 0000 | 00e9 e7de | ffff 4b89 | 4c13 f849 | 83c2 f84d | 8957 48e9 | d5de ffff 
  0x000002a7f0421c94: 4d8b 5748 | 4d8b 5f58 | f083 4424 | c000 8039 | 000f 845f | ddff ff44 | 8821 4d85 | d275 1d49 
  0x000002a7f0421cb4: 8bd7 49ba | a014 cba9 | f97f 0000 

  0x000002a7f0421cc0: ;   {other}
  0x000002a7f0421cc0: 41ff d20f | 1f84 0000 | 0000 00e9 | 3add ffff | 4b89 4c13 | f849 83c2 | f84d 8957 | 48e9 28dd 
  0x000002a7f0421ce0: ffff 4d8b | 5748 4d8b | 5f58 f083 | 4424 c000 | 8039 000f | 8416 dcff | ff44 8821 | 4d85 d275 
  0x000002a7f0421d00: 1d49 8bd7 | 49ba a014 | cba9 f97f | 0000 41ff 

  0x000002a7f0421d10: ;   {other}
  0x000002a7f0421d10: d20f 1f84 | 0000 0000 | 00e9 f1db | ffff 4b89 | 4c13 f849 | 83c2 f84d | 8957 48e9 | dfdb ffff 
  0x000002a7f0421d30: 4d8b 5748 | 4d8b 5f58 | f083 4424 | c000 8039 | 000f 8461 | dcff ff44 | 8821 4d85 | d275 1d49 
  0x000002a7f0421d50: 8bd7 49ba | a014 cba9 | f97f 0000 

  0x000002a7f0421d5c: ;   {other}
  0x000002a7f0421d5c: 41ff d20f | 1f84 0000 | 0000 00e9 | 3cdc ffff | 4b89 4c13 | f849 83c2 | f84d 8957 | 48e9 2adc 
  0x000002a7f0421d7c: ffff 4d8b | 5748 4d8b | 5f58 f083 | 4424 c000 | 8039 000f | 840d ddff | ff44 8821 | 4d85 d275 
  0x000002a7f0421d9c: 1d49 8bd7 | 49ba a014 | cba9 f97f | 0000 41ff 

  0x000002a7f0421dac: ;   {other}
  0x000002a7f0421dac: d20f 1f84 | 0000 0000 | 00e9 e8dc | ffff 4b89 | 4c13 f849 | 83c2 f84d | 8957 48e9 | d6dc ffff 
  0x000002a7f0421dcc: 4d8b 5748 | 4d8b 5f58 | f083 4424 | c000 8039 | 000f 8473 | dcff ff44 | 8821 4d85 | d275 1d49 
  0x000002a7f0421dec: 8bd7 49ba | a014 cba9 | f97f 0000 

  0x000002a7f0421df8: ;   {other}
  0x000002a7f0421df8: 41ff d20f | 1f84 0000 | 0000 00e9 | 4edc ffff | 4b89 4c13 | f849 83c2 | f84d 8957 | 48e9 3cdc 
  0x000002a7f0421e18: ffff 4d8b | 5f48 4d8b | 4758 f083 | 4424 c000 | 8039 000f | 8472 e5ff | ff44 8821 | 4d85 db75 
  0x000002a7f0421e38: 2949 8bea | 498b f149 | 8bd7 49ba | a014 cba9 | f97f 0000 

  0x000002a7f0421e4c: ;   {other}
  0x000002a7f0421e4c: 41ff d20f | 1f84 0000 | 0000 004c | 8bce 4c8b | d5e9 41e5 | ffff 4b89 | 4c18 f849 | 83c3 f84d 
  0x000002a7f0421e6c: 895f 48e9 | 2fe5 ffff | 4d8b 5748 | 4d8b 5f58 | f083 4424 | c000 8039 | 000f 84f7 | e7ff ff44 
  0x000002a7f0421e8c: 8821 4d85 | d275 1d49 | 8bd7 49ba | a014 cba9 | f97f 0000 

  0x000002a7f0421ea0: ;   {other}
  0x000002a7f0421ea0: 41ff d20f | 1f84 0000 | 0000 00e9 | d2e7 ffff | 4b89 4c13 | f849 83c2 | f84d 8957 | 48e9 c0e7 
  0x000002a7f0421ec0: ffff 4d8b | 5748 4d8b | 5f58 f083 | 4424 c000 | 8039 000f | 84e7 e7ff | ff44 8821 | 4d85 d275 
  0x000002a7f0421ee0: 1d49 8bd7 | 49ba a014 | cba9 f97f | 0000 41ff 

  0x000002a7f0421ef0: ;   {other}
  0x000002a7f0421ef0: d20f 1f84 | 0000 0000 | 00e9 c2e7 | ffff 4b89 | 4c13 f849 | 83c2 f84d | 8957 48e9 | b0e7 ffff 
  0x000002a7f0421f10: 418b 4a34 | 85c9 0f84 | 8bd3 ffff | 4d8b 4f28 | 48c1 e103 | 4d85 c90f | 8423 2e00 | 0049 8b7f 
  0x000002a7f0421f30: 384a 894c | 0ff8 4983 | c1f8 4d89 | 4f28 e964 | d3ff ff4d | 8b4f 4849 | 8b7f 58f0 | 8344 24c0 
  0x000002a7f0421f50: 0080 3900 | 7441 4488 | 214d 85c9 | 740f 4a89 | 4c0f f849 | 83c1 f84d | 894f 48eb | 2a45 8be8 
  0x000002a7f0421f70: 498b f249 | 8bfb 498b | d749 baa0 | 14cb a9f9 | 7f00 0041 

  0x000002a7f0421f84: ;   {other}
  0x000002a7f0421f84: ffd2 0f1f | 8400 0000 | 0000 4c8b | df4c 8bd6 | 458b c541 | 8b72 3485 | f60f 8538 | d3ff ffba 
  0x000002a7f0421fa4: f6ff ffff | 488b 6c24 | 304c 895c | 2420 4c8b | 5424 404c | 8954 2438 

  0x000002a7f0421fbc: ;   {runtime_call UncommonTrapBlob}
  0x000002a7f0421fbc: 6666 90e8 

  0x000002a7f0421fc0: ; ImmutableOopMap {rbp=Oop [32]=Oop [56]=Oop [72]=Oop [112]=Oop [120]=Oop }
                      ;*getfield progressOperationId {reexecute=1 rethrow=0 return_oop=0}
                      ; - (reexecute) org.gradle.internal.logging.progress.DefaultProgressLoggerFactory$ProgressLoggerImpl::started@74 (line 204)
                      ; - org.gradle.internal.logging.progress.DefaultProgressLoggerFactory$ProgressLoggerImpl::started@6 (line 190)
                      ; - org.gradle.internal.logging.progress.DefaultProgressLoggerFactory$ProgressLoggerImpl::start@8 (line 179)
                      ; - org.gradle.internal.operations.BuildOperationProgressEventListenerAdapter::start@44 (line 50)
                      ; - org.gradle.internal.operations.DefaultBuildOperationRunner$BuildOperationTrackingListener::start@47 (line 233)
                      ; - org.gradle.internal.operations.DefaultBuildOperationRunner$2::execute@4 (line 63)
                      ; - org.gradle.internal.operations.DefaultBuildOperationRunner$2::execute@8 (line 59)
                      ; - org.gradle.internal.operations.DefaultBuildOperationRunner::execute@141 (line 166)
  0x000002a7f0421fc0: 3c26 3dff 

  0x000002a7f0421fc4: ;   {other}
  0x000002a7f0421fc4: 0f1f 8400 | 3448 002a | 448b 5f1c | 4585 db0f | 84ff e9ff | ff4d 8b57 | 2849 8bcb | 48c1 e103 
  0x000002a7f0421fe4: 4d85 d20f | 8496 2d00 | 004d 8b5f | 384b 894c | 13f8 4983 | c2f8 4d89 | 5728 e9d5 | e9ff ff4d 
  0x000002a7f0422004: 8b57 484d | 8b5f 58f0 | 8344 24c0 | 0041 8038 | 000f 84e9 | e9ff ff45 | 8820 4d85 | d275 2049 
  0x000002a7f0422024: 8bc8 498b | d749 baa0 | 14cb a9f9 | 7f00 0041 

  0x000002a7f0422034: ;   {other}
  0x000002a7f0422034: ffd2 0f1f | 8400 0000 | 0000 e9c1 | e9ff ff4f | 8944 13f8 | 4983 c2f8 | 4d89 5748 | e9af e9ff 
  0x000002a7f0422054: ff48 8b54 

  0x000002a7f0422058: ;   {optimized virtual_call}
  0x000002a7f0422058: 2450 90e8 

  0x000002a7f042205c: ; ImmutableOopMap {[40]=Oop [48]=Oop [72]=Oop [104]=Oop [112]=Oop [128]=Oop [136]=Oop [144]=Oop [152]=Oop [168]=Oop }
                      ;*invokevirtual rehash {reexecute=0 rethrow=0 return_oop=0}
                      ; - java.lang.ThreadLocal$ThreadLocalMap::set@129 (line 566)
                      ; - java.lang.ThreadLocal::set@13 (line 265)
                      ; - java.lang.ThreadLocal::set@5 (line 251)
                      ; - org.gradle.internal.operations.CurrentBuildOperationRef::set@16 (line 56)
                      ; - org.gradle.internal.operations.DefaultBuildOperationRunner$BuildOperationTrackingListener::start@19 (line 230)
                      ; - org.gradle.internal.operations.DefaultBuildOperationRunner$2::execute@4 (line 63)
                      ; - org.gradle.internal.operations.DefaultBuildOperationRunner$2::execute@8 (line 59)
                      ; - org.gradle.internal.operations.DefaultBuildOperationRunner::execute@141 (line 166)
  0x000002a7f042205c: 20ca 3cff 

  0x000002a7f0422060: ;   {other}
  0x000002a7f0422060: 0f1f 8400 | d048 002b | e94b cbff | ff48 8b94 | 24a8 0000 

  0x000002a7f0422074: ;   {optimized virtual_call}
  0x000002a7f0422074: 0066 90e8 

  0x000002a7f0422078: ; ImmutableOopMap {[32]=Oop [48]=Oop [56]=NarrowOop [64]=Oop [72]=Oop [80]=Oop [88]=Oop [96]=Oop [104]=Oop [112]=Oop [120]=Oop [128]=NarrowOop [136]=NarrowOop }
                      ;*invokevirtual rehash {reexecute=0 rethrow=0 return_oop=0}
                      ; - java.lang.ThreadLocal$ThreadLocalMap::set@129 (line 566)
                      ; - java.lang.ThreadLocal::set@13 (line 265)
                      ; - java.lang.ThreadLocal::set@5 (line 251)
                      ; - org.gradle.internal.logging.progress.DefaultProgressLoggerFactory$ProgressLoggerImpl::started@127 (line 214)
                      ; - org.gradle.internal.logging.progress.DefaultProgressLoggerFactory$ProgressLoggerImpl::started@6 (line 190)
                      ; - org.gradle.internal.logging.progress.DefaultProgressLoggerFactory$ProgressLoggerImpl::start@8 (line 179)
                      ; - org.gradle.internal.operations.BuildOperationProgressEventListenerAdapter::start@44 (line 50)
                      ; - org.gradle.internal.operations.DefaultBuildOperationRunner$BuildOperationTrackingListener::start@47 (line 233)
                      ; - org.gradle.internal.operations.DefaultBuildOperationRunner$2::execute@4 (line 63)
                      ; - org.gradle.internal.operations.DefaultBuildOperationRunner$2::execute@8 (line 59)
                      ; - org.gradle.internal.operations.DefaultBuildOperationRunner::execute@141 (line 166)
  0x000002a7f0422078: 04ca 3cff 

  0x000002a7f042207c: ;   {other}
  0x000002a7f042207c: 0f1f 8400 | ec48 002c | e9a8 d5ff | ff8b 4b1c | 85c9 0f84 | 5c38 0000 | 498d 14cc | 4d8b cb48 
  0x000002a7f042209c: ffb4 2480 | 0000 0048 | 8f44 2440 | 48ff b424 | 8800 0000 | 488f 4424 | 4848 895c | 2478 4c89 
  0x000002a7f04220bc: 9424 9000 

  0x000002a7f04220c0: ;   {optimized virtual_call}
  0x000002a7f04220c0: 0000 90e8 

  0x000002a7f04220c4: ; ImmutableOopMap {[48]=Oop [64]=Oop [72]=Oop [112]=Oop [120]=Oop [128]=Oop [136]=Oop [152]=Oop [168]=Oop }
                      ;*invokevirtual compareAndSet {reexecute=0 rethrow=0 return_oop=0}
                      ; - org.gradle.internal.time.MonotonicClock::syncIsDue@16 (line 91)
                      ; - org.gradle.internal.time.MonotonicClock::getCurrentTime@47 (line 83)
                      ; - org.gradle.internal.service.scopes.WorkerSharedGlobalScopeServices$$Lambda/0x000002a78f19d8c0::getCurrentTime@4
                      ; - org.gradle.internal.operations.DefaultBuildOperationRunner::execute@84 (line 163)
  0x000002a7f04220c4: f8b5 deff 

  0x000002a7f04220c8: ;   {other}
  0x000002a7f04220c8: 0f1f 8400 | 3849 002d | 85c0 0f84 | 860d 0000 | 488b 5424 | 784c 8b84 | 2490 0000 | 0048 8bac 
  0x000002a7f04220e8: 2498 0000 | 0048 ff74 | 2440 488f 

  0x000002a7f04220f4: ;   {optimized virtual_call}
  0x000002a7f04220f4: 4424 38e8 

  0x000002a7f04220f8: ; ImmutableOopMap {rbp=Oop [48]=Oop [56]=Oop [72]=Oop [112]=Oop [128]=Oop [136]=Oop [152]=Oop [168]=Oop }
                      ;*invokespecial sync {reexecute=0 rethrow=0 return_oop=0}
                      ; - org.gradle.internal.time.MonotonicClock::getCurrentTime@56 (line 84)
                      ; - org.gradle.internal.service.scopes.WorkerSharedGlobalScopeServices$$Lambda/0x000002a78f19d8c0::getCurrentTime@4
                      ; - org.gradle.internal.operations.DefaultBuildOperationRunner::execute@84 (line 163)
  0x000002a7f04220f8: bc4a 0000 

  0x000002a7f04220fc: ;   {other}
  0x000002a7f04220fc: 0f1f 8400 | 6c49 002e | 488b e8e9 | 6ac3 ffff | 4c8b 9424 | a000 0000 | 458b 5a1c | 4585 db0f 
  0x000002a7f042211c: 84eb 3700 | 004b 8d14 

  0x000002a7f0422124: ;   {optimized virtual_call}
  0x000002a7f0422124: dc66 90e8 

  0x000002a7f0422128: ; ImmutableOopMap {rbp=Oop [32]=Oop [48]=Oop [56]=NarrowOop [64]=Oop [72]=Oop [80]=Oop [88]=Oop [96]=Oop [104]=Oop [112]=Oop [120]=Oop [128]=NarrowOop [136]=NarrowOop [140]=NarrowOop [144]=Oop [152]=NarrowOop [160]=Oop }
                      ;*invokevirtual compareAndSet {reexecute=0 rethrow=0 return_oop=0}
                      ; - org.gradle.internal.time.MonotonicClock::syncIsDue@16 (line 91)
                      ; - org.gradle.internal.time.MonotonicClock::getCurrentTime@47 (line 83)
                      ; - org.gradle.internal.logging.progress.DefaultProgressLoggerFactory$ProgressLoggerImpl::started@147 (line 218)
                      ; - org.gradle.internal.logging.progress.DefaultProgressLoggerFactory$ProgressLoggerImpl::started@6 (line 190)
                      ; - org.gradle.internal.logging.progress.DefaultProgressLoggerFactory$ProgressLoggerImpl::start@8 (line 179)
                      ; - org.gradle.internal.operations.BuildOperationProgressEventListenerAdapter::start@44 (line 50)
                      ; - org.gradle.internal.operations.DefaultBuildOperationRunner$BuildOperationTrackingListener::start@47 (line 233)
                      ; - org.gradle.internal.operations.DefaultBuildOperationRunner$2::execute@4 (line 63)
                      ; - org.gradle.internal.operations.DefaultBuildOperationRunner$2::execute@8 (line 59)
                      ; - org.gradle.internal.operations.DefaultBuildOperationRunner::execute@141 (line 166)
  0x000002a7f0422128: 54c9 3cff 

  0x000002a7f042212c: ;   {other}
  0x000002a7f042212c: 0f1f 8400 | 9c49 002f | 85c0 0f84 | a8d6 ffff | 488b 9424 | a000 0000 | 4c8b 8424 | a800 0000 
  0x000002a7f042214c: ;   {optimized virtual_call}
  0x000002a7f042214c: 6666 90e8 

  0x000002a7f0422150: ; ImmutableOopMap {rbp=Oop [32]=Oop [48]=Oop [56]=NarrowOop [64]=Oop [72]=Oop [80]=Oop [88]=Oop [96]=Oop [104]=Oop [112]=Oop [120]=Oop [128]=NarrowOop [136]=NarrowOop [140]=NarrowOop [144]=Oop [152]=NarrowOop }
                      ;*invokespecial sync {reexecute=0 rethrow=0 return_oop=0}
                      ; - org.gradle.internal.time.MonotonicClock::getCurrentTime@56 (line 84)
                      ; - org.gradle.internal.logging.progress.DefaultProgressLoggerFactory$ProgressLoggerImpl::started@147 (line 218)
                      ; - org.gradle.internal.logging.progress.DefaultProgressLoggerFactory$ProgressLoggerImpl::started@6 (line 190)
                      ; - org.gradle.internal.logging.progress.DefaultProgressLoggerFactory$ProgressLoggerImpl::start@8 (line 179)
                      ; - org.gradle.internal.operations.BuildOperationProgressEventListenerAdapter::start@44 (line 50)
                      ; - org.gradle.internal.operations.DefaultBuildOperationRunner$BuildOperationTrackingListener::start@47 (line 233)
                      ; - org.gradle.internal.operations.DefaultBuildOperationRunner$2::execute@4 (line 63)
                      ; - org.gradle.internal.operations.DefaultBuildOperationRunner$2::execute@8 (line 59)
                      ; - org.gradle.internal.operations.DefaultBuildOperationRunner::execute@141 (line 166)
  0x000002a7f0422150: 2cc9 3cff 

  0x000002a7f0422154: ;   {other}
  0x000002a7f0422154: 0f1f 8400 | c449 0030 | 488b d8e9 | b0d6 ffff | 4c8b 9424 | a800 0000 | 458b 521c | 4585 d20f 
  0x000002a7f0422174: 84cb 3700 | 004b 8d14 

  0x000002a7f042217c: ;   {optimized virtual_call}
  0x000002a7f042217c: d466 90e8 

  0x000002a7f0422180: ; ImmutableOopMap {rbp=Oop [48]=Oop [56]=Oop [64]=Oop [72]=Oop [80]=Oop [88]=Oop [104]=Oop [112]=Oop [120]=Oop [128]=Oop [136]=NarrowOop [140]=NarrowOop [144]=Oop [152]=Oop [160]=NarrowOop [168]=Oop }
                      ;*invokevirtual compareAndSet {reexecute=0 rethrow=0 return_oop=0}
                      ; - org.gradle.internal.time.MonotonicClock::syncIsDue@16 (line 91)
                      ; - org.gradle.internal.time.MonotonicClock::getCurrentTime@47 (line 83)
                      ; - org.gradle.internal.logging.progress.DefaultProgressLoggerFactory$ProgressLoggerImpl::completed@41 (line 251)
                      ; - org.gradle.internal.operations.BuildOperationProgressEventListenerAdapter::stop@42 (line 78)
                      ; - org.gradle.internal.operations.DefaultBuildOperationRunner$BuildOperationTrackingListener::stop@9 (line 248)
                      ; - org.gradle.internal.operations.DefaultBuildOperationRunner$2::execute@62 (line 73)
                      ; - org.gradle.internal.operations.DefaultBuildOperationRunner$2::execute@8 (line 59)
                      ; - org.gradle.internal.operations.DefaultBuildOperationRunner::execute@141 (line 166)
  0x000002a7f0422180: fcc8 3cff 

  0x000002a7f0422184: ;   {other}
  0x000002a7f0422184: 0f1f 8400 | f449 0031 | 85c0 0f84 | 75e1 ffff | 4c8b 9424 | 9000 0000 | 4c89 5424 | 2048 8b94 
  0x000002a7f04221a4: 24a8 0000 | 004c 8b84 | 24b8 0000 

  0x000002a7f04221b0: ;   {optimized virtual_call}
  0x000002a7f04221b0: 0066 90e8 

  0x000002a7f04221b4: ; ImmutableOopMap {rbp=Oop [32]=Oop [48]=Oop [56]=Oop [64]=Oop [72]=Oop [80]=Oop [88]=Oop [104]=Oop [112]=Oop [120]=Oop [128]=Oop [136]=NarrowOop [140]=NarrowOop [152]=Oop [160]=NarrowOop }
                      ;*invokespecial sync {reexecute=0 rethrow=0 return_oop=0}
                      ; - org.gradle.internal.time.MonotonicClock::getCurrentTime@56 (line 84)
                      ; - org.gradle.internal.logging.progress.DefaultProgressLoggerFactory$ProgressLoggerImpl::completed@41 (line 251)
                      ; - org.gradle.internal.operations.BuildOperationProgressEventListenerAdapter::stop@42 (line 78)
                      ; - org.gradle.internal.operations.DefaultBuildOperationRunner$BuildOperationTrackingListener::stop@9 (line 248)
                      ; - org.gradle.internal.operations.DefaultBuildOperationRunner$2::execute@62 (line 73)
                      ; - org.gradle.internal.operations.DefaultBuildOperationRunner$2::execute@8 (line 59)
                      ; - org.gradle.internal.operations.DefaultBuildOperationRunner::execute@141 (line 166)
  0x000002a7f04221b4: c8c8 3cff 

  0x000002a7f04221b8: ;   {other}
  0x000002a7f04221b8: 0f1f 8400 | 284a 0032 | 488b f8e9 | 6ee1 ffff | 448b 591c | 4585 db0f | 84a7 3700 | 004c 894c 
  0x000002a7f04221d8: 2450 4889 | 5c24 2048 | 8be9 4b8d | 14dc 4c8b 

  0x000002a7f04221e8: ;   {optimized virtual_call}
  0x000002a7f04221e8: ce66 90e8 

  0x000002a7f04221ec: ; ImmutableOopMap {rbp=Oop [48]=Oop [56]=Oop [64]=Oop [72]=Oop [96]=NarrowOop [104]=Oop [112]=Oop [120]=Oop [128]=Oop [136]=Oop }
                      ;*invokevirtual compareAndSet {reexecute=0 rethrow=0 return_oop=0}
                      ; - org.gradle.internal.time.MonotonicClock::syncIsDue@16 (line 91)
                      ; - org.gradle.internal.time.MonotonicClock::getCurrentTime@47 (line 83)
                      ; - org.gradle.internal.operations.BuildOperationProgressEventListenerAdapter::stop@64 (line 79)
                      ; - org.gradle.internal.operations.DefaultBuildOperationRunner$BuildOperationTrackingListener::stop@9 (line 248)
                      ; - org.gradle.internal.operations.DefaultBuildOperationRunner$2::execute@62 (line 73)
                      ; - org.gradle.internal.operations.DefaultBuildOperationRunner$2::execute@8 (line 59)
                      ; - org.gradle.internal.operations.DefaultBuildOperationRunner::execute@141 (line 166)
  0x000002a7f04221ec: 90c8 3cff 

  0x000002a7f04221f0: ;   {other}
  0x000002a7f04221f0: 0f1f 8400 | 604a 0033 | 85c0 0f84 | 700c 0000 | 488b d54c | 8b44 2420 

  0x000002a7f0422208: ;   {optimized virtual_call}
  0x000002a7f0422208: 6666 90e8 

  0x000002a7f042220c: ; ImmutableOopMap {[48]=Oop [56]=Oop [64]=Oop [72]=Oop [96]=NarrowOop [104]=Oop [112]=Oop [120]=Oop [128]=Oop [136]=Oop }
                      ;*invokespecial sync {reexecute=0 rethrow=0 return_oop=0}
                      ; - org.gradle.internal.time.MonotonicClock::getCurrentTime@56 (line 84)
                      ; - org.gradle.internal.operations.BuildOperationProgressEventListenerAdapter::stop@64 (line 79)
                      ; - org.gradle.internal.operations.DefaultBuildOperationRunner$BuildOperationTrackingListener::stop@9 (line 248)
                      ; - org.gradle.internal.operations.DefaultBuildOperationRunner$2::execute@62 (line 73)
                      ; - org.gradle.internal.operations.DefaultBuildOperationRunner$2::execute@8 (line 59)
                      ; - org.gradle.internal.operations.DefaultBuildOperationRunner::execute@141 (line 166)
  0x000002a7f042220c: 70c8 3cff 

  0x000002a7f0422210: ;   {other}
  0x000002a7f0422210: 0f1f 8400 | 804a 0034 | 4c8b c8e9 | efe3 ffff | 458b 551c | 4585 d20f | 8402 c7ff | ff4d 8b5f 
  0x000002a7f0422230: 2849 8bca | 48c1 e103 | 4d85 db0f | 8497 2c00 | 004d 8b57 | 384b 894c | 1af8 4983 | c3f8 4d89 
  0x000002a7f0422250: 5f28 e9d8 | c6ff ff44 | 8b5b 1c45 | 85db 0f84 | 66d1 ffff | 4d8b 5728 | 498b cb48 | c1e1 034d 
  0x000002a7f0422270: 85d2 0f84 | 7d2c 0000 | 4d8b 5f38 | 4b89 4c13 | f849 83c2 | f84d 8957 | 28e9 3cd1 | ffff 448b 
  0x000002a7f0422290: 5b1c 4585 | db0f 84a2 | deff ff4d | 8b57 2849 | 8bcb 48c1 | e103 4d85 | d20f 8463 | 2c00 004d 
  0x000002a7f04222b0: 8b5f 384b | 894c 13f8 | 4983 c2f8 | 4d89 5728 | e978 deff | ff4d 8b57 | 484d 8b5f | 58f0 8344 
  0x000002a7f04222d0: 24c0 0080 | 3900 0f84 | f5c8 ffff | 4488 214d | 85d2 751d | 498b d749 | baa0 14cb | a9f9 7f00 
  0x000002a7f04222f0: 0041 ffd2 

  0x000002a7f04222f4: ;   {other}
  0x000002a7f04222f4: 0f1f 8400 | 0000 0000 | e9d0 c8ff | ff4b 894c | 13f8 4983 | c2f8 4d89 | 5748 e9be | c8ff ff41 
  0x000002a7f0422314: 8bfb 498b | d84d 8b57 | 484d 8b5f | 58f0 8344 | 24c0 0080 | 3900 742f | 4488 214d | 85d2 740f 
  0x000002a7f0422334: 4b89 4c13 | f849 83c2 | f84d 8957 | 48eb 1849 | 8bd7 49ba | a014 cba9 | f97f 0000 

  0x000002a7f0422350: ;   {other}
  0x000002a7f0422350: 41ff d20f | 1f84 0000 | 0000 004c | 8bc3 448b | dfe9 d5d2 | ffff 4d8b | 5748 4d8b | 5f58 f083 
  0x000002a7f0422370: 4424 c000 | 8039 000f | 84ff ddff | ff44 8821 | 4d85 d275 | 1d49 8bd7 | 49ba a014 | cba9 f97f 
  0x000002a7f0422390: 0000 41ff 

  0x000002a7f0422394: ;   {other}
  0x000002a7f0422394: d20f 1f84 | 0000 0000 | 00e9 dadd | ffff 4b89 | 4c13 f849 | 83c2 f84d | 8957 48e9 | c8dd ffff 
  0x000002a7f04223b4: 458b 591c | 4585 db0f | 84d5 c6ff | ff49 8b57 | 2849 8bcb | 48c1 e103 | 4885 d20f | 8406 2c00 
  0x000002a7f04223d4: 004d 8b5f | 3849 894c | 13f8 4883 | c2f8 4989 | 5728 e9ab | c6ff ff41 | 8b49 1085 | c90f 8450 
  0x000002a7f04223f4: c6ff ff4d | 8b5f 2848 | c1e1 034d | 85db 0f84 | 782b 0000 | 498b 5738 | 4a89 4c1a | f849 83c3 
  0x000002a7f0422414: f84d 895f | 28e9 29c6 | ffff 448b | 5500 4585 | d20f 84c3 | c6ff ff4d | 8b5f 2849 | 8bca 48c1 
  0x000002a7f0422434: e103 4d85 | db0f 84f7 | 2b00 004d | 8b57 384b | 894c 1af8 | 4983 c3f8 | 4d89 5f28 | e999 c6ff 
  0x000002a7f0422454: ff4c 8bd3 | 458b 5a10 | 4585 db0f | 848b d0ff | ff4d 8b57 | 2849 8bcb | 48c1 e103 | 4d85 d20f 
  0x000002a7f0422474: 8447 2c00 | 004d 8b5f | 384b 894c | 13f8 4983 | c2f8 4d89 | 5728 e961 | d0ff ff4c | 8bd3 458b 
  0x000002a7f0422494: ;   {no_reloc}
  0x000002a7f0422494: 521c 4585 | d20f 84a0 | d0ff ff4d | 8b5f 2849 | 8bca 48c1 | e103 4d85 | db0f 842a | 2c00 004d 
  0x000002a7f04224b4: 8b57 384b | 894c 1af8 | 4983 c3f8 | 4d89 5f28 | e976 d0ff | ff44 8b1f | 4585 db0f | 84ca d0ff 
  0x000002a7f04224d4: ff4d 8b57 | 2849 8bcb | 48c1 e103 | 4d85 d20f | 8411 2c00 | 004d 8b5f | 384b 894c | 13f8 4983 
  0x000002a7f04224f4: c2f8 4d89 | 5728 e9a0 | d0ff ff4c | 8bd3 458b | 5a1c 4585 | db0f 8414 | dbff ff4d | 8b57 2849 
  0x000002a7f0422514: 8bcb 48c1 | e103 4d85 | d20f 8455 | 2c00 004d | 8b5f 384b | 894c 13f8 | 4983 c2f8 | 4d89 5728 
  0x000002a7f0422534: e9ea daff | ff45 8b52 | 1045 85d2 | 0f84 8eda | ffff 4d8b | 5f28 498b | ca48 c1e1 | 034d 85db 
  0x000002a7f0422554: 0f84 3b2c | 0000 4d8b | 5738 4b89 | 4c1a f849 | 83c3 f84d | 895f 28e9 | 64da ffff | 8bb4 24ac 
  0x000002a7f0422574: 0000 0044 | 8b1f 4585 | db0f 8417 | dbff ff4d | 8b57 2849 | 8bcb 48c1 | e103 4d85 

  0x000002a7f0422590: ;   {no_reloc}
  0x000002a7f0422590: d20f 841b | 2c00 004d | 8b5f 384b | 894c 13f8 | 4983 c2f8 | 4d89 5728 | e9ed daff | ff4d 8b5f 
  0x000002a7f04225b0: 4849 8b57 | 58f0 8344 | 24c0 0080 | 3900 0f84 | 11c5 ffff | 4488 214d | 85db 755b | 4c89 4c24 
  0x000002a7f04225d0: 504c 8974 | 2448 8974 | 2444 4489 | 5424 4044 | 8944 243c | 897c 2438 | 4c8b f349 | 8bd7 49ba 
  0x000002a7f04225f0: a014 cba9 | f97f 0000 

  0x000002a7f04225f8: ;   {other}
  0x000002a7f04225f8: 41ff d20f | 1f84 0000 | 0000 0049 | 8bde 8b7c | 2438 448b | 4424 3c44 | 8b54 2440 | 8b74 2444 
  0x000002a7f0422618: 4c8b 7424 | 484c 8b4c | 2450 e9ae | c4ff ff4a | 894c 1af8 | 4983 c3f8 | 4d89 5f48 | e99c c4ff 
  0x000002a7f0422638: ff4d 8b5f | 4849 8b57 | 58f0 8344 | 24c0 0080 | 3900 0f84 | 35c4 ffff | 4488 214d | 85db 755b 
  0x000002a7f0422658: 4c89 4c24 | 504c 8974 | 2448 8974 | 2444 4489 | 5424 4044 | 8944 243c | 897c 2438 | 4c8b f349 
  0x000002a7f0422678: 8bd7 49ba | a014 cba9 | f97f 0000 

  0x000002a7f0422684: ;   {other}
  0x000002a7f0422684: 41ff d20f | 1f84 0000 | 0000 0049 | 8bde 8b7c | 2438 448b | 4424 3c44 | 8b54 2440 | 8b74 2444 
  0x000002a7f04226a4: 4c8b 7424 | 484c 8b4c | 2450 e9d2 | c3ff ff4a | 894c 1af8 | 4983 c3f8 | 4d89 5f48 | e9c0 c3ff 
  0x000002a7f04226c4: ff4d 8b57 | 484d 8b5f | 58f0 8344 | 24c0 0080 | 3900 0f84 | 49c4 ffff | 4488 214d | 85d2 751d 
  0x000002a7f04226e4: 498b d749 | baa0 14cb | a9f9 7f00 | 0041 ffd2 

  0x000002a7f04226f4: ;   {other}
  0x000002a7f04226f4: 0f1f 8400 | 0000 0000 | e924 c4ff | ff4b 894c | 13f8 4983 | c2f8 4d89 | 5748 e912 | c4ff ff4d 
  0x000002a7f0422714: 8b57 484d | 8b5f 58f0 | 8344 24c0 | 0080 3900 | 0f84 04ce | ffff 4488 | 214d 85d2 | 751d 498b 
  0x000002a7f0422734: d749 baa0 | 14cb a9f9 | 7f00 0041 

  0x000002a7f0422740: ;   {other}
  0x000002a7f0422740: ffd2 0f1f | 8400 0000 | 0000 e9df | cdff ff4b | 894c 13f8 | 4983 c2f8 | 4d89 5748 | e9cd cdff 
  0x000002a7f0422760: ff4d 8b57 | 484d 8b5f | 58f0 8344 | 24c0 0080 | 3900 0f84 | 01ce ffff | 4488 214d | 85d2 751d 
  0x000002a7f0422780: 498b d749 | baa0 14cb | a9f9 7f00 | 0041 ffd2 

  0x000002a7f0422790: ;   {other}
  0x000002a7f0422790: 0f1f 8400 | 0000 0000 | e9dc cdff | ff4b 894c | 13f8 4983 | c2f8 4d89 | 5748 e9ca | cdff ff4d 
  0x000002a7f04227b0: 8b57 484d | 8b5f 58f0 | 8344 24c0 | 0080 3900 | 0f84 0fce | ffff 4488 | 214d 85d2 | 751d 498b 
  0x000002a7f04227d0: d749 baa0 | 14cb a9f9 | 7f00 0041 

  0x000002a7f04227dc: ;   {other}
  0x000002a7f04227dc: ffd2 0f1f | 8400 0000 | 0000 e9ea | cdff ff4b | 894c 13f8 | 4983 c2f8 | 4d89 5748 | e9d8 cdff 
  0x000002a7f04227fc: ff4d 8b57 | 484d 8b5f | 58f0 8344 | 24c0 0080 | 3900 0f84 | fed7 ffff | 4488 214d | 85d2 751d 
  0x000002a7f042281c: 498b d749 | baa0 14cb | a9f9 7f00 | 0041 ffd2 

  0x000002a7f042282c: ;   {other}
  0x000002a7f042282c: 0f1f 8400 | 0000 0000 | e9d9 d7ff | ff4b 894c | 13f8 4983 | c2f8 4d89 | 5748 e9c7 | d7ff ff4d 
  0x000002a7f042284c: 8b57 484d | 8b5f 58f0 | 8344 24c0 | 0080 3900 | 0f84 6ed8 | ffff 4488 | 214d 85d2 | 751d 498b 
  0x000002a7f042286c: d749 baa0 | 14cb a9f9 | 7f00 0041 

  0x000002a7f0422878: ;   {other}
  0x000002a7f0422878: ffd2 0f1f | 8400 0000 | 0000 e949 | d8ff ff4b | 894c 13f8 | 4983 c2f8 | 4d89 5748 | e937 d8ff 
  0x000002a7f0422898: ff4d 8b57 | 484d 8b5f | 58f0 8344 | 24c0 0080 | 3900 0f84 | b5d7 ffff | 4488 214d | 85d2 751d 
  0x000002a7f04228b8: 498b d749 | baa0 14cb | a9f9 7f00 | 0041 ffd2 

  0x000002a7f04228c8: ;   {other}
  0x000002a7f04228c8: 0f1f 8400 | 0000 0000 | e990 d7ff | ff4b 894c | 13f8 4983 | c2f8 4d89 | 5748 e97e | d7ff ff44 
  0x000002a7f04228e8: 8b5a 1445 | 85db 0f84 | cc06 0000 | 4d8b cb49 | c1e1 03e9 | 8de6 ffff | 4c89 4424 

  0x000002a7f0422904: ;   {metadata('org/gradle/internal/operations/OperationIdentifier')}
  0x000002a7f0422904: 4048 ba08 | ed29 8fa7 

  0x000002a7f042290c: ;   {runtime_call _new_instance_Java}
  0x000002a7f042290c: 0200 00e8 

  0x000002a7f0422910: ; ImmutableOopMap {rbp=Oop [48]=Oop [56]=Oop [64]=Oop [88]=Oop }
                      ;*new {reexecute=0 rethrow=0 return_oop=1}
                      ; - org.gradle.internal.operations.DefaultBuildOperationRunner::execute@22 (line 157)
  0x000002a7f0422910: 6cf8 4aff 

  0x000002a7f0422914: ;   {other}
  0x000002a7f0422914: 0f1f 8400 | 8451 0035 | 4c8b 4424 | 40e9 90b8 | ffff 4c89 

  0x000002a7f0422928: ;   {metadata('org/gradle/internal/operations/BuildOperationDescriptor')}
  0x000002a7f0422928: 4424 5048 | ba00 132b | 8fa7 0200 

  0x000002a7f0422934: ;   {runtime_call _new_instance_Java}
  0x000002a7f0422934: 0066 90e8 

  0x000002a7f0422938: ; ImmutableOopMap {rbp=NarrowOop [48]=Oop [56]=Oop [72]=Oop [80]=Oop [88]=Oop [152]=Oop [168]=Oop }
                      ;*new {reexecute=0 rethrow=0 return_oop=1}
                      ; - org.gradle.internal.operations.BuildOperationDescriptor$Builder::build@0 (line 190)
                      ; - org.gradle.internal.operations.DefaultBuildOperationRunner::execute@60 (line 158)
  0x000002a7f0422938: 44f8 4aff 

  0x000002a7f042293c: ;   {other}
  0x000002a7f042293c: 0f1f 8400 | ac51 0036 | 4c8b 4424 | 50e9 25b9 

  0x000002a7f042294c: ;   {metadata('org/gradle/internal/operations/BuildOperationState')}
  0x000002a7f042294c: ffff 48ba | 2021 2b8f | a702 0000 

  0x000002a7f0422958: ;   {runtime_call _new_instance_Java}
  0x000002a7f0422958: 6666 90e8 

  0x000002a7f042295c: ; ImmutableOopMap {rbp=Oop [48]=Oop [112]=Oop [128]=Oop [152]=Oop [168]=Oop }
                      ;*new {reexecute=0 rethrow=0 return_oop=1}
                      ; - org.gradle.internal.operations.DefaultBuildOperationRunner::execute@74 (line 163)
  0x000002a7f042295c: 20f8 4aff 

  0x000002a7f0422960: ;   {other}
  0x000002a7f0422960: 0f1f 8400 | d051 0037 | e909 baff | ff89 7c24 | 4848 ffb4 | 2488 0000 | 0048 8f44 | 2440 48ff 
  0x000002a7f0422980: b424 8000 | 0000 488f | 4424 3848 | ffb4 24a8 | 0000 0048 | 8f44 2420 | 488b ac24 | 9800 0000 
  0x000002a7f04229a0: ;   {metadata('org/gradle/internal/operations/DefaultBuildOperationRunner$BuildOperationTrackingListener')}
  0x000002a7f04229a0: 48ba 7823 | 2b8f a702 

  0x000002a7f04229a8: ;   {runtime_call _new_instance_Java}
  0x000002a7f04229a8: 0000 90e8 

  0x000002a7f04229ac: ; ImmutableOopMap {rbp=Oop [32]=Oop [48]=Oop [56]=Oop [64]=Oop [72]=NarrowOop [112]=Oop [128]=Oop [136]=Oop [152]=Oop [168]=Oop }
                      ;*new {reexecute=0 rethrow=0 return_oop=1}
                      ; - org.gradle.internal.operations.DefaultBuildOperationRunner::execute@94 (line 164)
  0x000002a7f04229ac: d0f7 4aff 

  0x000002a7f04229b0: ;   {other}
  0x000002a7f04229b0: 0f1f 8400 | 2052 0038 | 8b7c 2448 | e9e3 bbff 

  0x000002a7f04229c0: ;   {metadata('java/util/concurrent/atomic/AtomicBoolean')}
  0x000002a7f04229c0: ff48 baf0 | 9106 8fa7 | 0200 0048 | ffb4 2480 | 0000 0048 | 8f44 2440 | 48ff b424 | 8800 0000 
  0x000002a7f04229e0: 488f 4424 

  0x000002a7f04229e4: ;   {runtime_call _new_instance_Java}
  0x000002a7f04229e4: 4866 90e8 

  0x000002a7f04229e8: ; ImmutableOopMap {[48]=Oop [64]=Oop [72]=Oop [112]=Oop [128]=Oop [136]=Oop [152]=Oop [168]=Oop }
                      ;*new {reexecute=0 rethrow=0 return_oop=1}
                      ; - org.gradle.internal.operations.BuildOperationState::<init>@5 (line 24)
                      ; - org.gradle.internal.operations.DefaultBuildOperationRunner::execute@89 (line 163)
  0x000002a7f04229e8: 94f7 4aff 

  0x000002a7f04229ec: ;   {other}
  0x000002a7f04229ec: 0f1f 8400 | 5c52 0039 | 488b d8e9 | b6ba ffff | 4489 5424 | 6089 5424 | 5c44 894c | 2458 4489 
  0x000002a7f0422a0c: 4424 4c48 | ff74 2468 | 488f 4424 | 5089 7c24 | 4848 ffb4 | 2488 0000 | 0048 8f44 | 2440 48ff 
  0x000002a7f0422a2c: b424 8000 | 0000 488f | 4424 3848 | ffb4 24a8 | 0000 0048 | 8f44 2420 

  0x000002a7f0422a44: ;   {metadata('org/gradle/internal/operations/BuildOperationProgressEventListenerAdapter')}
  0x000002a7f0422a44: 48ba d825 | 2b8f a702 

  0x000002a7f0422a4c: ;   {runtime_call _new_instance_Java}
  0x000002a7f0422a4c: 0000 90e8 

  0x000002a7f0422a50: ; ImmutableOopMap {rbp=Oop [32]=Oop [48]=Oop [56]=Oop [64]=Oop [72]=NarrowOop [76]=NarrowOop [80]=Oop [88]=NarrowOop [92]=NarrowOop [96]=NarrowOop [104]=Oop [112]=Oop [128]=Oop [136]=Oop [168]=Oop }
                      ;*new {reexecute=0 rethrow=0 return_oop=1}
                      ; - org.gradle.internal.service.scopes.WorkerSharedGlobalScopeServices::lambda$createBuildOperationRunner$0@0 (line 213)
                      ; - org.gradle.internal.service.scopes.WorkerSharedGlobalScopeServices$$Lambda/0x000002a78f19dcc8::createListener@12
                      ; - org.gradle.internal.operations.DefaultBuildOperationRunner::execute@106 (line 164)
  0x000002a7f0422a50: 2cf7 4aff 

  0x000002a7f0422a54: ;   {other}
  0x000002a7f0422a54: 0f1f 8400 | c452 003a | 8b7c 2448 | 448b 4424 | 4c48 8bd8 | 448b 4c24 | 588b 5424 | 5c44 8b54 
  0x000002a7f0422a74: 2460 e9ae | bbff ff48 | ff74 2468 | 488f 4424 | 5089 7c24 | 4848 ffb4 | 2488 0000 | 0048 8f44 
  0x000002a7f0422a94: 2440 48ff | b424 8000 | 0000 488f | 4424 3848 | ffb4 24a8 | 0000 0048 | 8f44 2420 

  0x000002a7f0422ab0: ;   {metadata('org/gradle/internal/operations/DefaultBuildOperationRunner$DefaultBuildOperationContext')}
  0x000002a7f0422ab0: 48ba 3828 | 2b8f a702 

  0x000002a7f0422ab8: ;   {runtime_call _new_instance_Java}
  0x000002a7f0422ab8: 0000 90e8 

  0x000002a7f0422abc: ; ImmutableOopMap {rbp=NarrowOop [32]=Oop [48]=Oop [56]=Oop [64]=Oop [72]=NarrowOop [80]=Oop [104]=Oop [112]=Oop [128]=Oop [136]=Oop [168]=Oop }
                      ;*new {reexecute=0 rethrow=0 return_oop=1}
                      ; - org.gradle.internal.operations.DefaultBuildOperationRunner::execute@117 (line 165)
  0x000002a7f0422abc: c0f6 4aff 

  0x000002a7f0422ac0: ;   {other}
  0x000002a7f0422ac0: 0f1f 8400 | 3053 003b | 8b7c 2448 | e933 bcff | ff4c 8954 | 2450 48ff | 7424 3048 | 8f44 2440 
  0x000002a7f0422ae0: 48ff 7424 | 6848 8f44 | 2448 4889 | 5c24 3048 | ffb4 2488 | 0000 0048 | 8f44 2470 | 48ff b424 
  0x000002a7f0422b00: 8000 0000 | 488f 4424 | 6848 ffb4 | 24a8 0000 | 0048 8f44 

  0x000002a7f0422b14: ;   {metadata('org/gradle/internal/operations/OperationStartEvent')}
  0x000002a7f0422b14: 2420 48ba | e82a 2b8f | a702 0000 

  0x000002a7f0422b20: ;   {runtime_call _new_instance_Java}
  0x000002a7f0422b20: 6666 90e8 

  0x000002a7f0422b24: ; ImmutableOopMap {rbp=NarrowOop [32]=Oop [64]=Oop [72]=Oop [80]=Oop [104]=Oop [112]=Oop [128]=Oop [136]=Oop [144]=Oop [152]=Oop [168]=Oop }
                      ;*new {reexecute=0 rethrow=0 return_oop=1}
                      ; - org.gradle.internal.operations.BuildOperationProgressEventListenerAdapter::start@5 (line 48)
                      ; - org.gradle.internal.operations.DefaultBuildOperationRunner$BuildOperationTrackingListener::start@47 (line 233)
                      ; - org.gradle.internal.operations.DefaultBuildOperationRunner$2::execute@4 (line 63)
                      ; - org.gradle.internal.operations.DefaultBuildOperationRunner$2::execute@8 (line 59)
                      ; - org.gradle.internal.operations.DefaultBuildOperationRunner::execute@141 (line 166)
  0x000002a7f0422b24: 58f6 4aff 

  0x000002a7f0422b28: ;   {other}
  0x000002a7f0422b28: 0f1f 8400 | 9853 003c | 488b 5c24 | 3048 ff74 | 2448 488f | 4424 6848 | ff74 2440 | 488f 4424 
  0x000002a7f0422b48: 304c 8b54 | 2450 e94f | c1ff ff4c | 8944 2458 | 4c89 5c24 | 384c 8954 | 2450 48ff | b424 9000 
  0x000002a7f0422b68: 0000 488f | 4424 4048 | ff74 2468 | 488f 4424 | 4848 895c | 2428 48ff | b424 8800 | 0000 488f 
  0x000002a7f0422b88: 4424 7048 | ffb4 2480 | 0000 0048 | 8f44 2468 | 48ff b424 | 9800 0000 | 488f 4424 | 2048 ffb4 
  0x000002a7f0422ba8: 24a8 0000 | 0048 8f44 

  0x000002a7f0422bb0: ;   {metadata('org/gradle/internal/logging/progress/DefaultProgressLoggerFactory$ProgressLoggerImpl')}
  0x000002a7f0422bb0: 2478 48ba | 683f 2b8f | a702 0000 

  0x000002a7f0422bbc: ;   {runtime_call _new_instance_Java}
  0x000002a7f0422bbc: 6666 90e8 

  0x000002a7f0422bc0: ; ImmutableOopMap {rbp=Oop [32]=Oop [48]=Oop [56]=Oop [64]=Oop [72]=Oop [80]=Oop [88]=Oop [104]=Oop [112]=Oop [120]=Oop [128]=Oop [136]=Oop [144]=Oop [168]=Oop }
                      ;*new {reexecute=0 rethrow=0 return_oop=1}
                      ; - org.gradle.internal.logging.progress.DefaultProgressLoggerFactory::newOperation@27 (line 65)
                      ; - org.gradle.internal.operations.BuildOperationProgressEventListenerAdapter::start@28 (line 49)
                      ; - org.gradle.internal.operations.DefaultBuildOperationRunner$BuildOperationTrackingListener::start@47 (line 233)
                      ; - org.gradle.internal.operations.DefaultBuildOperationRunner$2::execute@4 (line 63)
                      ; - org.gradle.internal.operations.DefaultBuildOperationRunner$2::execute@8 (line 59)
                      ; - org.gradle.internal.operations.DefaultBuildOperationRunner::execute@141 (line 166)
  0x000002a7f0422bc0: bcf5 4aff 

  0x000002a7f0422bc4: ;   {other}
  0x000002a7f0422bc4: 0f1f 8400 | 3454 003d | e9f6 c3ff 

  0x000002a7f0422bd0: ;   {metadata('org/gradle/internal/logging/events/ProgressStartEvent')}
  0x000002a7f0422bd0: ff48 ba88 | 7101 8fa7 

  0x000002a7f0422bd8: ;   {runtime_call _new_instance_Java}
  0x000002a7f0422bd8: 0200 00e8 

  0x000002a7f0422bdc: ; ImmutableOopMap {[32]=Oop [48]=Oop [56]=NarrowOop [64]=Oop [72]=Oop [80]=Oop [88]=Oop [96]=Oop [104]=Oop [112]=Oop [120]=Oop [128]=NarrowOop [136]=NarrowOop [140]=NarrowOop }
                      ;*new {reexecute=0 rethrow=0 return_oop=1}
                      ; - org.gradle.internal.logging.progress.DefaultProgressLoggerFactory$ProgressLoggerImpl::started@134 (line 215)
                      ; - org.gradle.internal.logging.progress.DefaultProgressLoggerFactory$ProgressLoggerImpl::started@6 (line 190)
                      ; - org.gradle.internal.logging.progress.DefaultProgressLoggerFactory$ProgressLoggerImpl::start@8 (line 179)
                      ; - org.gradle.internal.operations.BuildOperationProgressEventListenerAdapter::start@44 (line 50)
                      ; - org.gradle.internal.operations.DefaultBuildOperationRunner$BuildOperationTrackingListener::start@47 (line 233)
                      ; - org.gradle.internal.operations.DefaultBuildOperationRunner$2::execute@4 (line 63)
                      ; - org.gradle.internal.operations.DefaultBuildOperationRunner$2::execute@8 (line 59)
                      ; - org.gradle.internal.operations.DefaultBuildOperationRunner::execute@141 (line 166)
  0x000002a7f0422bdc: a0f5 4aff 

  0x000002a7f0422be0: ;   {other}
  0x000002a7f0422be0: 0f1f 8400 | 5054 003e | e9b8 caff | ff44 8954 | 2450 48ff | b424 9000 | 0000 488f | 4424 2049 
  0x000002a7f0422c00: ;   {metadata('org/gradle/internal/logging/events/ProgressCompleteEvent')}
  0x000002a7f0422c00: 8be9 48ba | 1857 0d8f | a702 0000 

  0x000002a7f0422c0c: ;   {runtime_call _new_instance_Java}
  0x000002a7f0422c0c: 6666 90e8 

  0x000002a7f0422c10: ; ImmutableOopMap {rbp=Oop [32]=Oop [48]=Oop [56]=Oop [64]=Oop [72]=Oop [80]=NarrowOop [88]=Oop [104]=Oop [112]=Oop [120]=Oop [128]=Oop [136]=NarrowOop }
                      ;*new {reexecute=0 rethrow=0 return_oop=1}
                      ; - org.gradle.internal.logging.progress.DefaultProgressLoggerFactory$ProgressLoggerImpl::completed@29 (line 251)
                      ; - org.gradle.internal.operations.BuildOperationProgressEventListenerAdapter::stop@42 (line 78)
                      ; - org.gradle.internal.operations.DefaultBuildOperationRunner$BuildOperationTrackingListener::stop@9 (line 248)
                      ; - org.gradle.internal.operations.DefaultBuildOperationRunner$2::execute@62 (line 73)
                      ; - org.gradle.internal.operations.DefaultBuildOperationRunner$2::execute@8 (line 59)
                      ; - org.gradle.internal.operations.DefaultBuildOperationRunner::execute@141 (line 166)
  0x000002a7f0422c10: 6cf5 4aff 

  0x000002a7f0422c14: ;   {other}
  0x000002a7f0422c14: 0f1f 8400 | 8454 003f | 4c8b cd4c | 8b44 2420 | 448b 5424 | 50e9 a6d5 | ffff 4489 | 5c24 2048 
  0x000002a7f0422c34: 8b6c 2458 

  0x000002a7f0422c38: ;   {metadata('org/gradle/internal/operations/OperationFinishEvent')}
  0x000002a7f0422c38: 48ba 980e | 3e8f a702 

  0x000002a7f0422c40: ;   {runtime_call _new_instance_Java}
  0x000002a7f0422c40: 0000 90e8 

  0x000002a7f0422c44: ; ImmutableOopMap {rbp=Oop [32]=NarrowOop [48]=Oop [56]=Oop [64]=Oop [72]=Oop [104]=Oop [112]=Oop [120]=Oop [128]=Oop }
                      ;*new {reexecute=0 rethrow=0 return_oop=1}
                      ; - org.gradle.internal.operations.BuildOperationProgressEventListenerAdapter::stop@52 (line 79)
                      ; - org.gradle.internal.operations.DefaultBuildOperationRunner$BuildOperationTrackingListener::stop@9 (line 248)
                      ; - org.gradle.internal.operations.DefaultBuildOperationRunner$2::execute@62 (line 73)
                      ; - org.gradle.internal.operations.DefaultBuildOperationRunner$2::execute@8 (line 59)
                      ; - org.gradle.internal.operations.DefaultBuildOperationRunner::execute@141 (line 166)
  0x000002a7f0422c44: 38f5 4aff 

  0x000002a7f0422c48: ;   {other}
  0x000002a7f0422c48: 0f1f 8400 | b854 0040 | 4c8b c544 | 8b5c 2420 | e9a7 d8ff | ff44 8b4f | 1c45 85c9 | 0f84 41e1 
  0x000002a7f0422c68: ffff 4d8b | 4728 498b | c948 c1e1 | 034d 85c0 | 0f84 e32b | 0000 4d8b | 4f38 4b89 | 4c01 f849 
  0x000002a7f0422c88: 83c0 f84d | 8947 28e9 | 17e1 ffff | 448b 4710 | 4585 c00f | 84bc e0ff | ff4d 8b4f | 2849 8bc8 
  0x000002a7f0422ca8: 48c1 e103 | 4d85 c90f | 844f 2b00 | 004d 8b47 | 384b 894c | 08f8 4983 | c1f8 4d89 | 4f28 e992 
  0x000002a7f0422cc8: e0ff ff45 | 8b5d 0045 | 85db 0f84 | 21e1 ffff | 4d8b 5728 | 498b cb48 | c1e1 034d | 85d2 0f84 
  0x000002a7f0422ce8: d22b 0000 | 4d8b 5f38 | 4b89 4c13 | f849 83c2 | f84d 8957 | 28e9 f7e0 | ffff 4d8b | 4758 4d8b 
  0x000002a7f0422d08: 4f48 f083 | 4424 c000 | 8039 000f | 84c2 e0ff | ff44 8821 | 4d85 c975 | 4b48 897c | 2438 4889 
  0x000002a7f0422d28: 6c24 3089 | 5c24 2045 | 8bf3 418b | ea44 8bee | 498b d749 | baa0 14cb | a9f9 7f00 

  0x000002a7f0422d44: ;   {no_reloc}
  0x000002a7f0422d44: 0041 ffd2 

  0x000002a7f0422d48: ;   {other}
  0x000002a7f0422d48: 0f1f 8400 | 0000 0000 | 418b f544 | 8bd5 458b | de8b 5c24 | 2048 8b6c | 2430 488b | 7c24 38e9 
  0x000002a7f0422d68: 6fe0 ffff | 4b89 4c08 | f849 83c1 | f84d 894f | 48e9 5de0 | ffff 4d8b | 4758 4d8b | 4f48 f083 
  0x000002a7f0422d88: 4424 c000 | 8039 000f | 8405 e0ff | ff44 8821 | 4d85 c975 | 5d48 897c | 2448 4889 | 6c24 4089 
  0x000002a7f0422da8: 5c24 3844 | 895c 2434 | 4489 5424 | 304c 896c | 2420 448b | ee49 8bd7 | 49ba a014 | cba9 f97f 
  0x000002a7f0422dc8: 0000 41ff 

  0x000002a7f0422dcc: ;   {other}
  0x000002a7f0422dcc: d20f 1f84 | 0000 0000 | 0041 8bf5 | 4c8b 6c24 | 2044 8b54 | 2430 448b | 5c24 348b | 5c24 3848 
  0x000002a7f0422dec: 8b6c 2440 | 488b 7c24 | 48e9 a0df | ffff 4b89 | 4c08 f849 | 83c1 f84d | 894f 48e9 | 8edf ffff 
  0x000002a7f0422e0c: 4d8b 5758 | 4d8b 5f48 | f083 4424 | c000 4180 | 3800 0f84 | 08e0 ffff | 4588 204d | 85db 7520 
  0x000002a7f0422e2c: 498b c849 | 8bd7 49ba | a014 cba9 | f97f 0000 

  0x000002a7f0422e3c: ;   {other}
  0x000002a7f0422e3c: 41ff d20f | 1f84 0000 | 0000 00e9 | e0df ffff | 4f89 441a | f849 83c3 | f84d 895f | 48e9 cedf 
  0x000002a7f0422e5c: ffff 488b | 5c24 784c | 8b94 2490 | 0000 00e9 | eeb5 ffff | 488b cd48 | 8b5c 2420 | 4c8b 4c24 
  0x000002a7f0422e7c: 50e9 75d7 | ffff 4c89 | 7424 7889 | 7424 6444 | 8954 2460 | 4489 4424 | 544c 895c | 2458 897c 
  0x000002a7f0422e9c: 2450 48ff | 7424 3048 | 8f44 2440 | 48ff b424 | 9000 0000 | 488f 4424 | 3848 ff74 | 2468 488f 
  0x000002a7f0422ebc: 4424 4848 | 895c 2430 | 48ff b424 | 8800 0000 | 488f 4424 | 7048 ffb4 | 2480 0000 | 0048 8f44 
  0x000002a7f0422edc: 2468 48ff | b424 9800 | 0000 488f | 4424 2848 | ffb4 24a8 | 0000 0048 | 8f44 2420 

  0x000002a7f0422ef8: ;   {metadata('java/lang/ThreadLocal$ThreadLocalMap$Entry')}
  0x000002a7f0422ef8: 48ba 584d | 228e a702 

  0x000002a7f0422f00: ;   {runtime_call _new_instance_Java}
  0x000002a7f0422f00: 0000 90e8 

  0x000002a7f0422f04: ; ImmutableOopMap {rbp=Oop [32]=Oop [40]=Oop [56]=Oop [64]=Oop [72]=Oop [80]=NarrowOop [84]=NarrowOop [88]=Oop [104]=Oop [112]=Oop [120]=Oop [164]=NarrowOop [168]=Oop }
                      ;*new {reexecute=0 rethrow=0 return_oop=1}
                      ; - java.lang.ThreadLocal$ThreadLocalMap::set@85 (line 563)
                      ; - java.lang.ThreadLocal::set@13 (line 265)
                      ; - java.lang.ThreadLocal::set@5 (line 251)
                      ; - org.gradle.internal.operations.CurrentBuildOperationRef::set@16 (line 56)
                      ; - org.gradle.internal.operations.DefaultBuildOperationRunner$BuildOperationTrackingListener::start@19 (line 230)
                      ; - org.gradle.internal.operations.DefaultBuildOperationRunner$2::execute@4 (line 63)
                      ; - org.gradle.internal.operations.DefaultBuildOperationRunner$2::execute@8 (line 59)
                      ; - org.gradle.internal.operations.DefaultBuildOperationRunner::execute@141 (line 166)
  0x000002a7f0422f04: 78f2 4aff 

  0x000002a7f0422f08: ;   {other}
  0x000002a7f0422f08: 0f1f 8400 | 7857 0041 | 48ff 7424 | 2848 8f84 | 2498 0000 | 0048 ff74 | 2468 488f | 8424 8000 
  0x000002a7f0422f28: 0000 48ff | 7424 7048 | 8f84 2488 | 0000 0048 | 8b5c 2430 | 48ff 7424 | 4848 8f44 | 2468 48ff 
  0x000002a7f0422f48: 7424 3848 | 8f84 2490 | 0000 0048 | ff74 2440 | 488f 4424 | 308b 7c24 | 504c 8b5c | 2458 448b 
  0x000002a7f0422f68: 4424 5444 | 8b54 2460 | 8b74 2464 | 4c8b 7424 | 784c 8bc8 | e9b3 baff 

  0x000002a7f0422f80: ;   {metadata('java/lang/ThreadLocal$ThreadLocalMap$Entry')}
  0x000002a7f0422f80: ff48 ba58 | 4d22 8ea7 

  0x000002a7f0422f88: ;   {runtime_call _new_instance_Java}
  0x000002a7f0422f88: 0200 00e8 

  0x000002a7f0422f8c: ; ImmutableOopMap {rbp=Oop [32]=Oop [48]=Oop [56]=NarrowOop [64]=Oop [72]=Oop [80]=Oop [88]=Oop [96]=Oop [104]=Oop [112]=Oop [120]=Oop [128]=NarrowOop [136]=NarrowOop [140]=NarrowOop [144]=Oop [152]=NarrowOop [168]=Oop }
                      ;*new {reexecute=0 rethrow=0 return_oop=1}
                      ; - java.lang.ThreadLocal$ThreadLocalMap::set@85 (line 563)
                      ; - java.lang.ThreadLocal::set@13 (line 265)
                      ; - java.lang.ThreadLocal::set@5 (line 251)
                      ; - org.gradle.internal.logging.progress.DefaultProgressLoggerFactory$ProgressLoggerImpl::started@127 (line 214)
                      ; - org.gradle.internal.logging.progress.DefaultProgressLoggerFactory$ProgressLoggerImpl::started@6 (line 190)
                      ; - org.gradle.internal.logging.progress.DefaultProgressLoggerFactory$ProgressLoggerImpl::start@8 (line 179)
                      ; - org.gradle.internal.operations.BuildOperationProgressEventListenerAdapter::start@44 (line 50)
                      ; - org.gradle.internal.operations.DefaultBuildOperationRunner$BuildOperationTrackingListener::start@47 (line 233)
                      ; - org.gradle.internal.operations.DefaultBuildOperationRunner$2::execute@4 (line 63)
                      ; - org.gradle.internal.operations.DefaultBuildOperationRunner$2::execute@8 (line 59)
                      ; - org.gradle.internal.operations.DefaultBuildOperationRunner::execute@141 (line 166)
  0x000002a7f0422f8c: f0f1 4aff 

  0x000002a7f0422f90: ;   {other}
  0x000002a7f0422f90: 0f1f 8400 | 0058 0042 | 4c8b d8e9 | 2fc5 ffff 

  0x000002a7f0422fa0: ;   {metadata('java/lang/ThreadLocal$ThreadLocalMap$Entry')}
  0x000002a7f0422fa0: 48ba 584d | 228e a702 

  0x000002a7f0422fa8: ;   {runtime_call _new_instance_Java}
  0x000002a7f0422fa8: 0000 90e8 

  0x000002a7f0422fac: ; ImmutableOopMap {rbp=Oop [32]=Oop [48]=Oop [56]=Oop [64]=Oop [72]=Oop [80]=Oop [88]=Oop [104]=Oop [112]=Oop [120]=Oop [128]=Oop [136]=NarrowOop [140]=NarrowOop [144]=Oop [152]=NarrowOop [156]=NarrowOop [160]=Oop [200]=Oop }
                      ;*new {reexecute=0 rethrow=0 return_oop=1}
                      ; - java.lang.ThreadLocal$ThreadLocalMap::set@85 (line 563)
                      ; - java.lang.ThreadLocal::set@13 (line 265)
                      ; - java.lang.ThreadLocal::set@5 (line 251)
                      ; - org.gradle.internal.logging.progress.DefaultProgressLoggerFactory$ProgressLoggerImpl::completed@22 (line 250)
                      ; - org.gradle.internal.operations.BuildOperationProgressEventListenerAdapter::stop@42 (line 78)
                      ; - org.gradle.internal.operations.DefaultBuildOperationRunner$BuildOperationTrackingListener::stop@9 (line 248)
                      ; - org.gradle.internal.operations.DefaultBuildOperationRunner$2::execute@62 (line 73)
                      ; - org.gradle.internal.operations.DefaultBuildOperationRunner$2::execute@8 (line 59)
                      ; - org.gradle.internal.operations.DefaultBuildOperationRunner::execute@141 (line 166)
  0x000002a7f0422fac: d0f1 4aff 

  0x000002a7f0422fb0: ;   {other}
  0x000002a7f0422fb0: 0f1f 8400 | 2058 0043 | 4c8b d8e9 | edcf ffff | 4533 c9e9 | c5df ffff | 4889 6c24 | 5889 5c24 
  0x000002a7f0422fd0: 5444 895c | 2450 4489 | 5424 3c4c | 896c 2448 | 4c89 4424 | 4089 7424 | 3848 ff74 | 2468 488f 
  0x000002a7f0422ff0: 4424 3044 | 8974 2424 | 4889 4424 | f88b 4424 | 6089 4424 | 2048 8b44 | 24f8 488b | ac24 8000 
  0x000002a7f0423010: ;   {metadata('java/lang/ThreadLocal$ThreadLocalMap$Entry')}
  0x000002a7f0423010: 0000 48ba | 584d 228e | a702 0000 

  0x000002a7f042301c: ;   {runtime_call _new_instance_Java}
  0x000002a7f042301c: 6666 90e8 

  0x000002a7f0423020: ; ImmutableOopMap {rbp=Oop [32]=NarrowOop [36]=NarrowOop [48]=Oop [56]=NarrowOop [60]=NarrowOop [64]=Oop [72]=Oop [88]=Oop [112]=Oop [120]=Oop [128]=Oop }
                      ;*new {reexecute=0 rethrow=0 return_oop=1}
                      ; - java.lang.ThreadLocal$ThreadLocalMap::set@85 (line 563)
                      ; - java.lang.ThreadLocal::set@13 (line 265)
                      ; - java.lang.ThreadLocal::set@5 (line 251)
                      ; - org.gradle.internal.operations.CurrentBuildOperationRef::set@16 (line 56)
                      ; - org.gradle.internal.operations.DefaultBuildOperationRunner$BuildOperationTrackingListener::close@19 (line 256)
                      ; - org.gradle.internal.operations.DefaultBuildOperationRunner$2::execute@88 (line 79)
                      ; - org.gradle.internal.operations.DefaultBuildOperationRunner$2::execute@8 (line 59)
                      ; - org.gradle.internal.operations.DefaultBuildOperationRunner::execute@141 (line 166)
  0x000002a7f0423020: 5cf1 4aff 

  0x000002a7f0423024: ;   {other}
  0x000002a7f0423024: 0f1f 8400 | 9458 0044 | 4889 4424 | f88b 4424 | 2089 4424 | 6048 8b44 | 24f8 448b | 7424 2448 
  0x000002a7f0423044: ff74 2430 | 488f 4424 | 688b 7424 | 384c 8b44 | 2440 4c8b | 6c24 4844 | 8b54 243c | 448b 5c24 
  0x000002a7f0423064: 508b 5c24 | 5448 8b6c | 2458 488b | f8e9 d1dc | ffff bae4 | ffff ff48 | 8b6c 2430 | 4c8b 5424 
  0x000002a7f0423084: 704c 8954 | 2428 4c8b | 5424 484c | 8954 2430 | 4c8b 5424 | 404c 8954 | 2438 4c8b | 5424 684c 
  0x000002a7f04230a4: 8954 2440 | 4c8b 5424 | 784c 8954 | 2448 4c8b | 5424 684c | 8954 2450 | 4889 5c24 | 584c 8944 
  0x000002a7f04230c4: 2470 894c | 246c 894c | 2478 4489 

  0x000002a7f04230d0: ;   {runtime_call UncommonTrapBlob}
  0x000002a7f04230d0: 5c24 7ce8 

  0x000002a7f04230d4: ; ImmutableOopMap {rbp=Oop [40]=Oop [48]=Oop [56]=Oop [64]=Oop [72]=Oop [80]=Oop [88]=Oop [112]=Oop }
                      ;*invokestatic checkIndex {reexecute=0 rethrow=0 return_oop=0}
                      ; - java.util.Objects::checkIndex@3 (line 385)
                      ; - java.util.ArrayList::get@5 (line 427)
                      ; - org.gradle.internal.operations.DefaultBuildOperationListenerManager$1::finished@26 (line 60)
                      ; - org.gradle.internal.operations.BuildOperationProgressEventListenerAdapter::stop@86 (line 79)
                      ; - org.gradle.internal.operations.DefaultBuildOperationRunner$BuildOperationTrackingListener::stop@9 (line 248)
                      ; - org.gradle.internal.operations.DefaultBuildOperationRunner$2::execute@62 (line 73)
                      ; - org.gradle.internal.operations.DefaultBuildOperationRunner$2::execute@8 (line 59)
                      ; - org.gradle.internal.operations.DefaultBuildOperationRunner::execute@141 (line 166)
  0x000002a7f04230d4: 2815 3dff 

  0x000002a7f04230d8: ;   {other}
  0x000002a7f04230d8: 0f1f 8400 | 4859 0045 | bae4 ffff | ff48 8b6c | 2430 4c8b | 4c24 704c | 894c 2428 | 4c8b 4c24 
  0x000002a7f04230f8: 484c 894c | 2430 4c8b | 4c24 404c | 894c 2438 | 4c8b 4c24 | 684c 894c | 2440 4c8b | 4c24 684c 
  0x000002a7f0423118: 894c 2450 | 4889 5c24 | 584c 8944 | 2460 894c | 2468 4489 | 5c24 6c44 | 8954 2470 

  0x000002a7f0423134: ;   {runtime_call UncommonTrapBlob}
  0x000002a7f0423134: 6666 90e8 

  0x000002a7f0423138: ; ImmutableOopMap {rbp=Oop [40]=Oop [48]=Oop [56]=Oop [64]=Oop [80]=Oop [88]=Oop [96]=Oop [108]=NarrowOop [120]=Oop }
                      ;*aaload {reexecute=0 rethrow=0 return_oop=0}
                      ; - java.util.ArrayList::elementData@5 (line 411)
                      ; - java.util.ArrayList::get@11 (line 428)
                      ; - org.gradle.internal.operations.DefaultBuildOperationListenerManager$1::finished@26 (line 60)
                      ; - org.gradle.internal.operations.BuildOperationProgressEventListenerAdapter::stop@86 (line 79)
                      ; - org.gradle.internal.operations.DefaultBuildOperationRunner$BuildOperationTrackingListener::stop@9 (line 248)
                      ; - org.gradle.internal.operations.DefaultBuildOperationRunner$2::execute@62 (line 73)
                      ; - org.gradle.internal.operations.DefaultBuildOperationRunner$2::execute@8 (line 59)
                      ; - org.gradle.internal.operations.DefaultBuildOperationRunner::execute@141 (line 166)
  0x000002a7f0423138: c414 3dff 

  0x000002a7f042313c: ;   {other}
  0x000002a7f042313c: 0f1f 8400 | ac59 0046 | bacc ffff | ff48 8b6c | 2430 4c8b | 5424 704c | 8954 2428 | 4c8b 5424 
  0x000002a7f042315c: 484c 8954 | 2430 4c8b | 5424 404c | 8954 2438 | 4c8b 5424 | 684c 8954 | 2440 4c8b | 5424 784c 
  0x000002a7f042317c: 8954 2448 | 4c8b 5424 | 684c 8954 | 2450 4889 | 5c24 584c | 8944 2470 | 894c 246c | 894c 2478 
  0x000002a7f042319c: 4489 5c24 

  0x000002a7f04231a0: ;   {runtime_call UncommonTrapBlob}
  0x000002a7f04231a0: 7c66 90e8 

  0x000002a7f04231a4: ; ImmutableOopMap {rbp=Oop [40]=Oop [48]=Oop [56]=Oop [64]=Oop [72]=Oop [80]=Oop [88]=Oop [112]=Oop }
                      ;*invokestatic checkIndex {reexecute=0 rethrow=0 return_oop=0}
                      ; - java.util.Objects::checkIndex@3 (line 385)
                      ; - java.util.ArrayList::get@5 (line 427)
                      ; - org.gradle.internal.operations.DefaultBuildOperationListenerManager$1::finished@26 (line 60)
                      ; - org.gradle.internal.operations.BuildOperationProgressEventListenerAdapter::stop@86 (line 79)
                      ; - org.gradle.internal.operations.DefaultBuildOperationRunner$BuildOperationTrackingListener::stop@9 (line 248)
                      ; - org.gradle.internal.operations.DefaultBuildOperationRunner$2::execute@62 (line 73)
                      ; - org.gradle.internal.operations.DefaultBuildOperationRunner$2::execute@8 (line 59)
                      ; - org.gradle.internal.operations.DefaultBuildOperationRunner::execute@141 (line 166)
  0x000002a7f04231a4: 5814 3dff 

  0x000002a7f04231a8: ;   {other}
  0x000002a7f04231a8: 0f1f 8400 | 185a 0047 | bade ffff | ff4c 8b5c | 2430 4c89 | 5c24 204c | 8b5c 2470 | 4c89 5c24 
  0x000002a7f04231c8: 304c 8b5c | 2448 4c89 | 5c24 3848 | ff74 2468 | 488f 4424 | 484c 8b5c | 2478 4c89 | 5c24 5048 
  0x000002a7f04231e8: ff74 2468 | 488f 4424 | 584c 8944 | 2468 4489 | 5424 7048 | 899c 2480 | 0000 0044 | 894c 2474 
  0x000002a7f0423208: 89bc 2488 

  0x000002a7f042320c: ;   {runtime_call UncommonTrapBlob}
  0x000002a7f042320c: 0000 00e8 

  0x000002a7f0423210: ; ImmutableOopMap {rbp=Oop [32]=Oop [48]=Oop [56]=Oop [64]=Oop [72]=Oop [80]=Oop [88]=Oop [104]=Oop [116]=NarrowOop [128]=Oop [136]=NarrowOop }
                      ;*invokeinterface remove {reexecute=0 rethrow=0 return_oop=0}
                      ; - org.gradle.internal.operations.DefaultBuildOperationListenerManager$ProgressShieldingBuildOperationListener::finished@8 (line 126)
                      ; - org.gradle.internal.operations.DefaultBuildOperationListenerManager$1::finished@36 (line 60)
                      ; - org.gradle.internal.operations.BuildOperationProgressEventListenerAdapter::stop@86 (line 79)
                      ; - org.gradle.internal.operations.DefaultBuildOperationRunner$BuildOperationTrackingListener::stop@9 (line 248)
                      ; - org.gradle.internal.operations.DefaultBuildOperationRunner$2::execute@62 (line 73)
                      ; - org.gradle.internal.operations.DefaultBuildOperationRunner$2::execute@8 (line 59)
                      ; - org.gradle.internal.operations.DefaultBuildOperationRunner::execute@141 (line 166)
  0x000002a7f0423210: ec13 3dff 

  0x000002a7f0423214: ;   {other}
  0x000002a7f0423214: 0f1f 8400 | 845a 0048 | bae4 ffff | ff48 8b6c | 2430 48ff | 7424 6848 | 8f44 2440 | 4c89 5424 
  0x000002a7f0423234: 4848 ffb4 | 2480 0000 | 0048 8f44 | 2450 48ff | b424 8000 | 0000 488f | 4424 584c | 895c 2460 
  0x000002a7f0423254: 4c89 4424 | 7889 7c24 | 7489 bc24 | 8000 0000 | 898c 2484 

  0x000002a7f0423268: ;   {runtime_call UncommonTrapBlob}
  0x000002a7f0423268: 0000 00e8 

  0x000002a7f042326c: ; ImmutableOopMap {rbp=Oop [64]=Oop [72]=Oop [80]=Oop [88]=Oop [96]=Oop [120]=Oop [136]=Oop [144]=Oop [168]=Oop }
                      ;*invokestatic checkIndex {reexecute=0 rethrow=0 return_oop=0}
                      ; - java.util.Objects::checkIndex@3 (line 385)
                      ; - java.util.ArrayList::get@5 (line 427)
                      ; - org.gradle.internal.operations.DefaultBuildOperationListenerManager$1::started@25 (line 43)
                      ; - org.gradle.internal.operations.BuildOperationProgressEventListenerAdapter::start@16 (line 48)
                      ; - org.gradle.internal.operations.DefaultBuildOperationRunner$BuildOperationTrackingListener::start@47 (line 233)
                      ; - org.gradle.internal.operations.DefaultBuildOperationRunner$2::execute@4 (line 63)
                      ; - org.gradle.internal.operations.DefaultBuildOperationRunner$2::execute@8 (line 59)
                      ; - org.gradle.internal.operations.DefaultBuildOperationRunner::execute@141 (line 166)
  0x000002a7f042326c: 9013 3dff 

  0x000002a7f0423270: ;   {other}
  0x000002a7f0423270: 0f1f 8400 | e05a 0049 | bae4 ffff | ff48 8b6c | 2430 48ff | 7424 6848 | 8f44 2440 | 4c89 5424 
  0x000002a7f0423290: 484c 895c | 2460 4c89 | 4424 6889 | 7c24 7089 | 7424 7444 | 894c 2478 

  0x000002a7f04232a8: ;   {runtime_call UncommonTrapBlob}
  0x000002a7f04232a8: 6666 90e8 

  0x000002a7f04232ac: ; ImmutableOopMap {rbp=Oop [64]=Oop [72]=Oop [96]=Oop [104]=Oop [116]=NarrowOop [128]=Oop [136]=Oop [144]=Oop [168]=Oop }
                      ;*aaload {reexecute=0 rethrow=0 return_oop=0}
                      ; - java.util.ArrayList::elementData@5 (line 411)
                      ; - java.util.ArrayList::get@11 (line 428)
                      ; - org.gradle.internal.operations.DefaultBuildOperationListenerManager$1::started@25 (line 43)
                      ; - org.gradle.internal.operations.BuildOperationProgressEventListenerAdapter::start@16 (line 48)
                      ; - org.gradle.internal.operations.DefaultBuildOperationRunner$BuildOperationTrackingListener::start@47 (line 233)
                      ; - org.gradle.internal.operations.DefaultBuildOperationRunner$2::execute@4 (line 63)
                      ; - org.gradle.internal.operations.DefaultBuildOperationRunner$2::execute@8 (line 59)
                      ; - org.gradle.internal.operations.DefaultBuildOperationRunner::execute@141 (line 166)
  0x000002a7f04232ac: 5013 3dff 

  0x000002a7f04232b0: ;   {other}
  0x000002a7f04232b0: 0f1f 8400 | 205b 004a | bacc ffff | ff48 8b6c | 2430 48ff | 7424 6848 | 8f44 2440 | 4c89 5424 
  0x000002a7f04232d0: 4848 ffb4 | 2480 0000 | 0048 8f44 | 2450 48ff | b424 8000 | 0000 488f | 4424 584c | 895c 2460 
  0x000002a7f04232f0: 4c89 4424 | 7889 7c24 | 7489 bc24 | 8000 0000 | 898c 2484 

  0x000002a7f0423304: ;   {runtime_call UncommonTrapBlob}
  0x000002a7f0423304: 0000 00e8 

  0x000002a7f0423308: ; ImmutableOopMap {rbp=Oop [64]=Oop [72]=Oop [80]=Oop [88]=Oop [96]=Oop [120]=Oop [136]=Oop [144]=Oop [168]=Oop }
                      ;*invokestatic checkIndex {reexecute=0 rethrow=0 return_oop=0}
                      ; - java.util.Objects::checkIndex@3 (line 385)
                      ; - java.util.ArrayList::get@5 (line 427)
                      ; - org.gradle.internal.operations.DefaultBuildOperationListenerManager$1::started@25 (line 43)
                      ; - org.gradle.internal.operations.BuildOperationProgressEventListenerAdapter::start@16 (line 48)
                      ; - org.gradle.internal.operations.DefaultBuildOperationRunner$BuildOperationTrackingListener::start@47 (line 233)
                      ; - org.gradle.internal.operations.DefaultBuildOperationRunner$2::execute@4 (line 63)
                      ; - org.gradle.internal.operations.DefaultBuildOperationRunner$2::execute@8 (line 59)
                      ; - org.gradle.internal.operations.DefaultBuildOperationRunner::execute@141 (line 166)
  0x000002a7f0423308: f412 3dff 

  0x000002a7f042330c: ;   {other}
  0x000002a7f042330c: 0f1f 8400 | 7c5b 004b | bade ffff | ff48 ff74 | 2430 488f | 4424 2048 | ffb4 2488 | 0000 0048 
  0x000002a7f042332c: 8f44 2430 | 48ff b424 | 9000 0000 | 488f 4424 | 4048 ff74 | 2468 488f | 4424 484c | 8954 2450 
  0x000002a7f042334c: 4c89 4424 | 7044 894c | 2478 4c89 | 9c24 8800 | 0000 8974 | 247c 898c | 2490 0000 

  0x000002a7f0423368: ;   {runtime_call UncommonTrapBlob}
  0x000002a7f0423368: 0066 90e8 

  0x000002a7f042336c: ; ImmutableOopMap {rbp=Oop [32]=Oop [48]=Oop [64]=Oop [72]=Oop [80]=Oop [112]=Oop [124]=NarrowOop [128]=Oop [136]=Oop [144]=NarrowOop [168]=Oop }
                      ;*invokeinterface put {reexecute=0 rethrow=0 return_oop=0}
                      ; - org.gradle.internal.operations.DefaultBuildOperationListenerManager$ProgressShieldingBuildOperationListener::started@11 (line 113)
                      ; - org.gradle.internal.operations.DefaultBuildOperationListenerManager$1::started@35 (line 43)
                      ; - org.gradle.internal.operations.BuildOperationProgressEventListenerAdapter::start@16 (line 48)
                      ; - org.gradle.internal.operations.DefaultBuildOperationRunner$BuildOperationTrackingListener::start@47 (line 233)
                      ; - org.gradle.internal.operations.DefaultBuildOperationRunner$2::execute@4 (line 63)
                      ; - org.gradle.internal.operations.DefaultBuildOperationRunner$2::execute@8 (line 59)
                      ; - org.gradle.internal.operations.DefaultBuildOperationRunner::execute@141 (line 166)
  0x000002a7f042336c: 9012 3dff 

  0x000002a7f0423370: ;   {other}
  0x000002a7f0423370: 0f1f 8400 | e05b 004c | bae4 ffff | ff48 8b6c | 2430 48ff | b424 8000 | 0000 488f | 4424 2048 
  0x000002a7f0423390: ffb4 2488 | 0000 0048 | 8f44 2428 | 48ff 7424 | 6848 8f44 | 2448 897c | 2460 4c89 | 5c24 6844 
  0x000002a7f04233b0: 8954 2478 | 4489 8424 | 8000 0000 | 89b4 2484 

  0x000002a7f04233c0: ;   {runtime_call UncommonTrapBlob}
  0x000002a7f04233c0: 0000 00e8 

  0x000002a7f04233c4: ; ImmutableOopMap {rbp=Oop [32]=Oop [40]=Oop [72]=Oop [96]=NarrowOop [104]=Oop [128]=NarrowOop [144]=Oop [168]=Oop }
                      ;*aaload {reexecute=0 rethrow=0 return_oop=0}
                      ; - java.lang.ThreadLocal$ThreadLocalMap::set@76 (line 551)
                      ; - java.lang.ThreadLocal::set@13 (line 265)
                      ; - java.lang.ThreadLocal::set@5 (line 251)
                      ; - org.gradle.internal.operations.CurrentBuildOperationRef::set@16 (line 56)
                      ; - org.gradle.internal.operations.DefaultBuildOperationRunner$BuildOperationTrackingListener::start@19 (line 230)
                      ; - org.gradle.internal.operations.DefaultBuildOperationRunner$2::execute@4 (line 63)
                      ; - org.gradle.internal.operations.DefaultBuildOperationRunner$2::execute@8 (line 59)
                      ; - org.gradle.internal.operations.DefaultBuildOperationRunner::execute@141 (line 166)
  0x000002a7f04233c4: 3812 3dff 

  0x000002a7f04233c8: ;   {other}
  0x000002a7f04233c8: 0f1f 8400 | 385c 004d | bae4 ffff | ff48 8b6c | 2430 4c8b | 5424 684c | 8954 2420 | 4c8b 5424 
  0x000002a7f04233e8: 704c 8954 | 2428 4c8b | 5424 784c | 8954 2430 | 4c8b 5424 | 404c 8954 | 2438 4c8b | 5424 484c 
  0x000002a7f0423408: 8954 2440 | 4c8b 5424 | 504c 8954 | 2448 4c8b | 5424 584c | 8954 2450 | 448b 9424 | 8000 0000 
  0x000002a7f0423428: 4489 5424 | 6044 8b9c | 2484 0000 | 0044 895c | 2464 448b | 9424 8800 | 0000 4489 | 5424 6844 
  0x000002a7f0423448: 8b9c 248c | 0000 0044 | 895c 246c | 4c8b 9424 | 9000 0000 | 4c89 5424 | 7044 8b94 | 2498 0000 
  0x000002a7f0423468: 0044 8994 | 248c 0000 | 0044 8984 | 2490 0000 

  0x000002a7f0423478: ;   {runtime_call UncommonTrapBlob}
  0x000002a7f0423478: 0066 90e8 

  0x000002a7f042347c: ; ImmutableOopMap {rbp=Oop [32]=Oop [40]=Oop [48]=Oop [56]=Oop [64]=Oop [72]=Oop [80]=Oop [96]=NarrowOop [104]=NarrowOop [108]=NarrowOop [112]=Oop [140]=NarrowOop [152]=NarrowOop }
                      ;*aaload {reexecute=0 rethrow=0 return_oop=0}
                      ; - java.lang.ThreadLocal$ThreadLocalMap::set@76 (line 551)
                      ; - java.lang.ThreadLocal::set@13 (line 265)
                      ; - java.lang.ThreadLocal::set@5 (line 251)
                      ; - org.gradle.internal.logging.progress.DefaultProgressLoggerFactory$ProgressLoggerImpl::started@127 (line 214)
                      ; - org.gradle.internal.logging.progress.DefaultProgressLoggerFactory$ProgressLoggerImpl::started@6 (line 190)
                      ; - org.gradle.internal.logging.progress.DefaultProgressLoggerFactory$ProgressLoggerImpl::start@8 (line 179)
                      ; - org.gradle.internal.operations.BuildOperationProgressEventListenerAdapter::start@44 (line 50)
                      ; - org.gradle.internal.operations.DefaultBuildOperationRunner$BuildOperationTrackingListener::start@47 (line 233)
                      ; - org.gradle.internal.operations.DefaultBuildOperationRunner$2::execute@4 (line 63)
                      ; - org.gradle.internal.operations.DefaultBuildOperationRunner$2::execute@8 (line 59)
                      ; - org.gradle.internal.operations.DefaultBuildOperationRunner::execute@141 (line 166)
  0x000002a7f042347c: 8011 3dff 

  0x000002a7f0423480: ;   {other}
  0x000002a7f0423480: 0f1f 8400 | f05c 004e | bae4 ffff | ff48 8b6c | 2430 4c8b | 5c24 484c | 895c 2430 | 4c8b 5c24 
  0x000002a7f04234a0: 404c 895c | 2438 4c8b | 5c24 684c | 895c 2440 | 4c8b 5c24 | 784c 895c | 2448 4c8b | 5c24 584c 
  0x000002a7f04234c0: 895c 2450 | 4c8b 5c24 | 684c 895c | 2458 4c8b | 5c24 704c | 895c 2460 | 4c8b 9c24 | 8000 0000 
  0x000002a7f04234e0: 4c89 5c24 | 684c 8b9c | 2490 0000 | 004c 895c | 2470 448b | 9c24 8800 | 0000 4489 | 5c24 7844 
  0x000002a7f0423500: 8b84 248c | 0000 0044 | 8944 247c | 448b 9c24 | 9800 0000 | 4489 9c24 | 8800 0000 | 448b 8424 
  0x000002a7f0423520: 9c00 0000 | 4489 8424 | 9800 0000 | 4489 9424 | 9c00 0000 

  0x000002a7f0423534: ;   {runtime_call UncommonTrapBlob}
  0x000002a7f0423534: 6666 90e8 

  0x000002a7f0423538: ; ImmutableOopMap {rbp=Oop [48]=Oop [56]=Oop [64]=Oop [72]=Oop [80]=Oop [88]=Oop [96]=Oop [104]=Oop [112]=Oop [120]=NarrowOop [124]=NarrowOop [136]=NarrowOop [152]=NarrowOop [160]=Oop }
                      ;*aaload {reexecute=0 rethrow=0 return_oop=0}
                      ; - java.lang.ThreadLocal$ThreadLocalMap::set@76 (line 551)
                      ; - java.lang.ThreadLocal::set@13 (line 265)
                      ; - java.lang.ThreadLocal::set@5 (line 251)
                      ; - org.gradle.internal.logging.progress.DefaultProgressLoggerFactory$ProgressLoggerImpl::completed@22 (line 250)
                      ; - org.gradle.internal.operations.BuildOperationProgressEventListenerAdapter::stop@42 (line 78)
                      ; - org.gradle.internal.operations.DefaultBuildOperationRunner$BuildOperationTrackingListener::stop@9 (line 248)
                      ; - org.gradle.internal.operations.DefaultBuildOperationRunner$2::execute@62 (line 73)
                      ; - org.gradle.internal.operations.DefaultBuildOperationRunner$2::execute@8 (line 59)
                      ; - org.gradle.internal.operations.DefaultBuildOperationRunner::execute@141 (line 166)
  0x000002a7f0423538: c410 3dff 

  0x000002a7f042353c: ;   {other}
  0x000002a7f042353c: 0f1f 8400 | ac5d 004f | 33ed 85d2 | 400f 94c5 | ba45 ffff | ff48 ff74 | 2430 488f | 4424 2048 
  0x000002a7f042355c: ffb4 2480 | 0000 0048 | 8f44 2428 | 48ff b424 | 8800 0000 | 488f 4424 | 3048 ff74 | 2468 488f 
  0x000002a7f042357c: 4424 5089 | 7c24 684c | 895c 2470 | 8974 246c 

  0x000002a7f042358c: ;   {runtime_call UncommonTrapBlob}
  0x000002a7f042358c: 6666 90e8 

  0x000002a7f0423590: ; ImmutableOopMap {[32]=Oop [40]=Oop [48]=Oop [80]=Oop [104]=NarrowOop [112]=Oop [144]=Oop [168]=Oop }
                      ;*ifeq {reexecute=1 rethrow=0 return_oop=0}
                      ; - (reexecute) java.lang.ThreadLocal$ThreadLocalMap::set@53 (line 557)
                      ; - java.lang.ThreadLocal::set@13 (line 265)
                      ; - java.lang.ThreadLocal::set@5 (line 251)
                      ; - org.gradle.internal.operations.CurrentBuildOperationRef::set@16 (line 56)
                      ; - org.gradle.internal.operations.DefaultBuildOperationRunner$BuildOperationTrackingListener::start@19 (line 230)
                      ; - org.gradle.internal.operations.DefaultBuildOperationRunner$2::execute@4 (line 63)
                      ; - org.gradle.internal.operations.DefaultBuildOperationRunner$2::execute@8 (line 59)
                      ; - org.gradle.internal.operations.DefaultBuildOperationRunner::execute@141 (line 166)
  0x000002a7f0423590: 6c10 3dff 

  0x000002a7f0423594: ;   {other}
  0x000002a7f0423594: 0f1f 8400 | 045e 0050 | 33ed 4585 | db40 0f94 | c5ba 45ff | ffff 4c8b | 5424 304c | 8954 2420 
  0x000002a7f04235b4: 4c8b 5424 | 684c 8954 | 2428 4c8b | 5424 704c | 8954 2430 | 4c8b 5424 | 784c 8954 | 2438 448b 
  0x000002a7f04235d4: 9c24 8000 | 0000 4489 | 5c24 6844 | 8b94 2484 | 0000 0044 | 8954 246c | 448b 9c24 | 8800 0000 
  0x000002a7f04235f4: 4489 5c24 

  0x000002a7f04235f8: ;   {runtime_call UncommonTrapBlob}
  0x000002a7f04235f8: 7066 90e8 

  0x000002a7f04235fc: ; ImmutableOopMap {[32]=Oop [40]=Oop [48]=Oop [56]=Oop [64]=Oop [72]=Oop [80]=Oop [88]=Oop [104]=NarrowOop [112]=NarrowOop [140]=NarrowOop [144]=Oop }
                      ;*ifeq {reexecute=1 rethrow=0 return_oop=0}
                      ; - (reexecute) java.lang.ThreadLocal$ThreadLocalMap::set@53 (line 557)
                      ; - java.lang.ThreadLocal::set@13 (line 265)
                      ; - java.lang.ThreadLocal::set@5 (line 251)
                      ; - org.gradle.internal.logging.progress.DefaultProgressLoggerFactory$ProgressLoggerImpl::started@127 (line 214)
                      ; - org.gradle.internal.logging.progress.DefaultProgressLoggerFactory$ProgressLoggerImpl::started@6 (line 190)
                      ; - org.gradle.internal.logging.progress.DefaultProgressLoggerFactory$ProgressLoggerImpl::start@8 (line 179)
                      ; - org.gradle.internal.operations.BuildOperationProgressEventListenerAdapter::start@44 (line 50)
                      ; - org.gradle.internal.operations.DefaultBuildOperationRunner$BuildOperationTrackingListener::start@47 (line 233)
                      ; - org.gradle.internal.operations.DefaultBuildOperationRunner$2::execute@4 (line 63)
                      ; - org.gradle.internal.operations.DefaultBuildOperationRunner$2::execute@8 (line 59)
                      ; - org.gradle.internal.operations.DefaultBuildOperationRunner::execute@141 (line 166)
  0x000002a7f04235fc: 0010 3dff 

  0x000002a7f0423600: ;   {other}
  0x000002a7f0423600: 0f1f 8400 | 705e 0051 | 33ed 4585 | db40 0f94 | c5ba 45ff | ffff 4c8b | 5424 304c | 8954 2420 
  0x000002a7f0423620: 4c8b 5424 | 484c 8954 | 2438 4c8b | 5424 684c | 8954 2448 | 4c8b 5424 | 784c 8954 | 2450 4c8b 
  0x000002a7f0423640: 5424 684c | 8954 2460 | 4c8b 5424 | 704c 8954 | 2468 4c8b | 9424 8000 | 0000 4c89 | 5424 704c 
  0x000002a7f0423660: 8b94 2490 | 0000 004c | 8954 2478 | 448b 9424 | 8800 0000 | 4489 9424 | 8000 0000 | 448b 9c24 
  0x000002a7f0423680: 8c00 0000 | 4489 9c24 | 8400 0000 

  0x000002a7f042368c: ;   {runtime_call UncommonTrapBlob}
  0x000002a7f042368c: 6666 90e8 

  0x000002a7f0423690: ; ImmutableOopMap {[32]=Oop [56]=Oop [64]=Oop [72]=Oop [80]=Oop [88]=Oop [96]=Oop [104]=Oop [112]=Oop [120]=Oop [128]=NarrowOop [132]=NarrowOop [152]=NarrowOop [160]=Oop }
                      ;*ifeq {reexecute=1 rethrow=0 return_oop=0}
                      ; - (reexecute) java.lang.ThreadLocal$ThreadLocalMap::set@53 (line 557)
                      ; - java.lang.ThreadLocal::set@13 (line 265)
                      ; - java.lang.ThreadLocal::set@5 (line 251)
                      ; - org.gradle.internal.logging.progress.DefaultProgressLoggerFactory$ProgressLoggerImpl::completed@22 (line 250)
                      ; - org.gradle.internal.operations.BuildOperationProgressEventListenerAdapter::stop@42 (line 78)
                      ; - org.gradle.internal.operations.DefaultBuildOperationRunner$BuildOperationTrackingListener::stop@9 (line 248)
                      ; - org.gradle.internal.operations.DefaultBuildOperationRunner$2::execute@62 (line 73)
                      ; - org.gradle.internal.operations.DefaultBuildOperationRunner$2::execute@8 (line 59)
                      ; - org.gradle.internal.operations.DefaultBuildOperationRunner::execute@141 (line 166)
  0x000002a7f0423690: 6c0f 3dff 

  0x000002a7f0423694: ;   {other}
  0x000002a7f0423694: 0f1f 8400 | 045f 0052 | baf6 ffff 

  0x000002a7f04236a0: ;   {runtime_call UncommonTrapBlob}
  0x000002a7f04236a0: ff66 90e8 

  0x000002a7f04236a4: ; ImmutableOopMap {}
                      ;*invokevirtual getAndIncrement {reexecute=0 rethrow=0 return_oop=0}
                      ; - org.gradle.internal.operations.DefaultBuildOperationIdFactory::nextId@4 (line 28)
                      ; - org.gradle.internal.operations.DefaultBuildOperationRunner::execute@30 (line 157)
  0x000002a7f04236a4: 580f 3dff 

  0x000002a7f04236a8: ;   {other}
  0x000002a7f04236a8: 0f1f 8400 | 185f 0053 | baf6 ffff | ff48 8b6c 

  0x000002a7f04236b8: ;   {runtime_call UncommonTrapBlob}
  0x000002a7f04236b8: 2430 90e8 

  0x000002a7f04236bc: ; ImmutableOopMap {rbp=Oop [104]=Oop [128]=Oop [136]=Oop [144]=Oop [168]=Oop }
                      ;*invokevirtual set {reexecute=0 rethrow=0 return_oop=0}
                      ; - org.gradle.internal.operations.BuildOperationState::setRunning@5 (line 41)
                      ; - org.gradle.internal.operations.DefaultBuildOperationRunner$BuildOperationTrackingListener::start@24 (line 231)
                      ; - org.gradle.internal.operations.DefaultBuildOperationRunner$2::execute@4 (line 63)
                      ; - org.gradle.internal.operations.DefaultBuildOperationRunner$2::execute@8 (line 59)
                      ; - org.gradle.internal.operations.DefaultBuildOperationRunner::execute@141 (line 166)
  0x000002a7f04236bc: 400f 3dff 

  0x000002a7f04236c0: ;   {other}
  0x000002a7f04236c0: 0f1f 8400 | 305f 0054 | ba45 ffff | ff48 8b6c | 2430 4489 

  0x000002a7f04236d4: ;   {runtime_call UncommonTrapBlob}
  0x000002a7f04236d4: 4424 60e8 

  0x000002a7f04236d8: ; ImmutableOopMap {rbp=Oop [96]=NarrowOop [104]=Oop [128]=Oop [136]=Oop [144]=Oop [168]=Oop }
                      ;*ifeq {reexecute=1 rethrow=0 return_oop=0}
                      ; - (reexecute) org.gradle.internal.logging.slf4j.BuildOperationAwareLogger::debug@4 (line 167)
                      ; - org.gradle.internal.logging.slf4j.OutputEventListenerBackedLogger::debug@3 (line 25)
                      ; - org.gradle.internal.operations.DefaultBuildOperationRunner$BuildOperationTrackingListener::start@36 (line 232)
                      ; - org.gradle.internal.operations.DefaultBuildOperationRunner$2::execute@4 (line 63)
                      ; - org.gradle.internal.operations.DefaultBuildOperationRunner$2::execute@8 (line 59)
                      ; - org.gradle.internal.operations.DefaultBuildOperationRunner::execute@141 (line 166)
  0x000002a7f04236d8: 240f 3dff 

  0x000002a7f04236dc: ;   {other}
  0x000002a7f04236dc: 0f1f 8400 | 4c5f 0055 | baf6 ffff | ff48 8b6c | 2430 4c8b | 5c24 404c | 895c 2438 | 4c8b 5c24 
  0x000002a7f04236fc: 484c 895c | 2440 4c89 

  0x000002a7f0423704: ;   {runtime_call UncommonTrapBlob}
  0x000002a7f0423704: 5424 48e8 

  0x000002a7f0423708: ; ImmutableOopMap {rbp=Oop [56]=Oop [64]=Oop [72]=Oop [104]=Oop [112]=Oop [120]=Oop }
                      ;*invokevirtual onOutput {reexecute=0 rethrow=0 return_oop=0}
                      ; - org.gradle.internal.logging.sink.OutputEventRenderer::onOutput@78 (line 435)
                      ; - org.gradle.internal.logging.sink.OutputEventListenerManager$1::onOutput@8 (line 36)
                      ; - org.gradle.internal.logging.services.ProgressLoggingBridge::started@5 (line 39)
                      ; - org.gradle.internal.logging.progress.DefaultProgressLoggerFactory$ProgressLoggerImpl::started@185 (line 215)
                      ; - org.gradle.internal.logging.progress.DefaultProgressLoggerFactory$ProgressLoggerImpl::started@6 (line 190)
                      ; - org.gradle.internal.logging.progress.DefaultProgressLoggerFactory$ProgressLoggerImpl::start@8 (line 179)
                      ; - org.gradle.internal.operations.BuildOperationProgressEventListenerAdapter::start@44 (line 50)
                      ; - org.gradle.internal.operations.DefaultBuildOperationRunner$BuildOperationTrackingListener::start@47 (line 233)
                      ; - org.gradle.internal.operations.DefaultBuildOperationRunner$2::execute@4 (line 63)
                      ; - org.gradle.internal.operations.DefaultBuildOperationRunner$2::execute@8 (line 59)
                      ; - org.gradle.internal.operations.DefaultBuildOperationRunner::execute@141 (line 166)
  0x000002a7f0423708: f40e 3dff 

  0x000002a7f042370c: ;   {other}
  0x000002a7f042370c: 0f1f 8400 | 7c5f 0056 | baf6 ffff | ff48 8b6c | 2430 4c8b | 5c24 404c | 895c 2438 | 4c89 5424 
  0x000002a7f042372c: ;   {runtime_call UncommonTrapBlob}
  0x000002a7f042372c: 4066 90e8 

  0x000002a7f0423730: ; ImmutableOopMap {rbp=Oop [56]=Oop [64]=Oop [72]=Oop [104]=Oop [112]=Oop }
                      ;*invokevirtual onOutput {reexecute=0 rethrow=0 return_oop=0}
                      ; - org.gradle.internal.logging.sink.OutputEventRenderer::onOutput@78 (line 435)
                      ; - org.gradle.internal.logging.sink.OutputEventListenerManager$1::onOutput@8 (line 36)
                      ; - org.gradle.internal.logging.services.ProgressLoggingBridge::completed@5 (line 34)
                      ; - org.gradle.internal.logging.progress.DefaultProgressLoggerFactory$ProgressLoggerImpl::completed@55 (line 251)
                      ; - org.gradle.internal.operations.BuildOperationProgressEventListenerAdapter::stop@42 (line 78)
                      ; - org.gradle.internal.operations.DefaultBuildOperationRunner$BuildOperationTrackingListener::stop@9 (line 248)
                      ; - org.gradle.internal.operations.DefaultBuildOperationRunner$2::execute@62 (line 73)
                      ; - org.gradle.internal.operations.DefaultBuildOperationRunner$2::execute@8 (line 59)
                      ; - org.gradle.internal.operations.DefaultBuildOperationRunner::execute@141 (line 166)
  0x000002a7f0423730: cc0e 3dff 

  0x000002a7f0423734: ;   {other}
  0x000002a7f0423734: 0f1f 8400 | a45f 0057 | ba45 ffff | ff48 8b6c | 2430 4c8b | 5424 484c | 8954 2430 | 4c8b 5424 
  0x000002a7f0423754: 404c 8954 | 2438 4489 

  0x000002a7f042375c: ;   {runtime_call UncommonTrapBlob}
  0x000002a7f042375c: 5c24 50e8 

  0x000002a7f0423760: ; ImmutableOopMap {rbp=Oop [48]=Oop [56]=Oop [80]=NarrowOop [104]=Oop [112]=Oop [120]=Oop }
                      ;*ifeq {reexecute=1 rethrow=0 return_oop=0}
                      ; - (reexecute) org.gradle.internal.logging.slf4j.BuildOperationAwareLogger::debug@4 (line 167)
                      ; - org.gradle.internal.logging.slf4j.OutputEventListenerBackedLogger::debug@3 (line 25)
                      ; - org.gradle.internal.operations.DefaultBuildOperationRunner$BuildOperationTrackingListener::stop@23 (line 249)
                      ; - org.gradle.internal.operations.DefaultBuildOperationRunner$2::execute@62 (line 73)
                      ; - org.gradle.internal.operations.DefaultBuildOperationRunner$2::execute@8 (line 59)
                      ; - org.gradle.internal.operations.DefaultBuildOperationRunner::execute@141 (line 166)
  0x000002a7f0423760: 9c0e 3dff 

  0x000002a7f0423764: ;   {other}
  0x000002a7f0423764: 0f1f 8400 | d45f 0058 | bade ffff | ff4c 8b5c | 2430 4c89 | 5c24 284c | 8b5c 2438 | 4c89 5c24 
  0x000002a7f0423784: 3048 ff74 | 2448 488f | 4424 3844 | 8954 2448 

  0x000002a7f0423794: ;   {runtime_call UncommonTrapBlob}
  0x000002a7f0423794: 6666 90e8 

  0x000002a7f0423798: ; ImmutableOopMap {rbp=Oop [40]=Oop [48]=Oop [56]=Oop [72]=NarrowOop [88]=Oop }
                      ;*invokeinterface nextId {reexecute=0 rethrow=0 return_oop=0}
                      ; - org.gradle.internal.operations.DefaultBuildOperationRunner::execute@30 (line 157)
  0x000002a7f0423798: 640e 3dff 

  0x000002a7f042379c: ;   {other}
  0x000002a7f042379c: 0f1f 8400 | 0c60 0059 | bade ffff | ff4c 8b54 | 2430 4c89 | 5424 2048 | ffb4 2480 | 0000 0048 
  0x000002a7f04237bc: 8f44 2430 | 48ff b424 | 8800 0000 | 488f 4424 | 3844 895c 

  0x000002a7f04237d0: ;   {runtime_call UncommonTrapBlob}
  0x000002a7f04237d0: 2450 90e8 

  0x000002a7f04237d4: ; ImmutableOopMap {rbp=Oop [32]=Oop [48]=Oop [56]=Oop [80]=NarrowOop [168]=Oop }
                      ;*invokeinterface getCurrentTime {reexecute=0 rethrow=0 return_oop=0}
                      ; - org.gradle.internal.operations.DefaultBuildOperationRunner::execute@84 (line 163)
  0x000002a7f04237d4: 280e 3dff 

  0x000002a7f04237d8: ;   {other}
  0x000002a7f04237d8: 0f1f 8400 | 4860 005a | bade ffff | ff4c 8b54 | 2430 4c89 | 5424 2048 | ffb4 2480 | 0000 0048 
  0x000002a7f04237f8: 8f44 2430 | 48ff b424 | 8800 0000 | 488f 4424 | 3844 895c 

  0x000002a7f042380c: ;   {runtime_call UncommonTrapBlob}
  0x000002a7f042380c: 2450 90e8 

  0x000002a7f0423810: ; ImmutableOopMap {rbp=Oop [32]=Oop [48]=Oop [56]=Oop [80]=NarrowOop [168]=Oop }
                      ;*invokeinterface getCurrentTime {reexecute=0 rethrow=0 return_oop=0}
                      ; - org.gradle.internal.service.scopes.WorkerSharedGlobalScopeServices$$Lambda/0x000002a78f19d8c0::getCurrentTime@4
                      ; - org.gradle.internal.operations.DefaultBuildOperationRunner::execute@84 (line 163)
  0x000002a7f0423810: ec0d 3dff 

  0x000002a7f0423814: ;   {other}
  0x000002a7f0423814: 0f1f 8400 | 8460 005b | bade ffff | ff4c 8b54 | 2430 4c89 | 5424 2048 | ffb4 2480 | 0000 0048 
  0x000002a7f0423834: 8f44 2430 | 48ff b424 | 8800 0000 | 488f 4424 | 3848 895c | 2450 4489 

  0x000002a7f042384c: ;   {runtime_call UncommonTrapBlob}
  0x000002a7f042384c: 5c24 58e8 

  0x000002a7f0423850: ; ImmutableOopMap {rbp=Oop [32]=Oop [48]=Oop [56]=Oop [80]=Oop [88]=NarrowOop [168]=Oop }
                      ;*invokeinterface nanoTime {reexecute=0 rethrow=0 return_oop=0}
                      ; - org.gradle.internal.time.MonotonicClock::getCurrentTime@4 (line 77)
                      ; - org.gradle.internal.service.scopes.WorkerSharedGlobalScopeServices$$Lambda/0x000002a78f19d8c0::getCurrentTime@4
                      ; - org.gradle.internal.operations.DefaultBuildOperationRunner::execute@84 (line 163)
  0x000002a7f0423850: ac0d 3dff 

  0x000002a7f0423854: ;   {other}
  0x000002a7f0423854: 0f1f 8400 | c460 005c | bade ffff | ff48 8b6c | 2430 48ff | 7424 6848 | 8f44 2438 | 4489 4424 
  0x000002a7f0423874: 4844 8954 

  0x000002a7f0423878: ;   {runtime_call UncommonTrapBlob}
  0x000002a7f0423878: 244c 90e8 

  0x000002a7f042387c: ; ImmutableOopMap {rbp=Oop [56]=Oop [72]=NarrowOop [76]=NarrowOop [128]=Oop [136]=Oop [168]=Oop }
                      ;*invokeinterface createListener {reexecute=0 rethrow=0 return_oop=0}
                      ; - org.gradle.internal.operations.DefaultBuildOperationRunner::execute@106 (line 164)
  0x000002a7f042387c: 800d 3dff 

  0x000002a7f0423880: ;   {other}
  0x000002a7f0423880: 0f1f 8400 | f060 005d | bade ffff | ff48 8b6c | 2430 48ff | b424 8000 | 0000 488f | 4424 2048 
  0x000002a7f04238a0: ffb4 2488 | 0000 0048 | 8f44 2428 | 48ff 7424 | 6848 8f44 | 2440 4489 

  0x000002a7f04238b8: ;   {runtime_call UncommonTrapBlob}
  0x000002a7f04238b8: 4424 68e8 

  0x000002a7f04238bc: ; ImmutableOopMap {rbp=Oop [32]=Oop [40]=Oop [64]=Oop [104]=NarrowOop [144]=Oop [168]=Oop }
                      ;*invokevirtual get {reexecute=0 rethrow=0 return_oop=0}
                      ; - org.gradle.internal.operations.CurrentBuildOperationRef::get@4 (line 37)
                      ; - org.gradle.internal.operations.DefaultBuildOperationRunner$BuildOperationTrackingListener::start@5 (line 229)
                      ; - org.gradle.internal.operations.DefaultBuildOperationRunner$2::execute@4 (line 63)
                      ; - org.gradle.internal.operations.DefaultBuildOperationRunner$2::execute@8 (line 59)
                      ; - org.gradle.internal.operations.DefaultBuildOperationRunner::execute@141 (line 166)
  0x000002a7f04238bc: 400d 3dff 

  0x000002a7f04238c0: ;   {other}
  0x000002a7f04238c0: 0f1f 8400 | 3061 005e | bae4 ffff | ff48 8b6c | 2430 48ff | b424 8000 | 0000 488f | 4424 2048 
  0x000002a7f04238e0: ffb4 2488 | 0000 0048 | 8f44 2428 | 48ff 7424 | 6848 8f44 | 2440 4489 | 5424 784c | 8984 2480 
  0x000002a7f0423900: 0000 0089 | 8c24 8800 | 0000 4489 | 8c24 8c00 

  0x000002a7f0423910: ;   {runtime_call UncommonTrapBlob}
  0x000002a7f0423910: 0000 90e8 

  0x000002a7f0423914: ; ImmutableOopMap {rbp=Oop [32]=Oop [40]=Oop [64]=Oop [112]=Oop [120]=NarrowOop [128]=Oop [136]=NarrowOop [144]=Oop [168]=Oop }
                      ;*aaload {reexecute=0 rethrow=0 return_oop=0}
                      ; - java.lang.ThreadLocal$ThreadLocalMap::getEntry@18 (line 500)
                      ; - java.lang.ThreadLocal::get@12 (line 187)
                      ; - java.lang.ThreadLocal::get@4 (line 172)
                      ; - org.gradle.internal.operations.CurrentBuildOperationRef::get@4 (line 37)
                      ; - org.gradle.internal.operations.DefaultBuildOperationRunner$BuildOperationTrackingListener::start@5 (line 229)
                      ; - org.gradle.internal.operations.DefaultBuildOperationRunner$2::execute@4 (line 63)
                      ; - org.gradle.internal.operations.DefaultBuildOperationRunner$2::execute@8 (line 59)
                      ; - org.gradle.internal.operations.DefaultBuildOperationRunner::execute@141 (line 166)
  0x000002a7f0423914: e80c 3dff 

  0x000002a7f0423918: ;   {other}
  0x000002a7f0423918: 0f1f 8400 | 8861 005f | bade ffff | ff48 8b6c | 2430 48ff | b424 8000 | 0000 488f | 4424 2048 
  0x000002a7f0423938: ffb4 2488 | 0000 0048 | 8f44 2428 | 48ff 7424 | 6848 8f44 | 2448 4489 

  0x000002a7f0423950: ;   {runtime_call UncommonTrapBlob}
  0x000002a7f0423950: 5424 60e8 

  0x000002a7f0423954: ; ImmutableOopMap {rbp=Oop [32]=Oop [40]=Oop [72]=Oop [96]=NarrowOop [144]=Oop [168]=Oop }
                      ;*invokevirtual set {reexecute=0 rethrow=0 return_oop=0}
                      ; - org.gradle.internal.operations.CurrentBuildOperationRef::set@16 (line 56)
                      ; - org.gradle.internal.operations.DefaultBuildOperationRunner$BuildOperationTrackingListener::start@19 (line 230)
                      ; - org.gradle.internal.operations.DefaultBuildOperationRunner$2::execute@4 (line 63)
                      ; - org.gradle.internal.operations.DefaultBuildOperationRunner$2::execute@8 (line 59)
                      ; - org.gradle.internal.operations.DefaultBuildOperationRunner::execute@141 (line 166)
  0x000002a7f0423954: a80c 3dff 

  0x000002a7f0423958: ;   {other}
  0x000002a7f0423958: 0f1f 8400 | c861 0060 | bade ffff | ff48 8b6c | 2430 4489 

  0x000002a7f042396c: ;   {runtime_call UncommonTrapBlob}
  0x000002a7f042396c: 5424 48e8 

  0x000002a7f0423970: ; ImmutableOopMap {rbp=Oop [72]=NarrowOop [104]=Oop [128]=Oop [136]=Oop [144]=Oop [168]=Oop }
                      ;*invokeinterface start {reexecute=0 rethrow=0 return_oop=0}
                      ; - org.gradle.internal.operations.DefaultBuildOperationRunner$BuildOperationTrackingListener::start@47 (line 233)
                      ; - org.gradle.internal.operations.DefaultBuildOperationRunner$2::execute@4 (line 63)
                      ; - org.gradle.internal.operations.DefaultBuildOperationRunner$2::execute@8 (line 59)
                      ; - org.gradle.internal.operations.DefaultBuildOperationRunner::execute@141 (line 166)
  0x000002a7f0423970: 8c0c 3dff 

  0x000002a7f0423974: ;   {other}
  0x000002a7f0423974: 0f1f 8400 | e461 0061 | bade ffff | ff48 ff74 | 2430 488f | 4424 2048 | ff74 2468 | 488f 4424 
  0x000002a7f0423994: 484c 8954 | 2450 4c89 

  0x000002a7f042399c: ;   {runtime_call UncommonTrapBlob}
  0x000002a7f042399c: 5c24 68e8 

  0x000002a7f04239a0: ; ImmutableOopMap {rbp=NarrowOop [32]=Oop [72]=Oop [80]=Oop [104]=Oop [128]=Oop [136]=Oop [144]=Oop [168]=Oop }
                      ;*invokeinterface started {reexecute=0 rethrow=0 return_oop=0}
                      ; - org.gradle.internal.operations.BuildOperationProgressEventListenerAdapter::start@16 (line 48)
                      ; - org.gradle.internal.operations.DefaultBuildOperationRunner$BuildOperationTrackingListener::start@47 (line 233)
                      ; - org.gradle.internal.operations.DefaultBuildOperationRunner$2::execute@4 (line 63)
                      ; - org.gradle.internal.operations.DefaultBuildOperationRunner$2::execute@8 (line 59)
                      ; - org.gradle.internal.operations.DefaultBuildOperationRunner::execute@141 (line 166)
  0x000002a7f04239a0: 5c0c 3dff 

  0x000002a7f04239a4: ;   {other}
  0x000002a7f04239a4: 0f1f 8400 | 1462 0062 | bade ffff | ff48 8b6c | 2430 48ff | 7424 6848 | 8f44 2440 | 4c89 5424 
  0x000002a7f04239c4: 484c 895c | 2460 894c 

  0x000002a7f04239cc: ;   {runtime_call UncommonTrapBlob}
  0x000002a7f04239cc: 246c 90e8 

  0x000002a7f04239d0: ; ImmutableOopMap {rbp=Oop [64]=Oop [72]=Oop [96]=Oop [108]=NarrowOop [128]=Oop [136]=Oop [144]=Oop [168]=Oop }
                      ;*invokeinterface size {reexecute=0 rethrow=0 return_oop=0}
                      ; - org.gradle.internal.operations.DefaultBuildOperationListenerManager$1::started@14 (line 42)
                      ; - org.gradle.internal.operations.BuildOperationProgressEventListenerAdapter::start@16 (line 48)
                      ; - org.gradle.internal.operations.DefaultBuildOperationRunner$BuildOperationTrackingListener::start@47 (line 233)
                      ; - org.gradle.internal.operations.DefaultBuildOperationRunner$2::execute@4 (line 63)
                      ; - org.gradle.internal.operations.DefaultBuildOperationRunner$2::execute@8 (line 59)
                      ; - org.gradle.internal.operations.DefaultBuildOperationRunner::execute@141 (line 166)
  0x000002a7f04239d0: 2c0c 3dff 

  0x000002a7f04239d4: ;   {other}
  0x000002a7f04239d4: 0f1f 8400 | 4462 0063 | bade ffff | ff48 8b6c | 2430 4c89 | 5424 4844 | 894c 2458 

  0x000002a7f04239f0: ;   {runtime_call UncommonTrapBlob}
  0x000002a7f04239f0: 6666 90e8 

  0x000002a7f04239f4: ; ImmutableOopMap {rbp=Oop [72]=Oop [88]=NarrowOop [104]=Oop [128]=Oop [136]=Oop [144]=Oop [168]=Oop }
                      ;*invokeinterface newOperation {reexecute=0 rethrow=0 return_oop=0}
                      ; - org.gradle.internal.operations.BuildOperationProgressEventListenerAdapter::start@28 (line 49)
                      ; - org.gradle.internal.operations.DefaultBuildOperationRunner$BuildOperationTrackingListener::start@47 (line 233)
                      ; - org.gradle.internal.operations.DefaultBuildOperationRunner$2::execute@4 (line 63)
                      ; - org.gradle.internal.operations.DefaultBuildOperationRunner$2::execute@8 (line 59)
                      ; - org.gradle.internal.operations.DefaultBuildOperationRunner::execute@141 (line 166)
  0x000002a7f04239f4: 080c 3dff 

  0x000002a7f04239f8: ;   {other}
  0x000002a7f04239f8: 0f1f 8400 | 6862 0064 | bade ffff | ff48 8b6c | 2430 4c89 | 5c24 204c | 8b5c 2470 | 4c89 5c24 
  0x000002a7f0423a18: 284c 8b5c | 2440 4c89 | 5c24 384c | 8b5c 2448 | 4c89 5c24 | 404c 8b5c | 2450 4c89 | 5c24 484c 
  0x000002a7f0423a38: 8954 2458 | 4489 7424 | 6044 8944 | 2464 4c89 | 5424 6844 | 894c 2470 

  0x000002a7f0423a50: ;   {runtime_call UncommonTrapBlob}
  0x000002a7f0423a50: 6666 90e8 

  0x000002a7f0423a54: ; ImmutableOopMap {rbp=Oop [32]=Oop [40]=Oop [56]=Oop [64]=Oop [72]=Oop [88]=Oop [96]=NarrowOop [104]=Oop [112]=NarrowOop [120]=Oop }
                      ;*invokevirtual get {reexecute=0 rethrow=0 return_oop=0}
                      ; - org.gradle.internal.logging.progress.DefaultProgressLoggerFactory$ProgressLoggerImpl::started@39 (line 199)
                      ; - org.gradle.internal.logging.progress.DefaultProgressLoggerFactory$ProgressLoggerImpl::started@6 (line 190)
                      ; - org.gradle.internal.logging.progress.DefaultProgressLoggerFactory$ProgressLoggerImpl::start@8 (line 179)
                      ; - org.gradle.internal.operations.BuildOperationProgressEventListenerAdapter::start@44 (line 50)
                      ; - org.gradle.internal.operations.DefaultBuildOperationRunner$BuildOperationTrackingListener::start@47 (line 233)
                      ; - org.gradle.internal.operations.DefaultBuildOperationRunner$2::execute@4 (line 63)
                      ; - org.gradle.internal.operations.DefaultBuildOperationRunner$2::execute@8 (line 59)
                      ; - org.gradle.internal.operations.DefaultBuildOperationRunner::execute@141 (line 166)
  0x000002a7f0423a54: a80b 3dff 

  0x000002a7f0423a58: ;   {other}
  0x000002a7f0423a58: 0f1f 8400 | c862 0065 | bae4 ffff | ff48 8b6c | 2430 4c89 | 5c24 204c | 8b5c 2470 | 4c89 5c24 
  0x000002a7f0423a78: 284c 8b5c | 2478 4c89 | 5c24 304c | 8b5c 2440 | 4c89 5c24 | 384c 8b5c | 2448 4c89 | 5c24 404c 
  0x000002a7f0423a98: 8b5c 2450 | 4c89 5c24 | 484c 8954 | 2458 4489 | 7424 6044 | 8944 2464 | 4c89 5424 | 6848 895c 
  0x000002a7f0423ab8: 2478 89b4 | 2480 0000 | 0048 8984 | 2488 0000 | 0089 8c24 | 9000 0000 | 4489 8c24 | 9400 0000 
  0x000002a7f0423ad8: ;   {runtime_call UncommonTrapBlob}
  0x000002a7f0423ad8: 6666 90e8 

  0x000002a7f0423adc: ; ImmutableOopMap {rbp=Oop [32]=Oop [40]=Oop [48]=Oop [56]=Oop [64]=Oop [72]=Oop [88]=Oop [96]=NarrowOop [104]=Oop [120]=Oop [128]=NarrowOop [136]=Oop [144]=NarrowOop }
                      ;*aaload {reexecute=0 rethrow=0 return_oop=0}
                      ; - java.lang.ThreadLocal$ThreadLocalMap::getEntry@18 (line 500)
                      ; - java.lang.ThreadLocal::get@12 (line 187)
                      ; - java.lang.ThreadLocal::get@4 (line 172)
                      ; - org.gradle.internal.logging.progress.DefaultProgressLoggerFactory$ProgressLoggerImpl::started@39 (line 199)
                      ; - org.gradle.internal.logging.progress.DefaultProgressLoggerFactory$ProgressLoggerImpl::started@6 (line 190)
                      ; - org.gradle.internal.logging.progress.DefaultProgressLoggerFactory$ProgressLoggerImpl::start@8 (line 179)
                      ; - org.gradle.internal.operations.BuildOperationProgressEventListenerAdapter::start@44 (line 50)
                      ; - org.gradle.internal.operations.DefaultBuildOperationRunner$BuildOperationTrackingListener::start@47 (line 233)
                      ; - org.gradle.internal.operations.DefaultBuildOperationRunner$2::execute@4 (line 63)
                      ; - org.gradle.internal.operations.DefaultBuildOperationRunner$2::execute@8 (line 59)
                      ; - org.gradle.internal.operations.DefaultBuildOperationRunner::execute@141 (line 166)
  0x000002a7f0423adc: 200b 3dff 

  0x000002a7f0423ae0: ;   {other}
  0x000002a7f0423ae0: 0f1f 8400 | 5063 0066 | bade ffff | ff48 8b6c | 2430 4c89 | 5c24 204c | 8b5c 2470 | 4c89 5c24 
  0x000002a7f0423b00: 284c 8b5c | 2440 4c89 | 5c24 384c | 8b5c 2448 | 4c89 5c24 | 404c 8b5c | 2450 4c89 | 5c24 484c 
  0x000002a7f0423b20: 8954 2458 | 4489 7424 | 6044 8944 | 2464 4489 | 4c24 6889 | 4c24 6c4c | 8954 2470 

  0x000002a7f0423b3c: ;   {runtime_call UncommonTrapBlob}
  0x000002a7f0423b3c: 6666 90e8 

  0x000002a7f0423b40: ; ImmutableOopMap {rbp=Oop [32]=Oop [40]=Oop [56]=Oop [64]=Oop [72]=Oop [88]=Oop [96]=NarrowOop [104]=NarrowOop [108]=NarrowOop [112]=Oop [120]=Oop }
                      ;*invokevirtual set {reexecute=0 rethrow=0 return_oop=0}
                      ; - org.gradle.internal.logging.progress.DefaultProgressLoggerFactory$ProgressLoggerImpl::started@127 (line 214)
                      ; - org.gradle.internal.logging.progress.DefaultProgressLoggerFactory$ProgressLoggerImpl::started@6 (line 190)
                      ; - org.gradle.internal.logging.progress.DefaultProgressLoggerFactory$ProgressLoggerImpl::start@8 (line 179)
                      ; - org.gradle.internal.operations.BuildOperationProgressEventListenerAdapter::start@44 (line 50)
                      ; - org.gradle.internal.operations.DefaultBuildOperationRunner$BuildOperationTrackingListener::start@47 (line 233)
                      ; - org.gradle.internal.operations.DefaultBuildOperationRunner$2::execute@4 (line 63)
                      ; - org.gradle.internal.operations.DefaultBuildOperationRunner$2::execute@8 (line 59)
                      ; - org.gradle.internal.operations.DefaultBuildOperationRunner::execute@141 (line 166)
  0x000002a7f0423b40: bc0a 3dff 

  0x000002a7f0423b44: ;   {other}
  0x000002a7f0423b44: 0f1f 8400 | b463 0067 | bade ffff | ff48 8b6c | 2430 4c8b | 5c24 684c | 895c 2420 | 4c8b 5c24 
  0x000002a7f0423b64: 704c 895c | 2428 4c8b | 5c24 784c | 895c 2430 | 4c8b 5c24 | 404c 895c | 2438 4c8b | 5c24 484c 
  0x000002a7f0423b84: 895c 2440 | 4c8b 5c24 | 504c 895c | 2448 448b | 9c24 8000 | 0000 4489 | 5c24 6044 | 8b84 2484 
  0x000002a7f0423ba4: 0000 0044 | 8944 2464 | 4c8b 9c24 | 9000 0000 | 4c89 5c24 | 7844 8994 | 2484 0000 

  0x000002a7f0423bc0: ;   {runtime_call UncommonTrapBlob}
  0x000002a7f0423bc0: 0066 90e8 

  0x000002a7f0423bc4: ; ImmutableOopMap {rbp=Oop [32]=Oop [40]=Oop [48]=Oop [56]=Oop [64]=Oop [72]=Oop [88]=Oop [96]=NarrowOop [120]=Oop [132]=NarrowOop [136]=NarrowOop [140]=NarrowOop [144]=Oop [152]=NarrowOop }
                      ;*invokeinterface getCurrentTime {reexecute=0 rethrow=0 return_oop=0}
                      ; - org.gradle.internal.logging.progress.DefaultProgressLoggerFactory$ProgressLoggerImpl::started@147 (line 218)
                      ; - org.gradle.internal.logging.progress.DefaultProgressLoggerFactory$ProgressLoggerImpl::started@6 (line 190)
                      ; - org.gradle.internal.logging.progress.DefaultProgressLoggerFactory$ProgressLoggerImpl::start@8 (line 179)
                      ; - org.gradle.internal.operations.BuildOperationProgressEventListenerAdapter::start@44 (line 50)
                      ; - org.gradle.internal.operations.DefaultBuildOperationRunner$BuildOperationTrackingListener::start@47 (line 233)
                      ; - org.gradle.internal.operations.DefaultBuildOperationRunner$2::execute@4 (line 63)
                      ; - org.gradle.internal.operations.DefaultBuildOperationRunner$2::execute@8 (line 59)
                      ; - org.gradle.internal.operations.DefaultBuildOperationRunner::execute@141 (line 166)
  0x000002a7f0423bc4: 380a 3dff 

  0x000002a7f0423bc8: ;   {other}
  0x000002a7f0423bc8: 0f1f 8400 | 3864 0068 | bade ffff | ff48 8b6c | 2430 4c8b | 5424 684c | 8954 2420 | 4c8b 5424 
  0x000002a7f0423be8: 704c 8954 | 2428 4c8b | 5424 784c | 8954 2430 | 4c8b 5424 | 404c 8954 | 2438 4c8b | 5424 484c 
  0x000002a7f0423c08: 8954 2440 | 4c8b 5424 | 504c 8954 | 2448 448b | 9424 8000 | 0000 4489 | 5424 6044 | 8b94 2484 
  0x000002a7f0423c28: 0000 0044 | 8954 2464 | 448b 9c24 | 8c00 0000 | 4489 5c24 | 684c 8b94 | 2490 0000 | 004c 8954 
  0x000002a7f0423c48: 2478 448b | 9c24 8800 | 0000 4489 | 9c24 8000 | 0000 4489 | 8424 8400 

  0x000002a7f0423c60: ;   {runtime_call UncommonTrapBlob}
  0x000002a7f0423c60: 0000 90e8 

  0x000002a7f0423c64: ; ImmutableOopMap {rbp=Oop [32]=Oop [40]=Oop [48]=Oop [56]=Oop [64]=Oop [72]=Oop [88]=Oop [96]=NarrowOop [104]=NarrowOop [120]=Oop [128]=NarrowOop [132]=NarrowOop [144]=Oop [152]=NarrowOop [160]=Oop }
                      ;*invokeinterface nanoTime {reexecute=0 rethrow=0 return_oop=0}
                      ; - org.gradle.internal.time.MonotonicClock::getCurrentTime@4 (line 77)
                      ; - org.gradle.internal.logging.progress.DefaultProgressLoggerFactory$ProgressLoggerImpl::started@147 (line 218)
                      ; - org.gradle.internal.logging.progress.DefaultProgressLoggerFactory$ProgressLoggerImpl::started@6 (line 190)
                      ; - org.gradle.internal.logging.progress.DefaultProgressLoggerFactory$ProgressLoggerImpl::start@8 (line 179)
                      ; - org.gradle.internal.operations.BuildOperationProgressEventListenerAdapter::start@44 (line 50)
                      ; - org.gradle.internal.operations.DefaultBuildOperationRunner$BuildOperationTrackingListener::start@47 (line 233)
                      ; - org.gradle.internal.operations.DefaultBuildOperationRunner$2::execute@4 (line 63)
                      ; - org.gradle.internal.operations.DefaultBuildOperationRunner$2::execute@8 (line 59)
                      ; - org.gradle.internal.operations.DefaultBuildOperationRunner::execute@141 (line 166)
  0x000002a7f0423c64: 9809 3dff 

  0x000002a7f0423c68: ;   {other}
  0x000002a7f0423c68: 0f1f 8400 | d864 0069 | bade ffff | ff48 8b6c | 2430 4c8b | 4424 404c | 8944 2438 | 4c8b 4424 
  0x000002a7f0423c88: 484c 8944 | 2440 4c8b | 4424 504c | 8944 2448 | 4c8b 4424 | 584c 8944 | 2450 4c89 

  0x000002a7f0423ca4: ;   {runtime_call UncommonTrapBlob}
  0x000002a7f0423ca4: 5424 60e8 

  0x000002a7f0423ca8: ; ImmutableOopMap {rbp=Oop [56]=Oop [64]=Oop [72]=Oop [80]=Oop [96]=Oop [104]=Oop [112]=Oop [120]=Oop [140]=NarrowOop }
                      ;*invokeinterface started {reexecute=0 rethrow=0 return_oop=0}
                      ; - org.gradle.internal.logging.progress.DefaultProgressLoggerFactory$ProgressLoggerImpl::started@185 (line 215)
                      ; - org.gradle.internal.logging.progress.DefaultProgressLoggerFactory$ProgressLoggerImpl::started@6 (line 190)
                      ; - org.gradle.internal.logging.progress.DefaultProgressLoggerFactory$ProgressLoggerImpl::start@8 (line 179)
                      ; - org.gradle.internal.operations.BuildOperationProgressEventListenerAdapter::start@44 (line 50)
                      ; - org.gradle.internal.operations.DefaultBuildOperationRunner$BuildOperationTrackingListener::start@47 (line 233)
                      ; - org.gradle.internal.operations.DefaultBuildOperationRunner$2::execute@4 (line 63)
                      ; - org.gradle.internal.operations.DefaultBuildOperationRunner$2::execute@8 (line 59)
                      ; - org.gradle.internal.operations.DefaultBuildOperationRunner::execute@141 (line 166)
  0x000002a7f0423ca8: 5409 3dff 

  0x000002a7f0423cac: ;   {other}
  0x000002a7f0423cac: 0f1f 8400 | 1c65 006a | bade ffff | ff48 8b6c | 2430 4c8b | 5c24 404c | 895c 2438 | 4c8b 5c24 
  0x000002a7f0423ccc: 484c 895c | 2440 4c8b | 5c24 504c | 895c 2448 | 4c8b 5c24 | 584c 895c | 2450 4489 | 4424 584c 
  0x000002a7f0423cec: 8954 2460 

  0x000002a7f0423cf0: ;   {runtime_call UncommonTrapBlob}
  0x000002a7f0423cf0: 6666 90e8 

  0x000002a7f0423cf4: ; ImmutableOopMap {rbp=Oop [56]=Oop [64]=Oop [72]=Oop [80]=Oop [88]=NarrowOop [96]=Oop [104]=Oop [112]=Oop [120]=Oop }
                      ;*invokeinterface onOutput {reexecute=0 rethrow=0 return_oop=0}
                      ; - org.gradle.internal.logging.services.ProgressLoggingBridge::started@5 (line 39)
                      ; - org.gradle.internal.logging.progress.DefaultProgressLoggerFactory$ProgressLoggerImpl::started@185 (line 215)
                      ; - org.gradle.internal.logging.progress.DefaultProgressLoggerFactory$ProgressLoggerImpl::started@6 (line 190)
                      ; - org.gradle.internal.logging.progress.DefaultProgressLoggerFactory$ProgressLoggerImpl::start@8 (line 179)
                      ; - org.gradle.internal.operations.BuildOperationProgressEventListenerAdapter::start@44 (line 50)
                      ; - org.gradle.internal.operations.DefaultBuildOperationRunner$BuildOperationTrackingListener::start@47 (line 233)
                      ; - org.gradle.internal.operations.DefaultBuildOperationRunner$2::execute@4 (line 63)
                      ; - org.gradle.internal.operations.DefaultBuildOperationRunner$2::execute@8 (line 59)
                      ; - org.gradle.internal.operations.DefaultBuildOperationRunner::execute@141 (line 166)
  0x000002a7f0423cf4: 0809 3dff 

  0x000002a7f0423cf8: ;   {other}
  0x000002a7f0423cf8: 0f1f 8400 | 6865 006b | bade ffff | ff4c 8b44 | 2430 4c89 | 4424 204c | 8b44 2468 | 4c89 4424 
  0x000002a7f0423d18: 284c 8b44 | 2470 4c89 | 4424 3044 | 895c 2468 | 4c89 5424 

  0x000002a7f0423d2c: ;   {runtime_call UncommonTrapBlob}
  0x000002a7f0423d2c: 7066 90e8 

  0x000002a7f0423d30: ; ImmutableOopMap {rbp=Oop [32]=Oop [40]=Oop [48]=Oop [64]=Oop [72]=Oop [80]=Oop [88]=Oop [104]=NarrowOop [112]=Oop [120]=Oop }
                      ;*invokeinterface onOutput {reexecute=0 rethrow=0 return_oop=0}
                      ; - org.gradle.internal.logging.sink.OutputEventListenerManager$1::onOutput@8 (line 36)
                      ; - org.gradle.internal.logging.services.ProgressLoggingBridge::started@5 (line 39)
                      ; - org.gradle.internal.logging.progress.DefaultProgressLoggerFactory$ProgressLoggerImpl::started@185 (line 215)
                      ; - org.gradle.internal.logging.progress.DefaultProgressLoggerFactory$ProgressLoggerImpl::started@6 (line 190)
                      ; - org.gradle.internal.logging.progress.DefaultProgressLoggerFactory$ProgressLoggerImpl::start@8 (line 179)
                      ; - org.gradle.internal.operations.BuildOperationProgressEventListenerAdapter::start@44 (line 50)
                      ; - org.gradle.internal.operations.DefaultBuildOperationRunner$BuildOperationTrackingListener::start@47 (line 233)
                      ; - org.gradle.internal.operations.DefaultBuildOperationRunner$2::execute@4 (line 63)
                      ; - org.gradle.internal.operations.DefaultBuildOperationRunner$2::execute@8 (line 59)
                      ; - org.gradle.internal.operations.DefaultBuildOperationRunner::execute@141 (line 166)
  0x000002a7f0423d30: cc08 3dff 

  0x000002a7f0423d34: ;   {other}
  0x000002a7f0423d34: 0f1f 8400 | a465 006c | bade ffff | ff48 8b6c | 2430 4c8b | 5424 404c | 8954 2438 | 4c8b 5424 
  0x000002a7f0423d54: 484c 8954 | 2440 4c8b | 5424 504c | 8954 2448 | 4c8b 5424 | 584c 8954 | 2450 4489 

  0x000002a7f0423d70: ;   {runtime_call UncommonTrapBlob}
  0x000002a7f0423d70: 5c24 58e8 

  0x000002a7f0423d74: ; ImmutableOopMap {rbp=Oop [56]=Oop [64]=Oop [72]=Oop [80]=Oop [88]=NarrowOop [96]=Oop [104]=Oop [112]=Oop [120]=Oop }
                      ;*invokeinterface onOutput {reexecute=0 rethrow=0 return_oop=0}
                      ; - org.gradle.internal.logging.sink.OutputEventListenerManager$1::onOutput@27 (line 40)
                      ; - org.gradle.internal.logging.services.ProgressLoggingBridge::started@5 (line 39)
                      ; - org.gradle.internal.logging.progress.DefaultProgressLoggerFactory$ProgressLoggerImpl::started@185 (line 215)
                      ; - org.gradle.internal.logging.progress.DefaultProgressLoggerFactory$ProgressLoggerImpl::started@6 (line 190)
                      ; - org.gradle.internal.logging.progress.DefaultProgressLoggerFactory$ProgressLoggerImpl::start@8 (line 179)
                      ; - org.gradle.internal.operations.BuildOperationProgressEventListenerAdapter::start@44 (line 50)
                      ; - org.gradle.internal.operations.DefaultBuildOperationRunner$BuildOperationTrackingListener::start@47 (line 233)
                      ; - org.gradle.internal.operations.DefaultBuildOperationRunner$2::execute@4 (line 63)
                      ; - org.gradle.internal.operations.DefaultBuildOperationRunner$2::execute@8 (line 59)
                      ; - org.gradle.internal.operations.DefaultBuildOperationRunner::execute@141 (line 166)
  0x000002a7f0423d74: 8808 3dff 

  0x000002a7f0423d78: ;   {other}
  0x000002a7f0423d78: 0f1f 8400 | e865 006d | bade ffff | ff48 8b6c | 2430 4c8b | 5c24 7048 | ff74 2448 | 488f 4424 
  0x000002a7f0423d98: 304c 8954 | 2438 4c8b | 5424 684c | 8954 2440 | 4489 4c24 | 504c 8b54 | 2468 4c89 | 5424 584c 
  0x000002a7f0423db8: 895c 2460 | 4c89 4424 

  0x000002a7f0423dc0: ;   {runtime_call UncommonTrapBlob}
  0x000002a7f0423dc0: 7066 90e8 

  0x000002a7f0423dc4: ; ImmutableOopMap {rbp=Oop [48]=Oop [56]=Oop [64]=Oop [80]=NarrowOop [88]=Oop [96]=Oop [112]=Oop [120]=Oop }
                      ;*invokeinterface stop {reexecute=0 rethrow=0 return_oop=0}
                      ; - org.gradle.internal.operations.DefaultBuildOperationRunner$BuildOperationTrackingListener::stop@9 (line 248)
                      ; - org.gradle.internal.operations.DefaultBuildOperationRunner$2::execute@62 (line 73)
                      ; - org.gradle.internal.operations.DefaultBuildOperationRunner$2::execute@8 (line 59)
                      ; - org.gradle.internal.operations.DefaultBuildOperationRunner::execute@141 (line 166)
  0x000002a7f0423dc4: 3808 3dff 

  0x000002a7f0423dc8: ;   {other}
  0x000002a7f0423dc8: 0f1f 8400 | 3866 006e | bade ffff | ff48 8b6c | 2430 488b | 4c24 7048 | ff74 2448 | 488f 4424 
  0x000002a7f0423de8: 304c 8954 | 2438 4c8b | 5424 684c | 8954 2440 | 4c89 4c24 | 504c 8b54 | 2468 4c89 | 5424 5848 
  0x000002a7f0423e08: 894c 2460 | 4c89 4424 | 6844 895c | 2470 895c 

  0x000002a7f0423e18: ;   {runtime_call UncommonTrapBlob}
  0x000002a7f0423e18: 2474 90e8 

  0x000002a7f0423e1c: ; ImmutableOopMap {rbp=Oop [48]=Oop [56]=Oop [64]=Oop [80]=Oop [88]=Oop [96]=Oop [104]=Oop [112]=NarrowOop [116]=NarrowOop [120]=Oop }
                      ;*invokeinterface completed {reexecute=0 rethrow=0 return_oop=0}
                      ; - org.gradle.internal.operations.BuildOperationProgressEventListenerAdapter::stop@42 (line 78)
                      ; - org.gradle.internal.operations.DefaultBuildOperationRunner$BuildOperationTrackingListener::stop@9 (line 248)
                      ; - org.gradle.internal.operations.DefaultBuildOperationRunner$2::execute@62 (line 73)
                      ; - org.gradle.internal.operations.DefaultBuildOperationRunner$2::execute@8 (line 59)
                      ; - org.gradle.internal.operations.DefaultBuildOperationRunner::execute@141 (line 166)
  0x000002a7f0423e1c: e007 3dff 

  0x000002a7f0423e20: ;   {other}
  0x000002a7f0423e20: 0f1f 8400 | 9066 006f | bade ffff | ff48 8b6c | 2430 488b | 4c24 7048 | 8944 2430 | 4c89 5424 
  0x000002a7f0423e40: 384c 8b54 | 2468 4c89 | 5424 404c | 8b54 2478 | 4c89 5424 | 484c 894c | 2450 4c8b | 5424 684c 
  0x000002a7f0423e60: 8954 2458 | 4889 4c24 | 604c 8944 | 2468 4889 | 7424 7089 | 5c24 7889 | 7c24 7c44 | 899c 2480 
  0x000002a7f0423e80: ;   {runtime_call UncommonTrapBlob}
  0x000002a7f0423e80: 0000 00e8 

  0x000002a7f0423e84: ; ImmutableOopMap {rbp=Oop [48]=Oop [56]=Oop [64]=Oop [72]=Oop [80]=Oop [88]=Oop [96]=Oop [104]=Oop [112]=Oop [120]=NarrowOop [124]=NarrowOop [128]=NarrowOop }
                      ;*invokevirtual set {reexecute=0 rethrow=0 return_oop=0}
                      ; - org.gradle.internal.logging.progress.DefaultProgressLoggerFactory$ProgressLoggerImpl::completed@22 (line 250)
                      ; - org.gradle.internal.operations.BuildOperationProgressEventListenerAdapter::stop@42 (line 78)
                      ; - org.gradle.internal.operations.DefaultBuildOperationRunner$BuildOperationTrackingListener::stop@9 (line 248)
                      ; - org.gradle.internal.operations.DefaultBuildOperationRunner$2::execute@62 (line 73)
                      ; - org.gradle.internal.operations.DefaultBuildOperationRunner$2::execute@8 (line 59)
                      ; - org.gradle.internal.operations.DefaultBuildOperationRunner::execute@141 (line 166)
  0x000002a7f0423e84: 7807 3dff 

  0x000002a7f0423e88: ;   {other}
  0x000002a7f0423e88: 0f1f 8400 | f866 0070 | bade ffff | ff48 8b6c | 2430 4c8b | 5424 484c | 8954 2430 | 4c8b 5424 
  0x000002a7f0423ea8: 404c 8954 | 2438 4c8b | 5424 684c | 8954 2440 | 4c8b 5424 | 784c 8954 | 2448 4c8b | 5424 584c 
  0x000002a7f0423ec8: 8954 2450 | 4c8b 5424 | 684c 8954 | 2458 4c8b | 5424 704c | 8954 2460 | 4c8b 9424 | 8000 0000 
  0x000002a7f0423ee8: 4c89 5424 | 684c 8944 | 2470 448b | 8424 8800 | 0000 4489 | 4424 7844 | 8b94 248c | 0000 0044 
  0x000002a7f0423f08: 8954 247c | 4889 9c24 | 8800 0000 | 4489 9c24 | 9400 0000 

  0x000002a7f0423f1c: ;   {runtime_call UncommonTrapBlob}
  0x000002a7f0423f1c: 6666 90e8 

  0x000002a7f0423f20: ; ImmutableOopMap {rbp=Oop [48]=Oop [56]=Oop [64]=Oop [72]=Oop [80]=Oop [88]=Oop [96]=Oop [104]=Oop [112]=Oop [120]=NarrowOop [124]=NarrowOop [136]=Oop [148]=NarrowOop [152]=Oop [160]=NarrowOop }
                      ;*invokeinterface getCurrentTime {reexecute=0 rethrow=0 return_oop=0}
                      ; - org.gradle.internal.logging.progress.DefaultProgressLoggerFactory$ProgressLoggerImpl::completed@41 (line 251)
                      ; - org.gradle.internal.operations.BuildOperationProgressEventListenerAdapter::stop@42 (line 78)
                      ; - org.gradle.internal.operations.DefaultBuildOperationRunner$BuildOperationTrackingListener::stop@9 (line 248)
                      ; - org.gradle.internal.operations.DefaultBuildOperationRunner$2::execute@62 (line 73)
                      ; - org.gradle.internal.operations.DefaultBuildOperationRunner$2::execute@8 (line 59)
                      ; - org.gradle.internal.operations.DefaultBuildOperationRunner::execute@141 (line 166)
  0x000002a7f0423f20: dc06 3dff 

  0x000002a7f0423f24: ;   {other}
  0x000002a7f0423f24: 0f1f 8400 | 9467 0071 | bade ffff | ff48 8b6c | 2430 4c8b | 5c24 484c | 895c 2430 | 4c8b 5c24 
  0x000002a7f0423f44: 404c 895c | 2438 4c8b | 5c24 684c | 895c 2440 | 4c8b 5c24 | 784c 895c | 2448 4c8b | 5c24 584c 
  0x000002a7f0423f64: 895c 2450 | 4c8b 5c24 | 684c 895c | 2458 4c8b | 5c24 704c | 895c 2460 | 4c8b 9c24 | 8000 0000 
  0x000002a7f0423f84: 4c89 5c24 | 684c 8b9c | 2490 0000 | 004c 895c | 2470 448b | 9c24 8800 | 0000 4489 | 5c24 7844 
  0x000002a7f0423fa4: 8b84 248c | 0000 0044 | 8944 247c | 4889 9c24 | 8800 0000 | 4489 9424 | 9400 0000 

  0x000002a7f0423fc0: ;   {runtime_call UncommonTrapBlob}
  0x000002a7f0423fc0: 6666 90e8 

  0x000002a7f0423fc4: ; ImmutableOopMap {rbp=Oop [48]=Oop [56]=Oop [64]=Oop [72]=Oop [80]=Oop [88]=Oop [96]=Oop [104]=Oop [112]=Oop [120]=NarrowOop [124]=NarrowOop [136]=Oop [148]=NarrowOop [160]=NarrowOop [168]=Oop }
                      ;*invokeinterface nanoTime {reexecute=0 rethrow=0 return_oop=0}
                      ; - org.gradle.internal.time.MonotonicClock::getCurrentTime@4 (line 77)
                      ; - org.gradle.internal.logging.progress.DefaultProgressLoggerFactory$ProgressLoggerImpl::completed@41 (line 251)
                      ; - org.gradle.internal.operations.BuildOperationProgressEventListenerAdapter::stop@42 (line 78)
                      ; - org.gradle.internal.operations.DefaultBuildOperationRunner$BuildOperationTrackingListener::stop@9 (line 248)
                      ; - org.gradle.internal.operations.DefaultBuildOperationRunner$2::execute@62 (line 73)
                      ; - org.gradle.internal.operations.DefaultBuildOperationRunner$2::execute@8 (line 59)
                      ; - org.gradle.internal.operations.DefaultBuildOperationRunner::execute@141 (line 166)
  0x000002a7f0423fc4: 3806 3dff 

  0x000002a7f0423fc8: ;   {other}
  0x000002a7f0423fc8: 0f1f 8400 | 3868 0072 | bade ffff | ff48 8b6c | 2430 4c8b | 5c24 484c | 895c 2430 | 4c8b 5c24 
  0x000002a7f0423fe8: 404c 895c | 2438 4c8b | 5c24 684c | 895c 2440 | 4c8b 5c24 | 784c 895c | 2448 4c8b | 5c24 584c 
  0x000002a7f0424008: 895c 2450 | 4c8b 5c24 | 684c 895c | 2458 4c8b | 5c24 704c | 895c 2460 | 4c89 5424 

  0x000002a7f0424024: ;   {runtime_call UncommonTrapBlob}
  0x000002a7f0424024: 7866 90e8 

  0x000002a7f0424028: ; ImmutableOopMap {rbp=Oop [48]=Oop [56]=Oop [64]=Oop [72]=Oop [80]=Oop [88]=Oop [96]=Oop [120]=Oop [128]=Oop [140]=NarrowOop }
                      ;*invokeinterface completed {reexecute=0 rethrow=0 return_oop=0}
                      ; - org.gradle.internal.logging.progress.DefaultProgressLoggerFactory$ProgressLoggerImpl::completed@55 (line 251)
                      ; - org.gradle.internal.operations.BuildOperationProgressEventListenerAdapter::stop@42 (line 78)
                      ; - org.gradle.internal.operations.DefaultBuildOperationRunner$BuildOperationTrackingListener::stop@9 (line 248)
                      ; - org.gradle.internal.operations.DefaultBuildOperationRunner$2::execute@62 (line 73)
                      ; - org.gradle.internal.operations.DefaultBuildOperationRunner$2::execute@8 (line 59)
                      ; - org.gradle.internal.operations.DefaultBuildOperationRunner::execute@141 (line 166)
  0x000002a7f0424028: d405 3dff 

  0x000002a7f042402c: ;   {other}
  0x000002a7f042402c: 0f1f 8400 | 9c68 0073 | bade ffff | ff48 8b6c | 2430 4c8b | 4424 484c | 8944 2430 | 4c8b 4424 
  0x000002a7f042404c: 404c 8944 | 2438 4c8b | 4424 684c | 8944 2440 | 4c8b 4424 | 784c 8944 | 2448 4c8b | 4424 584c 
  0x000002a7f042406c: 8944 2450 | 4c8b 4424 | 684c 8944 | 2458 4c8b | 4424 704c | 8944 2460 | 4489 5c24 | 704c 8954 
  0x000002a7f042408c: ;   {runtime_call UncommonTrapBlob}
  0x000002a7f042408c: 2478 90e8 

  0x000002a7f0424090: ; ImmutableOopMap {rbp=Oop [48]=Oop [56]=Oop [64]=Oop [72]=Oop [80]=Oop [88]=Oop [96]=Oop [112]=NarrowOop [120]=Oop [128]=Oop }
                      ;*invokeinterface onOutput {reexecute=0 rethrow=0 return_oop=0}
                      ; - org.gradle.internal.logging.services.ProgressLoggingBridge::completed@5 (line 34)
                      ; - org.gradle.internal.logging.progress.DefaultProgressLoggerFactory$ProgressLoggerImpl::completed@55 (line 251)
                      ; - org.gradle.internal.operations.BuildOperationProgressEventListenerAdapter::stop@42 (line 78)
                      ; - org.gradle.internal.operations.DefaultBuildOperationRunner$BuildOperationTrackingListener::stop@9 (line 248)
                      ; - org.gradle.internal.operations.DefaultBuildOperationRunner$2::execute@62 (line 73)
                      ; - org.gradle.internal.operations.DefaultBuildOperationRunner$2::execute@8 (line 59)
                      ; - org.gradle.internal.operations.DefaultBuildOperationRunner::execute@141 (line 166)
  0x000002a7f0424090: 6c05 3dff 

  0x000002a7f0424094: ;   {other}
  0x000002a7f0424094: 0f1f 8400 | 0469 0074 | bade ffff | ff4c 8b5c | 2430 4c89 | 5c24 204c | 8b5c 2448 | 4c89 5c24 
  0x000002a7f04240b4: 384c 8b5c | 2468 4c89 | 5c24 484c | 8b5c 2478 | 4c89 5c24 | 504c 8b5c | 2468 4c89 | 5c24 604c 
  0x000002a7f04240d4: 8b5c 2470 | 4c89 5c24 | 684c 8b9c | 2480 0000 | 004c 895c | 2470 4489 | 8424 8000 | 0000 4c89 
  0x000002a7f04240f4: 9424 8800 

  0x000002a7f04240f8: ;   {runtime_call UncommonTrapBlob}
  0x000002a7f04240f8: 0000 90e8 

  0x000002a7f04240fc: ; ImmutableOopMap {rbp=Oop [32]=Oop [56]=Oop [64]=Oop [72]=Oop [80]=Oop [88]=Oop [96]=Oop [104]=Oop [112]=Oop [128]=NarrowOop [136]=Oop }
                      ;*invokeinterface onOutput {reexecute=0 rethrow=0 return_oop=0}
                      ; - org.gradle.internal.logging.sink.OutputEventListenerManager$1::onOutput@8 (line 36)
                      ; - org.gradle.internal.logging.services.ProgressLoggingBridge::completed@5 (line 34)
                      ; - org.gradle.internal.logging.progress.DefaultProgressLoggerFactory$ProgressLoggerImpl::completed@55 (line 251)
                      ; - org.gradle.internal.operations.BuildOperationProgressEventListenerAdapter::stop@42 (line 78)
                      ; - org.gradle.internal.operations.DefaultBuildOperationRunner$BuildOperationTrackingListener::stop@9 (line 248)
                      ; - org.gradle.internal.operations.DefaultBuildOperationRunner$2::execute@62 (line 73)
                      ; - org.gradle.internal.operations.DefaultBuildOperationRunner$2::execute@8 (line 59)
                      ; - org.gradle.internal.operations.DefaultBuildOperationRunner::execute@141 (line 166)
  0x000002a7f04240fc: 0005 3dff 

  0x000002a7f0424100: ;   {other}
  0x000002a7f0424100: 0f1f 8400 | 7069 0075 | bade ffff | ff48 8b6c | 2430 4c8b | 5424 484c | 8954 2430 | 4c8b 5424 
  0x000002a7f0424120: 404c 8954 | 2438 4c8b | 5424 684c | 8954 2440 | 4c8b 5424 | 784c 8954 | 2448 4c8b | 5424 584c 
  0x000002a7f0424140: 8954 2450 | 4c8b 5424 | 684c 8954 | 2458 4c8b | 5424 704c | 8954 2460 | 4489 5c24 

  0x000002a7f042415c: ;   {runtime_call UncommonTrapBlob}
  0x000002a7f042415c: 7066 90e8 

  0x000002a7f0424160: ; ImmutableOopMap {rbp=Oop [48]=Oop [56]=Oop [64]=Oop [72]=Oop [80]=Oop [88]=Oop [96]=Oop [112]=NarrowOop [128]=Oop [136]=Oop }
                      ;*invokeinterface onOutput {reexecute=0 rethrow=0 return_oop=0}
                      ; - org.gradle.internal.logging.sink.OutputEventListenerManager$1::onOutput@27 (line 40)
                      ; - org.gradle.internal.logging.services.ProgressLoggingBridge::completed@5 (line 34)
                      ; - org.gradle.internal.logging.progress.DefaultProgressLoggerFactory$ProgressLoggerImpl::completed@55 (line 251)
                      ; - org.gradle.internal.operations.BuildOperationProgressEventListenerAdapter::stop@42 (line 78)
                      ; - org.gradle.internal.operations.DefaultBuildOperationRunner$BuildOperationTrackingListener::stop@9 (line 248)
                      ; - org.gradle.internal.operations.DefaultBuildOperationRunner$2::execute@62 (line 73)
                      ; - org.gradle.internal.operations.DefaultBuildOperationRunner$2::execute@8 (line 59)
                      ; - org.gradle.internal.operations.DefaultBuildOperationRunner::execute@141 (line 166)
  0x000002a7f0424160: 9c04 3dff 

  0x000002a7f0424164: ;   {other}
  0x000002a7f0424164: 0f1f 8400 | d469 0076 | bade ffff | ff48 8b6c | 2430 48ff | 7424 7048 | 8f44 2428 | 4c8b 4424 
  0x000002a7f0424184: 484c 8944 | 2430 4c8b | 4424 404c | 8944 2438 | 4c8b 4424 | 684c 8944 | 2440 4c8b | 4424 784c 
  0x000002a7f04241a4: 8944 2448 | 4489 5c24 | 584c 8b5c | 2468 4c89 | 5c24 604c | 894c 2470 | 4889 4c24 | 7844 8954 
  0x000002a7f04241c4: ;   {runtime_call UncommonTrapBlob}
  0x000002a7f04241c4: 245c 90e8 

  0x000002a7f04241c8: ; ImmutableOopMap {rbp=Oop [40]=Oop [48]=Oop [56]=Oop [64]=Oop [72]=Oop [88]=NarrowOop [92]=NarrowOop [96]=Oop [112]=Oop [128]=Oop }
                      ;*invokeinterface getCurrentTime {reexecute=0 rethrow=0 return_oop=0}
                      ; - org.gradle.internal.operations.BuildOperationProgressEventListenerAdapter::stop@64 (line 79)
                      ; - org.gradle.internal.operations.DefaultBuildOperationRunner$BuildOperationTrackingListener::stop@9 (line 248)
                      ; - org.gradle.internal.operations.DefaultBuildOperationRunner$2::execute@62 (line 73)
                      ; - org.gradle.internal.operations.DefaultBuildOperationRunner$2::execute@8 (line 59)
                      ; - org.gradle.internal.operations.DefaultBuildOperationRunner::execute@141 (line 166)
  0x000002a7f04241c8: 3404 3dff 

  0x000002a7f04241cc: ;   {other}
  0x000002a7f04241cc: 0f1f 8400 | 3c6a 0077 | bade ffff | ff48 8b6c | 2430 488b | 7c24 6848 | ff74 2470 | 488f 4424 
  0x000002a7f04241ec: 2848 8b5c | 2448 4889 | 5c24 3048 | 8b5c 2440 | 4889 5c24 | 3848 897c | 2440 488b | 5c24 7848 
  0x000002a7f042420c: 895c 2448 | 488b 9c24 | 8000 0000 | 4889 5c24 | 5044 895c | 2458 4889 | 7c24 604c | 894c 2470 
  0x000002a7f042422c: 4889 4c24 | 784c 8984 | 2480 0000 | 0044 8954 

  0x000002a7f042423c: ;   {runtime_call UncommonTrapBlob}
  0x000002a7f042423c: 245c 90e8 

  0x000002a7f0424240: ; ImmutableOopMap {rbp=Oop [40]=Oop [48]=Oop [56]=Oop [64]=Oop [72]=Oop [80]=Oop [88]=NarrowOop [92]=NarrowOop [96]=Oop [112]=Oop [128]=Oop }
                      ;*invokeinterface nanoTime {reexecute=0 rethrow=0 return_oop=0}
                      ; - org.gradle.internal.time.MonotonicClock::getCurrentTime@4 (line 77)
                      ; - org.gradle.internal.operations.BuildOperationProgressEventListenerAdapter::stop@64 (line 79)
                      ; - org.gradle.internal.operations.DefaultBuildOperationRunner$BuildOperationTrackingListener::stop@9 (line 248)
                      ; - org.gradle.internal.operations.DefaultBuildOperationRunner$2::execute@62 (line 73)
                      ; - org.gradle.internal.operations.DefaultBuildOperationRunner$2::execute@8 (line 59)
                      ; - org.gradle.internal.operations.DefaultBuildOperationRunner::execute@141 (line 166)
  0x000002a7f0424240: bc03 3dff 

  0x000002a7f0424244: ;   {other}
  0x000002a7f0424244: 0f1f 8400 | b46a 0078 | bade ffff | ff48 8b6c | 2430 4c8b | 5424 484c | 8954 2430 | 4c8b 5424 
  0x000002a7f0424264: 404c 8954 | 2438 4489 | 5c24 5048 | 895c 2460 

  0x000002a7f0424274: ;   {runtime_call UncommonTrapBlob}
  0x000002a7f0424274: 6666 90e8 

  0x000002a7f0424278: ; ImmutableOopMap {rbp=Oop [48]=Oop [56]=Oop [80]=NarrowOop [96]=Oop [104]=Oop [112]=Oop [120]=Oop }
                      ;*invokeinterface finished {reexecute=0 rethrow=0 return_oop=0}
                      ; - org.gradle.internal.operations.BuildOperationProgressEventListenerAdapter::stop@86 (line 79)
                      ; - org.gradle.internal.operations.DefaultBuildOperationRunner$BuildOperationTrackingListener::stop@9 (line 248)
                      ; - org.gradle.internal.operations.DefaultBuildOperationRunner$2::execute@62 (line 73)
                      ; - org.gradle.internal.operations.DefaultBuildOperationRunner$2::execute@8 (line 59)
                      ; - org.gradle.internal.operations.DefaultBuildOperationRunner::execute@141 (line 166)
  0x000002a7f0424278: 8403 3dff 

  0x000002a7f042427c: ;   {other}
  0x000002a7f042427c: 0f1f 8400 | ec6a 0079 | bade ffff | ff48 8b6c | 2430 4c8b | 5424 484c | 8954 2430 | 4c8b 5424 
  0x000002a7f042429c: 404c 8954 | 2438 4889 | 5c24 5844 | 895c 2464 

  0x000002a7f04242ac: ;   {runtime_call UncommonTrapBlob}
  0x000002a7f04242ac: 6666 90e8 

  0x000002a7f04242b0: ; ImmutableOopMap {rbp=Oop [48]=Oop [56]=Oop [88]=Oop [100]=NarrowOop [104]=Oop [112]=Oop [120]=Oop }
                      ;*invokeinterface size {reexecute=0 rethrow=0 return_oop=0}
                      ; - org.gradle.internal.operations.DefaultBuildOperationListenerManager$1::finished@9 (line 59)
                      ; - org.gradle.internal.operations.BuildOperationProgressEventListenerAdapter::stop@86 (line 79)
                      ; - org.gradle.internal.operations.DefaultBuildOperationRunner$BuildOperationTrackingListener::stop@9 (line 248)
                      ; - org.gradle.internal.operations.DefaultBuildOperationRunner$2::execute@62 (line 73)
                      ; - org.gradle.internal.operations.DefaultBuildOperationRunner$2::execute@8 (line 59)
                      ; - org.gradle.internal.operations.DefaultBuildOperationRunner::execute@141 (line 166)
  0x000002a7f04242b0: 4c03 3dff 

  0x000002a7f04242b4: ;   {other}
  0x000002a7f04242b4: 0f1f 8400 | 246b 007a | bade ffff | ff8b 6c24 | 6048 ff74 | 2448 488f | 4424 2044 | 8954 2438 
  0x000002a7f04242d4: ;   {runtime_call UncommonTrapBlob}
  0x000002a7f04242d4: 6666 90e8 

  0x000002a7f04242d8: ; ImmutableOopMap {rbp=NarrowOop [32]=Oop [56]=NarrowOop [104]=Oop [112]=Oop }
                      ;*invokeinterface close {reexecute=0 rethrow=0 return_oop=0}
                      ; - org.gradle.internal.operations.DefaultBuildOperationRunner$BuildOperationTrackingListener::close@6 (line 255)
                      ; - org.gradle.internal.operations.DefaultBuildOperationRunner$2::execute@88 (line 79)
                      ; - org.gradle.internal.operations.DefaultBuildOperationRunner$2::execute@8 (line 59)
                      ; - org.gradle.internal.operations.DefaultBuildOperationRunner::execute@141 (line 166)
  0x000002a7f04242d8: 2403 3dff 

  0x000002a7f04242dc: ;   {other}
  0x000002a7f04242dc: 0f1f 8400 | 4c6b 007b | bae4 ffff | ff48 8b6c | 2430 48ff | b424 8000 | 0000 488f | 4424 2048 
  0x000002a7f04242fc: ffb4 2488 | 0000 0048 | 8f44 2428 | 48ff 7424 | 6848 8f44 | 2448 897c | 2460 4c89 | 5c24 6844 
  0x000002a7f042431c: 8954 2478 | 4489 8424 | 8000 0000 | 89b4 2484 

  0x000002a7f042432c: ;   {runtime_call UncommonTrapBlob}
  0x000002a7f042432c: 0000 00e8 

  0x000002a7f0424330: ; ImmutableOopMap {rbp=Oop [32]=Oop [40]=Oop [72]=Oop [96]=NarrowOop [104]=Oop [128]=NarrowOop [144]=Oop [168]=Oop }
                      ;*aaload {reexecute=0 rethrow=0 return_oop=0}
                      ; - java.lang.ThreadLocal$ThreadLocalMap::set@23 (line 549)
                      ; - java.lang.ThreadLocal::set@13 (line 265)
                      ; - java.lang.ThreadLocal::set@5 (line 251)
                      ; - org.gradle.internal.operations.CurrentBuildOperationRef::set@16 (line 56)
                      ; - org.gradle.internal.operations.DefaultBuildOperationRunner$BuildOperationTrackingListener::start@19 (line 230)
                      ; - org.gradle.internal.operations.DefaultBuildOperationRunner$2::execute@4 (line 63)
                      ; - org.gradle.internal.operations.DefaultBuildOperationRunner$2::execute@8 (line 59)
                      ; - org.gradle.internal.operations.DefaultBuildOperationRunner::execute@141 (line 166)
  0x000002a7f0424330: cc02 3dff 

  0x000002a7f0424334: ;   {other}
  0x000002a7f0424334: 0f1f 8400 | a46b 007c | bae4 ffff | ff48 8b6c | 2430 4c8b | 5424 684c | 8954 2420 | 4c8b 5424 
  0x000002a7f0424354: 704c 8954 | 2428 4c8b | 5424 784c | 8954 2430 | 4c8b 5424 | 404c 8954 | 2438 4c8b | 5424 484c 
  0x000002a7f0424374: 8954 2440 | 4c8b 5424 | 504c 8954 | 2448 4c8b | 5424 584c | 8954 2450 | 4489 7424 | 6044 8944 
  0x000002a7f0424394: 2464 4489 | 4c24 6889 | 7c24 6c48 | 894c 2470 | 448b 9c24 | 9800 0000 | 4489 9c24 | 8000 0000 
  0x000002a7f04243b4: 448b 9c24 | a000 0000 | 4489 9c24 | 9000 0000 

  0x000002a7f04243c4: ;   {runtime_call UncommonTrapBlob}
  0x000002a7f04243c4: 6666 90e8 

  0x000002a7f04243c8: ; ImmutableOopMap {rbp=Oop [32]=Oop [40]=Oop [48]=Oop [56]=Oop [64]=Oop [72]=Oop [80]=Oop [96]=NarrowOop [104]=NarrowOop [108]=NarrowOop [112]=Oop [128]=NarrowOop }
                      ;*aaload {reexecute=0 rethrow=0 return_oop=0}
                      ; - java.lang.ThreadLocal$ThreadLocalMap::set@23 (line 549)
                      ; - java.lang.ThreadLocal::set@13 (line 265)
                      ; - java.lang.ThreadLocal::set@5 (line 251)
                      ; - org.gradle.internal.logging.progress.DefaultProgressLoggerFactory$ProgressLoggerImpl::started@127 (line 214)
                      ; - org.gradle.internal.logging.progress.DefaultProgressLoggerFactory$ProgressLoggerImpl::started@6 (line 190)
                      ; - org.gradle.internal.logging.progress.DefaultProgressLoggerFactory$ProgressLoggerImpl::start@8 (line 179)
                      ; - org.gradle.internal.operations.BuildOperationProgressEventListenerAdapter::start@44 (line 50)
                      ; - org.gradle.internal.operations.DefaultBuildOperationRunner$BuildOperationTrackingListener::start@47 (line 233)
                      ; - org.gradle.internal.operations.DefaultBuildOperationRunner$2::execute@4 (line 63)
                      ; - org.gradle.internal.operations.DefaultBuildOperationRunner$2::execute@8 (line 59)
                      ; - org.gradle.internal.operations.DefaultBuildOperationRunner::execute@141 (line 166)
  0x000002a7f04243c8: 3402 3dff 

  0x000002a7f04243cc: ;   {other}
  0x000002a7f04243cc: 0f1f 8400 | 3c6c 007d | bae4 ffff | ff48 8b6c | 2430 4889 | 4424 304c | 8b54 2440 | 4c89 5424 
  0x000002a7f04243ec: 384c 8b54 | 2468 4c89 | 5424 404c | 8b54 2478 | 4c89 5424 | 484c 894c | 2450 4c8b | 5424 684c 
  0x000002a7f042440c: 8954 2458 | 4c8b 5424 | 704c 8954 | 2460 4c8b | 9424 8000 | 0000 4c89 | 5424 6848 | 8974 2470 
  0x000002a7f042442c: 895c 2478 | 448b 9424 | 8c00 0000 | 4489 5424 | 7c44 8b9c | 2498 0000 | 0044 899c | 2488 0000 
  0x000002a7f042444c: 0044 8b94 | 249c 0000 | 0044 8994 | 248c 0000 | 0044 8b94 | 24ac 0000 | 0044 8994 | 249c 0000 
  0x000002a7f042446c: ;   {runtime_call UncommonTrapBlob}
  0x000002a7f042446c: 0066 90e8 

  0x000002a7f0424470: ; ImmutableOopMap {rbp=Oop [48]=Oop [56]=Oop [64]=Oop [72]=Oop [80]=Oop [88]=Oop [96]=Oop [104]=Oop [112]=Oop [120]=NarrowOop [124]=NarrowOop [136]=NarrowOop [140]=NarrowOop [160]=Oop }
                      ;*aaload {reexecute=0 rethrow=0 return_oop=0}
                      ; - java.lang.ThreadLocal$ThreadLocalMap::set@23 (line 549)
                      ; - java.lang.ThreadLocal::set@13 (line 265)
                      ; - java.lang.ThreadLocal::set@5 (line 251)
                      ; - org.gradle.internal.logging.progress.DefaultProgressLoggerFactory$ProgressLoggerImpl::completed@22 (line 250)
                      ; - org.gradle.internal.operations.BuildOperationProgressEventListenerAdapter::stop@42 (line 78)
                      ; - org.gradle.internal.operations.DefaultBuildOperationRunner$BuildOperationTrackingListener::stop@9 (line 248)
                      ; - org.gradle.internal.operations.DefaultBuildOperationRunner$2::execute@62 (line 73)
                      ; - org.gradle.internal.operations.DefaultBuildOperationRunner$2::execute@8 (line 59)
                      ; - org.gradle.internal.operations.DefaultBuildOperationRunner::execute@141 (line 166)
  0x000002a7f0424470: 8c01 3dff 

  0x000002a7f0424474: ;   {other}
  0x000002a7f0424474: 0f1f 8400 | e46c 007e | bade ffff | ff41 8be8 | 4489 5c24 | 3044 8974 

  0x000002a7f042448c: ;   {runtime_call UncommonTrapBlob}
  0x000002a7f042448c: 2434 90e8 

  0x000002a7f0424490: ; ImmutableOopMap {rbp=NarrowOop [48]=NarrowOop [52]=NarrowOop [112]=Oop [128]=Oop }
                      ;*invokevirtual set {reexecute=0 rethrow=0 return_oop=0}
                      ; - org.gradle.internal.operations.CurrentBuildOperationRef::set@16 (line 56)
                      ; - org.gradle.internal.operations.DefaultBuildOperationRunner$BuildOperationTrackingListener::close@19 (line 256)
                      ; - org.gradle.internal.operations.DefaultBuildOperationRunner$2::execute@88 (line 79)
                      ; - org.gradle.internal.operations.DefaultBuildOperationRunner$2::execute@8 (line 59)
                      ; - org.gradle.internal.operations.DefaultBuildOperationRunner::execute@141 (line 166)
  0x000002a7f0424490: 6c01 3dff 

  0x000002a7f0424494: ;   {other}
  0x000002a7f0424494: 0f1f 8400 | 046d 007f | bae4 ffff | ff8b 6c24 | 6089 7424 | 304c 8944 | 2438 4489 | 7424 3444 
  0x000002a7f04244b4: 895c 2444 | 4489 5424 | 4c89 5c24 

  0x000002a7f04244c0: ;   {runtime_call UncommonTrapBlob}
  0x000002a7f04244c0: 5066 90e8 

  0x000002a7f04244c4: ; ImmutableOopMap {rbp=NarrowOop [48]=NarrowOop [52]=NarrowOop [56]=Oop [76]=NarrowOop [112]=Oop [128]=Oop }
                      ;*aaload {reexecute=0 rethrow=0 return_oop=0}
                      ; - java.lang.ThreadLocal$ThreadLocalMap::set@23 (line 549)
                      ; - java.lang.ThreadLocal::set@13 (line 265)
                      ; - java.lang.ThreadLocal::set@5 (line 251)
                      ; - org.gradle.internal.operations.CurrentBuildOperationRef::set@16 (line 56)
                      ; - org.gradle.internal.operations.DefaultBuildOperationRunner$BuildOperationTrackingListener::close@19 (line 256)
                      ; - org.gradle.internal.operations.DefaultBuildOperationRunner$2::execute@88 (line 79)
                      ; - org.gradle.internal.operations.DefaultBuildOperationRunner$2::execute@8 (line 59)
                      ; - org.gradle.internal.operations.DefaultBuildOperationRunner::execute@141 (line 166)
  0x000002a7f04244c4: 3801 3dff 

  0x000002a7f04244c8: ;   {other}
  0x000002a7f04244c8: 0f1f 8400 | 386d 0080 | ba86 ffff 

  0x000002a7f04244d4: ;   {runtime_call UncommonTrapBlob}
  0x000002a7f04244d4: ff66 90e8 

  0x000002a7f04244d8: ; ImmutableOopMap {}
                      ;*ldiv {reexecute=0 rethrow=0 return_oop=0}
                      ; - java.util.concurrent.TimeUnit::toMillis@31 (line 294)
                      ; - org.gradle.internal.time.MonotonicClock::getCurrentTime@37 (line 81)
                      ; - org.gradle.internal.service.scopes.WorkerSharedGlobalScopeServices$$Lambda/0x000002a78f19d8c0::getCurrentTime@4
                      ; - org.gradle.internal.operations.DefaultBuildOperationRunner::execute@84 (line 163)
  0x000002a7f04244d8: 2401 3dff 

  0x000002a7f04244dc: ;   {other}
  0x000002a7f04244dc: 0f1f 8400 | 4c6d 0081 | ba86 ffff | ff48 8b6c | 2430 4c8b | 5424 404c | 8954 2438 | 4c8b 5424 
  0x000002a7f04244fc: 484c 8954 

  0x000002a7f0424500: ;   {runtime_call UncommonTrapBlob}
  0x000002a7f0424500: 2440 90e8 

  0x000002a7f0424504: ; ImmutableOopMap {rbp=Oop [56]=Oop [64]=Oop [104]=Oop [112]=Oop [120]=Oop }
                      ;*ldiv {reexecute=0 rethrow=0 return_oop=0}
                      ; - java.util.concurrent.TimeUnit::toMillis@31 (line 294)
                      ; - org.gradle.internal.time.MonotonicClock::getCurrentTime@37 (line 81)
                      ; - org.gradle.internal.logging.progress.DefaultProgressLoggerFactory$ProgressLoggerImpl::started@147 (line 218)
                      ; - org.gradle.internal.logging.progress.DefaultProgressLoggerFactory$ProgressLoggerImpl::started@6 (line 190)
                      ; - org.gradle.internal.logging.progress.DefaultProgressLoggerFactory$ProgressLoggerImpl::start@8 (line 179)
                      ; - org.gradle.internal.operations.BuildOperationProgressEventListenerAdapter::start@44 (line 50)
                      ; - org.gradle.internal.operations.DefaultBuildOperationRunner$BuildOperationTrackingListener::start@47 (line 233)
                      ; - org.gradle.internal.operations.DefaultBuildOperationRunner$2::execute@4 (line 63)
                      ; - org.gradle.internal.operations.DefaultBuildOperationRunner$2::execute@8 (line 59)
                      ; - org.gradle.internal.operations.DefaultBuildOperationRunner::execute@141 (line 166)
  0x000002a7f0424504: f800 3dff 

  0x000002a7f0424508: ;   {other}
  0x000002a7f0424508: 0f1f 8400 | 786d 0082 | ba86 ffff | ff48 8b6c | 2430 4c8b | 5424 404c | 8954 2438 

  0x000002a7f0424524: ;   {runtime_call UncommonTrapBlob}
  0x000002a7f0424524: 6666 90e8 

  0x000002a7f0424528: ; ImmutableOopMap {rbp=Oop [56]=Oop [72]=Oop [104]=Oop [112]=Oop }
                      ;*ldiv {reexecute=0 rethrow=0 return_oop=0}
                      ; - java.util.concurrent.TimeUnit::toMillis@31 (line 294)
                      ; - org.gradle.internal.time.MonotonicClock::getCurrentTime@37 (line 81)
                      ; - org.gradle.internal.logging.progress.DefaultProgressLoggerFactory$ProgressLoggerImpl::completed@41 (line 251)
                      ; - org.gradle.internal.operations.BuildOperationProgressEventListenerAdapter::stop@42 (line 78)
                      ; - org.gradle.internal.operations.DefaultBuildOperationRunner$BuildOperationTrackingListener::stop@9 (line 248)
                      ; - org.gradle.internal.operations.DefaultBuildOperationRunner$2::execute@62 (line 73)
                      ; - org.gradle.internal.operations.DefaultBuildOperationRunner$2::execute@8 (line 59)
                      ; - org.gradle.internal.operations.DefaultBuildOperationRunner::execute@141 (line 166)
  0x000002a7f0424528: d400 3dff 

  0x000002a7f042452c: ;   {other}
  0x000002a7f042452c: 0f1f 8400 | 9c6d 0083 | ba86 ffff | ff48 8b6c | 2430 4c8b | 5424 404c | 8954 2438 | 4c89 4c24 
  0x000002a7f042454c: ;   {runtime_call UncommonTrapBlob}
  0x000002a7f042454c: 4066 90e8 

  0x000002a7f0424550: ; ImmutableOopMap {rbp=Oop [56]=Oop [72]=Oop [104]=Oop [112]=Oop }
                      ;*ldiv {reexecute=0 rethrow=0 return_oop=0}
                      ; - java.util.concurrent.TimeUnit::toMillis@31 (line 294)
                      ; - org.gradle.internal.time.MonotonicClock::getCurrentTime@37 (line 81)
                      ; - org.gradle.internal.operations.BuildOperationProgressEventListenerAdapter::stop@64 (line 79)
                      ; - org.gradle.internal.operations.DefaultBuildOperationRunner$BuildOperationTrackingListener::stop@9 (line 248)
                      ; - org.gradle.internal.operations.DefaultBuildOperationRunner$2::execute@62 (line 73)
                      ; - org.gradle.internal.operations.DefaultBuildOperationRunner$2::execute@8 (line 59)
                      ; - org.gradle.internal.operations.DefaultBuildOperationRunner::execute@141 (line 166)
  0x000002a7f0424550: ac00 3dff 

  0x000002a7f0424554: ;   {other}
  0x000002a7f0424554: 0f1f 8400 | c46d 0084 | ba45 ffff | ff48 8bac | 2498 0000 | 004c 8b5c | 2430 4c89 | 5c24 2048 
  0x000002a7f0424574: ffb4 2480 | 0000 0048 | 8f44 2438 | 4489 5424 

  0x000002a7f0424584: ;   {runtime_call UncommonTrapBlob}
  0x000002a7f0424584: 5066 90e8 

  0x000002a7f0424588: ; ImmutableOopMap {rbp=Oop [32]=Oop [56]=Oop [72]=Oop [80]=NarrowOop [88]=Oop [168]=Oop }
                      ;*ifnonnull {reexecute=1 rethrow=0 return_oop=0}
                      ; - (reexecute) org.gradle.internal.operations.BuildOperationDescriptor$Builder::build@9 (line 190)
                      ; - org.gradle.internal.operations.DefaultBuildOperationRunner::execute@60 (line 158)
  0x000002a7f0424588: 7400 3dff 

  0x000002a7f042458c: ;   {other}
  0x000002a7f042458c: 0f1f 8400 | fc6d 0085 | 498b d749 | bac0 14cb | a9f9 7f00 | 0041 ffd2 

  0x000002a7f04245a4: ;   {other}
  0x000002a7f04245a4: 0f1f 8400 | 0000 0000 | e96d 9fff | ff49 8bd7 | 49ba c014 | cba9 f97f | 0000 41ff 

  0x000002a7f04245c0: ;   {other}
  0x000002a7f04245c0: d20f 1f84 | 0000 0000 | 00e9 ef9e | ffff 498b | d749 bac0 | 14cb a9f9 | 7f00 0041 

  0x000002a7f04245dc: ;   {other}
  0x000002a7f04245dc: ffd2 0f1f | 8400 0000 | 0000 e99e | a0ff ff49 | 8bd7 49ba | c014 cba9 | f97f 0000 

  0x000002a7f04245f8: ;   {other}
  0x000002a7f04245f8: 41ff d20f | 1f84 0000 | 0000 00e9 | 4aa2 ffff | ba45 ffff | ff48 8b6c | 2430 4c89 | 5c24 204c 
  0x000002a7f0424618: 8b5c 2440 | 4c89 5c24 | 384c 8b5c | 2448 4c89 | 5c24 404c | 8b5c 2450 | 4c89 5c24 | 484c 8954 
  0x000002a7f0424638: 2458 4489 | 7424 6044 | 8944 2464 | 4489 4c24 

  0x000002a7f0424648: ;   {runtime_call UncommonTrapBlob}
  0x000002a7f0424648: 6866 90e8 

  0x000002a7f042464c: ; ImmutableOopMap {rbp=Oop [32]=Oop [56]=Oop [64]=Oop [72]=Oop [88]=Oop [96]=NarrowOop [104]=NarrowOop [112]=Oop [120]=Oop }
                      ;*ifnonnull {reexecute=1 rethrow=0 return_oop=0}
                      ; - (reexecute) org.gradle.internal.logging.progress.DefaultProgressLoggerFactory$ProgressLoggerImpl::started@52 (line 201)
                      ; - org.gradle.internal.logging.progress.DefaultProgressLoggerFactory$ProgressLoggerImpl::started@6 (line 190)
                      ; - org.gradle.internal.logging.progress.DefaultProgressLoggerFactory$ProgressLoggerImpl::start@8 (line 179)
                      ; - org.gradle.internal.operations.BuildOperationProgressEventListenerAdapter::start@44 (line 50)
                      ; - org.gradle.internal.operations.DefaultBuildOperationRunner$BuildOperationTrackingListener::start@47 (line 233)
                      ; - org.gradle.internal.operations.DefaultBuildOperationRunner$2::execute@4 (line 63)
                      ; - org.gradle.internal.operations.DefaultBuildOperationRunner$2::execute@8 (line 59)
                      ; - org.gradle.internal.operations.DefaultBuildOperationRunner::execute@141 (line 166)
  0x000002a7f042464c: b0ff 3cff 

  0x000002a7f0424650: ;   {other}
  0x000002a7f0424650: 0f1f 8400 | c06e 0086 | 498b f249 | 8bfb 498b | d749 bac0 | 14cb a9f9 | 7f00 0041 

  0x000002a7f042466c: ;   {other}
  0x000002a7f042466c: ffd2 0f1f | 8400 0000 | 0000 4c8b | df4c 8bd6 | e919 aaff | ff45 8be8 | 498b fa49 | 8bdb 498b 
  0x000002a7f042468c: d749 bac0 | 14cb a9f9 | 7f00 0041 

  0x000002a7f0424698: ;   {other}
  0x000002a7f0424698: ffd2 0f1f | 8400 0000 | 0000 4c8b | db4c 8bd7 | 458b c5e9 | 75aa ffff | 4c89 4c24 | 2045 8be8 
  0x000002a7f04246b8: 498b f249 | 8bfb 498b | d749 bac0 | 14cb a9f9 | 7f00 0041 

  0x000002a7f04246cc: ;   {other}
  0x000002a7f04246cc: ffd2 0f1f | 8400 0000 | 0000 4c8b | df4c 8bd6 | 458b c54c | 8b4c 2420 | e95e abff | ff49 8bd7 
  0x000002a7f04246ec: 49ba c014 | cba9 f97f | 0000 41ff 

  0x000002a7f04246f8: ;   {other}
  0x000002a7f04246f8: d20f 1f84 | 0000 0000 | 00e9 a7b3 | ffff 498b | d749 bac0 | 14cb a9f9 | 7f00 0041 

  0x000002a7f0424714: ;   {other}
  0x000002a7f0424714: ffd2 0f1f | 8400 0000 | 0000 e93b | b2ff ff49 | 8bd7 49ba | c014 cba9 | f97f 0000 

  0x000002a7f0424730: ;   {other}
  0x000002a7f0424730: 41ff d20f | 1f84 0000 | 0000 00e9 | c2b3 ffff | 498b d749 | bac0 14cb | a9f9 7f00 | 0041 ffd2 
  0x000002a7f0424750: ;   {other}
  0x000002a7f0424750: 0f1f 8400 | 0000 0000 | e956 b2ff | ff49 8bd7 | 49ba c014 | cba9 f97f | 0000 41ff 

  0x000002a7f042476c: ;   {other}
  0x000002a7f042476c: d20f 1f84 | 0000 0000 | 00e9 9bb2 | ffff 498b | d749 bac0 | 14cb a9f9 | 7f00 0041 

  0x000002a7f0424788: ;   {other}
  0x000002a7f0424788: ffd2 0f1f | 8400 0000 | 0000 e9ca | b2ff ff49 | 8bd7 49ba | c014 cba9 | f97f 0000 

  0x000002a7f04247a4: ;   {other}
  0x000002a7f04247a4: 41ff d20f | 1f84 0000 | 0000 00e9 | 66b1 ffff | 498b d749 | bac0 14cb | a9f9 7f00 | 0041 ffd2 
  0x000002a7f04247c4: ;   {other}
  0x000002a7f04247c4: 0f1f 8400 | 0000 0000 | e969 b0ff | ff49 8bda | 498b d749 | bac0 14cb | a9f9 7f00 | 0041 ffd2 
  0x000002a7f04247e4: ;   {other}
  0x000002a7f04247e4: 0f1f 8400 | 0000 0000 | 4c8b d3e9 | 94b3 ffff | 498b d749 | bac0 14cb | a9f9 7f00 | 0041 ffd2 
  0x000002a7f0424804: ;   {other}
  0x000002a7f0424804: 0f1f 8400 | 0000 0000 | 4c8b 4424 | 50e9 9cb4 | ffff 4c8b | f644 8beb | 498b e949 | 8bf2 498b 
  0x000002a7f0424824: f849 8bd7 | 49ba c014 | cba9 f97f | 0000 41ff 

  0x000002a7f0424834: ;   {other}
  0x000002a7f0424834: d20f 1f84 | 0000 0000 | 0048 8b44 | 2448 4c8b | c74c 8bd6 | 4c8b cd41 | 8bdd 498b | f6e9 4fb5 
  0x000002a7f0424854: ffff 498b | ea49 8bf1 | 498b d749 | bac0 14cb | a9f9 7f00 | 0041 ffd2 

  0x000002a7f042486c: ;   {other}
  0x000002a7f042486c: 0f1f 8400 | 0000 0000 | 4c8b ce4c | 8bd5 e92f | bbff ff49 | 8bf2 498b | d949 8bd7 | 49ba c014 
  0x000002a7f042488c: cba9 f97f | 0000 41ff 

  0x000002a7f0424894: ;   {other}
  0x000002a7f0424894: d20f 1f84 | 0000 0000 | 00e9 64cf | ffff 498b | d749 bac0 | 14cb a9f9 | 7f00 0041 

  0x000002a7f04248b0: ;   {other}
  0x000002a7f04248b0: ffd2 0f1f | 8400 0000 | 0000 e9ce | bdff ff49 | 8bf9 498b | d749 bac0 | 14cb a9f9 | 7f00 0041 
  0x000002a7f04248d0: ;   {other}
  0x000002a7f04248d0: ffd2 0f1f | 8400 0000 | 0000 4c8b | cfe9 40bd | ffff 4533 | db4d 3bd3 | bdff ffff | ff7c 0840 
  0x000002a7f04248f0: 0f95 c540 | 0fb6 edba | 45ff ffff 

  0x000002a7f04248fc: ;   {runtime_call UncommonTrapBlob}
  0x000002a7f04248fc: 6666 90e8 

  0x000002a7f0424900: ; ImmutableOopMap {[48]=Oop [56]=Oop [72]=Oop [88]=Oop [152]=Oop }
                      ;*ifne {reexecute=1 rethrow=0 return_oop=0}
                      ; - (reexecute) org.gradle.internal.operations.OperationIdentifier::<init>@7 (line 26)
                      ; - org.gradle.internal.operations.DefaultBuildOperationRunner::execute@35 (line 157)
  0x000002a7f0424900: fcfc 3cff 

  0x000002a7f0424904: ;   {other}
  0x000002a7f0424904: 0f1f 8400 | 7471 0087 | 33ed 4585 | d240 0f95 | c5ba 45ff | ffff 4c8b | 5424 304c | 8954 2428 
  0x000002a7f0424924: 48ff b424 | a800 0000 | 488f 4424 | 3048 ffb4 | 2480 0000 | 0048 8f44 

  0x000002a7f042493c: ;   {runtime_call UncommonTrapBlob}
  0x000002a7f042493c: 2438 90e8 

  0x000002a7f0424940: ; ImmutableOopMap {[40]=Oop [48]=Oop [56]=Oop [152]=Oop }
                      ;*ifne {reexecute=1 rethrow=0 return_oop=0}
                      ; - (reexecute) org.gradle.internal.operations.DefaultBuildOperationRunner::assertParentRunning@8 (line 176)
                      ; - org.gradle.internal.operations.DefaultBuildOperationRunner::execute@71 (line 161)
  0x000002a7f0424940: bcfc 3cff 

  0x000002a7f0424944: ;   {other}
  0x000002a7f0424944: 0f1f 8400 | b471 0088 | ba45 ffff | ff48 8b6c | 2430 4c89 | 5c24 204c | 8b5c 2470 | 4c89 5c24 
  0x000002a7f0424964: 284c 8b5c | 2440 4c89 | 5c24 384c | 8b5c 2448 | 4c89 5c24 | 404c 8b5c | 2450 4c89 | 5c24 484c 
  0x000002a7f0424984: 8954 2458 | 4489 7424 | 6044 8944 | 2464 4c89 | 5424 6844 | 894c 2470 

  0x000002a7f042499c: ;   {runtime_call UncommonTrapBlob}
  0x000002a7f042499c: 6666 90e8 

  0x000002a7f04249a0: ; ImmutableOopMap {rbp=Oop [32]=Oop [40]=Oop [56]=Oop [64]=Oop [72]=Oop [88]=Oop [96]=NarrowOop [104]=Oop [112]=NarrowOop [120]=Oop }
                      ;*if_acmpne {reexecute=1 rethrow=0 return_oop=0}
                      ; - (reexecute) org.gradle.internal.logging.progress.DefaultProgressLoggerFactory$ProgressLoggerImpl::assertNotStarted@7 (line 259)
                      ; - org.gradle.internal.logging.progress.DefaultProgressLoggerFactory$ProgressLoggerImpl::started@21 (line 197)
                      ; - org.gradle.internal.logging.progress.DefaultProgressLoggerFactory$ProgressLoggerImpl::started@6 (line 190)
                      ; - org.gradle.internal.logging.progress.DefaultProgressLoggerFactory$ProgressLoggerImpl::start@8 (line 179)
                      ; - org.gradle.internal.operations.BuildOperationProgressEventListenerAdapter::start@44 (line 50)
                      ; - org.gradle.internal.operations.DefaultBuildOperationRunner$BuildOperationTrackingListener::start@47 (line 233)
                      ; - org.gradle.internal.operations.DefaultBuildOperationRunner$2::execute@4 (line 63)
                      ; - org.gradle.internal.operations.DefaultBuildOperationRunner$2::execute@8 (line 59)
                      ; - org.gradle.internal.operations.DefaultBuildOperationRunner::execute@141 (line 166)
  0x000002a7f04249a0: 5cfc 3cff 

  0x000002a7f04249a4: ;   {other}
  0x000002a7f04249a4: 0f1f 8400 | 1472 0089 | ba45 ffff | ff48 8b6c | 2430 4c89 | 5c24 204c | 8b5c 2470 | 4c89 5c24 
  0x000002a7f04249c4: 284c 8b5c | 2440 4c89 | 5c24 384c | 8b5c 2448 | 4c89 5c24 | 404c 8b5c | 2450 4c89 | 5c24 484c 
  0x000002a7f04249e4: 8954 2458 | 4489 7424 | 6044 8944 | 2464 4c89 | 5424 6844 | 894c 2470 

  0x000002a7f04249fc: ;   {runtime_call UncommonTrapBlob}
  0x000002a7f04249fc: 6666 90e8 

  0x000002a7f0424a00: ; ImmutableOopMap {rbp=Oop [32]=Oop [40]=Oop [56]=Oop [64]=Oop [72]=Oop [88]=Oop [96]=NarrowOop [104]=Oop [112]=NarrowOop [120]=Oop }
                      ;*if_acmpne {reexecute=1 rethrow=0 return_oop=0}
                      ; - (reexecute) org.gradle.internal.logging.progress.DefaultProgressLoggerFactory$ProgressLoggerImpl::assertNotStarted@38 (line 262)
                      ; - org.gradle.internal.logging.progress.DefaultProgressLoggerFactory$ProgressLoggerImpl::started@21 (line 197)
                      ; - org.gradle.internal.logging.progress.DefaultProgressLoggerFactory$ProgressLoggerImpl::started@6 (line 190)
                      ; - org.gradle.internal.logging.progress.DefaultProgressLoggerFactory$ProgressLoggerImpl::start@8 (line 179)
                      ; - org.gradle.internal.operations.BuildOperationProgressEventListenerAdapter::start@44 (line 50)
                      ; - org.gradle.internal.operations.DefaultBuildOperationRunner$BuildOperationTrackingListener::start@47 (line 233)
                      ; - org.gradle.internal.operations.DefaultBuildOperationRunner$2::execute@4 (line 63)
                      ; - org.gradle.internal.operations.DefaultBuildOperationRunner$2::execute@8 (line 59)
                      ; - org.gradle.internal.operations.DefaultBuildOperationRunner::execute@141 (line 166)
  0x000002a7f0424a00: fcfb 3cff 

  0x000002a7f0424a04: ;   {other}
  0x000002a7f0424a04: 0f1f 8400 | 7472 008a | ba45 ffff | ff48 8b6c | 2430 4c8b | 5424 684c | 8954 2420 | 4c8b 5424 
  0x000002a7f0424a24: 704c 8954 | 2428 4c8b | 5424 404c | 8954 2438 | 4c8b 5424 | 484c 8954 | 2440 4c8b | 5424 504c 
  0x000002a7f0424a44: 8954 2448 | 4c8b 5424 | 584c 8954 | 2450 4c8b | 9424 9000 | 0000 4c89 | 5424 6889 

  0x000002a7f0424a60: ;   {runtime_call UncommonTrapBlob}
  0x000002a7f0424a60: 7c24 70e8 

  0x000002a7f0424a64: ; ImmutableOopMap {rbp=Oop [32]=Oop [40]=Oop [56]=Oop [64]=Oop [72]=Oop [80]=Oop [104]=Oop [112]=NarrowOop [120]=Oop [140]=NarrowOop [144]=Oop }
                      ;*ifnonnull {reexecute=1 rethrow=0 return_oop=0}
                      ; - (reexecute) org.gradle.internal.logging.events.ProgressStartEvent::<init>@59 (line 63)
                      ; - org.gradle.internal.logging.progress.DefaultProgressLoggerFactory$ProgressLoggerImpl::started@182 (line 222)
                      ; - org.gradle.internal.logging.progress.DefaultProgressLoggerFactory$ProgressLoggerImpl::started@6 (line 190)
                      ; - org.gradle.internal.logging.progress.DefaultProgressLoggerFactory$ProgressLoggerImpl::start@8 (line 179)
                      ; - org.gradle.internal.operations.BuildOperationProgressEventListenerAdapter::start@44 (line 50)
                      ; - org.gradle.internal.operations.DefaultBuildOperationRunner$BuildOperationTrackingListener::start@47 (line 233)
                      ; - org.gradle.internal.operations.DefaultBuildOperationRunner$2::execute@4 (line 63)
                      ; - org.gradle.internal.operations.DefaultBuildOperationRunner$2::execute@8 (line 59)
                      ; - org.gradle.internal.operations.DefaultBuildOperationRunner::execute@141 (line 166)
  0x000002a7f0424a64: 98fb 3cff 

  0x000002a7f0424a68: ;   {other}
  0x000002a7f0424a68: 0f1f 8400 | d872 008b | ba45 ffff | ff4c 8b5c | 2430 4c89 | 5c24 204c | 8b5c 2468 | 4c89 5c24 
  0x000002a7f0424a88: 284c 8b5c | 2470 4c89 | 5c24 304c | 8b5c 2478 | 4c89 5c24 | 384c 8944 | 2468 4c89 | 5424 7089 
  0x000002a7f0424aa8: ;   {runtime_call UncommonTrapBlob}
  0x000002a7f0424aa8: 4c24 78e8 

  0x000002a7f0424aac: ; ImmutableOopMap {rbp=Oop [32]=Oop [40]=Oop [48]=Oop [56]=Oop [64]=Oop [72]=Oop [80]=Oop [88]=Oop [104]=Oop [112]=Oop [120]=NarrowOop }
                      ;*ifnull {reexecute=1 rethrow=0 return_oop=0}
                      ; - (reexecute) org.gradle.internal.logging.sink.OutputEventRenderer::onOutput@4 (line 424)
                      ; - org.gradle.internal.logging.sink.OutputEventListenerManager$1::onOutput@8 (line 36)
                      ; - org.gradle.internal.logging.services.ProgressLoggingBridge::started@5 (line 39)
                      ; - org.gradle.internal.logging.progress.DefaultProgressLoggerFactory$ProgressLoggerImpl::started@185 (line 215)
                      ; - org.gradle.internal.logging.progress.DefaultProgressLoggerFactory$ProgressLoggerImpl::started@6 (line 190)
                      ; - org.gradle.internal.logging.progress.DefaultProgressLoggerFactory$ProgressLoggerImpl::start@8 (line 179)
                      ; - org.gradle.internal.operations.BuildOperationProgressEventListenerAdapter::start@44 (line 50)
                      ; - org.gradle.internal.operations.DefaultBuildOperationRunner$BuildOperationTrackingListener::start@47 (line 233)
                      ; - org.gradle.internal.operations.DefaultBuildOperationRunner$2::execute@4 (line 63)
                      ; - org.gradle.internal.operations.DefaultBuildOperationRunner$2::execute@8 (line 59)
                      ; - org.gradle.internal.operations.DefaultBuildOperationRunner::execute@141 (line 166)
  0x000002a7f0424aac: 50fb 3cff 

  0x000002a7f0424ab0: ;   {other}
  0x000002a7f0424ab0: 0f1f 8400 | 2073 008c | ba45 ffff | ff4c 8b5c | 2430 4c89 | 5c24 204c | 8b5c 2468 | 4c89 5c24 
  0x000002a7f0424ad0: 284c 8b5c | 2470 4c89 | 5c24 304c | 8b5c 2478 | 4c89 5c24 | 384c 8944 | 2468 4c89 | 5424 7044 
  0x000002a7f0424af0: 894c 2478 

  0x000002a7f0424af4: ;   {runtime_call UncommonTrapBlob}
  0x000002a7f0424af4: 6666 90e8 

  0x000002a7f0424af8: ; ImmutableOopMap {rbp=Oop [32]=Oop [40]=Oop [48]=Oop [56]=Oop [64]=Oop [72]=Oop [80]=Oop [88]=Oop [104]=Oop [112]=Oop }
                      ;*ifge {reexecute=1 rethrow=0 return_oop=0}
                      ; - (reexecute) org.gradle.internal.logging.sink.OutputEventRenderer::onOutput@24 (line 424)
                      ; - org.gradle.internal.logging.sink.OutputEventListenerManager$1::onOutput@8 (line 36)
                      ; - org.gradle.internal.logging.services.ProgressLoggingBridge::started@5 (line 39)
                      ; - org.gradle.internal.logging.progress.DefaultProgressLoggerFactory$ProgressLoggerImpl::started@185 (line 215)
                      ; - org.gradle.internal.logging.progress.DefaultProgressLoggerFactory$ProgressLoggerImpl::started@6 (line 190)
                      ; - org.gradle.internal.logging.progress.DefaultProgressLoggerFactory$ProgressLoggerImpl::start@8 (line 179)
                      ; - org.gradle.internal.operations.BuildOperationProgressEventListenerAdapter::start@44 (line 50)
                      ; - org.gradle.internal.operations.DefaultBuildOperationRunner$BuildOperationTrackingListener::start@47 (line 233)
                      ; - org.gradle.internal.operations.DefaultBuildOperationRunner$2::execute@4 (line 63)
                      ; - org.gradle.internal.operations.DefaultBuildOperationRunner$2::execute@8 (line 59)
                      ; - org.gradle.internal.operations.DefaultBuildOperationRunner::execute@141 (line 166)
  0x000002a7f0424af8: 04fb 3cff 

  0x000002a7f0424afc: ;   {other}
  0x000002a7f0424afc: 0f1f 8400 | 6c73 008d | ba45 ffff | ff48 8b6c | 2430 488b | 4c24 7048 | ff74 2448 | 488f 4424 
  0x000002a7f0424b1c: 304c 8954 | 2438 4c8b | 5424 684c | 8954 2440 | 4c89 4c24 | 504c 8b54 | 2468 4c89 | 5424 5848 
  0x000002a7f0424b3c: 894c 2460 | 4c89 4424 | 6844 895c 

  0x000002a7f0424b48: ;   {runtime_call UncommonTrapBlob}
  0x000002a7f0424b48: 2470 90e8 

  0x000002a7f0424b4c: ; ImmutableOopMap {rbp=Oop [48]=Oop [56]=Oop [64]=Oop [80]=Oop [88]=Oop [96]=Oop [104]=Oop [112]=NarrowOop [120]=Oop }
                      ;*ifnull {reexecute=1 rethrow=0 return_oop=0}
                      ; - (reexecute) org.gradle.internal.operations.BuildOperationProgressEventListenerAdapter::stop@4 (line 75)
                      ; - org.gradle.internal.operations.DefaultBuildOperationRunner$BuildOperationTrackingListener::stop@9 (line 248)
                      ; - org.gradle.internal.operations.DefaultBuildOperationRunner$2::execute@62 (line 73)
                      ; - org.gradle.internal.operations.DefaultBuildOperationRunner$2::execute@8 (line 59)
                      ; - org.gradle.internal.operations.DefaultBuildOperationRunner::execute@141 (line 166)
  0x000002a7f0424b4c: b0fa 3cff 

  0x000002a7f0424b50: ;   {other}
  0x000002a7f0424b50: 0f1f 8400 | c073 008e | ba45 ffff | ff48 8b6c | 2430 488b | 7c24 7048 | ff74 2448 | 488f 4424 
  0x000002a7f0424b70: 304c 8954 | 2438 4c8b | 5424 684c | 8954 2440 | 4c8b 5424 | 784c 8954 | 2448 4c89 | 4c24 504c 
  0x000002a7f0424b90: 8b54 2468 | 4c89 5424 | 5848 897c | 2460 4c89 | 4424 6844 | 895c 2470 | 895c 2474 | 894c 2478 
  0x000002a7f0424bb0: ;   {runtime_call UncommonTrapBlob}
  0x000002a7f0424bb0: 6666 90e8 

  0x000002a7f0424bb4: ; ImmutableOopMap {rbp=Oop [48]=Oop [56]=Oop [64]=Oop [72]=Oop [80]=Oop [88]=Oop [96]=Oop [104]=Oop [112]=NarrowOop [116]=NarrowOop [120]=NarrowOop }
                      ;*ifnull {reexecute=1 rethrow=0 return_oop=0}
                      ; - (reexecute) org.gradle.internal.operations.BuildOperationProgressEventListenerAdapter::stop@34 (line 78)
                      ; - org.gradle.internal.operations.DefaultBuildOperationRunner$BuildOperationTrackingListener::stop@9 (line 248)
                      ; - org.gradle.internal.operations.DefaultBuildOperationRunner$2::execute@62 (line 73)
                      ; - org.gradle.internal.operations.DefaultBuildOperationRunner$2::execute@8 (line 59)
                      ; - org.gradle.internal.operations.DefaultBuildOperationRunner::execute@141 (line 166)
  0x000002a7f0424bb4: 48fa 3cff 

  0x000002a7f0424bb8: ;   {other}
  0x000002a7f0424bb8: 0f1f 8400 | 2874 008f | ba45 ffff | ff48 8b6c | 2430 488b | 4c24 7048 | ff74 2448 | 488f 4424 
  0x000002a7f0424bd8: 304c 8954 | 2438 4c8b | 5424 684c | 8954 2440 | 4c8b 5424 | 784c 8954 | 2448 4c89 | 4c24 504c 
  0x000002a7f0424bf8: 8b54 2468 | 4c89 5424 | 5848 894c | 2460 4c89 | 4424 6889 | 5c24 7848 | 89b4 2480 | 0000 0044 
  0x000002a7f0424c18: 895c 247c 

  0x000002a7f0424c1c: ;   {runtime_call UncommonTrapBlob}
  0x000002a7f0424c1c: 6666 90e8 

  0x000002a7f0424c20: ; ImmutableOopMap {rbp=Oop [48]=Oop [56]=Oop [64]=Oop [72]=Oop [80]=Oop [88]=Oop [96]=Oop [104]=Oop [120]=NarrowOop [124]=NarrowOop [128]=Oop }
                      ;*if_acmpne {reexecute=1 rethrow=0 return_oop=0}
                      ; - (reexecute) org.gradle.internal.logging.progress.DefaultProgressLoggerFactory$ProgressLoggerImpl::assertRunning@7 (line 268)
                      ; - org.gradle.internal.logging.progress.DefaultProgressLoggerFactory$ProgressLoggerImpl::completed@1 (line 248)
                      ; - org.gradle.internal.operations.BuildOperationProgressEventListenerAdapter::stop@42 (line 78)
                      ; - org.gradle.internal.operations.DefaultBuildOperationRunner$BuildOperationTrackingListener::stop@9 (line 248)
                      ; - org.gradle.internal.operations.DefaultBuildOperationRunner$2::execute@62 (line 73)
                      ; - org.gradle.internal.operations.DefaultBuildOperationRunner$2::execute@8 (line 59)
                      ; - org.gradle.internal.operations.DefaultBuildOperationRunner::execute@141 (line 166)
  0x000002a7f0424c20: dcf9 3cff 

  0x000002a7f0424c24: ;   {other}
  0x000002a7f0424c24: 0f1f 8400 | 9474 0090 | ba45 ffff | ff48 8b6c | 2430 488b | 4c24 7048 | ff74 2448 | 488f 4424 
  0x000002a7f0424c44: 304c 8954 | 2438 4c8b | 5424 684c | 8954 2440 | 4c8b 5424 | 784c 8954 | 2448 4c89 | 4c24 504c 
  0x000002a7f0424c64: 8b54 2468 | 4c89 5424 | 5848 894c | 2460 4c89 | 4424 6889 | 5c24 7848 | 89b4 2480 | 0000 0044 
  0x000002a7f0424c84: 895c 247c 

  0x000002a7f0424c88: ;   {runtime_call UncommonTrapBlob}
  0x000002a7f0424c88: 6666 90e8 

  0x000002a7f0424c8c: ; ImmutableOopMap {rbp=Oop [48]=Oop [56]=Oop [64]=Oop [72]=Oop [80]=Oop [88]=Oop [96]=Oop [104]=Oop [120]=NarrowOop [124]=NarrowOop [128]=Oop }
                      ;*if_acmpne {reexecute=1 rethrow=0 return_oop=0}
                      ; - (reexecute) org.gradle.internal.logging.progress.DefaultProgressLoggerFactory$ProgressLoggerImpl::assertRunning@38 (line 271)
                      ; - org.gradle.internal.logging.progress.DefaultProgressLoggerFactory$ProgressLoggerImpl::completed@1 (line 248)
                      ; - org.gradle.internal.operations.BuildOperationProgressEventListenerAdapter::stop@42 (line 78)
                      ; - org.gradle.internal.operations.DefaultBuildOperationRunner$BuildOperationTrackingListener::stop@9 (line 248)
                      ; - org.gradle.internal.operations.DefaultBuildOperationRunner$2::execute@62 (line 73)
                      ; - org.gradle.internal.operations.DefaultBuildOperationRunner$2::execute@8 (line 59)
                      ; - org.gradle.internal.operations.DefaultBuildOperationRunner::execute@141 (line 166)
  0x000002a7f0424c8c: 70f9 3cff 

  0x000002a7f0424c90: ;   {other}
  0x000002a7f0424c90: 0f1f 8400 | 0075 0091 | ba45 ffff | ff4c 8b5c | 2430 4c89 | 5c24 204c | 8b5c 2448 | 4c89 5c24 
  0x000002a7f0424cb0: 384c 8b5c | 2468 4c89 | 5c24 484c | 8b5c 2478 | 4c89 5c24 | 504c 8b5c | 2468 4c89 | 5c24 604c 
  0x000002a7f0424cd0: 8b5c 2470 | 4c89 5c24 | 684c 8b9c | 2480 0000 | 004c 895c | 2470 4c89 | 8c24 8000 | 0000 4c89 
  0x000002a7f0424cf0: 9424 8800 | 0000 4489 | 8424 9000 

  0x000002a7f0424cfc: ;   {runtime_call UncommonTrapBlob}
  0x000002a7f0424cfc: 0000 90e8 

  0x000002a7f0424d00: ; ImmutableOopMap {rbp=Oop [32]=Oop [56]=Oop [64]=Oop [72]=Oop [80]=Oop [88]=Oop [96]=Oop [104]=Oop [112]=Oop [128]=Oop [136]=Oop }
                      ;*ifge {reexecute=1 rethrow=0 return_oop=0}
                      ; - (reexecute) org.gradle.internal.logging.sink.OutputEventRenderer::onOutput@24 (line 424)
                      ; - org.gradle.internal.logging.sink.OutputEventListenerManager$1::onOutput@8 (line 36)
                      ; - org.gradle.internal.logging.services.ProgressLoggingBridge::completed@5 (line 34)
                      ; - org.gradle.internal.logging.progress.DefaultProgressLoggerFactory$ProgressLoggerImpl::completed@55 (line 251)
                      ; - org.gradle.internal.operations.BuildOperationProgressEventListenerAdapter::stop@42 (line 78)
                      ; - org.gradle.internal.operations.DefaultBuildOperationRunner$BuildOperationTrackingListener::stop@9 (line 248)
                      ; - org.gradle.internal.operations.DefaultBuildOperationRunner$2::execute@62 (line 73)
                      ; - org.gradle.internal.operations.DefaultBuildOperationRunner$2::execute@8 (line 59)
                      ; - org.gradle.internal.operations.DefaultBuildOperationRunner::execute@141 (line 166)
  0x000002a7f0424d00: fcf8 3cff 

  0x000002a7f0424d04: ;   {other}
  0x000002a7f0424d04: 0f1f 8400 | 7475 0092 | 33ed 4585 | d240 0f95 | c5ba 45ff | ffff 4c8b | 5424 304c | 8954 2420 
  0x000002a7f0424d24: 4c8b 5424 | 484c 8954 

  0x000002a7f0424d2c: ;   {runtime_call UncommonTrapBlob}
  0x000002a7f0424d2c: 2438 90e8 

  0x000002a7f0424d30: ; ImmutableOopMap {[32]=Oop [56]=Oop [64]=Oop [104]=Oop [112]=Oop [120]=Oop }
                      ;*ifne {reexecute=1 rethrow=0 return_oop=0}
                      ; - (reexecute) org.gradle.internal.operations.DefaultBuildOperationRunner::assertParentRunning@8 (line 176)
                      ; - org.gradle.internal.operations.DefaultBuildOperationRunner::access$400@3 (line 24)
                      ; - org.gradle.internal.operations.DefaultBuildOperationRunner$BuildOperationTrackingListener::stop@32 (line 250)
                      ; - org.gradle.internal.operations.DefaultBuildOperationRunner$2::execute@62 (line 73)
                      ; - org.gradle.internal.operations.DefaultBuildOperationRunner$2::execute@8 (line 59)
                      ; - org.gradle.internal.operations.DefaultBuildOperationRunner::execute@141 (line 166)
  0x000002a7f0424d30: ccf8 3cff 

  0x000002a7f0424d34: ;   {other}
  0x000002a7f0424d34: 0f1f 8400 | a475 0093 | ba45 ffff 

  0x000002a7f0424d40: ;   {runtime_call UncommonTrapBlob}
  0x000002a7f0424d40: ff66 90e8 

  0x000002a7f0424d44: ; ImmutableOopMap {[64]=Oop [72]=Oop [104]=Oop [112]=Oop }
                      ;*ifnull {reexecute=1 rethrow=0 return_oop=0}
                      ; - (reexecute) org.gradle.internal.operations.DefaultBuildOperationRunner$2::execute@69 (line 74)
                      ; - org.gradle.internal.operations.DefaultBuildOperationRunner$2::execute@8 (line 59)
                      ; - org.gradle.internal.operations.DefaultBuildOperationRunner::execute@141 (line 166)
  0x000002a7f0424d44: b8f8 3cff 

  0x000002a7f0424d48: ;   {other}
  0x000002a7f0424d48: 0f1f 8400 | b875 0094 | 4489 4424 | 2049 8bea | 498b fb49 | 8bd7 49ba | c014 cba9 | f97f 0000 
  0x000002a7f0424d68: ;   {other}
  0x000002a7f0424d68: 41ff d20f | 1f84 0000 | 0000 004c | 8bdf 4c8b | d544 8b44 | 2420 e924 | a5ff ff49 | 8bd7 49ba 
  0x000002a7f0424d88: c014 cba9 | f97f 0000 

  0x000002a7f0424d90: ;   {other}
  0x000002a7f0424d90: 41ff d20f | 1f84 0000 | 0000 00e9 | 38bc ffff | bae4 ffff | ff48 8b6c | 2430 48ff | 7424 6848 
  0x000002a7f0424db0: 8f44 2448 | 897c 2460 | 4489 4424 | 6889 7424 | 6c4c 894c 

  0x000002a7f0424dc4: ;   {runtime_call UncommonTrapBlob}
  0x000002a7f0424dc4: 2470 90e8 

  0x000002a7f0424dc8: ; ImmutableOopMap {rbp=Oop [72]=Oop [96]=NarrowOop [104]=NarrowOop [112]=Oop [128]=Oop [136]=Oop [144]=Oop [168]=Oop }
                      ;*aastore {reexecute=1 rethrow=0 return_oop=0}
                      ; - (reexecute) java.lang.ThreadLocal$ThreadLocalMap::set@94 (line 563)
                      ; - java.lang.ThreadLocal::set@13 (line 265)
                      ; - java.lang.ThreadLocal::set@5 (line 251)
                      ; - org.gradle.internal.operations.CurrentBuildOperationRef::set@16 (line 56)
                      ; - org.gradle.internal.operations.DefaultBuildOperationRunner$BuildOperationTrackingListener::start@19 (line 230)
                      ; - org.gradle.internal.operations.DefaultBuildOperationRunner$2::execute@4 (line 63)
                      ; - org.gradle.internal.operations.DefaultBuildOperationRunner$2::execute@8 (line 59)
                      ; - org.gradle.internal.operations.DefaultBuildOperationRunner::execute@141 (line 166)
  0x000002a7f0424dc8: 34f8 3cff 

  0x000002a7f0424dcc: ;   {other}
  0x000002a7f0424dcc: 0f1f 8400 | 3c76 0095 | bae4 ffff | ff48 8b6c | 2430 4c8b | 5424 684c | 8954 2420 | 4c8b 5424 
  0x000002a7f0424dec: 704c 8954 | 2428 4c8b | 5424 784c | 8954 2430 | 4c8b 5424 | 404c 8954 | 2438 4c8b | 5424 484c 
  0x000002a7f0424e0c: 8954 2440 | 4c8b 5424 | 504c 8954 | 2448 448b | 9c24 8000 | 0000 4489 | 5c24 6044 | 8b94 2484 
  0x000002a7f0424e2c: 0000 0044 | 8954 2464 | 4889 9c24 | 8000 0000 

  0x000002a7f0424e3c: ;   {runtime_call UncommonTrapBlob}
  0x000002a7f0424e3c: 6666 90e8 

  0x000002a7f0424e40: ; ImmutableOopMap {rbp=Oop [32]=Oop [40]=Oop [48]=Oop [56]=Oop [64]=Oop [72]=Oop [88]=Oop [96]=NarrowOop [128]=Oop [136]=NarrowOop [140]=NarrowOop [152]=NarrowOop }
                      ;*aastore {reexecute=1 rethrow=0 return_oop=0}
                      ; - (reexecute) java.lang.ThreadLocal$ThreadLocalMap::set@94 (line 563)
                      ; - java.lang.ThreadLocal::set@13 (line 265)
                      ; - java.lang.ThreadLocal::set@5 (line 251)
                      ; - org.gradle.internal.logging.progress.DefaultProgressLoggerFactory$ProgressLoggerImpl::started@127 (line 214)
                      ; - org.gradle.internal.logging.progress.DefaultProgressLoggerFactory$ProgressLoggerImpl::started@6 (line 190)
                      ; - org.gradle.internal.logging.progress.DefaultProgressLoggerFactory$ProgressLoggerImpl::start@8 (line 179)
                      ; - org.gradle.internal.operations.BuildOperationProgressEventListenerAdapter::start@44 (line 50)
                      ; - org.gradle.internal.operations.DefaultBuildOperationRunner$BuildOperationTrackingListener::start@47 (line 233)
                      ; - org.gradle.internal.operations.DefaultBuildOperationRunner$2::execute@4 (line 63)
                      ; - org.gradle.internal.operations.DefaultBuildOperationRunner$2::execute@8 (line 59)
                      ; - org.gradle.internal.operations.DefaultBuildOperationRunner::execute@141 (line 166)
  0x000002a7f0424e40: bcf7 3cff 

  0x000002a7f0424e44: ;   {other}
  0x000002a7f0424e44: 0f1f 8400 | b476 0096 | bae4 ffff | ff48 8b6c | 2430 4c8b | 5424 484c | 8954 2430 | 4c8b 5424 
  0x000002a7f0424e64: 404c 8954 | 2438 4c8b | 5424 684c | 8954 2440 | 4c8b 5424 | 784c 8954 | 2448 4c8b | 5424 584c 
  0x000002a7f0424e84: 8954 2450 | 4c8b 5424 | 684c 8954 | 2458 4c8b | 5424 704c | 8954 2460 | 4c8b 9424 | 8000 0000 
  0x000002a7f0424ea4: 4c89 5424 | 684c 8b94 | 2490 0000 | 004c 8954 | 2470 448b | 9c24 8800 | 0000 4489 | 5c24 7848 
  0x000002a7f0424ec4: 899c 2490 

  0x000002a7f0424ec8: ;   {runtime_call UncommonTrapBlob}
  0x000002a7f0424ec8: 0000 00e8 

  0x000002a7f0424ecc: ; ImmutableOopMap {rbp=Oop [48]=Oop [56]=Oop [64]=Oop [72]=Oop [80]=Oop [88]=Oop [96]=Oop [104]=Oop [112]=Oop [120]=NarrowOop [140]=NarrowOop [144]=Oop [156]=NarrowOop }
                      ;*aastore {reexecute=1 rethrow=0 return_oop=0}
                      ; - (reexecute) java.lang.ThreadLocal$ThreadLocalMap::set@94 (line 563)
                      ; - java.lang.ThreadLocal::set@13 (line 265)
                      ; - java.lang.ThreadLocal::set@5 (line 251)
                      ; - org.gradle.internal.logging.progress.DefaultProgressLoggerFactory$ProgressLoggerImpl::completed@22 (line 250)
                      ; - org.gradle.internal.operations.BuildOperationProgressEventListenerAdapter::stop@42 (line 78)
                      ; - org.gradle.internal.operations.DefaultBuildOperationRunner$BuildOperationTrackingListener::stop@9 (line 248)
                      ; - org.gradle.internal.operations.DefaultBuildOperationRunner$2::execute@62 (line 73)
                      ; - org.gradle.internal.operations.DefaultBuildOperationRunner$2::execute@8 (line 59)
                      ; - org.gradle.internal.operations.DefaultBuildOperationRunner::execute@141 (line 166)
  0x000002a7f0424ecc: 30f7 3cff 

  0x000002a7f0424ed0: ;   {other}
  0x000002a7f0424ed0: 0f1f 8400 | 4077 0097 | 498b d749 | bac0 14cb | a9f9 7f00 | 0041 ffd2 

  0x000002a7f0424ee8: ;   {other}
  0x000002a7f0424ee8: 0f1f 8400 | 0000 0000 | e93a 9aff | ff49 8bd7 | 49ba c014 | cba9 f97f | 0000 41ff 

  0x000002a7f0424f04: ;   {other}
  0x000002a7f0424f04: d20f 1f84 | 0000 0000 | 00e9 b8a4 | ffff 498b | d749 bac0 | 14cb a9f9 | 7f00 0041 

  0x000002a7f0424f20: ;   {other}
  0x000002a7f0424f20: ffd2 0f1f | 8400 0000 | 0000 e90e | b2ff ffba | e4ff ffff | 8b6c 2460 | 8974 2430 | 4c89 4424 
  0x000002a7f0424f40: 3844 8974 | 2434 4489 | 5c24 4444 | 8954 244c | 895c 2450 

  0x000002a7f0424f54: ;   {runtime_call UncommonTrapBlob}
  0x000002a7f0424f54: 6666 90e8 

  0x000002a7f0424f58: ; ImmutableOopMap {rbp=NarrowOop [48]=NarrowOop [52]=NarrowOop [56]=Oop [76]=NarrowOop [112]=Oop [128]=Oop }
                      ;*aaload {reexecute=0 rethrow=0 return_oop=0}
                      ; - java.lang.ThreadLocal$ThreadLocalMap::set@76 (line 551)
                      ; - java.lang.ThreadLocal::set@13 (line 265)
                      ; - java.lang.ThreadLocal::set@5 (line 251)
                      ; - org.gradle.internal.operations.CurrentBuildOperationRef::set@16 (line 56)
                      ; - org.gradle.internal.operations.DefaultBuildOperationRunner$BuildOperationTrackingListener::close@19 (line 256)
                      ; - org.gradle.internal.operations.DefaultBuildOperationRunner$2::execute@88 (line 79)
                      ; - org.gradle.internal.operations.DefaultBuildOperationRunner$2::execute@8 (line 59)
                      ; - org.gradle.internal.operations.DefaultBuildOperationRunner::execute@141 (line 166)
  0x000002a7f0424f58: a4f6 3cff 

  0x000002a7f0424f5c: ;   {other}
  0x000002a7f0424f5c: 0f1f 8400 | cc77 0098 | ba45 ffff | ff48 8b6c | 2428 8944 

  0x000002a7f0424f70: ;   {runtime_call UncommonTrapBlob}
  0x000002a7f0424f70: 2460 90e8 

  0x000002a7f0424f74: ; ImmutableOopMap {rbp=Oop [48]=Oop [72]=Oop [128]=Oop [136]=Oop [144]=Oop }
                      ;*ifne {reexecute=1 rethrow=0 return_oop=0}
                      ; - (reexecute) java.lang.ThreadLocal$ThreadLocalMap::set@116 (line 565)
                      ; - java.lang.ThreadLocal::set@13 (line 265)
                      ; - java.lang.ThreadLocal::set@5 (line 251)
                      ; - org.gradle.internal.operations.CurrentBuildOperationRef::set@16 (line 56)
                      ; - org.gradle.internal.operations.DefaultBuildOperationRunner$BuildOperationTrackingListener::start@19 (line 230)
                      ; - org.gradle.internal.operations.DefaultBuildOperationRunner$2::execute@4 (line 63)
                      ; - org.gradle.internal.operations.DefaultBuildOperationRunner$2::execute@8 (line 59)
                      ; - org.gradle.internal.operations.DefaultBuildOperationRunner::execute@141 (line 166)
  0x000002a7f0424f74: 88f6 3cff 

  0x000002a7f0424f78: ;   {other}
  0x000002a7f0424f78: 0f1f 8400 | e877 0099 | 4c89 4c24 | 504c 8974 | 2448 8974 | 2444 4489 | 5424 4044 | 8944 243c 
  0x000002a7f0424f98: 897c 2438 | 4c8b f349 | 8bd7 49ba | c014 cba9 | f97f 0000 

  0x000002a7f0424fac: ;   {other}
  0x000002a7f0424fac: 41ff d20f | 1f84 0000 | 0000 0049 | 8bde 8b7c | 2438 448b | 4424 3c44 | 8b54 2440 | 8b74 2444 
  0x000002a7f0424fcc: 4c8b 7424 | 484c 8b4c | 2450 e96c | 9aff ff4c | 894c 2450 | 4c89 7424 | 4889 7424 | 4444 8954 
  0x000002a7f0424fec: 2440 4489 | 4424 3c89 | 7c24 384c | 8bf3 498b | d749 bac0 | 14cb a9f9 | 7f00 0041 

  0x000002a7f0425008: ;   {other}
  0x000002a7f0425008: ffd2 0f1f | 8400 0000 | 0000 498b | de8b 7c24 | 3844 8b44 | 243c 448b | 5424 408b | 7424 444c 
  0x000002a7f0425028: 8b74 2448 | 4c8b 4c24 | 50e9 609a | ffff 4c89 | 4c24 484c | 8974 2440 | 8974 243c | 897c 2438 
  0x000002a7f0425048: 4c8b f349 | 8bd7 49ba | c014 cba9 | f97f 0000 

  0x000002a7f0425058: ;   {other}
  0x000002a7f0425058: 41ff d20f | 1f84 0000 | 0000 0049 | 8bde 8b7c | 2438 8b74 | 243c 4c8b | 7424 404c | 8b4c 2448 
  0x000002a7f0425078: e971 9aff | ffba 45ff | ffff 488b | 6c24 304c | 8b54 2468 | 4c89 5424 | 204c 8b54 | 2440 4c89 
  0x000002a7f0425098: 5424 384c | 8b54 2448 | 4c89 5424 | 404c 8b54 | 2450 4c89 | 5424 4889 

  0x000002a7f04250b0: ;   {runtime_call UncommonTrapBlob}
  0x000002a7f04250b0: 4424 6ce8 

  0x000002a7f04250b4: ; ImmutableOopMap {rbp=Oop [32]=Oop [56]=Oop [64]=Oop [72]=Oop [88]=Oop [112]=Oop [120]=Oop [128]=NarrowOop [136]=NarrowOop }
                      ;*ifne {reexecute=1 rethrow=0 return_oop=0}
                      ; - (reexecute) java.lang.ThreadLocal$ThreadLocalMap::set@116 (line 565)
                      ; - java.lang.ThreadLocal::set@13 (line 265)
                      ; - java.lang.ThreadLocal::set@5 (line 251)
                      ; - org.gradle.internal.logging.progress.DefaultProgressLoggerFactory$ProgressLoggerImpl::started@127 (line 214)
                      ; - org.gradle.internal.logging.progress.DefaultProgressLoggerFactory$ProgressLoggerImpl::started@6 (line 190)
                      ; - org.gradle.internal.logging.progress.DefaultProgressLoggerFactory$ProgressLoggerImpl::start@8 (line 179)
                      ; - org.gradle.internal.operations.BuildOperationProgressEventListenerAdapter::start@44 (line 50)
                      ; - org.gradle.internal.operations.DefaultBuildOperationRunner$BuildOperationTrackingListener::start@47 (line 233)
                      ; - org.gradle.internal.operations.DefaultBuildOperationRunner$2::execute@4 (line 63)
                      ; - org.gradle.internal.operations.DefaultBuildOperationRunner$2::execute@8 (line 59)
                      ; - org.gradle.internal.operations.DefaultBuildOperationRunner::execute@141 (line 166)
  0x000002a7f04250b4: 48f5 3cff 

  0x000002a7f04250b8: ;   {other}
  0x000002a7f04250b8: 0f1f 8400 | 2879 009a | 498b d749 | bac0 14cb | a9f9 7f00 | 0041 ffd2 

  0x000002a7f04250d0: ;   {other}
  0x000002a7f04250d0: 0f1f 8400 | 0000 0000 | e913 a4ff | ff49 8bd7 | 49ba c014 | cba9 f97f | 0000 41ff 

  0x000002a7f04250ec: ;   {other}
  0x000002a7f04250ec: d20f 1f84 | 0000 0000 | 00e9 45a4 | ffff 498b | d749 bac0 | 14cb a9f9 | 7f00 0041 

  0x000002a7f0425108: ;   {other}
  0x000002a7f0425108: ffd2 0f1f | 8400 0000 | 0000 e988 | a4ff ffba | 45ff ffff | 488b 6c24 | 304c 8b54 | 2448 4c89 
  0x000002a7f0425128: 5424 304c | 8b54 2440 | 4c89 5424 | 384c 8b54 | 2468 4c89 | 5424 404c | 8b54 2478 | 4c89 5424 
  0x000002a7f0425148: 484c 8b54 | 2458 4c89 | 5424 504c | 8b54 2468 | 4c89 5424 | 584c 8b54 | 2470 4c89 | 5424 6089 
  0x000002a7f0425168: ;   {runtime_call UncommonTrapBlob}
  0x000002a7f0425168: 4424 7ce8 

  0x000002a7f042516c: ; ImmutableOopMap {rbp=Oop [48]=Oop [56]=Oop [64]=Oop [72]=Oop [80]=Oop [88]=Oop [96]=Oop [128]=Oop [136]=NarrowOop [144]=Oop }
                      ;*ifne {reexecute=1 rethrow=0 return_oop=0}
                      ; - (reexecute) java.lang.ThreadLocal$ThreadLocalMap::set@116 (line 565)
                      ; - java.lang.ThreadLocal::set@13 (line 265)
                      ; - java.lang.ThreadLocal::set@5 (line 251)
                      ; - org.gradle.internal.logging.progress.DefaultProgressLoggerFactory$ProgressLoggerImpl::completed@22 (line 250)
                      ; - org.gradle.internal.operations.BuildOperationProgressEventListenerAdapter::stop@42 (line 78)
                      ; - org.gradle.internal.operations.DefaultBuildOperationRunner$BuildOperationTrackingListener::stop@9 (line 248)
                      ; - org.gradle.internal.operations.DefaultBuildOperationRunner$2::execute@62 (line 73)
                      ; - org.gradle.internal.operations.DefaultBuildOperationRunner$2::execute@8 (line 59)
                      ; - org.gradle.internal.operations.DefaultBuildOperationRunner::execute@141 (line 166)
  0x000002a7f042516c: 90f4 3cff 

  0x000002a7f0425170: ;   {other}
  0x000002a7f0425170: 0f1f 8400 | e079 009b | 498b d749 | bac0 14cb | a9f9 7f00 | 0041 ffd2 

  0x000002a7f0425188: ;   {other}
  0x000002a7f0425188: 0f1f 8400 | 0000 0000 | e98e aeff | ff49 8bd7 | 49ba c014 | cba9 f97f | 0000 41ff 

  0x000002a7f04251a4: ;   {other}
  0x000002a7f04251a4: d20f 1f84 | 0000 0000 | 00e9 22ae | ffff 498b | d749 bac0 | 14cb a9f9 | 7f00 0041 

  0x000002a7f04251c0: ;   {other}
  0x000002a7f04251c0: ffd2 0f1f | 8400 0000 | 0000 e9cb | aeff ffba | f6ff ffff | 4889 4424 

  0x000002a7f04251d8: ;   {runtime_call UncommonTrapBlob}
  0x000002a7f04251d8: 2066 90e8 

  0x000002a7f04251dc: ; ImmutableOopMap {}
                      ;*invokevirtual compareAndSet {reexecute=0 rethrow=0 return_oop=0}
                      ; - org.gradle.internal.time.MonotonicClock::advance@22 (line 114)
                      ; - org.gradle.internal.time.MonotonicClock::getCurrentTime@66 (line 86)
                      ; - org.gradle.internal.service.scopes.WorkerSharedGlobalScopeServices$$Lambda/0x000002a78f19d8c0::getCurrentTime@4
                      ; - org.gradle.internal.operations.DefaultBuildOperationRunner::execute@84 (line 163)
  0x000002a7f04251dc: 20f4 3cff 

  0x000002a7f04251e0: ;   {other}
  0x000002a7f04251e0: 0f1f 8400 | 507a 009c | baf6 ffff | ff48 8b6c | 2430 4c8b | 5424 404c | 8954 2438 | 4c8b 5424 
  0x000002a7f0425200: 484c 8954 | 2440 4889 | 4424 4848 | 895c 2450 

  0x000002a7f0425210: ;   {runtime_call UncommonTrapBlob}
  0x000002a7f0425210: 6666 90e8 

  0x000002a7f0425214: ; ImmutableOopMap {rbp=Oop [56]=Oop [64]=Oop [104]=Oop [112]=Oop [120]=Oop }
                      ;*invokevirtual compareAndSet {reexecute=0 rethrow=0 return_oop=0}
                      ; - org.gradle.internal.time.MonotonicClock::advance@22 (line 114)
                      ; - org.gradle.internal.time.MonotonicClock::getCurrentTime@66 (line 86)
                      ; - org.gradle.internal.logging.progress.DefaultProgressLoggerFactory$ProgressLoggerImpl::started@147 (line 218)
                      ; - org.gradle.internal.logging.progress.DefaultProgressLoggerFactory$ProgressLoggerImpl::started@6 (line 190)
                      ; - org.gradle.internal.logging.progress.DefaultProgressLoggerFactory$ProgressLoggerImpl::start@8 (line 179)
                      ; - org.gradle.internal.operations.BuildOperationProgressEventListenerAdapter::start@44 (line 50)
                      ; - org.gradle.internal.operations.DefaultBuildOperationRunner$BuildOperationTrackingListener::start@47 (line 233)
                      ; - org.gradle.internal.operations.DefaultBuildOperationRunner$2::execute@4 (line 63)
                      ; - org.gradle.internal.operations.DefaultBuildOperationRunner$2::execute@8 (line 59)
                      ; - org.gradle.internal.operations.DefaultBuildOperationRunner::execute@141 (line 166)
  0x000002a7f0425214: e8f3 3cff 

  0x000002a7f0425218: ;   {other}
  0x000002a7f0425218: 0f1f 8400 | 887a 009d | baf6 ffff | ff48 8b6c | 2430 4c8b | 5424 484c | 8954 2430 | 4c8b 5424 
  0x000002a7f0425238: 404c 8954 | 2438 4889 | 4424 4048 | 897c 2448 

  0x000002a7f0425248: ;   {runtime_call UncommonTrapBlob}
  0x000002a7f0425248: 6666 90e8 

  0x000002a7f042524c: ; ImmutableOopMap {rbp=Oop [48]=Oop [56]=Oop [104]=Oop [112]=Oop }
                      ;*invokevirtual compareAndSet {reexecute=0 rethrow=0 return_oop=0}
                      ; - org.gradle.internal.time.MonotonicClock::advance@22 (line 114)
                      ; - org.gradle.internal.time.MonotonicClock::getCurrentTime@66 (line 86)
                      ; - org.gradle.internal.logging.progress.DefaultProgressLoggerFactory$ProgressLoggerImpl::completed@41 (line 251)
                      ; - org.gradle.internal.operations.BuildOperationProgressEventListenerAdapter::stop@42 (line 78)
                      ; - org.gradle.internal.operations.DefaultBuildOperationRunner$BuildOperationTrackingListener::stop@9 (line 248)
                      ; - org.gradle.internal.operations.DefaultBuildOperationRunner$2::execute@62 (line 73)
                      ; - org.gradle.internal.operations.DefaultBuildOperationRunner$2::execute@8 (line 59)
                      ; - org.gradle.internal.operations.DefaultBuildOperationRunner::execute@141 (line 166)
  0x000002a7f042524c: b0f3 3cff 

  0x000002a7f0425250: ;   {other}
  0x000002a7f0425250: 0f1f 8400 | c07a 009e | baf6 ffff | ff48 8b6c | 2430 4c8b | 5424 484c | 8954 2430 | 4c8b 5424 
  0x000002a7f0425270: 404c 8954 | 2438 4889 | 4424 404c | 894c 2448 

  0x000002a7f0425280: ;   {runtime_call UncommonTrapBlob}
  0x000002a7f0425280: 6666 90e8 

  0x000002a7f0425284: ; ImmutableOopMap {rbp=Oop [48]=Oop [56]=Oop [104]=Oop [112]=Oop }
                      ;*invokevirtual compareAndSet {reexecute=0 rethrow=0 return_oop=0}
                      ; - org.gradle.internal.time.MonotonicClock::advance@22 (line 114)
                      ; - org.gradle.internal.time.MonotonicClock::getCurrentTime@66 (line 86)
                      ; - org.gradle.internal.operations.BuildOperationProgressEventListenerAdapter::stop@64 (line 79)
                      ; - org.gradle.internal.operations.DefaultBuildOperationRunner$BuildOperationTrackingListener::stop@9 (line 248)
                      ; - org.gradle.internal.operations.DefaultBuildOperationRunner$2::execute@62 (line 73)
                      ; - org.gradle.internal.operations.DefaultBuildOperationRunner$2::execute@8 (line 59)
                      ; - org.gradle.internal.operations.DefaultBuildOperationRunner::execute@141 (line 166)
  0x000002a7f0425284: 78f3 3cff 

  0x000002a7f0425288: ;   {other}
  0x000002a7f0425288: 0f1f 8400 | f87a 009f | 33ed 4585 | c940 0f94 | c5ba 45ff | ffff 8974 | 2424 4c89 | 4424 3844 
  0x000002a7f04252a8: 8974 2440 | 895c 2444 

  0x000002a7f04252b0: ;   {runtime_call UncommonTrapBlob}
  0x000002a7f04252b0: 6666 90e8 

  0x000002a7f04252b4: ; ImmutableOopMap {[36]=NarrowOop [56]=Oop [64]=NarrowOop [96]=NarrowOop [112]=Oop [128]=Oop }
                      ;*ifeq {reexecute=1 rethrow=0 return_oop=0}
                      ; - (reexecute) java.lang.ThreadLocal$ThreadLocalMap::set@53 (line 557)
                      ; - java.lang.ThreadLocal::set@13 (line 265)
                      ; - java.lang.ThreadLocal::set@5 (line 251)
                      ; - org.gradle.internal.operations.CurrentBuildOperationRef::set@16 (line 56)
                      ; - org.gradle.internal.operations.DefaultBuildOperationRunner$BuildOperationTrackingListener::close@19 (line 256)
                      ; - org.gradle.internal.operations.DefaultBuildOperationRunner$2::execute@88 (line 79)
                      ; - org.gradle.internal.operations.DefaultBuildOperationRunner$2::execute@8 (line 59)
                      ; - org.gradle.internal.operations.DefaultBuildOperationRunner::execute@141 (line 166)
  0x000002a7f04252b4: 48f3 3cff 

  0x000002a7f04252b8: ;   {other}
  0x000002a7f04252b8: 0f1f 8400 | 287b 00a0 | bae4 ffff | ff89 7424 | 3044 8954 | 2438 895c | 243c 4889 

  0x000002a7f04252d4: ;   {runtime_call UncommonTrapBlob}
  0x000002a7f04252d4: 7c24 40e8 

  0x000002a7f04252d8: ; ImmutableOopMap {[48]=NarrowOop [56]=NarrowOop [64]=Oop [96]=NarrowOop [112]=Oop [128]=Oop }
                      ;*aastore {reexecute=1 rethrow=0 return_oop=0}
                      ; - (reexecute) java.lang.ThreadLocal$ThreadLocalMap::set@94 (line 563)
                      ; - java.lang.ThreadLocal::set@13 (line 265)
                      ; - java.lang.ThreadLocal::set@5 (line 251)
                      ; - org.gradle.internal.operations.CurrentBuildOperationRef::set@16 (line 56)
                      ; - org.gradle.internal.operations.DefaultBuildOperationRunner$BuildOperationTrackingListener::close@19 (line 256)
                      ; - org.gradle.internal.operations.DefaultBuildOperationRunner$2::execute@88 (line 79)
                      ; - org.gradle.internal.operations.DefaultBuildOperationRunner$2::execute@8 (line 59)
                      ; - org.gradle.internal.operations.DefaultBuildOperationRunner::execute@141 (line 166)
  0x000002a7f04252d8: 24f3 3cff 

  0x000002a7f04252dc: ;   {other}
  0x000002a7f04252dc: 0f1f 8400 | 4c7b 00a1 | ba45 ffff | ff4c 8b4c | 2430 4c89 | 4c24 204c | 895c 2428 | 4c89 5424 
  0x000002a7f04252fc: 6044 8974 | 2468 4489 

  0x000002a7f0425304: ;   {runtime_call UncommonTrapBlob}
  0x000002a7f0425304: 4424 6ce8 

  0x000002a7f0425308: ; ImmutableOopMap {[32]=Oop [40]=Oop [64]=Oop [72]=Oop [80]=Oop [96]=Oop [104]=NarrowOop [112]=Oop [120]=Oop }
                      ;*ifeq {reexecute=1 rethrow=0 return_oop=0}
                      ; - (reexecute) org.gradle.internal.logging.progress.DefaultProgressLoggerFactory$ProgressLoggerImpl::started@85 (line 205)
                      ; - org.gradle.internal.logging.progress.DefaultProgressLoggerFactory$ProgressLoggerImpl::started@6 (line 190)
                      ; - org.gradle.internal.logging.progress.DefaultProgressLoggerFactory$ProgressLoggerImpl::start@8 (line 179)
                      ; - org.gradle.internal.operations.BuildOperationProgressEventListenerAdapter::start@44 (line 50)
                      ; - org.gradle.internal.operations.DefaultBuildOperationRunner$BuildOperationTrackingListener::start@47 (line 233)
                      ; - org.gradle.internal.operations.DefaultBuildOperationRunner$2::execute@4 (line 63)
                      ; - org.gradle.internal.operations.DefaultBuildOperationRunner$2::execute@8 (line 59)
                      ; - org.gradle.internal.operations.DefaultBuildOperationRunner::execute@141 (line 166)
  0x000002a7f0425308: f4f2 3cff 

  0x000002a7f042530c: ;   {other}
  0x000002a7f042530c: 0f1f 8400 | 7c7b 00a2 | 493b e9bd | ffff ffff | 7c08 400f | 95c5 400f | b6ed ba45 | ffff ff4c 
  0x000002a7f042532c: 8b4c 2430 | 4c89 4c24 | 2848 ffb4 | 2480 0000 | 0048 8f44 | 2438 48ff | b424 8800 | 0000 488f 
  0x000002a7f042534c: 4424 4048 | 895c 2458 | 4889 4424 | 604c 8944 | 2468 4c89 

  0x000002a7f0425360: ;   {runtime_call UncommonTrapBlob}
  0x000002a7f0425360: 5424 70e8 

  0x000002a7f0425364: ; ImmutableOopMap {[40]=Oop [56]=Oop [64]=Oop [88]=Oop [152]=Oop [168]=Oop }
                      ;*ifle {reexecute=1 rethrow=0 return_oop=0}
                      ; - (reexecute) java.util.concurrent.TimeUnit::toMillis@42 (line 295)
                      ; - org.gradle.internal.time.MonotonicClock::getCurrentTime@37 (line 81)
                      ; - org.gradle.internal.service.scopes.WorkerSharedGlobalScopeServices$$Lambda/0x000002a78f19d8c0::getCurrentTime@4
                      ; - org.gradle.internal.operations.DefaultBuildOperationRunner::execute@84 (line 163)
  0x000002a7f0425364: 98f2 3cff 

  0x000002a7f0425368: ;   {other}
  0x000002a7f0425368: 0f1f 8400 | d87b 00a3 | 493b e9bd | ffff ffff | 7c08 400f | 95c5 400f | b6ed ba45 | ffff ff4c 
  0x000002a7f0425388: 8b4c 2430 | 4c89 4c24 | 2848 ffb4 | 2480 0000 | 0048 8f44 | 2438 48ff | b424 8800 | 0000 488f 
  0x000002a7f04253a8: 4424 4048 | 895c 2458 | 4889 4424 | 604c 8944 | 2468 4c89 

  0x000002a7f04253bc: ;   {runtime_call UncommonTrapBlob}
  0x000002a7f04253bc: 5424 70e8 

  0x000002a7f04253c0: ; ImmutableOopMap {[40]=Oop [56]=Oop [64]=Oop [88]=Oop [152]=Oop [168]=Oop }
                      ;*ifge {reexecute=1 rethrow=0 return_oop=0}
                      ; - (reexecute) java.util.concurrent.TimeUnit::toMillis@54 (line 297)
                      ; - org.gradle.internal.time.MonotonicClock::getCurrentTime@37 (line 81)
                      ; - org.gradle.internal.service.scopes.WorkerSharedGlobalScopeServices$$Lambda/0x000002a78f19d8c0::getCurrentTime@4
                      ; - org.gradle.internal.operations.DefaultBuildOperationRunner::execute@84 (line 163)
  0x000002a7f04253c0: 3cf2 3cff 

  0x000002a7f04253c4: ;   {other}
  0x000002a7f04253c4: 0f1f 8400 | 347c 00a4 | 4c3b d1bd | ffff ffff | 7c08 400f | 95c5 400f | b6ed ba45 | ffff ff4c 
  0x000002a7f04253e4: 8b54 2430 | 4c89 5424 | 204c 8b54 | 2468 4c89 | 5424 284c | 8b54 2470 | 4c89 5424 | 304c 8b54 
  0x000002a7f0425404: 2478 4c89 | 5424 3844 | 8b94 2480 | 0000 0044 | 8954 2468 | 448b 9c24 | 8400 0000 | 4489 5c24 
  0x000002a7f0425424: 6c4c 8b94 | 2490 0000 | 004c 8994 | 2480 0000 | 0044 8b9c | 2498 0000 | 0044 895c | 2474 4c8b 
  0x000002a7f0425444: 9424 a000 | 0000 4c89 | 9424 9000 | 0000 4889 | 8424 9800 | 0000 4c89 | 8424 a000 

  0x000002a7f0425460: ;   {runtime_call UncommonTrapBlob}
  0x000002a7f0425460: 0000 90e8 

  0x000002a7f0425464: ; ImmutableOopMap {[32]=Oop [40]=Oop [48]=Oop [56]=Oop [64]=Oop [72]=Oop [80]=Oop [88]=Oop [104]=NarrowOop [116]=NarrowOop [128]=Oop [136]=NarrowOop [140]=NarrowOop [144]=Oop }
                      ;*ifle {reexecute=1 rethrow=0 return_oop=0}
                      ; - (reexecute) java.util.concurrent.TimeUnit::toMillis@42 (line 295)
                      ; - org.gradle.internal.time.MonotonicClock::getCurrentTime@37 (line 81)
                      ; - org.gradle.internal.logging.progress.DefaultProgressLoggerFactory$ProgressLoggerImpl::started@147 (line 218)
                      ; - org.gradle.internal.logging.progress.DefaultProgressLoggerFactory$ProgressLoggerImpl::started@6 (line 190)
                      ; - org.gradle.internal.logging.progress.DefaultProgressLoggerFactory$ProgressLoggerImpl::start@8 (line 179)
                      ; - org.gradle.internal.operations.BuildOperationProgressEventListenerAdapter::start@44 (line 50)
                      ; - org.gradle.internal.operations.DefaultBuildOperationRunner$BuildOperationTrackingListener::start@47 (line 233)
                      ; - org.gradle.internal.operations.DefaultBuildOperationRunner$2::execute@4 (line 63)
                      ; - org.gradle.internal.operations.DefaultBuildOperationRunner$2::execute@8 (line 59)
                      ; - org.gradle.internal.operations.DefaultBuildOperationRunner::execute@141 (line 166)
  0x000002a7f0425464: 98f1 3cff 

  0x000002a7f0425468: ;   {other}
  0x000002a7f0425468: 0f1f 8400 | d87c 00a5 | 4c3b d1bd | ffff ffff | 7c08 400f | 95c5 400f | b6ed ba45 | ffff ff4c 
  0x000002a7f0425488: 8b54 2430 | 4c89 5424 | 204c 8b54 | 2468 4c89 | 5424 284c | 8b54 2470 | 4c89 5424 | 304c 8b54 
  0x000002a7f04254a8: 2478 4c89 | 5424 3844 | 8b9c 2480 | 0000 0044 | 895c 2468 | 448b 9424 | 8400 0000 | 4489 5424 
  0x000002a7f04254c8: 6c4c 8b94 | 2490 0000 | 004c 8994 | 2480 0000 | 0044 8b94 | 2498 0000 | 0044 8954 | 2474 4c8b 
  0x000002a7f04254e8: 9424 a000 | 0000 4c89 | 9424 9000 | 0000 4889 | 8424 9800 | 0000 4c89 | 8424 a000 

  0x000002a7f0425504: ;   {runtime_call UncommonTrapBlob}
  0x000002a7f0425504: 0000 90e8 

  0x000002a7f0425508: ; ImmutableOopMap {[32]=Oop [40]=Oop [48]=Oop [56]=Oop [64]=Oop [72]=Oop [80]=Oop [88]=Oop [104]=NarrowOop [116]=NarrowOop [128]=Oop [136]=NarrowOop [140]=NarrowOop [144]=Oop }
                      ;*ifge {reexecute=1 rethrow=0 return_oop=0}
                      ; - (reexecute) java.util.concurrent.TimeUnit::toMillis@54 (line 297)
                      ; - org.gradle.internal.time.MonotonicClock::getCurrentTime@37 (line 81)
                      ; - org.gradle.internal.logging.progress.DefaultProgressLoggerFactory$ProgressLoggerImpl::started@147 (line 218)
                      ; - org.gradle.internal.logging.progress.DefaultProgressLoggerFactory$ProgressLoggerImpl::started@6 (line 190)
                      ; - org.gradle.internal.logging.progress.DefaultProgressLoggerFactory$ProgressLoggerImpl::start@8 (line 179)
                      ; - org.gradle.internal.operations.BuildOperationProgressEventListenerAdapter::start@44 (line 50)
                      ; - org.gradle.internal.operations.DefaultBuildOperationRunner$BuildOperationTrackingListener::start@47 (line 233)
                      ; - org.gradle.internal.operations.DefaultBuildOperationRunner$2::execute@4 (line 63)
                      ; - org.gradle.internal.operations.DefaultBuildOperationRunner$2::execute@8 (line 59)
                      ; - org.gradle.internal.operations.DefaultBuildOperationRunner::execute@141 (line 166)
  0x000002a7f0425508: f4f0 3cff 

  0x000002a7f042550c: ;   {other}
  0x000002a7f042550c: 0f1f 8400 | 7c7d 00a6 | 4c3b d1bd | ffff ffff | 7c08 400f | 95c5 400f | b6ed ba45 | ffff ff4c 
  0x000002a7f042552c: 8b54 2430 | 4c89 5424 | 204c 8b54 | 2448 4c89 | 5424 384c | 8b54 2468 | 4c89 5424 | 484c 8b54 
  0x000002a7f042554c: 2478 4c89 | 5424 504c | 8b54 2468 | 4c89 5424 | 604c 8b54 | 2470 4c89 | 5424 684c | 8b94 2480 
  0x000002a7f042556c: 0000 004c | 8954 2470 | 4c8b 9424 | 9000 0000 | 4c89 5424 | 7844 8b94 | 2488 0000 | 0044 8994 
  0x000002a7f042558c: 2480 0000 | 0044 8b9c | 248c 0000 | 0044 899c | 2484 0000 | 0048 899c | 2490 0000 | 0044 8b94 
  0x000002a7f04255ac: 24a0 0000 | 0044 8994 | 2498 0000 | 004c 8b94 | 24a8 0000 | 004c 8994 | 24a0 0000 | 0048 8984 
  0x000002a7f04255cc: 24a8 0000 | 004c 8984 | 24b0 0000 

  0x000002a7f04255d8: ;   {runtime_call UncommonTrapBlob}
  0x000002a7f04255d8: 0066 90e8 

  0x000002a7f04255dc: ; ImmutableOopMap {[32]=Oop [56]=Oop [64]=Oop [72]=Oop [80]=Oop [88]=Oop [96]=Oop [104]=Oop [112]=Oop [120]=Oop [128]=NarrowOop [132]=NarrowOop [144]=Oop [152]=NarrowOop [160]=Oop }
                      ;*ifle {reexecute=1 rethrow=0 return_oop=0}
                      ; - (reexecute) java.util.concurrent.TimeUnit::toMillis@42 (line 295)
                      ; - org.gradle.internal.time.MonotonicClock::getCurrentTime@37 (line 81)
                      ; - org.gradle.internal.logging.progress.DefaultProgressLoggerFactory$ProgressLoggerImpl::completed@41 (line 251)
                      ; - org.gradle.internal.operations.BuildOperationProgressEventListenerAdapter::stop@42 (line 78)
                      ; - org.gradle.internal.operations.DefaultBuildOperationRunner$BuildOperationTrackingListener::stop@9 (line 248)
                      ; - org.gradle.internal.operations.DefaultBuildOperationRunner$2::execute@62 (line 73)
                      ; - org.gradle.internal.operations.DefaultBuildOperationRunner$2::execute@8 (line 59)
                      ; - org.gradle.internal.operations.DefaultBuildOperationRunner::execute@141 (line 166)
  0x000002a7f04255dc: 20f0 3cff 

  0x000002a7f04255e0: ;   {other}
  0x000002a7f04255e0: 0f1f 8400 | 507e 00a7 | 4c3b d1bd | ffff ffff | 7c08 400f | 95c5 400f | b6ed ba45 | ffff ff4c 
  0x000002a7f0425600: 8b54 2430 | 4c89 5424 | 204c 8b54 | 2448 4c89 | 5424 384c | 8b54 2468 | 4c89 5424 | 484c 8b54 
  0x000002a7f0425620: 2478 4c89 | 5424 504c | 8b54 2468 | 4c89 5424 | 604c 8b54 | 2470 4c89 | 5424 684c | 8b94 2480 
  0x000002a7f0425640: 0000 004c | 8954 2470 | 4c8b 9424 | 9000 0000 | 4c89 5424 | 7844 8b94 | 2488 0000 | 0044 8994 
  0x000002a7f0425660: 2480 0000 | 0044 8b9c | 248c 0000 | 0044 899c | 2484 0000 | 0048 899c | 2490 0000 | 0044 8b94 
  0x000002a7f0425680: 24a0 0000 | 0044 8994 | 2498 0000 | 004c 8b94 | 24a8 0000 | 004c 8994 | 24a0 0000 | 0048 8984 
  0x000002a7f04256a0: 24a8 0000 | 004c 8984 | 24b0 0000 

  0x000002a7f04256ac: ;   {runtime_call UncommonTrapBlob}
  0x000002a7f04256ac: 0066 90e8 

  0x000002a7f04256b0: ; ImmutableOopMap {[32]=Oop [56]=Oop [64]=Oop [72]=Oop [80]=Oop [88]=Oop [96]=Oop [104]=Oop [112]=Oop [120]=Oop [128]=NarrowOop [132]=NarrowOop [144]=Oop [152]=NarrowOop [160]=Oop }
                      ;*ifge {reexecute=1 rethrow=0 return_oop=0}
                      ; - (reexecute) java.util.concurrent.TimeUnit::toMillis@54 (line 297)
                      ; - org.gradle.internal.time.MonotonicClock::getCurrentTime@37 (line 81)
                      ; - org.gradle.internal.logging.progress.DefaultProgressLoggerFactory$ProgressLoggerImpl::completed@41 (line 251)
                      ; - org.gradle.internal.operations.BuildOperationProgressEventListenerAdapter::stop@42 (line 78)
                      ; - org.gradle.internal.operations.DefaultBuildOperationRunner$BuildOperationTrackingListener::stop@9 (line 248)
                      ; - org.gradle.internal.operations.DefaultBuildOperationRunner$2::execute@62 (line 73)
                      ; - org.gradle.internal.operations.DefaultBuildOperationRunner$2::execute@8 (line 59)
                      ; - org.gradle.internal.operations.DefaultBuildOperationRunner::execute@141 (line 166)
  0x000002a7f04256b0: 4cef 3cff 

  0x000002a7f04256b4: ;   {other}
  0x000002a7f04256b4: 0f1f 8400 | 247f 00a8 | 4d3b cabd | ffff ffff | 7c08 400f | 95c5 400f | b6ed ba45 | ffff ff4c 
  0x000002a7f04256d4: 8b54 2430 | 4c89 5424 | 204c 8b54 | 2470 4c89 | 5424 304c | 8b54 2448 | 4c89 5424 | 384c 8b54 
  0x000002a7f04256f4: 2478 4c89 | 5424 504c | 8b94 2480 | 0000 004c | 8954 2458 | 4c8b 9424 | 8800 0000 | 4c89 5424 
  0x000002a7f0425714: 784c 8b94 | 2490 0000 | 004c 8994 | 2480 0000 | 0048 898c | 2488 0000 | 0048 8984 | 2490 0000 
  0x000002a7f0425734: 004c 8984 | 2498 0000 | 0048 899c | 24a0 0000 

  0x000002a7f0425744: ;   {runtime_call UncommonTrapBlob}
  0x000002a7f0425744: 0066 90e8 

  0x000002a7f0425748: ; ImmutableOopMap {[32]=Oop [48]=Oop [56]=Oop [64]=Oop [80]=Oop [88]=Oop [96]=NarrowOop [104]=Oop [120]=Oop [136]=Oop }
                      ;*ifle {reexecute=1 rethrow=0 return_oop=0}
                      ; - (reexecute) java.util.concurrent.TimeUnit::toMillis@42 (line 295)
                      ; - org.gradle.internal.time.MonotonicClock::getCurrentTime@37 (line 81)
                      ; - org.gradle.internal.operations.BuildOperationProgressEventListenerAdapter::stop@64 (line 79)
                      ; - org.gradle.internal.operations.DefaultBuildOperationRunner$BuildOperationTrackingListener::stop@9 (line 248)
                      ; - org.gradle.internal.operations.DefaultBuildOperationRunner$2::execute@62 (line 73)
                      ; - org.gradle.internal.operations.DefaultBuildOperationRunner$2::execute@8 (line 59)
                      ; - org.gradle.internal.operations.DefaultBuildOperationRunner::execute@141 (line 166)
  0x000002a7f0425748: b4ee 3cff 

  0x000002a7f042574c: ;   {other}
  0x000002a7f042574c: 0f1f 8400 | bc7f 00a9 | 4d3b cabd | ffff ffff | 7c08 400f | 95c5 400f | b6ed ba45 | ffff ff4c 
  0x000002a7f042576c: 8b54 2430 | 4c89 5424 | 204c 8b54 | 2470 4c89 | 5424 304c | 8b54 2448 | 4c89 5424 | 384c 8b54 
  0x000002a7f042578c: 2478 4c89 | 5424 504c | 8b94 2480 | 0000 004c | 8954 2458 | 4c8b 9424 | 8800 0000 | 4c89 5424 
  0x000002a7f04257ac: 784c 8b94 | 2490 0000 | 004c 8994 | 2480 0000 | 0048 898c | 2488 0000 | 0048 8984 | 2490 0000 
  0x000002a7f04257cc: 004c 8984 | 2498 0000 | 0048 899c | 24a0 0000 

  0x000002a7f04257dc: ;   {runtime_call UncommonTrapBlob}
  0x000002a7f04257dc: 0066 90e8 

  0x000002a7f04257e0: ; ImmutableOopMap {[32]=Oop [48]=Oop [56]=Oop [64]=Oop [80]=Oop [88]=Oop [96]=NarrowOop [104]=Oop [120]=Oop [136]=Oop }
                      ;*ifge {reexecute=1 rethrow=0 return_oop=0}
                      ; - (reexecute) java.util.concurrent.TimeUnit::toMillis@54 (line 297)
                      ; - org.gradle.internal.time.MonotonicClock::getCurrentTime@37 (line 81)
                      ; - org.gradle.internal.operations.BuildOperationProgressEventListenerAdapter::stop@64 (line 79)
                      ; - org.gradle.internal.operations.DefaultBuildOperationRunner$BuildOperationTrackingListener::stop@9 (line 248)
                      ; - org.gradle.internal.operations.DefaultBuildOperationRunner$2::execute@62 (line 73)
                      ; - org.gradle.internal.operations.DefaultBuildOperationRunner$2::execute@8 (line 59)
                      ; - org.gradle.internal.operations.DefaultBuildOperationRunner::execute@141 (line 166)
  0x000002a7f04257e0: 1cee 3cff 

  0x000002a7f04257e4: ;   {other}
  0x000002a7f04257e4: 0f1f 8400 | 5480 00aa | ba45 ffff | ff89 4424 

  0x000002a7f04257f4: ;   {runtime_call UncommonTrapBlob}
  0x000002a7f04257f4: 3066 90e8 

  0x000002a7f04257f8: ; ImmutableOopMap {[32]=Oop [96]=NarrowOop [112]=Oop }
                      ;*ifne {reexecute=1 rethrow=0 return_oop=0}
                      ; - (reexecute) java.lang.ThreadLocal$ThreadLocalMap::set@116 (line 565)
                      ; - java.lang.ThreadLocal::set@13 (line 265)
                      ; - java.lang.ThreadLocal::set@5 (line 251)
                      ; - org.gradle.internal.operations.CurrentBuildOperationRef::set@16 (line 56)
                      ; - org.gradle.internal.operations.DefaultBuildOperationRunner$BuildOperationTrackingListener::close@19 (line 256)
                      ; - org.gradle.internal.operations.DefaultBuildOperationRunner$2::execute@88 (line 79)
                      ; - org.gradle.internal.operations.DefaultBuildOperationRunner$2::execute@8 (line 59)
                      ; - org.gradle.internal.operations.DefaultBuildOperationRunner::execute@141 (line 166)
  0x000002a7f04257f8: 04ee 3cff 

  0x000002a7f04257fc: ;   {other}
  0x000002a7f04257fc: 0f1f 8400 | 6c80 00ab | 4889 7c24 | 4848 896c | 2440 895c | 2438 4489 | 5c24 3444 | 8954 2430 
  0x000002a7f042581c: 4c89 6c24 | 2044 8bee | 498b d749 | bac0 14cb | a9f9 7f00 | 0041 ffd2 

  0x000002a7f0425834: ;   {other}
  0x000002a7f0425834: 0f1f 8400 | 0000 0000 | 418b f54c | 8b6c 2420 | 448b 5424 | 3044 8b5c | 2434 8b5c | 2438 488b 
  0x000002a7f0425854: 6c24 4048 | 8b7c 2448 | e9fc b4ff | ff48 897c | 2448 4889 | 6c24 4089 | 5c24 3844 | 895c 2434 
  0x000002a7f0425874: 4489 5424 | 304c 896c | 2420 448b | ee49 8bd7 | 49ba c014 | cba9 f97f | 0000 41ff 

  0x000002a7f0425890: ;   {other}
  0x000002a7f0425890: d20f 1f84 | 0000 0000 | 0041 8bf5 | 4c8b 6c24 | 2044 8b54 | 2430 448b | 5c24 348b | 5c24 3848 
  0x000002a7f04258b0: 8b6c 2440 | 488b 7c24 | 48e9 edb4 | ffff 498b | d749 bac0 | 14cb a9f9 | 7f00 0041 

  0x000002a7f04258cc: ;   {other}
  0x000002a7f04258cc: ffd2 0f1f | 8400 0000 | 0000 e91e | b5ff ffba | c6ff ffff 

  0x000002a7f04258e0: ;   {runtime_call UncommonTrapBlob}
  0x000002a7f04258e0: 498b eae8 

  0x000002a7f04258e4: ; ImmutableOopMap {rbp=Oop [104]=Oop [128]=Oop [136]=Oop [144]=Oop [168]=Oop }
                      ;*invokeinterface execute {reexecute=0 rethrow=0 return_oop=0}
                      ; - org.gradle.internal.operations.DefaultBuildOperationRunner::execute@141 (line 166)
  0x000002a7f04258e4: 18ed 3cff 

  0x000002a7f04258e8: ;   {other}
  0x000002a7f04258e8: 0f1f 8400 | 5881 00ac | baf6 ffff | ff49 8be8 | 4c89 5c24 

  0x000002a7f04258fc: ;   {runtime_call UncommonTrapBlob}
  0x000002a7f04258fc: 2066 90e8 

  0x000002a7f0425900: ; ImmutableOopMap {}
                      ;*invokevirtual compareAndSet {reexecute=0 rethrow=0 return_oop=0}
                      ; - org.gradle.internal.time.MonotonicClock::syncIsDue@16 (line 91)
                      ; - org.gradle.internal.time.MonotonicClock::getCurrentTime@47 (line 83)
                      ; - org.gradle.internal.service.scopes.WorkerSharedGlobalScopeServices$$Lambda/0x000002a78f19d8c0::getCurrentTime@4
                      ; - org.gradle.internal.operations.DefaultBuildOperationRunner::execute@84 (line 163)
  0x000002a7f0425900: fcec 3cff 

  0x000002a7f0425904: ;   {other}
  0x000002a7f0425904: 0f1f 8400 | 7481 00ad | baf6 ffff | ff48 8b6c | 2430 4c8b | 5424 404c | 8954 2438 | 4c8b 5424 
  0x000002a7f0425924: 484c 8954 | 2440 4c89 | 4424 484c | 894c 2450 

  0x000002a7f0425934: ;   {runtime_call UncommonTrapBlob}
  0x000002a7f0425934: 6666 90e8 

  0x000002a7f0425938: ; ImmutableOopMap {rbp=Oop [56]=Oop [64]=Oop [104]=Oop [112]=Oop [120]=Oop }
                      ;*invokevirtual compareAndSet {reexecute=0 rethrow=0 return_oop=0}
                      ; - org.gradle.internal.time.MonotonicClock::syncIsDue@16 (line 91)
                      ; - org.gradle.internal.time.MonotonicClock::getCurrentTime@47 (line 83)
                      ; - org.gradle.internal.logging.progress.DefaultProgressLoggerFactory$ProgressLoggerImpl::started@147 (line 218)
                      ; - org.gradle.internal.logging.progress.DefaultProgressLoggerFactory$ProgressLoggerImpl::started@6 (line 190)
                      ; - org.gradle.internal.logging.progress.DefaultProgressLoggerFactory$ProgressLoggerImpl::start@8 (line 179)
                      ; - org.gradle.internal.operations.BuildOperationProgressEventListenerAdapter::start@44 (line 50)
                      ; - org.gradle.internal.operations.DefaultBuildOperationRunner$BuildOperationTrackingListener::start@47 (line 233)
                      ; - org.gradle.internal.operations.DefaultBuildOperationRunner$2::execute@4 (line 63)
                      ; - org.gradle.internal.operations.DefaultBuildOperationRunner$2::execute@8 (line 59)
                      ; - org.gradle.internal.operations.DefaultBuildOperationRunner::execute@141 (line 166)
  0x000002a7f0425938: c4ec 3cff 

  0x000002a7f042593c: ;   {other}
  0x000002a7f042593c: 0f1f 8400 | ac81 00ae | baf6 ffff | ff48 8b6c | 2430 4c8b | 5424 484c | 8954 2430 | 4c8b 5424 
  0x000002a7f042595c: 404c 8954 | 2438 4c89 | 4424 404c | 894c 2448 

  0x000002a7f042596c: ;   {runtime_call UncommonTrapBlob}
  0x000002a7f042596c: 6666 90e8 

  0x000002a7f0425970: ; ImmutableOopMap {rbp=Oop [48]=Oop [56]=Oop [104]=Oop [112]=Oop }
                      ;*invokevirtual compareAndSet {reexecute=0 rethrow=0 return_oop=0}
                      ; - org.gradle.internal.time.MonotonicClock::syncIsDue@16 (line 91)
                      ; - org.gradle.internal.time.MonotonicClock::getCurrentTime@47 (line 83)
                      ; - org.gradle.internal.logging.progress.DefaultProgressLoggerFactory$ProgressLoggerImpl::completed@41 (line 251)
                      ; - org.gradle.internal.operations.BuildOperationProgressEventListenerAdapter::stop@42 (line 78)
                      ; - org.gradle.internal.operations.DefaultBuildOperationRunner$BuildOperationTrackingListener::stop@9 (line 248)
                      ; - org.gradle.internal.operations.DefaultBuildOperationRunner$2::execute@62 (line 73)
                      ; - org.gradle.internal.operations.DefaultBuildOperationRunner$2::execute@8 (line 59)
                      ; - org.gradle.internal.operations.DefaultBuildOperationRunner::execute@141 (line 166)
  0x000002a7f0425970: 8cec 3cff 

  0x000002a7f0425974: ;   {other}
  0x000002a7f0425974: 0f1f 8400 | e481 00af | baf6 ffff | ff48 8b6c | 2430 4c8b | 5424 484c | 8954 2430 | 4c8b 5424 
  0x000002a7f0425994: 404c 8954 | 2438 4c89 | 4424 4048 | 8974 2448 

  0x000002a7f04259a4: ;   {runtime_call UncommonTrapBlob}
  0x000002a7f04259a4: 6666 90e8 

  0x000002a7f04259a8: ; ImmutableOopMap {rbp=Oop [48]=Oop [56]=Oop [104]=Oop [112]=Oop }
                      ;*invokevirtual compareAndSet {reexecute=0 rethrow=0 return_oop=0}
                      ; - org.gradle.internal.time.MonotonicClock::syncIsDue@16 (line 91)
                      ; - org.gradle.internal.time.MonotonicClock::getCurrentTime@47 (line 83)
                      ; - org.gradle.internal.operations.BuildOperationProgressEventListenerAdapter::stop@64 (line 79)
                      ; - org.gradle.internal.operations.DefaultBuildOperationRunner$BuildOperationTrackingListener::stop@9 (line 248)
                      ; - org.gradle.internal.operations.DefaultBuildOperationRunner$2::execute@62 (line 73)
                      ; - org.gradle.internal.operations.DefaultBuildOperationRunner$2::execute@8 (line 59)
                      ; - org.gradle.internal.operations.DefaultBuildOperationRunner::execute@141 (line 166)
  0x000002a7f04259a8: 54ec 3cff 

  0x000002a7f04259ac: ;   {other}
  0x000002a7f04259ac: 0f1f 8400 | 1c82 00b0 | bade ffff | ff48 8b6c | 2430 4489 | 4424 6044 | 895c 2464 

  0x000002a7f04259c8: ;   {runtime_call UncommonTrapBlob}
  0x000002a7f04259c8: 6666 90e8 

  0x000002a7f04259cc: ; ImmutableOopMap {rbp=Oop [96]=NarrowOop [100]=NarrowOop [104]=Oop [128]=Oop [136]=Oop [144]=Oop [168]=Oop }
                      ;*checkcast {reexecute=0 rethrow=0 return_oop=0}
                      ; - org.gradle.internal.logging.slf4j.OutputEventListenerBackedLoggerContext::getLevel@7 (line 96)
                      ; - org.gradle.internal.logging.slf4j.OutputEventListenerBackedLogger::isLevelAtMost@5 (line 44)
                      ; - org.gradle.internal.logging.slf4j.BuildOperationAwareLogger::isDebugEnabled@4 (line 52)
                      ; - org.gradle.internal.logging.slf4j.OutputEventListenerBackedLogger::isDebugEnabled@1 (line 25)
                      ; - org.gradle.internal.logging.slf4j.BuildOperationAwareLogger::debug@1 (line 167)
                      ; - org.gradle.internal.logging.slf4j.OutputEventListenerBackedLogger::debug@3 (line 25)
                      ; - org.gradle.internal.operations.DefaultBuildOperationRunner$BuildOperationTrackingListener::start@36 (line 232)
                      ; - org.gradle.internal.operations.DefaultBuildOperationRunner$2::execute@4 (line 63)
                      ; - org.gradle.internal.operations.DefaultBuildOperationRunner$2::execute@8 (line 59)
                      ; - org.gradle.internal.operations.DefaultBuildOperationRunner::execute@141 (line 166)
  0x000002a7f04259cc: 30ec 3cff 

  0x000002a7f04259d0: ;   {other}
  0x000002a7f04259d0: 0f1f 8400 | 4082 00b1 | bade ffff | ff4c 8b4c | 2430 4c89 | 4c24 204c | 8b4c 2468 | 4c89 4c24 
  0x000002a7f04259f0: 284c 8b4c | 2470 4c89 | 4c24 304c | 8b4c 2478 | 4c89 4c24 | 384c 8944 | 2468 4c89 | 5424 7089 
  0x000002a7f0425a10: 4c24 7844 | 895c 247c 

  0x000002a7f0425a18: ;   {runtime_call UncommonTrapBlob}
  0x000002a7f0425a18: 6666 90e8 

  0x000002a7f0425a1c: ; ImmutableOopMap {rbp=Oop [32]=Oop [40]=Oop [48]=Oop [56]=Oop [64]=Oop [72]=Oop [80]=Oop [88]=Oop [104]=Oop [112]=Oop [120]=NarrowOop [124]=NarrowOop }
                      ;*checkcast {reexecute=0 rethrow=0 return_oop=0}
                      ; - org.gradle.internal.logging.sink.OutputEventRenderer::onOutput@18 (line 424)
                      ; - org.gradle.internal.logging.sink.OutputEventListenerManager$1::onOutput@8 (line 36)
                      ; - org.gradle.internal.logging.services.ProgressLoggingBridge::started@5 (line 39)
                      ; - org.gradle.internal.logging.progress.DefaultProgressLoggerFactory$ProgressLoggerImpl::started@185 (line 215)
                      ; - org.gradle.internal.logging.progress.DefaultProgressLoggerFactory$ProgressLoggerImpl::started@6 (line 190)
                      ; - org.gradle.internal.logging.progress.DefaultProgressLoggerFactory$ProgressLoggerImpl::start@8 (line 179)
                      ; - org.gradle.internal.operations.BuildOperationProgressEventListenerAdapter::start@44 (line 50)
                      ; - org.gradle.internal.operations.DefaultBuildOperationRunner$BuildOperationTrackingListener::start@47 (line 233)
                      ; - org.gradle.internal.operations.DefaultBuildOperationRunner$2::execute@4 (line 63)
                      ; - org.gradle.internal.operations.DefaultBuildOperationRunner$2::execute@8 (line 59)
                      ; - org.gradle.internal.operations.DefaultBuildOperationRunner::execute@141 (line 166)
  0x000002a7f0425a1c: e0eb 3cff 

  0x000002a7f0425a20: ;   {other}
  0x000002a7f0425a20: 0f1f 8400 | 9082 00b2 | bade ffff | ff4c 8b44 | 2430 4c89 | 4424 204c | 8b44 2448 | 4c89 4424 
  0x000002a7f0425a40: 384c 8b44 | 2468 4c89 | 4424 484c | 8b44 2478 | 4c89 4424 | 504c 8b44 | 2468 4c89 | 4424 604c 
  0x000002a7f0425a60: 8b44 2470 | 4c89 4424 | 684c 8b84 | 2480 0000 | 004c 8944 | 2470 4c89 | 8c24 8000 | 0000 4c89 
  0x000002a7f0425a80: 9424 8800 | 0000 4489 | 9c24 9000 

  0x000002a7f0425a8c: ;   {runtime_call UncommonTrapBlob}
  0x000002a7f0425a8c: 0000 90e8 

  0x000002a7f0425a90: ; ImmutableOopMap {rbp=Oop [32]=Oop [56]=Oop [64]=Oop [72]=Oop [80]=Oop [88]=Oop [96]=Oop [104]=Oop [112]=Oop [128]=Oop [136]=Oop [144]=NarrowOop }
                      ;*checkcast {reexecute=0 rethrow=0 return_oop=0}
                      ; - org.gradle.internal.logging.sink.OutputEventRenderer::onOutput@18 (line 424)
                      ; - org.gradle.internal.logging.sink.OutputEventListenerManager$1::onOutput@8 (line 36)
                      ; - org.gradle.internal.logging.services.ProgressLoggingBridge::completed@5 (line 34)
                      ; - org.gradle.internal.logging.progress.DefaultProgressLoggerFactory$ProgressLoggerImpl::completed@55 (line 251)
                      ; - org.gradle.internal.operations.BuildOperationProgressEventListenerAdapter::stop@42 (line 78)
                      ; - org.gradle.internal.operations.DefaultBuildOperationRunner$BuildOperationTrackingListener::stop@9 (line 248)
                      ; - org.gradle.internal.operations.DefaultBuildOperationRunner$2::execute@62 (line 73)
                      ; - org.gradle.internal.operations.DefaultBuildOperationRunner$2::execute@8 (line 59)
                      ; - org.gradle.internal.operations.DefaultBuildOperationRunner::execute@141 (line 166)
  0x000002a7f0425a90: 6ceb 3cff 

  0x000002a7f0425a94: ;   {other}
  0x000002a7f0425a94: 0f1f 8400 | 0483 00b3 | bade ffff | ff48 8b6c | 2430 4c8b | 4424 484c | 8944 2430 | 4c8b 4424 
  0x000002a7f0425ab4: 404c 8944 | 2438 4489 | 5c24 5044 | 8954 2454 

  0x000002a7f0425ac4: ;   {runtime_call UncommonTrapBlob}
  0x000002a7f0425ac4: 6666 90e8 

  0x000002a7f0425ac8: ; ImmutableOopMap {rbp=Oop [48]=Oop [56]=Oop [80]=NarrowOop [84]=NarrowOop [104]=Oop [112]=Oop [120]=Oop }
                      ;*checkcast {reexecute=0 rethrow=0 return_oop=0}
                      ; - org.gradle.internal.logging.slf4j.OutputEventListenerBackedLoggerContext::getLevel@7 (line 96)
                      ; - org.gradle.internal.logging.slf4j.OutputEventListenerBackedLogger::isLevelAtMost@5 (line 44)
                      ; - org.gradle.internal.logging.slf4j.BuildOperationAwareLogger::isDebugEnabled@4 (line 52)
                      ; - org.gradle.internal.logging.slf4j.OutputEventListenerBackedLogger::isDebugEnabled@1 (line 25)
                      ; - org.gradle.internal.logging.slf4j.BuildOperationAwareLogger::debug@1 (line 167)
                      ; - org.gradle.internal.logging.slf4j.OutputEventListenerBackedLogger::debug@3 (line 25)
                      ; - org.gradle.internal.operations.DefaultBuildOperationRunner$BuildOperationTrackingListener::stop@23 (line 249)
                      ; - org.gradle.internal.operations.DefaultBuildOperationRunner$2::execute@62 (line 73)
                      ; - org.gradle.internal.operations.DefaultBuildOperationRunner$2::execute@8 (line 59)
                      ; - org.gradle.internal.operations.DefaultBuildOperationRunner::execute@141 (line 166)
  0x000002a7f0425ac8: 34eb 3cff 

  0x000002a7f0425acc: ;   {other}
  0x000002a7f0425acc: 0f1f 8400 | 3c83 00b4 | bade ffff | ff48 8b6c | 2430 4c8b | 4c24 484c | 894c 2430 | 4c8b 4c24 
  0x000002a7f0425aec: 404c 894c | 2438 4c8b | 4c24 684c | 894c 2440 | 4c8b 4c24 | 684c 894c | 2450 4889 | 5c24 584c 
  0x000002a7f0425b0c: 8944 2460 | 4489 5424 | 6844 895c 

  0x000002a7f0425b18: ;   {runtime_call UncommonTrapBlob}
  0x000002a7f0425b18: 246c 90e8 

  0x000002a7f0425b1c: ; ImmutableOopMap {rbp=Oop [48]=Oop [56]=Oop [64]=Oop [80]=Oop [88]=Oop [96]=Oop [108]=NarrowOop [112]=Oop [120]=Oop }
                      ;*checkcast {reexecute=0 rethrow=0 return_oop=0}
                      ; - org.gradle.internal.operations.DefaultBuildOperationListenerManager$1::finished@31 (line 60)
                      ; - org.gradle.internal.operations.BuildOperationProgressEventListenerAdapter::stop@86 (line 79)
                      ; - org.gradle.internal.operations.DefaultBuildOperationRunner$BuildOperationTrackingListener::stop@9 (line 248)
                      ; - org.gradle.internal.operations.DefaultBuildOperationRunner$2::execute@62 (line 73)
                      ; - org.gradle.internal.operations.DefaultBuildOperationRunner$2::execute@8 (line 59)
                      ; - org.gradle.internal.operations.DefaultBuildOperationRunner::execute@141 (line 166)
  0x000002a7f0425b1c: e0ea 3cff 

  0x000002a7f0425b20: ;   {other}
  0x000002a7f0425b20: 0f1f 8400 | 9083 00b5 | bade ffff | ff48 8b6c | 2430 48ff | 7424 6848 | 8f44 2440 | 4c89 5424 
  0x000002a7f0425b40: 484c 895c | 2460 4c89 | 4424 6844 | 894c 2470 | 8974 2474 

  0x000002a7f0425b54: ;   {runtime_call UncommonTrapBlob}
  0x000002a7f0425b54: 6666 90e8 

  0x000002a7f0425b58: ; ImmutableOopMap {rbp=Oop [64]=Oop [72]=Oop [96]=Oop [104]=Oop [116]=NarrowOop [128]=Oop [136]=Oop [144]=Oop [168]=Oop }
                      ;*checkcast {reexecute=0 rethrow=0 return_oop=0}
                      ; - org.gradle.internal.operations.DefaultBuildOperationListenerManager$1::started@30 (line 43)
                      ; - org.gradle.internal.operations.BuildOperationProgressEventListenerAdapter::start@16 (line 48)
                      ; - org.gradle.internal.operations.DefaultBuildOperationRunner$BuildOperationTrackingListener::start@47 (line 233)
                      ; - org.gradle.internal.operations.DefaultBuildOperationRunner$2::execute@4 (line 63)
                      ; - org.gradle.internal.operations.DefaultBuildOperationRunner$2::execute@8 (line 59)
                      ; - org.gradle.internal.operations.DefaultBuildOperationRunner::execute@141 (line 166)
  0x000002a7f0425b58: a4ea 3cff 

  0x000002a7f0425b5c: ;   {other}
  0x000002a7f0425b5c: 0f1f 8400 | cc83 00b6 | bade ffff | ff48 8b6c | 2430 48ff | b424 8000 | 0000 488f | 4424 2048 
  0x000002a7f0425b7c: ffb4 2488 | 0000 0048 | 8f44 2428 | 48ff 7424 | 6848 8f44 | 2448 48ff | 7424 6848 | 8f44 2460 
  0x000002a7f0425b9c: 4889 7c24 

  0x000002a7f0425ba0: ;   {runtime_call UncommonTrapBlob}
  0x000002a7f0425ba0: 6866 90e8 

  0x000002a7f0425ba4: ; ImmutableOopMap {rbp=Oop [32]=Oop [40]=Oop [72]=Oop [96]=Oop [104]=Oop [144]=Oop [168]=Oop }
                      ;*checkcast {reexecute=0 rethrow=0 return_oop=0}
                      ; - org.gradle.internal.operations.CurrentBuildOperationRef::get@7 (line 37)
                      ; - org.gradle.internal.operations.DefaultBuildOperationRunner$BuildOperationTrackingListener::start@5 (line 229)
                      ; - org.gradle.internal.operations.DefaultBuildOperationRunner$2::execute@4 (line 63)
                      ; - org.gradle.internal.operations.DefaultBuildOperationRunner$2::execute@8 (line 59)
                      ; - org.gradle.internal.operations.DefaultBuildOperationRunner::execute@141 (line 166)
  0x000002a7f0425ba4: 58ea 3cff 

  0x000002a7f0425ba8: ;   {other}
  0x000002a7f0425ba8: 0f1f 8400 | 1884 00b7 | bade ffff | ff48 8b6c | 2430 4c89 | 5c24 204c | 8b5c 2470 | 4c89 5c24 
  0x000002a7f0425bc8: 284c 8b5c | 2440 4c89 | 5c24 384c | 8b5c 2448 | 4c89 5c24 | 404c 8b5c | 2450 4c89 | 5c24 484c 
  0x000002a7f0425be8: 8954 2458 | 4489 7424 | 6044 8944 | 2464 4c89 | 5424 684c | 894c 2470 

  0x000002a7f0425c00: ;   {runtime_call UncommonTrapBlob}
  0x000002a7f0425c00: 6666 90e8 

  0x000002a7f0425c04: ; ImmutableOopMap {rbp=Oop [32]=Oop [40]=Oop [56]=Oop [64]=Oop [72]=Oop [88]=Oop [96]=NarrowOop [104]=Oop [112]=Oop [120]=Oop }
                      ;*checkcast {reexecute=0 rethrow=0 return_oop=0}
                      ; - org.gradle.internal.logging.progress.DefaultProgressLoggerFactory$ProgressLoggerImpl::started@42 (line 199)
                      ; - org.gradle.internal.logging.progress.DefaultProgressLoggerFactory$ProgressLoggerImpl::started@6 (line 190)
                      ; - org.gradle.internal.logging.progress.DefaultProgressLoggerFactory$ProgressLoggerImpl::start@8 (line 179)
                      ; - org.gradle.internal.operations.BuildOperationProgressEventListenerAdapter::start@44 (line 50)
                      ; - org.gradle.internal.operations.DefaultBuildOperationRunner$BuildOperationTrackingListener::start@47 (line 233)
                      ; - org.gradle.internal.operations.DefaultBuildOperationRunner$2::execute@4 (line 63)
                      ; - org.gradle.internal.operations.DefaultBuildOperationRunner$2::execute@8 (line 59)
                      ; - org.gradle.internal.operations.DefaultBuildOperationRunner::execute@141 (line 166)
  0x000002a7f0425c04: f8e9 3cff 

  0x000002a7f0425c08: ;   {other}
  0x000002a7f0425c08: 0f1f 8400 | 7884 00b8 | baf6 ffff 

  0x000002a7f0425c14: ;   {runtime_call UncommonTrapBlob}
  0x000002a7f0425c14: ff66 90e8 

  0x000002a7f0425c18: ; ImmutableOopMap {}
                      ;*invokevirtual getParentState {reexecute=0 rethrow=0 return_oop=0}
                      ; - org.gradle.internal.operations.DefaultBuildOperationRunner::execute@1 (line 155)
  0x000002a7f0425c18: e4e9 3cff 

  0x000002a7f0425c1c: ;   {other}
  0x000002a7f0425c1c: 0f1f 8400 | 8c84 00b9 | baf6 ffff | ff48 8b6c | 2430 4c8b | 5c24 404c | 895c 2438 | 4489 5424 
  0x000002a7f0425c3c: ;   {runtime_call UncommonTrapBlob}
  0x000002a7f0425c3c: 4066 90e8 

  0x000002a7f0425c40: ; ImmutableOopMap {rbp=Oop [56]=Oop [72]=Oop [104]=Oop [112]=Oop }
                      ;*aaload {reexecute=0 rethrow=0 return_oop=0}
                      ; - java.util.ArrayList::elementData@5 (line 411)
                      ; - java.util.ArrayList::get@11 (line 428)
                      ; - org.gradle.internal.operations.DefaultBuildOperationListenerManager$1::finished@26 (line 60)
                      ; - org.gradle.internal.operations.BuildOperationProgressEventListenerAdapter::stop@86 (line 79)
                      ; - org.gradle.internal.operations.DefaultBuildOperationRunner$BuildOperationTrackingListener::stop@9 (line 248)
                      ; - org.gradle.internal.operations.DefaultBuildOperationRunner$2::execute@62 (line 73)
                      ; - org.gradle.internal.operations.DefaultBuildOperationRunner$2::execute@8 (line 59)
                      ; - org.gradle.internal.operations.DefaultBuildOperationRunner::execute@141 (line 166)
  0x000002a7f0425c40: bce9 3cff 

  0x000002a7f0425c44: ;   {other}
  0x000002a7f0425c44: 0f1f 8400 | b484 00ba | baf4 ffff | ff48 8b6c | 2430 4c8b | 5c24 484c | 895c 2430 | 4c8b 5c24 
  0x000002a7f0425c64: 404c 895c | 2438 4c8b | 5c24 684c | 895c 2440 | 4c8b 5c24 | 684c 895c | 2450 4889 | 5c24 584c 
  0x000002a7f0425c84: 8944 2460 | 4489 5424 

  0x000002a7f0425c8c: ;   {runtime_call UncommonTrapBlob}
  0x000002a7f0425c8c: 6866 90e8 

  0x000002a7f0425c90: ; ImmutableOopMap {rbp=Oop [48]=Oop [56]=Oop [64]=Oop [80]=Oop [88]=Oop [96]=Oop [112]=Oop [120]=Oop }
                      ;*checkcast {reexecute=0 rethrow=0 return_oop=0}
                      ; - org.gradle.internal.operations.DefaultBuildOperationListenerManager$1::finished@31 (line 60)
                      ; - org.gradle.internal.operations.BuildOperationProgressEventListenerAdapter::stop@86 (line 79)
                      ; - org.gradle.internal.operations.DefaultBuildOperationRunner$BuildOperationTrackingListener::stop@9 (line 248)
                      ; - org.gradle.internal.operations.DefaultBuildOperationRunner$2::execute@62 (line 73)
                      ; - org.gradle.internal.operations.DefaultBuildOperationRunner$2::execute@8 (line 59)
                      ; - org.gradle.internal.operations.DefaultBuildOperationRunner::execute@141 (line 166)
  0x000002a7f0425c90: 6ce9 3cff 

  0x000002a7f0425c94: ;   {other}
  0x000002a7f0425c94: 0f1f 8400 | 0485 00bb | baf6 ffff | ff48 8b6c | 2430 4c8b | 5424 404c | 8954 2438 | 897c 2440 
  0x000002a7f0425cb4: ;   {runtime_call UncommonTrapBlob}
  0x000002a7f0425cb4: 6666 90e8 

  0x000002a7f0425cb8: ; ImmutableOopMap {rbp=Oop [56]=Oop [64]=NarrowOop [72]=Oop [104]=Oop [112]=Oop }
                      ;*invokeinterface remove {reexecute=0 rethrow=0 return_oop=0}
                      ; - org.gradle.internal.operations.DefaultBuildOperationListenerManager$ProgressShieldingBuildOperationListener::finished@8 (line 126)
                      ; - org.gradle.internal.operations.DefaultBuildOperationListenerManager$1::finished@36 (line 60)
                      ; - org.gradle.internal.operations.BuildOperationProgressEventListenerAdapter::stop@86 (line 79)
                      ; - org.gradle.internal.operations.DefaultBuildOperationRunner$BuildOperationTrackingListener::stop@9 (line 248)
                      ; - org.gradle.internal.operations.DefaultBuildOperationRunner$2::execute@62 (line 73)
                      ; - org.gradle.internal.operations.DefaultBuildOperationRunner$2::execute@8 (line 59)
                      ; - org.gradle.internal.operations.DefaultBuildOperationRunner::execute@141 (line 166)
  0x000002a7f0425cb8: 44e9 3cff 

  0x000002a7f0425cbc: ;   {other}
  0x000002a7f0425cbc: 0f1f 8400 | 2c85 00bc | baf6 ffff | ff48 8b6c | 2430 4489 

  0x000002a7f0425cd0: ;   {runtime_call UncommonTrapBlob}
  0x000002a7f0425cd0: 4c24 48e8 

  0x000002a7f0425cd4: ; ImmutableOopMap {rbp=Oop [104]=Oop [128]=Oop [136]=Oop [144]=Oop [168]=Oop }
                      ;*aaload {reexecute=0 rethrow=0 return_oop=0}
                      ; - java.util.ArrayList::elementData@5 (line 411)
                      ; - java.util.ArrayList::get@11 (line 428)
                      ; - org.gradle.internal.operations.DefaultBuildOperationListenerManager$1::started@25 (line 43)
                      ; - org.gradle.internal.operations.BuildOperationProgressEventListenerAdapter::start@16 (line 48)
                      ; - org.gradle.internal.operations.DefaultBuildOperationRunner$BuildOperationTrackingListener::start@47 (line 233)
                      ; - org.gradle.internal.operations.DefaultBuildOperationRunner$2::execute@4 (line 63)
                      ; - org.gradle.internal.operations.DefaultBuildOperationRunner$2::execute@8 (line 59)
                      ; - org.gradle.internal.operations.DefaultBuildOperationRunner::execute@141 (line 166)
  0x000002a7f0425cd4: 28e9 3cff 

  0x000002a7f0425cd8: ;   {other}
  0x000002a7f0425cd8: 0f1f 8400 | 4885 00bd | baf4 ffff | ff48 8b6c | 2430 48ff | 7424 6848 | 8f44 2440 | 4c89 5424 
  0x000002a7f0425cf8: 484c 895c | 2460 4c89 | 4424 6844 | 894c 2470 

  0x000002a7f0425d08: ;   {runtime_call UncommonTrapBlob}
  0x000002a7f0425d08: 6666 90e8 

  0x000002a7f0425d0c: ; ImmutableOopMap {rbp=Oop [64]=Oop [72]=Oop [96]=Oop [104]=Oop [128]=Oop [136]=Oop [144]=Oop [168]=Oop }
                      ;*checkcast {reexecute=0 rethrow=0 return_oop=0}
                      ; - org.gradle.internal.operations.DefaultBuildOperationListenerManager$1::started@30 (line 43)
                      ; - org.gradle.internal.operations.BuildOperationProgressEventListenerAdapter::start@16 (line 48)
                      ; - org.gradle.internal.operations.DefaultBuildOperationRunner$BuildOperationTrackingListener::start@47 (line 233)
                      ; - org.gradle.internal.operations.DefaultBuildOperationRunner$2::execute@4 (line 63)
                      ; - org.gradle.internal.operations.DefaultBuildOperationRunner$2::execute@8 (line 59)
                      ; - org.gradle.internal.operations.DefaultBuildOperationRunner::execute@141 (line 166)
  0x000002a7f0425d0c: f0e8 3cff 

  0x000002a7f0425d10: ;   {other}
  0x000002a7f0425d10: 0f1f 8400 | 8085 00be | baf6 ffff | ff48 8b6c | 2430 894c 

  0x000002a7f0425d24: ;   {runtime_call UncommonTrapBlob}
  0x000002a7f0425d24: 2448 90e8 

  0x000002a7f0425d28: ; ImmutableOopMap {rbp=Oop [72]=NarrowOop [104]=Oop [128]=Oop [136]=Oop [144]=Oop [168]=Oop }
                      ;*invokeinterface put {reexecute=0 rethrow=0 return_oop=0}
                      ; - org.gradle.internal.operations.DefaultBuildOperationListenerManager$ProgressShieldingBuildOperationListener::started@11 (line 113)
                      ; - org.gradle.internal.operations.DefaultBuildOperationListenerManager$1::started@35 (line 43)
                      ; - org.gradle.internal.operations.BuildOperationProgressEventListenerAdapter::start@16 (line 48)
                      ; - org.gradle.internal.operations.DefaultBuildOperationRunner$BuildOperationTrackingListener::start@47 (line 233)
                      ; - org.gradle.internal.operations.DefaultBuildOperationRunner$2::execute@4 (line 63)
                      ; - org.gradle.internal.operations.DefaultBuildOperationRunner$2::execute@8 (line 59)
                      ; - org.gradle.internal.operations.DefaultBuildOperationRunner::execute@141 (line 166)
  0x000002a7f0425d28: d4e8 3cff 

  0x000002a7f0425d2c: ;   {other}
  0x000002a7f0425d2c: 0f1f 8400 | 9c85 00bf | baf6 ffff 

  0x000002a7f0425d38: ;   {runtime_call UncommonTrapBlob}
  0x000002a7f0425d38: ff66 90e8 

  0x000002a7f0425d3c: ; ImmutableOopMap {}
                      ;*invokeinterface nextId {reexecute=0 rethrow=0 return_oop=0}
                      ; - org.gradle.internal.operations.DefaultBuildOperationRunner::execute@30 (line 157)
  0x000002a7f0425d3c: c0e8 3cff 

  0x000002a7f0425d40: ;   {other}
  0x000002a7f0425d40: 0f1f 8400 | b085 00c0 | baf6 ffff 

  0x000002a7f0425d4c: ;   {runtime_call UncommonTrapBlob}
  0x000002a7f0425d4c: ff66 90e8 

  0x000002a7f0425d50: ; ImmutableOopMap {}
                      ;*invokevirtual getId {reexecute=0 rethrow=0 return_oop=0}
                      ; - org.gradle.internal.operations.DefaultBuildOperationRunner::execute@57 (line 160)
  0x000002a7f0425d50: ace8 3cff 

  0x000002a7f0425d54: ;   {other}
  0x000002a7f0425d54: 0f1f 8400 | c485 00c1 | baf6 ffff 

  0x000002a7f0425d60: ;   {runtime_call UncommonTrapBlob}
  0x000002a7f0425d60: ff66 90e8 

  0x000002a7f0425d64: ; ImmutableOopMap {}
                      ;*invokevirtual get {reexecute=0 rethrow=0 return_oop=0}
                      ; - org.gradle.internal.operations.BuildOperationState::isRunning@4 (line 37)
                      ; - org.gradle.internal.operations.DefaultBuildOperationRunner::assertParentRunning@5 (line 176)
                      ; - org.gradle.internal.operations.DefaultBuildOperationRunner::execute@71 (line 161)
  0x000002a7f0425d64: 98e8 3cff 

  0x000002a7f0425d68: ;   {other}
  0x000002a7f0425d68: 0f1f 8400 | d885 00c2 | baf6 ffff 

  0x000002a7f0425d74: ;   {runtime_call UncommonTrapBlob}
  0x000002a7f0425d74: ff66 90e8 

  0x000002a7f0425d78: ; ImmutableOopMap {}
                      ;*invokeinterface getCurrentTime {reexecute=0 rethrow=0 return_oop=0}
                      ; - org.gradle.internal.operations.DefaultBuildOperationRunner::execute@84 (line 163)
  0x000002a7f0425d78: 84e8 3cff 

  0x000002a7f0425d7c: ;   {other}
  0x000002a7f0425d7c: 0f1f 8400 | ec85 00c3 | baf6 ffff 

  0x000002a7f0425d88: ;   {runtime_call UncommonTrapBlob}
  0x000002a7f0425d88: ff66 90e8 

  0x000002a7f0425d8c: ; ImmutableOopMap {}
                      ;*invokeinterface getCurrentTime {reexecute=0 rethrow=0 return_oop=0}
                      ; - org.gradle.internal.service.scopes.WorkerSharedGlobalScopeServices$$Lambda/0x000002a78f19d8c0::getCurrentTime@4
                      ; - org.gradle.internal.operations.DefaultBuildOperationRunner::execute@84 (line 163)
  0x000002a7f0425d8c: 70e8 3cff 

  0x000002a7f0425d90: ;   {other}
  0x000002a7f0425d90: 0f1f 8400 | 0086 00c4 | baf6 ffff 

  0x000002a7f0425d9c: ;   {runtime_call UncommonTrapBlob}
  0x000002a7f0425d9c: ff66 90e8 

  0x000002a7f0425da0: ; ImmutableOopMap {}
                      ;*invokeinterface nanoTime {reexecute=0 rethrow=0 return_oop=0}
                      ; - org.gradle.internal.time.MonotonicClock::getCurrentTime@4 (line 77)
                      ; - org.gradle.internal.service.scopes.WorkerSharedGlobalScopeServices$$Lambda/0x000002a78f19d8c0::getCurrentTime@4
                      ; - org.gradle.internal.operations.DefaultBuildOperationRunner::execute@84 (line 163)
  0x000002a7f0425da0: 5ce8 3cff 

  0x000002a7f0425da4: ;   {other}
  0x000002a7f0425da4: 0f1f 8400 | 1486 00c5 | baf6 ffff 

  0x000002a7f0425db0: ;   {runtime_call UncommonTrapBlob}
  0x000002a7f0425db0: ff66 90e8 

  0x000002a7f0425db4: ; ImmutableOopMap {}
                      ;*invokevirtual get {reexecute=0 rethrow=0 return_oop=0}
                      ; - org.gradle.internal.time.MonotonicClock::getCurrentTime@14 (line 78)
                      ; - org.gradle.internal.service.scopes.WorkerSharedGlobalScopeServices$$Lambda/0x000002a78f19d8c0::getCurrentTime@4
                      ; - org.gradle.internal.operations.DefaultBuildOperationRunner::execute@84 (line 163)
  0x000002a7f0425db4: 48e8 3cff 

  0x000002a7f0425db8: ;   {other}
  0x000002a7f0425db8: 0f1f 8400 | 2886 00c6 | baf6 ffff 

  0x000002a7f0425dc4: ;   {runtime_call UncommonTrapBlob}
  0x000002a7f0425dc4: ff66 90e8 

  0x000002a7f0425dc8: ; ImmutableOopMap {}
                      ;*invokevirtual get {reexecute=0 rethrow=0 return_oop=0}
                      ; - org.gradle.internal.time.MonotonicClock::getCurrentTime@22 (line 79)
                      ; - org.gradle.internal.service.scopes.WorkerSharedGlobalScopeServices$$Lambda/0x000002a78f19d8c0::getCurrentTime@4
                      ; - org.gradle.internal.operations.DefaultBuildOperationRunner::execute@84 (line 163)
  0x000002a7f0425dc8: 34e8 3cff 

  0x000002a7f0425dcc: ;   {other}
  0x000002a7f0425dcc: 0f1f 8400 | 3c86 00c7 | baf6 ffff 

  0x000002a7f0425dd8: ;   {runtime_call UncommonTrapBlob}
  0x000002a7f0425dd8: ff66 90e8 

  0x000002a7f0425ddc: ; ImmutableOopMap {}
                      ;*invokeinterface createListener {reexecute=0 rethrow=0 return_oop=0}
                      ; - org.gradle.internal.operations.DefaultBuildOperationRunner::execute@106 (line 164)
  0x000002a7f0425ddc: 20e8 3cff 

  0x000002a7f0425de0: ;   {other}
  0x000002a7f0425de0: 0f1f 8400 | 5086 00c8 | baf6 ffff | ff48 8bac | 2480 0000 

  0x000002a7f0425df4: ;   {runtime_call UncommonTrapBlob}
  0x000002a7f0425df4: 0066 90e8 

  0x000002a7f0425df8: ; ImmutableOopMap {rbp=Oop [104]=Oop [136]=Oop [144]=Oop [168]=Oop }
                      ;*invokeinterface execute {reexecute=0 rethrow=0 return_oop=0}
                      ; - org.gradle.internal.operations.DefaultBuildOperationRunner::execute@141 (line 166)
  0x000002a7f0425df8: 04e8 3cff 

  0x000002a7f0425dfc: ;   {other}
  0x000002a7f0425dfc: 0f1f 8400 | 6c86 00c9 | baf6 ffff 

  0x000002a7f0425e08: ;   {runtime_call UncommonTrapBlob}
  0x000002a7f0425e08: ff66 90e8 

  0x000002a7f0425e0c: ; ImmutableOopMap {}
                      ;*invokevirtual get {reexecute=0 rethrow=0 return_oop=0}
                      ; - org.gradle.internal.time.MonotonicClock::advance@4 (line 111)
                      ; - org.gradle.internal.time.MonotonicClock::getCurrentTime@66 (line 86)
                      ; - org.gradle.internal.service.scopes.WorkerSharedGlobalScopeServices$$Lambda/0x000002a78f19d8c0::getCurrentTime@4
                      ; - org.gradle.internal.operations.DefaultBuildOperationRunner::execute@84 (line 163)
  0x000002a7f0425e0c: f0e7 3cff 

  0x000002a7f0425e10: ;   {other}
  0x000002a7f0425e10: 0f1f 8400 | 8086 00ca | baf6 ffff | ff48 8b6c 

  0x000002a7f0425e20: ;   {runtime_call UncommonTrapBlob}
  0x000002a7f0425e20: 2430 90e8 

  0x000002a7f0425e24: ; ImmutableOopMap {rbp=Oop [104]=Oop [128]=Oop [136]=Oop [144]=Oop [168]=Oop }
                      ;*invokevirtual get {reexecute=0 rethrow=0 return_oop=0}
                      ; - org.gradle.internal.operations.DefaultBuildOperationRunner$BuildOperationTrackingListener::start@5 (line 229)
                      ; - org.gradle.internal.operations.DefaultBuildOperationRunner$2::execute@4 (line 63)
                      ; - org.gradle.internal.operations.DefaultBuildOperationRunner$2::execute@8 (line 59)
                      ; - org.gradle.internal.operations.DefaultBuildOperationRunner::execute@141 (line 166)
  0x000002a7f0425e24: d8e7 3cff 

  0x000002a7f0425e28: ;   {other}
  0x000002a7f0425e28: 0f1f 8400 | 9886 00cb | baf6 ffff | ff48 8b6c 

  0x000002a7f0425e38: ;   {runtime_call UncommonTrapBlob}
  0x000002a7f0425e38: 2430 90e8 

  0x000002a7f0425e3c: ; ImmutableOopMap {rbp=Oop [104]=Oop [128]=Oop [136]=Oop [144]=Oop [168]=Oop }
                      ;*invokevirtual get {reexecute=0 rethrow=0 return_oop=0}
                      ; - org.gradle.internal.operations.CurrentBuildOperationRef::get@4 (line 37)
                      ; - org.gradle.internal.operations.DefaultBuildOperationRunner$BuildOperationTrackingListener::start@5 (line 229)
                      ; - org.gradle.internal.operations.DefaultBuildOperationRunner$2::execute@4 (line 63)
                      ; - org.gradle.internal.operations.DefaultBuildOperationRunner$2::execute@8 (line 59)
                      ; - org.gradle.internal.operations.DefaultBuildOperationRunner::execute@141 (line 166)
  0x000002a7f0425e3c: c0e7 3cff 

  0x000002a7f0425e40: ;   {other}
  0x000002a7f0425e40: 0f1f 8400 | b086 00cc | baf6 ffff | ff48 8b6c 

  0x000002a7f0425e50: ;   {runtime_call UncommonTrapBlob}
  0x000002a7f0425e50: 2430 90e8 

  0x000002a7f0425e54: ; ImmutableOopMap {rbp=Oop [104]=Oop [128]=Oop [136]=Oop [144]=Oop [168]=Oop }
                      ;*arraylength {reexecute=0 rethrow=0 return_oop=0}
                      ; - java.lang.ThreadLocal$ThreadLocalMap::getEntry@8 (line 499)
                      ; - java.lang.ThreadLocal::get@12 (line 187)
                      ; - java.lang.ThreadLocal::get@4 (line 172)
                      ; - org.gradle.internal.operations.CurrentBuildOperationRef::get@4 (line 37)
                      ; - org.gradle.internal.operations.DefaultBuildOperationRunner$BuildOperationTrackingListener::start@5 (line 229)
                      ; - org.gradle.internal.operations.DefaultBuildOperationRunner$2::execute@4 (line 63)
                      ; - org.gradle.internal.operations.DefaultBuildOperationRunner$2::execute@8 (line 59)
                      ; - org.gradle.internal.operations.DefaultBuildOperationRunner::execute@141 (line 166)
  0x000002a7f0425e54: a8e7 3cff 

  0x000002a7f0425e58: ;   {other}
  0x000002a7f0425e58: 0f1f 8400 | c886 00cd | baf6 ffff | ff48 8b6c | 2430 48ff | b424 8800 | 0000 488f 

  0x000002a7f0425e74: ;   {runtime_call UncommonTrapBlob}
  0x000002a7f0425e74: 4424 28e8 

  0x000002a7f0425e78: ; ImmutableOopMap {rbp=Oop [40]=Oop [104]=Oop [128]=Oop [144]=Oop [168]=Oop }
                      ;*invokevirtual set {reexecute=0 rethrow=0 return_oop=0}
                      ; - org.gradle.internal.operations.DefaultBuildOperationRunner$BuildOperationTrackingListener::start@19 (line 230)
                      ; - org.gradle.internal.operations.DefaultBuildOperationRunner$2::execute@4 (line 63)
                      ; - org.gradle.internal.operations.DefaultBuildOperationRunner$2::execute@8 (line 59)
                      ; - org.gradle.internal.operations.DefaultBuildOperationRunner::execute@141 (line 166)
  0x000002a7f0425e78: 84e7 3cff 

  0x000002a7f0425e7c: ;   {other}
  0x000002a7f0425e7c: 0f1f 8400 | ec86 00ce | baf6 ffff | ff48 8b6c | 2430 48ff | b424 8800 | 0000 488f 

  0x000002a7f0425e98: ;   {runtime_call UncommonTrapBlob}
  0x000002a7f0425e98: 4424 28e8 

  0x000002a7f0425e9c: ; ImmutableOopMap {rbp=Oop [40]=Oop [104]=Oop [128]=Oop [144]=Oop [168]=Oop }
                      ;*invokevirtual set {reexecute=0 rethrow=0 return_oop=0}
                      ; - org.gradle.internal.operations.CurrentBuildOperationRef::set@16 (line 56)
                      ; - org.gradle.internal.operations.DefaultBuildOperationRunner$BuildOperationTrackingListener::start@19 (line 230)
                      ; - org.gradle.internal.operations.DefaultBuildOperationRunner$2::execute@4 (line 63)
                      ; - org.gradle.internal.operations.DefaultBuildOperationRunner$2::execute@8 (line 59)
                      ; - org.gradle.internal.operations.DefaultBuildOperationRunner::execute@141 (line 166)
  0x000002a7f0425e9c: 60e7 3cff 

  0x000002a7f0425ea0: ;   {other}
  0x000002a7f0425ea0: 0f1f 8400 | 1087 00cf | baf6 ffff | ff48 8b6c 

  0x000002a7f0425eb0: ;   {runtime_call UncommonTrapBlob}
  0x000002a7f0425eb0: 2430 90e8 

  0x000002a7f0425eb4: ; ImmutableOopMap {rbp=Oop [104]=Oop [128]=Oop [136]=Oop [144]=Oop [168]=Oop }
                      ;*invokevirtual getLevel {reexecute=0 rethrow=0 return_oop=0}
                      ; - org.gradle.internal.logging.slf4j.OutputEventListenerBackedLogger::isLevelAtMost@5 (line 44)
                      ; - org.gradle.internal.logging.slf4j.BuildOperationAwareLogger::isDebugEnabled@4 (line 52)
                      ; - org.gradle.internal.logging.slf4j.OutputEventListenerBackedLogger::isDebugEnabled@1 (line 25)
                      ; - org.gradle.internal.logging.slf4j.BuildOperationAwareLogger::debug@1 (line 167)
                      ; - org.gradle.internal.logging.slf4j.OutputEventListenerBackedLogger::debug@3 (line 25)
                      ; - org.gradle.internal.operations.DefaultBuildOperationRunner$BuildOperationTrackingListener::start@36 (line 232)
                      ; - org.gradle.internal.operations.DefaultBuildOperationRunner$2::execute@4 (line 63)
                      ; - org.gradle.internal.operations.DefaultBuildOperationRunner$2::execute@8 (line 59)
                      ; - org.gradle.internal.operations.DefaultBuildOperationRunner::execute@141 (line 166)
  0x000002a7f0425eb4: 48e7 3cff 

  0x000002a7f0425eb8: ;   {other}
  0x000002a7f0425eb8: 0f1f 8400 | 2887 00d0 | baf6 ffff | ff48 8b6c 

  0x000002a7f0425ec8: ;   {runtime_call UncommonTrapBlob}
  0x000002a7f0425ec8: 2430 90e8 

  0x000002a7f0425ecc: ; ImmutableOopMap {rbp=Oop [104]=Oop [128]=Oop [136]=Oop [144]=Oop [168]=Oop }
                      ;*invokevirtual get {reexecute=0 rethrow=0 return_oop=0}
                      ; - org.gradle.internal.logging.slf4j.OutputEventListenerBackedLoggerContext::getLevel@4 (line 96)
                      ; - org.gradle.internal.logging.slf4j.OutputEventListenerBackedLogger::isLevelAtMost@5 (line 44)
                      ; - org.gradle.internal.logging.slf4j.BuildOperationAwareLogger::isDebugEnabled@4 (line 52)
                      ; - org.gradle.internal.logging.slf4j.OutputEventListenerBackedLogger::isDebugEnabled@1 (line 25)
                      ; - org.gradle.internal.logging.slf4j.BuildOperationAwareLogger::debug@1 (line 167)
                      ; - org.gradle.internal.logging.slf4j.OutputEventListenerBackedLogger::debug@3 (line 25)
                      ; - org.gradle.internal.operations.DefaultBuildOperationRunner$BuildOperationTrackingListener::start@36 (line 232)
                      ; - org.gradle.internal.operations.DefaultBuildOperationRunner$2::execute@4 (line 63)
                      ; - org.gradle.internal.operations.DefaultBuildOperationRunner$2::execute@8 (line 59)
                      ; - org.gradle.internal.operations.DefaultBuildOperationRunner::execute@141 (line 166)
  0x000002a7f0425ecc: 30e7 3cff 

  0x000002a7f0425ed0: ;   {other}
  0x000002a7f0425ed0: 0f1f 8400 | 4087 00d1 | baf4 ffff | ff48 8b6c | 2430 4489 

  0x000002a7f0425ee4: ;   {runtime_call UncommonTrapBlob}
  0x000002a7f0425ee4: 4424 60e8 

  0x000002a7f0425ee8: ; ImmutableOopMap {rbp=Oop [96]=NarrowOop [104]=Oop [128]=Oop [136]=Oop [144]=Oop [168]=Oop }
                      ;*checkcast {reexecute=0 rethrow=0 return_oop=0}
                      ; - org.gradle.internal.logging.slf4j.OutputEventListenerBackedLoggerContext::getLevel@7 (line 96)
                      ; - org.gradle.internal.logging.slf4j.OutputEventListenerBackedLogger::isLevelAtMost@5 (line 44)
                      ; - org.gradle.internal.logging.slf4j.BuildOperationAwareLogger::isDebugEnabled@4 (line 52)
                      ; - org.gradle.internal.logging.slf4j.OutputEventListenerBackedLogger::isDebugEnabled@1 (line 25)
                      ; - org.gradle.internal.logging.slf4j.BuildOperationAwareLogger::debug@1 (line 167)
                      ; - org.gradle.internal.logging.slf4j.OutputEventListenerBackedLogger::debug@3 (line 25)
                      ; - org.gradle.internal.operations.DefaultBuildOperationRunner$BuildOperationTrackingListener::start@36 (line 232)
                      ; - org.gradle.internal.operations.DefaultBuildOperationRunner$2::execute@4 (line 63)
                      ; - org.gradle.internal.operations.DefaultBuildOperationRunner$2::execute@8 (line 59)
                      ; - org.gradle.internal.operations.DefaultBuildOperationRunner::execute@141 (line 166)
  0x000002a7f0425ee8: 14e7 3cff 

  0x000002a7f0425eec: ;   {other}
  0x000002a7f0425eec: 0f1f 8400 | 5c87 00d2 | baf6 ffff | ff48 8b6c 

  0x000002a7f0425efc: ;   {runtime_call UncommonTrapBlob}
  0x000002a7f0425efc: 2430 90e8 

  0x000002a7f0425f00: ; ImmutableOopMap {rbp=Oop [104]=Oop [128]=Oop [136]=Oop [144]=Oop [168]=Oop }
                      ;*invokeinterface start {reexecute=0 rethrow=0 return_oop=0}
                      ; - org.gradle.internal.operations.DefaultBuildOperationRunner$BuildOperationTrackingListener::start@47 (line 233)
                      ; - org.gradle.internal.operations.DefaultBuildOperationRunner$2::execute@4 (line 63)
                      ; - org.gradle.internal.operations.DefaultBuildOperationRunner$2::execute@8 (line 59)
                      ; - org.gradle.internal.operations.DefaultBuildOperationRunner::execute@141 (line 166)
  0x000002a7f0425f00: fce6 3cff 

  0x000002a7f0425f04: ;   {other}
  0x000002a7f0425f04: 0f1f 8400 | 7487 00d3 | baf6 ffff | ff48 8b6c | 2430 4c89 

  0x000002a7f0425f18: ;   {runtime_call UncommonTrapBlob}
  0x000002a7f0425f18: 5c24 50e8 

  0x000002a7f0425f1c: ; ImmutableOopMap {rbp=Oop [80]=Oop [104]=Oop [128]=Oop [136]=Oop [144]=Oop [168]=Oop }
                      ;*invokeinterface started {reexecute=0 rethrow=0 return_oop=0}
                      ; - org.gradle.internal.operations.BuildOperationProgressEventListenerAdapter::start@16 (line 48)
                      ; - org.gradle.internal.operations.DefaultBuildOperationRunner$BuildOperationTrackingListener::start@47 (line 233)
                      ; - org.gradle.internal.operations.DefaultBuildOperationRunner$2::execute@4 (line 63)
                      ; - org.gradle.internal.operations.DefaultBuildOperationRunner$2::execute@8 (line 59)
                      ; - org.gradle.internal.operations.DefaultBuildOperationRunner::execute@141 (line 166)
  0x000002a7f0425f1c: e0e6 3cff 

  0x000002a7f0425f20: ;   {other}
  0x000002a7f0425f20: 0f1f 8400 | 9087 00d4 | baf6 ffff | ff48 8b6c 

  0x000002a7f0425f30: ;   {runtime_call UncommonTrapBlob}
  0x000002a7f0425f30: 2430 90e8 

  0x000002a7f0425f34: ; ImmutableOopMap {rbp=Oop [104]=Oop [128]=Oop [136]=Oop [144]=Oop [168]=Oop }
                      ;*getfield listeners {reexecute=1 rethrow=0 return_oop=0}
                      ; - (reexecute) org.gradle.internal.operations.DefaultBuildOperationListenerManager::access$000@1 (line 28)
                      ; - org.gradle.internal.operations.DefaultBuildOperationListenerManager$1::started@4 (line 40)
                      ; - org.gradle.internal.operations.BuildOperationProgressEventListenerAdapter::start@16 (line 48)
                      ; - org.gradle.internal.operations.DefaultBuildOperationRunner$BuildOperationTrackingListener::start@47 (line 233)
                      ; - org.gradle.internal.operations.DefaultBuildOperationRunner$2::execute@4 (line 63)
                      ; - org.gradle.internal.operations.DefaultBuildOperationRunner$2::execute@8 (line 59)
                      ; - org.gradle.internal.operations.DefaultBuildOperationRunner::execute@141 (line 166)
  0x000002a7f0425f34: c8e6 3cff 

  0x000002a7f0425f38: ;   {other}
  0x000002a7f0425f38: 0f1f 8400 | a887 00d5 | baf6 ffff | ff48 8b6c 

  0x000002a7f0425f48: ;   {runtime_call UncommonTrapBlob}
  0x000002a7f0425f48: 2430 90e8 

  0x000002a7f0425f4c: ; ImmutableOopMap {rbp=Oop [104]=Oop [128]=Oop [136]=Oop [144]=Oop [168]=Oop }
                      ;*invokeinterface size {reexecute=0 rethrow=0 return_oop=0}
                      ; - org.gradle.internal.operations.DefaultBuildOperationListenerManager$1::started@14 (line 42)
                      ; - org.gradle.internal.operations.BuildOperationProgressEventListenerAdapter::start@16 (line 48)
                      ; - org.gradle.internal.operations.DefaultBuildOperationRunner$BuildOperationTrackingListener::start@47 (line 233)
                      ; - org.gradle.internal.operations.DefaultBuildOperationRunner$2::execute@4 (line 63)
                      ; - org.gradle.internal.operations.DefaultBuildOperationRunner$2::execute@8 (line 59)
                      ; - org.gradle.internal.operations.DefaultBuildOperationRunner::execute@141 (line 166)
  0x000002a7f0425f4c: b0e6 3cff 

  0x000002a7f0425f50: ;   {other}
  0x000002a7f0425f50: 0f1f 8400 | c087 00d6 | baf6 ffff | ff48 8b6c 

  0x000002a7f0425f60: ;   {runtime_call UncommonTrapBlob}
  0x000002a7f0425f60: 2430 90e8 

  0x000002a7f0425f64: ; ImmutableOopMap {rbp=Oop [104]=Oop [128]=Oop [136]=Oop [144]=Oop [168]=Oop }
                      ;*invokeinterface newOperation {reexecute=0 rethrow=0 return_oop=0}
                      ; - org.gradle.internal.operations.BuildOperationProgressEventListenerAdapter::start@28 (line 49)
                      ; - org.gradle.internal.operations.DefaultBuildOperationRunner$BuildOperationTrackingListener::start@47 (line 233)
                      ; - org.gradle.internal.operations.DefaultBuildOperationRunner$2::execute@4 (line 63)
                      ; - org.gradle.internal.operations.DefaultBuildOperationRunner$2::execute@8 (line 59)
                      ; - org.gradle.internal.operations.DefaultBuildOperationRunner::execute@141 (line 166)
  0x000002a7f0425f64: 98e6 3cff 

  0x000002a7f0425f68: ;   {other}
  0x000002a7f0425f68: 0f1f 8400 | d887 00d7 | baf4 ffff | ff48 8b6c | 2430 4c89 | 5424 484c | 895c 2458 

  0x000002a7f0425f84: ;   {runtime_call UncommonTrapBlob}
  0x000002a7f0425f84: 6666 90e8 

  0x000002a7f0425f88: ; ImmutableOopMap {rbp=Oop [72]=Oop [88]=Oop [104]=Oop [128]=Oop [136]=Oop [144]=Oop [168]=Oop }
                      ;*instanceof {reexecute=0 rethrow=0 return_oop=0}
                      ; - org.gradle.internal.operations.BuildOperationCategory::toCategory@1 (line 94)
                      ; - org.gradle.internal.logging.progress.DefaultProgressLoggerFactory::newOperation@11 (line 57)
                      ; - org.gradle.internal.operations.BuildOperationProgressEventListenerAdapter::start@28 (line 49)
                      ; - org.gradle.internal.operations.DefaultBuildOperationRunner$BuildOperationTrackingListener::start@47 (line 233)
                      ; - org.gradle.internal.operations.DefaultBuildOperationRunner$2::execute@4 (line 63)
                      ; - org.gradle.internal.operations.DefaultBuildOperationRunner$2::execute@8 (line 59)
                      ; - org.gradle.internal.operations.DefaultBuildOperationRunner::execute@141 (line 166)
  0x000002a7f0425f88: 74e6 3cff 

  0x000002a7f0425f8c: ;   {other}
  0x000002a7f0425f8c: 0f1f 8400 | fc87 00d8 | baf6 ffff | ff48 8b6c | 2430 4c89 | 5c24 204c | 8b54 2440 | 4c89 5424 
  0x000002a7f0425fac: ;   {runtime_call UncommonTrapBlob}
  0x000002a7f0425fac: 3866 90e8 

  0x000002a7f0425fb0: ; ImmutableOopMap {rbp=Oop [32]=Oop [56]=Oop [72]=Oop [112]=Oop [120]=Oop }
                      ;*arraylength {reexecute=0 rethrow=0 return_oop=0}
                      ; - java.lang.String::length@4 (line 1519)
                      ; - org.gradle.util.internal.GUtil::isTrue@42 (line 151)
                      ; - org.gradle.internal.logging.progress.DefaultProgressLoggerFactory$ProgressLoggerImpl::started@4 (line 194)
                      ; - org.gradle.internal.logging.progress.DefaultProgressLoggerFactory$ProgressLoggerImpl::started@6 (line 190)
                      ; - org.gradle.internal.logging.progress.DefaultProgressLoggerFactory$ProgressLoggerImpl::start@8 (line 179)
                      ; - org.gradle.internal.operations.BuildOperationProgressEventListenerAdapter::start@44 (line 50)
                      ; - org.gradle.internal.operations.DefaultBuildOperationRunner$BuildOperationTrackingListener::start@47 (line 233)
                      ; - org.gradle.internal.operations.DefaultBuildOperationRunner$2::execute@4 (line 63)
                      ; - org.gradle.internal.operations.DefaultBuildOperationRunner$2::execute@8 (line 59)
                      ; - org.gradle.internal.operations.DefaultBuildOperationRunner::execute@141 (line 166)
  0x000002a7f0425fb0: 4ce6 3cff 

  0x000002a7f0425fb4: ;   {other}
  0x000002a7f0425fb4: 0f1f 8400 | 2488 00d9 | baf6 ffff | ff48 8b6c | 2430 4c89 | 5c24 204c | 8b54 2440 | 4c89 5424 
  0x000002a7f0425fd4: ;   {runtime_call UncommonTrapBlob}
  0x000002a7f0425fd4: 3866 90e8 

  0x000002a7f0425fd8: ; ImmutableOopMap {rbp=Oop [32]=Oop [56]=Oop [72]=Oop [112]=Oop [120]=Oop }
                      ;*getfield current {reexecute=1 rethrow=0 return_oop=0}
                      ; - (reexecute) org.gradle.internal.logging.progress.DefaultProgressLoggerFactory::access$200@1 (line 34)
                      ; - org.gradle.internal.logging.progress.DefaultProgressLoggerFactory$ProgressLoggerImpl::started@36 (line 199)
                      ; - org.gradle.internal.logging.progress.DefaultProgressLoggerFactory$ProgressLoggerImpl::started@6 (line 190)
                      ; - org.gradle.internal.logging.progress.DefaultProgressLoggerFactory$ProgressLoggerImpl::start@8 (line 179)
                      ; - org.gradle.internal.operations.BuildOperationProgressEventListenerAdapter::start@44 (line 50)
                      ; - org.gradle.internal.operations.DefaultBuildOperationRunner$BuildOperationTrackingListener::start@47 (line 233)
                      ; - org.gradle.internal.operations.DefaultBuildOperationRunner$2::execute@4 (line 63)
                      ; - org.gradle.internal.operations.DefaultBuildOperationRunner$2::execute@8 (line 59)
                      ; - org.gradle.internal.operations.DefaultBuildOperationRunner::execute@141 (line 166)
  0x000002a7f0425fd8: 24e6 3cff 

  0x000002a7f0425fdc: ;   {other}
  0x000002a7f0425fdc: 0f1f 8400 | 4c88 00da | baf6 ffff | ff48 8b6c | 2430 4c89 | 5c24 204c | 8b54 2440 | 4c89 5424 
  0x000002a7f0425ffc: ;   {runtime_call UncommonTrapBlob}
  0x000002a7f0425ffc: 3866 90e8 

  0x000002a7f0426000: ; ImmutableOopMap {rbp=Oop [32]=Oop [56]=Oop [72]=Oop [112]=Oop [120]=Oop }
                      ;*invokevirtual get {reexecute=0 rethrow=0 return_oop=0}
                      ; - org.gradle.internal.logging.progress.DefaultProgressLoggerFactory$ProgressLoggerImpl::started@39 (line 199)
                      ; - org.gradle.internal.logging.progress.DefaultProgressLoggerFactory$ProgressLoggerImpl::started@6 (line 190)
                      ; - org.gradle.internal.logging.progress.DefaultProgressLoggerFactory$ProgressLoggerImpl::start@8 (line 179)
                      ; - org.gradle.internal.operations.BuildOperationProgressEventListenerAdapter::start@44 (line 50)
                      ; - org.gradle.internal.operations.DefaultBuildOperationRunner$BuildOperationTrackingListener::start@47 (line 233)
                      ; - org.gradle.internal.operations.DefaultBuildOperationRunner$2::execute@4 (line 63)
                      ; - org.gradle.internal.operations.DefaultBuildOperationRunner$2::execute@8 (line 59)
                      ; - org.gradle.internal.operations.DefaultBuildOperationRunner::execute@141 (line 166)
  0x000002a7f0426000: fce5 3cff 

  0x000002a7f0426004: ;   {other}
  0x000002a7f0426004: 0f1f 8400 | 7488 00db | baf6 ffff | ff48 8b6c | 2430 4c89 | 5c24 204c | 8b54 2440 | 4c89 5424 
  0x000002a7f0426024: ;   {runtime_call UncommonTrapBlob}
  0x000002a7f0426024: 3866 90e8 

  0x000002a7f0426028: ; ImmutableOopMap {rbp=Oop [32]=Oop [56]=Oop [72]=Oop [112]=Oop [120]=Oop }
                      ;*arraylength {reexecute=0 rethrow=0 return_oop=0}
                      ; - java.lang.ThreadLocal$ThreadLocalMap::getEntry@8 (line 499)
                      ; - java.lang.ThreadLocal::get@12 (line 187)
                      ; - java.lang.ThreadLocal::get@4 (line 172)
                      ; - org.gradle.internal.logging.progress.DefaultProgressLoggerFactory$ProgressLoggerImpl::started@39 (line 199)
                      ; - org.gradle.internal.logging.progress.DefaultProgressLoggerFactory$ProgressLoggerImpl::started@6 (line 190)
                      ; - org.gradle.internal.logging.progress.DefaultProgressLoggerFactory$ProgressLoggerImpl::start@8 (line 179)
                      ; - org.gradle.internal.operations.BuildOperationProgressEventListenerAdapter::start@44 (line 50)
                      ; - org.gradle.internal.operations.DefaultBuildOperationRunner$BuildOperationTrackingListener::start@47 (line 233)
                      ; - org.gradle.internal.operations.DefaultBuildOperationRunner$2::execute@4 (line 63)
                      ; - org.gradle.internal.operations.DefaultBuildOperationRunner$2::execute@8 (line 59)
                      ; - org.gradle.internal.operations.DefaultBuildOperationRunner::execute@141 (line 166)
  0x000002a7f0426028: d4e5 3cff 

  0x000002a7f042602c: ;   {other}
  0x000002a7f042602c: 0f1f 8400 | 9c88 00dc | baf6 ffff | ff48 8b6c | 2430 4c89 | 5c24 204c | 8b54 2440 | 4c89 5424 
  0x000002a7f042604c: ;   {runtime_call UncommonTrapBlob}
  0x000002a7f042604c: 3866 90e8 

  0x000002a7f0426050: ; ImmutableOopMap {rbp=Oop [32]=Oop [56]=Oop [72]=Oop [112]=Oop [120]=Oop }
                      ;*getfield current {reexecute=1 rethrow=0 return_oop=0}
                      ; - (reexecute) org.gradle.internal.logging.progress.DefaultProgressLoggerFactory::access$200@1 (line 34)
                      ; - org.gradle.internal.logging.progress.DefaultProgressLoggerFactory$ProgressLoggerImpl::started@123 (line 214)
                      ; - org.gradle.internal.logging.progress.DefaultProgressLoggerFactory$ProgressLoggerImpl::started@6 (line 190)
                      ; - org.gradle.internal.logging.progress.DefaultProgressLoggerFactory$ProgressLoggerImpl::start@8 (line 179)
                      ; - org.gradle.internal.operations.BuildOperationProgressEventListenerAdapter::start@44 (line 50)
                      ; - org.gradle.internal.operations.DefaultBuildOperationRunner$BuildOperationTrackingListener::start@47 (line 233)
                      ; - org.gradle.internal.operations.DefaultBuildOperationRunner$2::execute@4 (line 63)
                      ; - org.gradle.internal.operations.DefaultBuildOperationRunner$2::execute@8 (line 59)
                      ; - org.gradle.internal.operations.DefaultBuildOperationRunner::execute@141 (line 166)
  0x000002a7f0426050: ace5 3cff 

  0x000002a7f0426054: ;   {other}
  0x000002a7f0426054: 0f1f 8400 | c488 00dd | baf6 ffff | ff48 8b6c | 2430 4c89 | 5c24 204c | 8b5c 2440 | 4c89 5c24 
  0x000002a7f0426074: 384c 8b5c | 2448 4c89 | 5c24 404c | 8954 2448 

  0x000002a7f0426084: ;   {runtime_call UncommonTrapBlob}
  0x000002a7f0426084: 6666 90e8 

  0x000002a7f0426088: ; ImmutableOopMap {rbp=Oop [32]=Oop [56]=Oop [64]=Oop [72]=Oop [112]=Oop [120]=Oop }
                      ;*invokevirtual set {reexecute=0 rethrow=0 return_oop=0}
                      ; - org.gradle.internal.logging.progress.DefaultProgressLoggerFactory$ProgressLoggerImpl::started@127 (line 214)
                      ; - org.gradle.internal.logging.progress.DefaultProgressLoggerFactory$ProgressLoggerImpl::started@6 (line 190)
                      ; - org.gradle.internal.logging.progress.DefaultProgressLoggerFactory$ProgressLoggerImpl::start@8 (line 179)
                      ; - org.gradle.internal.operations.BuildOperationProgressEventListenerAdapter::start@44 (line 50)
                      ; - org.gradle.internal.operations.DefaultBuildOperationRunner$BuildOperationTrackingListener::start@47 (line 233)
                      ; - org.gradle.internal.operations.DefaultBuildOperationRunner$2::execute@4 (line 63)
                      ; - org.gradle.internal.operations.DefaultBuildOperationRunner$2::execute@8 (line 59)
                      ; - org.gradle.internal.operations.DefaultBuildOperationRunner::execute@141 (line 166)
  0x000002a7f0426088: 74e5 3cff 

  0x000002a7f042608c: ;   {other}
  0x000002a7f042608c: 0f1f 8400 | fc88 00de | baf6 ffff | ff48 8b6c | 2430 4c8b | 5424 404c | 8954 2438 

  0x000002a7f04260a8: ;   {runtime_call UncommonTrapBlob}
  0x000002a7f04260a8: 6666 90e8 

  0x000002a7f04260ac: ; ImmutableOopMap {rbp=Oop [56]=Oop [72]=Oop [104]=Oop [112]=Oop [120]=Oop }
                      ;*invokeinterface getCurrentTime {reexecute=0 rethrow=0 return_oop=0}
                      ; - org.gradle.internal.logging.progress.DefaultProgressLoggerFactory$ProgressLoggerImpl::started@147 (line 218)
                      ; - org.gradle.internal.logging.progress.DefaultProgressLoggerFactory$ProgressLoggerImpl::started@6 (line 190)
                      ; - org.gradle.internal.logging.progress.DefaultProgressLoggerFactory$ProgressLoggerImpl::start@8 (line 179)
                      ; - org.gradle.internal.operations.BuildOperationProgressEventListenerAdapter::start@44 (line 50)
                      ; - org.gradle.internal.operations.DefaultBuildOperationRunner$BuildOperationTrackingListener::start@47 (line 233)
                      ; - org.gradle.internal.operations.DefaultBuildOperationRunner$2::execute@4 (line 63)
                      ; - org.gradle.internal.operations.DefaultBuildOperationRunner$2::execute@8 (line 59)
                      ; - org.gradle.internal.operations.DefaultBuildOperationRunner::execute@141 (line 166)
  0x000002a7f04260ac: 50e5 3cff 

  0x000002a7f04260b0: ;   {other}
  0x000002a7f04260b0: 0f1f 8400 | 2089 00df | baf6 ffff | ff48 8b6c | 2430 4c8b | 5424 404c | 8954 2438 

  0x000002a7f04260cc: ;   {runtime_call UncommonTrapBlob}
  0x000002a7f04260cc: 6666 90e8 

  0x000002a7f04260d0: ; ImmutableOopMap {rbp=Oop [56]=Oop [72]=Oop [104]=Oop [112]=Oop [120]=Oop }
                      ;*invokeinterface nanoTime {reexecute=0 rethrow=0 return_oop=0}
                      ; - org.gradle.internal.time.MonotonicClock::getCurrentTime@4 (line 77)
                      ; - org.gradle.internal.logging.progress.DefaultProgressLoggerFactory$ProgressLoggerImpl::started@147 (line 218)
                      ; - org.gradle.internal.logging.progress.DefaultProgressLoggerFactory$ProgressLoggerImpl::started@6 (line 190)
                      ; - org.gradle.internal.logging.progress.DefaultProgressLoggerFactory$ProgressLoggerImpl::start@8 (line 179)
                      ; - org.gradle.internal.operations.BuildOperationProgressEventListenerAdapter::start@44 (line 50)
                      ; - org.gradle.internal.operations.DefaultBuildOperationRunner$BuildOperationTrackingListener::start@47 (line 233)
                      ; - org.gradle.internal.operations.DefaultBuildOperationRunner$2::execute@4 (line 63)
                      ; - org.gradle.internal.operations.DefaultBuildOperationRunner$2::execute@8 (line 59)
                      ; - org.gradle.internal.operations.DefaultBuildOperationRunner::execute@141 (line 166)
  0x000002a7f04260d0: 2ce5 3cff 

  0x000002a7f04260d4: ;   {other}
  0x000002a7f04260d4: 0f1f 8400 | 4489 00e0 | baf6 ffff | ff48 8b6c | 2430 4c8b | 5424 404c | 8954 2438 

  0x000002a7f04260f0: ;   {runtime_call UncommonTrapBlob}
  0x000002a7f04260f0: 6666 90e8 

  0x000002a7f04260f4: ; ImmutableOopMap {rbp=Oop [56]=Oop [72]=Oop [104]=Oop [112]=Oop [120]=Oop }
                      ;*invokevirtual get {reexecute=0 rethrow=0 return_oop=0}
                      ; - org.gradle.internal.time.MonotonicClock::getCurrentTime@14 (line 78)
                      ; - org.gradle.internal.logging.progress.DefaultProgressLoggerFactory$ProgressLoggerImpl::started@147 (line 218)
                      ; - org.gradle.internal.logging.progress.DefaultProgressLoggerFactory$ProgressLoggerImpl::started@6 (line 190)
                      ; - org.gradle.internal.logging.progress.DefaultProgressLoggerFactory$ProgressLoggerImpl::start@8 (line 179)
                      ; - org.gradle.internal.operations.BuildOperationProgressEventListenerAdapter::start@44 (line 50)
                      ; - org.gradle.internal.operations.DefaultBuildOperationRunner$BuildOperationTrackingListener::start@47 (line 233)
                      ; - org.gradle.internal.operations.DefaultBuildOperationRunner$2::execute@4 (line 63)
                      ; - org.gradle.internal.operations.DefaultBuildOperationRunner$2::execute@8 (line 59)
                      ; - org.gradle.internal.operations.DefaultBuildOperationRunner::execute@141 (line 166)
  0x000002a7f04260f4: 08e5 3cff 

  0x000002a7f04260f8: ;   {other}
  0x000002a7f04260f8: 0f1f 8400 | 6889 00e1 | baf6 ffff | ff48 8b6c | 2430 4c8b | 5424 404c | 8954 2438 

  0x000002a7f0426114: ;   {runtime_call UncommonTrapBlob}
  0x000002a7f0426114: 6666 90e8 

  0x000002a7f0426118: ; ImmutableOopMap {rbp=Oop [56]=Oop [72]=Oop [104]=Oop [112]=Oop [120]=Oop }
                      ;*invokevirtual get {reexecute=0 rethrow=0 return_oop=0}
                      ; - org.gradle.internal.time.MonotonicClock::getCurrentTime@22 (line 79)
                      ; - org.gradle.internal.logging.progress.DefaultProgressLoggerFactory$ProgressLoggerImpl::started@147 (line 218)
                      ; - org.gradle.internal.logging.progress.DefaultProgressLoggerFactory$ProgressLoggerImpl::started@6 (line 190)
                      ; - org.gradle.internal.logging.progress.DefaultProgressLoggerFactory$ProgressLoggerImpl::start@8 (line 179)
                      ; - org.gradle.internal.operations.BuildOperationProgressEventListenerAdapter::start@44 (line 50)
                      ; - org.gradle.internal.operations.DefaultBuildOperationRunner$BuildOperationTrackingListener::start@47 (line 233)
                      ; - org.gradle.internal.operations.DefaultBuildOperationRunner$2::execute@4 (line 63)
                      ; - org.gradle.internal.operations.DefaultBuildOperationRunner$2::execute@8 (line 59)
                      ; - org.gradle.internal.operations.DefaultBuildOperationRunner::execute@141 (line 166)
  0x000002a7f0426118: e4e4 3cff 

  0x000002a7f042611c: ;   {other}
  0x000002a7f042611c: 0f1f 8400 | 8c89 00e2 | baf6 ffff | ff48 8b6c | 2430 4c8b | 5c24 404c | 895c 2438 | 4c8b 5c24 
  0x000002a7f042613c: 484c 895c | 2440 4c89 

  0x000002a7f0426144: ;   {runtime_call UncommonTrapBlob}
  0x000002a7f0426144: 5424 48e8 

  0x000002a7f0426148: ; ImmutableOopMap {rbp=Oop [56]=Oop [64]=Oop [72]=Oop [104]=Oop [112]=Oop [120]=Oop }
                      ;*invokeinterface started {reexecute=0 rethrow=0 return_oop=0}
                      ; - org.gradle.internal.logging.progress.DefaultProgressLoggerFactory$ProgressLoggerImpl::started@185 (line 215)
                      ; - org.gradle.internal.logging.progress.DefaultProgressLoggerFactory$ProgressLoggerImpl::started@6 (line 190)
                      ; - org.gradle.internal.logging.progress.DefaultProgressLoggerFactory$ProgressLoggerImpl::start@8 (line 179)
                      ; - org.gradle.internal.operations.BuildOperationProgressEventListenerAdapter::start@44 (line 50)
                      ; - org.gradle.internal.operations.DefaultBuildOperationRunner$BuildOperationTrackingListener::start@47 (line 233)
                      ; - org.gradle.internal.operations.DefaultBuildOperationRunner$2::execute@4 (line 63)
                      ; - org.gradle.internal.operations.DefaultBuildOperationRunner$2::execute@8 (line 59)
                      ; - org.gradle.internal.operations.DefaultBuildOperationRunner::execute@141 (line 166)
  0x000002a7f0426148: b4e4 3cff 

  0x000002a7f042614c: ;   {other}
  0x000002a7f042614c: 0f1f 8400 | bc89 00e3 | baf6 ffff | ff48 8b6c | 2430 4c8b | 5c24 404c | 895c 2438 | 4c8b 5c24 
  0x000002a7f042616c: 484c 895c | 2440 4c89 

  0x000002a7f0426174: ;   {runtime_call UncommonTrapBlob}
  0x000002a7f0426174: 5424 48e8 

  0x000002a7f0426178: ; ImmutableOopMap {rbp=Oop [56]=Oop [64]=Oop [72]=Oop [104]=Oop [112]=Oop [120]=Oop }
                      ;*invokeinterface onOutput {reexecute=0 rethrow=0 return_oop=0}
                      ; - org.gradle.internal.logging.services.ProgressLoggingBridge::started@5 (line 39)
                      ; - org.gradle.internal.logging.progress.DefaultProgressLoggerFactory$ProgressLoggerImpl::started@185 (line 215)
                      ; - org.gradle.internal.logging.progress.DefaultProgressLoggerFactory$ProgressLoggerImpl::started@6 (line 190)
                      ; - org.gradle.internal.logging.progress.DefaultProgressLoggerFactory$ProgressLoggerImpl::start@8 (line 179)
                      ; - org.gradle.internal.operations.BuildOperationProgressEventListenerAdapter::start@44 (line 50)
                      ; - org.gradle.internal.operations.DefaultBuildOperationRunner$BuildOperationTrackingListener::start@47 (line 233)
                      ; - org.gradle.internal.operations.DefaultBuildOperationRunner$2::execute@4 (line 63)
                      ; - org.gradle.internal.operations.DefaultBuildOperationRunner$2::execute@8 (line 59)
                      ; - org.gradle.internal.operations.DefaultBuildOperationRunner::execute@141 (line 166)
  0x000002a7f0426178: 84e4 3cff 

  0x000002a7f042617c: ;   {other}
  0x000002a7f042617c: 0f1f 8400 | ec89 00e4 | baf6 ffff | ff48 8b6c | 2430 4c8b | 5424 404c | 8954 2438 

  0x000002a7f0426198: ;   {runtime_call UncommonTrapBlob}
  0x000002a7f0426198: 6666 90e8 

  0x000002a7f042619c: ; ImmutableOopMap {rbp=Oop [56]=Oop [72]=Oop [104]=Oop [112]=Oop [120]=Oop }
                      ;*getfield renderer {reexecute=1 rethrow=0 return_oop=0}
                      ; - (reexecute) org.gradle.internal.logging.sink.OutputEventListenerManager::access$000@1 (line 29)
                      ; - org.gradle.internal.logging.sink.OutputEventListenerManager$1::onOutput@4 (line 36)
                      ; - org.gradle.internal.logging.services.ProgressLoggingBridge::started@5 (line 39)
                      ; - org.gradle.internal.logging.progress.DefaultProgressLoggerFactory$ProgressLoggerImpl::started@185 (line 215)
                      ; - org.gradle.internal.logging.progress.DefaultProgressLoggerFactory$ProgressLoggerImpl::started@6 (line 190)
                      ; - org.gradle.internal.logging.progress.DefaultProgressLoggerFactory$ProgressLoggerImpl::start@8 (line 179)
                      ; - org.gradle.internal.operations.BuildOperationProgressEventListenerAdapter::start@44 (line 50)
                      ; - org.gradle.internal.operations.DefaultBuildOperationRunner$BuildOperationTrackingListener::start@47 (line 233)
                      ; - org.gradle.internal.operations.DefaultBuildOperationRunner$2::execute@4 (line 63)
                      ; - org.gradle.internal.operations.DefaultBuildOperationRunner$2::execute@8 (line 59)
                      ; - org.gradle.internal.operations.DefaultBuildOperationRunner::execute@141 (line 166)
  0x000002a7f042619c: 60e4 3cff 

  0x000002a7f04261a0: ;   {other}
  0x000002a7f04261a0: 0f1f 8400 | 108a 00e5 | baf6 ffff | ff48 8b6c | 2430 4c8b | 5c24 404c | 895c 2438 | 4c8b 5c24 
  0x000002a7f04261c0: 484c 895c | 2440 4c89 

  0x000002a7f04261c8: ;   {runtime_call UncommonTrapBlob}
  0x000002a7f04261c8: 5424 48e8 

  0x000002a7f04261cc: ; ImmutableOopMap {rbp=Oop [56]=Oop [64]=Oop [72]=Oop [104]=Oop [112]=Oop [120]=Oop }
                      ;*invokeinterface onOutput {reexecute=0 rethrow=0 return_oop=0}
                      ; - org.gradle.internal.logging.sink.OutputEventListenerManager$1::onOutput@8 (line 36)
                      ; - org.gradle.internal.logging.services.ProgressLoggingBridge::started@5 (line 39)
                      ; - org.gradle.internal.logging.progress.DefaultProgressLoggerFactory$ProgressLoggerImpl::started@185 (line 215)
                      ; - org.gradle.internal.logging.progress.DefaultProgressLoggerFactory$ProgressLoggerImpl::started@6 (line 190)
                      ; - org.gradle.internal.logging.progress.DefaultProgressLoggerFactory$ProgressLoggerImpl::start@8 (line 179)
                      ; - org.gradle.internal.operations.BuildOperationProgressEventListenerAdapter::start@44 (line 50)
                      ; - org.gradle.internal.operations.DefaultBuildOperationRunner$BuildOperationTrackingListener::start@47 (line 233)
                      ; - org.gradle.internal.operations.DefaultBuildOperationRunner$2::execute@4 (line 63)
                      ; - org.gradle.internal.operations.DefaultBuildOperationRunner$2::execute@8 (line 59)
                      ; - org.gradle.internal.operations.DefaultBuildOperationRunner::execute@141 (line 166)
  0x000002a7f04261cc: 30e4 3cff 

  0x000002a7f04261d0: ;   {other}
  0x000002a7f04261d0: 0f1f 8400 | 408a 00e6 | baf6 ffff | ff48 8b6c | 2430 4c8b | 5424 404c | 8954 2438 

  0x000002a7f04261ec: ;   {runtime_call UncommonTrapBlob}
  0x000002a7f04261ec: 6666 90e8 

  0x000002a7f04261f0: ; ImmutableOopMap {rbp=Oop [56]=Oop [72]=Oop [104]=Oop [112]=Oop [120]=Oop }
                      ;*invokevirtual get {reexecute=0 rethrow=0 return_oop=0}
                      ; - org.gradle.internal.logging.sink.OutputEventRenderer::onOutput@15 (line 424)
                      ; - org.gradle.internal.logging.sink.OutputEventListenerManager$1::onOutput@8 (line 36)
                      ; - org.gradle.internal.logging.services.ProgressLoggingBridge::started@5 (line 39)
                      ; - org.gradle.internal.logging.progress.DefaultProgressLoggerFactory$ProgressLoggerImpl::started@185 (line 215)
                      ; - org.gradle.internal.logging.progress.DefaultProgressLoggerFactory$ProgressLoggerImpl::started@6 (line 190)
                      ; - org.gradle.internal.logging.progress.DefaultProgressLoggerFactory$ProgressLoggerImpl::start@8 (line 179)
                      ; - org.gradle.internal.operations.BuildOperationProgressEventListenerAdapter::start@44 (line 50)
                      ; - org.gradle.internal.operations.DefaultBuildOperationRunner$BuildOperationTrackingListener::start@47 (line 233)
                      ; - org.gradle.internal.operations.DefaultBuildOperationRunner$2::execute@4 (line 63)
                      ; - org.gradle.internal.operations.DefaultBuildOperationRunner$2::execute@8 (line 59)
                      ; - org.gradle.internal.operations.DefaultBuildOperationRunner::execute@141 (line 166)
  0x000002a7f04261f0: 0ce4 3cff 

  0x000002a7f04261f4: ;   {other}
  0x000002a7f04261f4: 0f1f 8400 | 648a 00e7 | baf4 ffff | ff4c 8b5c | 2430 4c89 | 5c24 204c | 8b5c 2468 | 4c89 5c24 
  0x000002a7f0426214: 284c 8b5c | 2470 4c89 | 5c24 304c | 8b5c 2478 | 4c89 5c24 | 384c 8944 | 2468 4c89 | 5424 7089 
  0x000002a7f0426234: ;   {runtime_call UncommonTrapBlob}
  0x000002a7f0426234: 4c24 78e8 

  0x000002a7f0426238: ; ImmutableOopMap {rbp=Oop [32]=Oop [40]=Oop [48]=Oop [56]=Oop [64]=Oop [72]=Oop [80]=Oop [88]=Oop [104]=Oop [112]=Oop [120]=NarrowOop }
                      ;*checkcast {reexecute=0 rethrow=0 return_oop=0}
                      ; - org.gradle.internal.logging.sink.OutputEventRenderer::onOutput@18 (line 424)
                      ; - org.gradle.internal.logging.sink.OutputEventListenerManager$1::onOutput@8 (line 36)
                      ; - org.gradle.internal.logging.services.ProgressLoggingBridge::started@5 (line 39)
                      ; - org.gradle.internal.logging.progress.DefaultProgressLoggerFactory$ProgressLoggerImpl::started@185 (line 215)
                      ; - org.gradle.internal.logging.progress.DefaultProgressLoggerFactory$ProgressLoggerImpl::started@6 (line 190)
                      ; - org.gradle.internal.logging.progress.DefaultProgressLoggerFactory$ProgressLoggerImpl::start@8 (line 179)
                      ; - org.gradle.internal.operations.BuildOperationProgressEventListenerAdapter::start@44 (line 50)
                      ; - org.gradle.internal.operations.DefaultBuildOperationRunner$BuildOperationTrackingListener::start@47 (line 233)
                      ; - org.gradle.internal.operations.DefaultBuildOperationRunner$2::execute@4 (line 63)
                      ; - org.gradle.internal.operations.DefaultBuildOperationRunner$2::execute@8 (line 59)
                      ; - org.gradle.internal.operations.DefaultBuildOperationRunner::execute@141 (line 166)
  0x000002a7f0426238: c4e3 3cff 

  0x000002a7f042623c: ;   {other}
  0x000002a7f042623c: 0f1f 8400 | ac8a 00e8 | baf6 ffff | ff48 8b6c | 2430 4c8b | 5424 404c | 8954 2438 

  0x000002a7f0426258: ;   {runtime_call UncommonTrapBlob}
  0x000002a7f0426258: 6666 90e8 

  0x000002a7f042625c: ; ImmutableOopMap {rbp=Oop [56]=Oop [72]=Oop [104]=Oop [112]=Oop [120]=Oop }
                      ;*getfield other {reexecute=1 rethrow=0 return_oop=0}
                      ; - (reexecute) org.gradle.internal.logging.sink.OutputEventListenerManager::access$100@1 (line 29)
                      ; - org.gradle.internal.logging.sink.OutputEventListenerManager$1::onOutput@17 (line 38)
                      ; - org.gradle.internal.logging.services.ProgressLoggingBridge::started@5 (line 39)
                      ; - org.gradle.internal.logging.progress.DefaultProgressLoggerFactory$ProgressLoggerImpl::started@185 (line 215)
                      ; - org.gradle.internal.logging.progress.DefaultProgressLoggerFactory$ProgressLoggerImpl::started@6 (line 190)
                      ; - org.gradle.internal.logging.progress.DefaultProgressLoggerFactory$ProgressLoggerImpl::start@8 (line 179)
                      ; - org.gradle.internal.operations.BuildOperationProgressEventListenerAdapter::start@44 (line 50)
                      ; - org.gradle.internal.operations.DefaultBuildOperationRunner$BuildOperationTrackingListener::start@47 (line 233)
                      ; - org.gradle.internal.operations.DefaultBuildOperationRunner$2::execute@4 (line 63)
                      ; - org.gradle.internal.operations.DefaultBuildOperationRunner$2::execute@8 (line 59)
                      ; - org.gradle.internal.operations.DefaultBuildOperationRunner::execute@141 (line 166)
  0x000002a7f042625c: a0e3 3cff 

  0x000002a7f0426260: ;   {other}
  0x000002a7f0426260: 0f1f 8400 | d08a 00e9 | baf6 ffff | ff48 8b6c | 2430 48ff | 7424 4848 | 8f44 2430 | 4c89 5424 
  0x000002a7f0426280: 384c 8944 

  0x000002a7f0426284: ;   {runtime_call UncommonTrapBlob}
  0x000002a7f0426284: 2458 90e8 

  0x000002a7f0426288: ; ImmutableOopMap {rbp=Oop [48]=Oop [56]=Oop [88]=Oop [104]=Oop [112]=Oop [120]=Oop }
                      ;*invokeinterface stop {reexecute=0 rethrow=0 return_oop=0}
                      ; - org.gradle.internal.operations.DefaultBuildOperationRunner$BuildOperationTrackingListener::stop@9 (line 248)
                      ; - org.gradle.internal.operations.DefaultBuildOperationRunner$2::execute@62 (line 73)
                      ; - org.gradle.internal.operations.DefaultBuildOperationRunner$2::execute@8 (line 59)
                      ; - org.gradle.internal.operations.DefaultBuildOperationRunner::execute@141 (line 166)
  0x000002a7f0426288: 74e3 3cff 

  0x000002a7f042628c: ;   {other}
  0x000002a7f042628c: 0f1f 8400 | fc8a 00ea | baf6 ffff | ff48 8b6c | 2430 4c89 | 5424 3889 

  0x000002a7f04262a4: ;   {runtime_call UncommonTrapBlob}
  0x000002a7f04262a4: 5c24 40e8 

  0x000002a7f04262a8: ; ImmutableOopMap {rbp=Oop [56]=Oop [64]=NarrowOop [72]=Oop [104]=Oop [112]=Oop }
                      ;*invokeinterface completed {reexecute=0 rethrow=0 return_oop=0}
                      ; - org.gradle.internal.operations.BuildOperationProgressEventListenerAdapter::stop@42 (line 78)
                      ; - org.gradle.internal.operations.DefaultBuildOperationRunner$BuildOperationTrackingListener::stop@9 (line 248)
                      ; - org.gradle.internal.operations.DefaultBuildOperationRunner$2::execute@62 (line 73)
                      ; - org.gradle.internal.operations.DefaultBuildOperationRunner$2::execute@8 (line 59)
                      ; - org.gradle.internal.operations.DefaultBuildOperationRunner::execute@141 (line 166)
  0x000002a7f04262a8: 54e3 3cff 

  0x000002a7f04262ac: ;   {other}
  0x000002a7f04262ac: 0f1f 8400 | 1c8b 00eb | baf6 ffff | ff48 8b6c | 2430 4889 | 4424 304c | 8954 2438 

  0x000002a7f04262c8: ;   {runtime_call UncommonTrapBlob}
  0x000002a7f04262c8: 6666 90e8 

  0x000002a7f04262cc: ; ImmutableOopMap {rbp=Oop [48]=Oop [56]=Oop [104]=Oop [112]=Oop }
                      ;*getfield current {reexecute=1 rethrow=0 return_oop=0}
                      ; - (reexecute) org.gradle.internal.logging.progress.DefaultProgressLoggerFactory::access$200@1 (line 34)
                      ; - org.gradle.internal.logging.progress.DefaultProgressLoggerFactory$ProgressLoggerImpl::completed@15 (line 250)
                      ; - org.gradle.internal.operations.BuildOperationProgressEventListenerAdapter::stop@42 (line 78)
                      ; - org.gradle.internal.operations.DefaultBuildOperationRunner$BuildOperationTrackingListener::stop@9 (line 248)
                      ; - org.gradle.internal.operations.DefaultBuildOperationRunner$2::execute@62 (line 73)
                      ; - org.gradle.internal.operations.DefaultBuildOperationRunner$2::execute@8 (line 59)
                      ; - org.gradle.internal.operations.DefaultBuildOperationRunner::execute@141 (line 166)
  0x000002a7f04262cc: 30e3 3cff 

  0x000002a7f04262d0: ;   {other}
  0x000002a7f04262d0: 0f1f 8400 | 408b 00ec | baf6 ffff | ff48 8b6c | 2430 4889 | 4424 304c | 8954 2438 | 4489 5c24 
  0x000002a7f04262f0: ;   {runtime_call UncommonTrapBlob}
  0x000002a7f04262f0: 4066 90e8 

  0x000002a7f04262f4: ; ImmutableOopMap {rbp=Oop [48]=Oop [56]=Oop [64]=NarrowOop [104]=Oop [112]=Oop }
                      ;*invokevirtual set {reexecute=0 rethrow=0 return_oop=0}
                      ; - org.gradle.internal.logging.progress.DefaultProgressLoggerFactory$ProgressLoggerImpl::completed@22 (line 250)
                      ; - org.gradle.internal.operations.BuildOperationProgressEventListenerAdapter::stop@42 (line 78)
                      ; - org.gradle.internal.operations.DefaultBuildOperationRunner$BuildOperationTrackingListener::stop@9 (line 248)
                      ; - org.gradle.internal.operations.DefaultBuildOperationRunner$2::execute@62 (line 73)
                      ; - org.gradle.internal.operations.DefaultBuildOperationRunner$2::execute@8 (line 59)
                      ; - org.gradle.internal.operations.DefaultBuildOperationRunner::execute@141 (line 166)
  0x000002a7f04262f4: 08e3 3cff 

  0x000002a7f04262f8: ;   {other}
  0x000002a7f04262f8: 0f1f 8400 | 688b 00ed | baf6 ffff | ff48 8b6c 

  0x000002a7f0426308: ;   {runtime_call UncommonTrapBlob}
  0x000002a7f0426308: 2430 90e8 

  0x000002a7f042630c: ; ImmutableOopMap {rbp=Oop [64]=Oop [72]=Oop [104]=Oop [112]=Oop }
                      ;*invokeinterface getCurrentTime {reexecute=0 rethrow=0 return_oop=0}
                      ; - org.gradle.internal.logging.progress.DefaultProgressLoggerFactory$ProgressLoggerImpl::completed@41 (line 251)
                      ; - org.gradle.internal.operations.BuildOperationProgressEventListenerAdapter::stop@42 (line 78)
                      ; - org.gradle.internal.operations.DefaultBuildOperationRunner$BuildOperationTrackingListener::stop@9 (line 248)
                      ; - org.gradle.internal.operations.DefaultBuildOperationRunner$2::execute@62 (line 73)
                      ; - org.gradle.internal.operations.DefaultBuildOperationRunner$2::execute@8 (line 59)
                      ; - org.gradle.internal.operations.DefaultBuildOperationRunner::execute@141 (line 166)
  0x000002a7f042630c: f0e2 3cff 

  0x000002a7f0426310: ;   {other}
  0x000002a7f0426310: 0f1f 8400 | 808b 00ee | baf6 ffff | ff48 8b6c 

  0x000002a7f0426320: ;   {runtime_call UncommonTrapBlob}
  0x000002a7f0426320: 2430 90e8 

  0x000002a7f0426324: ; ImmutableOopMap {rbp=Oop [64]=Oop [72]=Oop [104]=Oop [112]=Oop }
                      ;*invokeinterface nanoTime {reexecute=0 rethrow=0 return_oop=0}
                      ; - org.gradle.internal.time.MonotonicClock::getCurrentTime@4 (line 77)
                      ; - org.gradle.internal.logging.progress.DefaultProgressLoggerFactory$ProgressLoggerImpl::completed@41 (line 251)
                      ; - org.gradle.internal.operations.BuildOperationProgressEventListenerAdapter::stop@42 (line 78)
                      ; - org.gradle.internal.operations.DefaultBuildOperationRunner$BuildOperationTrackingListener::stop@9 (line 248)
                      ; - org.gradle.internal.operations.DefaultBuildOperationRunner$2::execute@62 (line 73)
                      ; - org.gradle.internal.operations.DefaultBuildOperationRunner$2::execute@8 (line 59)
                      ; - org.gradle.internal.operations.DefaultBuildOperationRunner::execute@141 (line 166)
  0x000002a7f0426324: d8e2 3cff 

  0x000002a7f0426328: ;   {other}
  0x000002a7f0426328: 0f1f 8400 | 988b 00ef | baf6 ffff | ff48 8b6c 

  0x000002a7f0426338: ;   {runtime_call UncommonTrapBlob}
  0x000002a7f0426338: 2430 90e8 

  0x000002a7f042633c: ; ImmutableOopMap {rbp=Oop [64]=Oop [72]=Oop [104]=Oop [112]=Oop }
                      ;*invokevirtual get {reexecute=0 rethrow=0 return_oop=0}
                      ; - org.gradle.internal.time.MonotonicClock::getCurrentTime@14 (line 78)
                      ; - org.gradle.internal.logging.progress.DefaultProgressLoggerFactory$ProgressLoggerImpl::completed@41 (line 251)
                      ; - org.gradle.internal.operations.BuildOperationProgressEventListenerAdapter::stop@42 (line 78)
                      ; - org.gradle.internal.operations.DefaultBuildOperationRunner$BuildOperationTrackingListener::stop@9 (line 248)
                      ; - org.gradle.internal.operations.DefaultBuildOperationRunner$2::execute@62 (line 73)
                      ; - org.gradle.internal.operations.DefaultBuildOperationRunner$2::execute@8 (line 59)
                      ; - org.gradle.internal.operations.DefaultBuildOperationRunner::execute@141 (line 166)
  0x000002a7f042633c: c0e2 3cff 

  0x000002a7f0426340: ;   {other}
  0x000002a7f0426340: 0f1f 8400 | b08b 00f0 | baf6 ffff | ff48 8b6c 

  0x000002a7f0426350: ;   {runtime_call UncommonTrapBlob}
  0x000002a7f0426350: 2430 90e8 

  0x000002a7f0426354: ; ImmutableOopMap {rbp=Oop [64]=Oop [72]=Oop [104]=Oop [112]=Oop }
                      ;*invokevirtual get {reexecute=0 rethrow=0 return_oop=0}
                      ; - org.gradle.internal.time.MonotonicClock::getCurrentTime@22 (line 79)
                      ; - org.gradle.internal.logging.progress.DefaultProgressLoggerFactory$ProgressLoggerImpl::completed@41 (line 251)
                      ; - org.gradle.internal.operations.BuildOperationProgressEventListenerAdapter::stop@42 (line 78)
                      ; - org.gradle.internal.operations.DefaultBuildOperationRunner$BuildOperationTrackingListener::stop@9 (line 248)
                      ; - org.gradle.internal.operations.DefaultBuildOperationRunner$2::execute@62 (line 73)
                      ; - org.gradle.internal.operations.DefaultBuildOperationRunner$2::execute@8 (line 59)
                      ; - org.gradle.internal.operations.DefaultBuildOperationRunner::execute@141 (line 166)
  0x000002a7f0426354: a8e2 3cff 

  0x000002a7f0426358: ;   {other}
  0x000002a7f0426358: 0f1f 8400 | c88b 00f1 | baf6 ffff | ff48 8b6c | 2430 4c8b | 5c24 404c | 895c 2438 | 4c89 5424 
  0x000002a7f0426378: ;   {runtime_call UncommonTrapBlob}
  0x000002a7f0426378: 4066 90e8 

  0x000002a7f042637c: ; ImmutableOopMap {rbp=Oop [56]=Oop [64]=Oop [72]=Oop [104]=Oop [112]=Oop }
                      ;*invokeinterface completed {reexecute=0 rethrow=0 return_oop=0}
                      ; - org.gradle.internal.logging.progress.DefaultProgressLoggerFactory$ProgressLoggerImpl::completed@55 (line 251)
                      ; - org.gradle.internal.operations.BuildOperationProgressEventListenerAdapter::stop@42 (line 78)
                      ; - org.gradle.internal.operations.DefaultBuildOperationRunner$BuildOperationTrackingListener::stop@9 (line 248)
                      ; - org.gradle.internal.operations.DefaultBuildOperationRunner$2::execute@62 (line 73)
                      ; - org.gradle.internal.operations.DefaultBuildOperationRunner$2::execute@8 (line 59)
                      ; - org.gradle.internal.operations.DefaultBuildOperationRunner::execute@141 (line 166)
  0x000002a7f042637c: 80e2 3cff 

  0x000002a7f0426380: ;   {other}
  0x000002a7f0426380: 0f1f 8400 | f08b 00f2 | baf6 ffff | ff48 8b6c | 2430 4c8b | 5c24 404c | 895c 2438 | 4c89 5424 
  0x000002a7f04263a0: ;   {runtime_call UncommonTrapBlob}
  0x000002a7f04263a0: 4066 90e8 

  0x000002a7f04263a4: ; ImmutableOopMap {rbp=Oop [56]=Oop [64]=Oop [72]=Oop [104]=Oop [112]=Oop }
                      ;*invokeinterface onOutput {reexecute=0 rethrow=0 return_oop=0}
                      ; - org.gradle.internal.logging.services.ProgressLoggingBridge::completed@5 (line 34)
                      ; - org.gradle.internal.logging.progress.DefaultProgressLoggerFactory$ProgressLoggerImpl::completed@55 (line 251)
                      ; - org.gradle.internal.operations.BuildOperationProgressEventListenerAdapter::stop@42 (line 78)
                      ; - org.gradle.internal.operations.DefaultBuildOperationRunner$BuildOperationTrackingListener::stop@9 (line 248)
                      ; - org.gradle.internal.operations.DefaultBuildOperationRunner$2::execute@62 (line 73)
                      ; - org.gradle.internal.operations.DefaultBuildOperationRunner$2::execute@8 (line 59)
                      ; - org.gradle.internal.operations.DefaultBuildOperationRunner::execute@141 (line 166)
  0x000002a7f04263a4: 58e2 3cff 

  0x000002a7f04263a8: ;   {other}
  0x000002a7f04263a8: 0f1f 8400 | 188c 00f3 | baf6 ffff | ff48 8b6c 

  0x000002a7f04263b8: ;   {runtime_call UncommonTrapBlob}
  0x000002a7f04263b8: 2430 90e8 

  0x000002a7f04263bc: ; ImmutableOopMap {rbp=Oop [64]=Oop [72]=Oop [104]=Oop [112]=Oop }
                      ;*getfield renderer {reexecute=1 rethrow=0 return_oop=0}
                      ; - (reexecute) org.gradle.internal.logging.sink.OutputEventListenerManager::access$000@1 (line 29)
                      ; - org.gradle.internal.logging.sink.OutputEventListenerManager$1::onOutput@4 (line 36)
                      ; - org.gradle.internal.logging.services.ProgressLoggingBridge::completed@5 (line 34)
                      ; - org.gradle.internal.logging.progress.DefaultProgressLoggerFactory$ProgressLoggerImpl::completed@55 (line 251)
                      ; - org.gradle.internal.operations.BuildOperationProgressEventListenerAdapter::stop@42 (line 78)
                      ; - org.gradle.internal.operations.DefaultBuildOperationRunner$BuildOperationTrackingListener::stop@9 (line 248)
                      ; - org.gradle.internal.operations.DefaultBuildOperationRunner$2::execute@62 (line 73)
                      ; - org.gradle.internal.operations.DefaultBuildOperationRunner$2::execute@8 (line 59)
                      ; - org.gradle.internal.operations.DefaultBuildOperationRunner::execute@141 (line 166)
  0x000002a7f04263bc: 40e2 3cff 

  0x000002a7f04263c0: ;   {other}
  0x000002a7f04263c0: 0f1f 8400 | 308c 00f4 | baf6 ffff | ff48 8b6c | 2430 4c8b | 5c24 404c | 895c 2438 | 4c89 5424 
  0x000002a7f04263e0: ;   {runtime_call UncommonTrapBlob}
  0x000002a7f04263e0: 4066 90e8 

  0x000002a7f04263e4: ; ImmutableOopMap {rbp=Oop [56]=Oop [64]=Oop [72]=Oop [104]=Oop [112]=Oop }
                      ;*invokeinterface onOutput {reexecute=0 rethrow=0 return_oop=0}
                      ; - org.gradle.internal.logging.sink.OutputEventListenerManager$1::onOutput@8 (line 36)
                      ; - org.gradle.internal.logging.services.ProgressLoggingBridge::completed@5 (line 34)
                      ; - org.gradle.internal.logging.progress.DefaultProgressLoggerFactory$ProgressLoggerImpl::completed@55 (line 251)
                      ; - org.gradle.internal.operations.BuildOperationProgressEventListenerAdapter::stop@42 (line 78)
                      ; - org.gradle.internal.operations.DefaultBuildOperationRunner$BuildOperationTrackingListener::stop@9 (line 248)
                      ; - org.gradle.internal.operations.DefaultBuildOperationRunner$2::execute@62 (line 73)
                      ; - org.gradle.internal.operations.DefaultBuildOperationRunner$2::execute@8 (line 59)
                      ; - org.gradle.internal.operations.DefaultBuildOperationRunner::execute@141 (line 166)
  0x000002a7f04263e4: 18e2 3cff 

  0x000002a7f04263e8: ;   {other}
  0x000002a7f04263e8: 0f1f 8400 | 588c 00f5 | baf6 ffff | ff48 8b6c 

  0x000002a7f04263f8: ;   {runtime_call UncommonTrapBlob}
  0x000002a7f04263f8: 2430 90e8 

  0x000002a7f04263fc: ; ImmutableOopMap {rbp=Oop [64]=Oop [72]=Oop [104]=Oop [112]=Oop }
                      ;*invokevirtual get {reexecute=0 rethrow=0 return_oop=0}
                      ; - org.gradle.internal.logging.sink.OutputEventRenderer::onOutput@15 (line 424)
                      ; - org.gradle.internal.logging.sink.OutputEventListenerManager$1::onOutput@8 (line 36)
                      ; - org.gradle.internal.logging.services.ProgressLoggingBridge::completed@5 (line 34)
                      ; - org.gradle.internal.logging.progress.DefaultProgressLoggerFactory$ProgressLoggerImpl::completed@55 (line 251)
                      ; - org.gradle.internal.operations.BuildOperationProgressEventListenerAdapter::stop@42 (line 78)
                      ; - org.gradle.internal.operations.DefaultBuildOperationRunner$BuildOperationTrackingListener::stop@9 (line 248)
                      ; - org.gradle.internal.operations.DefaultBuildOperationRunner$2::execute@62 (line 73)
                      ; - org.gradle.internal.operations.DefaultBuildOperationRunner$2::execute@8 (line 59)
                      ; - org.gradle.internal.operations.DefaultBuildOperationRunner::execute@141 (line 166)
  0x000002a7f04263fc: 00e2 3cff 

  0x000002a7f0426400: ;   {other}
  0x000002a7f0426400: 0f1f 8400 | 708c 00f6 | baf4 ffff | ff4c 8b5c | 2430 4c89 | 5c24 204c | 8b5c 2448 | 4c89 5c24 
  0x000002a7f0426420: 384c 8b5c | 2468 4c89 | 5c24 484c | 8b5c 2478 | 4c89 5c24 | 504c 8b5c | 2468 4c89 | 5c24 604c 
  0x000002a7f0426440: 8b5c 2470 | 4c89 5c24 | 684c 8b9c | 2480 0000 | 004c 895c | 2470 4c89 | 8c24 8000 | 0000 4c89 
  0x000002a7f0426460: 9424 8800 

  0x000002a7f0426464: ;   {runtime_call UncommonTrapBlob}
  0x000002a7f0426464: 0000 90e8 

  0x000002a7f0426468: ; ImmutableOopMap {rbp=Oop [32]=Oop [56]=Oop [64]=Oop [72]=Oop [80]=Oop [88]=Oop [96]=Oop [104]=Oop [112]=Oop [128]=Oop [136]=Oop }
                      ;*checkcast {reexecute=0 rethrow=0 return_oop=0}
                      ; - org.gradle.internal.logging.sink.OutputEventRenderer::onOutput@18 (line 424)
                      ; - org.gradle.internal.logging.sink.OutputEventListenerManager$1::onOutput@8 (line 36)
                      ; - org.gradle.internal.logging.services.ProgressLoggingBridge::completed@5 (line 34)
                      ; - org.gradle.internal.logging.progress.DefaultProgressLoggerFactory$ProgressLoggerImpl::completed@55 (line 251)
                      ; - org.gradle.internal.operations.BuildOperationProgressEventListenerAdapter::stop@42 (line 78)
                      ; - org.gradle.internal.operations.DefaultBuildOperationRunner$BuildOperationTrackingListener::stop@9 (line 248)
                      ; - org.gradle.internal.operations.DefaultBuildOperationRunner$2::execute@62 (line 73)
                      ; - org.gradle.internal.operations.DefaultBuildOperationRunner$2::execute@8 (line 59)
                      ; - org.gradle.internal.operations.DefaultBuildOperationRunner::execute@141 (line 166)
  0x000002a7f0426468: 94e1 3cff 

  0x000002a7f042646c: ;   {other}
  0x000002a7f042646c: 0f1f 8400 | dc8c 00f7 | baf6 ffff | ff48 8b6c 

  0x000002a7f042647c: ;   {runtime_call UncommonTrapBlob}
  0x000002a7f042647c: 2430 90e8 

  0x000002a7f0426480: ; ImmutableOopMap {rbp=Oop [64]=Oop [72]=Oop [104]=Oop [112]=Oop }
                      ;*getfield other {reexecute=1 rethrow=0 return_oop=0}
                      ; - (reexecute) org.gradle.internal.logging.sink.OutputEventListenerManager::access$100@1 (line 29)
                      ; - org.gradle.internal.logging.sink.OutputEventListenerManager$1::onOutput@17 (line 38)
                      ; - org.gradle.internal.logging.services.ProgressLoggingBridge::completed@5 (line 34)
                      ; - org.gradle.internal.logging.progress.DefaultProgressLoggerFactory$ProgressLoggerImpl::completed@55 (line 251)
                      ; - org.gradle.internal.operations.BuildOperationProgressEventListenerAdapter::stop@42 (line 78)
                      ; - org.gradle.internal.operations.DefaultBuildOperationRunner$BuildOperationTrackingListener::stop@9 (line 248)
                      ; - org.gradle.internal.operations.DefaultBuildOperationRunner$2::execute@62 (line 73)
                      ; - org.gradle.internal.operations.DefaultBuildOperationRunner$2::execute@8 (line 59)
                      ; - org.gradle.internal.operations.DefaultBuildOperationRunner::execute@141 (line 166)
  0x000002a7f0426480: 7ce1 3cff 

  0x000002a7f0426484: ;   {other}
  0x000002a7f0426484: 0f1f 8400 | f48c 00f8 | baf6 ffff | ff48 8b6c 

  0x000002a7f0426494: ;   {runtime_call UncommonTrapBlob}
  0x000002a7f0426494: 2430 90e8 

  0x000002a7f0426498: ; ImmutableOopMap {rbp=Oop [64]=Oop [72]=Oop [104]=Oop [112]=Oop }
                      ;*invokeinterface getCurrentTime {reexecute=0 rethrow=0 return_oop=0}
                      ; - org.gradle.internal.operations.BuildOperationProgressEventListenerAdapter::stop@64 (line 79)
                      ; - org.gradle.internal.operations.DefaultBuildOperationRunner$BuildOperationTrackingListener::stop@9 (line 248)
                      ; - org.gradle.internal.operations.DefaultBuildOperationRunner$2::execute@62 (line 73)
                      ; - org.gradle.internal.operations.DefaultBuildOperationRunner$2::execute@8 (line 59)
                      ; - org.gradle.internal.operations.DefaultBuildOperationRunner::execute@141 (line 166)
  0x000002a7f0426498: 64e1 3cff 

  0x000002a7f042649c: ;   {other}
  0x000002a7f042649c: 0f1f 8400 | 0c8d 00f9 | baf6 ffff | ff48 8b6c 

  0x000002a7f04264ac: ;   {runtime_call UncommonTrapBlob}
  0x000002a7f04264ac: 2430 90e8 

  0x000002a7f04264b0: ; ImmutableOopMap {rbp=Oop [64]=Oop [72]=Oop [104]=Oop [112]=Oop }
                      ;*invokeinterface nanoTime {reexecute=0 rethrow=0 return_oop=0}
                      ; - org.gradle.internal.time.MonotonicClock::getCurrentTime@4 (line 77)
                      ; - org.gradle.internal.operations.BuildOperationProgressEventListenerAdapter::stop@64 (line 79)
                      ; - org.gradle.internal.operations.DefaultBuildOperationRunner$BuildOperationTrackingListener::stop@9 (line 248)
                      ; - org.gradle.internal.operations.DefaultBuildOperationRunner$2::execute@62 (line 73)
                      ; - org.gradle.internal.operations.DefaultBuildOperationRunner$2::execute@8 (line 59)
                      ; - org.gradle.internal.operations.DefaultBuildOperationRunner::execute@141 (line 166)
  0x000002a7f04264b0: 4ce1 3cff 

  0x000002a7f04264b4: ;   {other}
  0x000002a7f04264b4: 0f1f 8400 | 248d 00fa | baf6 ffff | ff48 8b6c 

  0x000002a7f04264c4: ;   {runtime_call UncommonTrapBlob}
  0x000002a7f04264c4: 2430 90e8 

  0x000002a7f04264c8: ; ImmutableOopMap {rbp=Oop [64]=Oop [72]=Oop [104]=Oop [112]=Oop }
                      ;*invokevirtual get {reexecute=0 rethrow=0 return_oop=0}
                      ; - org.gradle.internal.time.MonotonicClock::getCurrentTime@14 (line 78)
                      ; - org.gradle.internal.operations.BuildOperationProgressEventListenerAdapter::stop@64 (line 79)
                      ; - org.gradle.internal.operations.DefaultBuildOperationRunner$BuildOperationTrackingListener::stop@9 (line 248)
                      ; - org.gradle.internal.operations.DefaultBuildOperationRunner$2::execute@62 (line 73)
                      ; - org.gradle.internal.operations.DefaultBuildOperationRunner$2::execute@8 (line 59)
                      ; - org.gradle.internal.operations.DefaultBuildOperationRunner::execute@141 (line 166)
  0x000002a7f04264c8: 34e1 3cff 

  0x000002a7f04264cc: ;   {other}
  0x000002a7f04264cc: 0f1f 8400 | 3c8d 00fb | baf6 ffff | ff48 8b6c 

  0x000002a7f04264dc: ;   {runtime_call UncommonTrapBlob}
  0x000002a7f04264dc: 2430 90e8 

  0x000002a7f04264e0: ; ImmutableOopMap {rbp=Oop [64]=Oop [72]=Oop [104]=Oop [112]=Oop }
                      ;*invokevirtual get {reexecute=0 rethrow=0 return_oop=0}
                      ; - org.gradle.internal.time.MonotonicClock::getCurrentTime@22 (line 79)
                      ; - org.gradle.internal.operations.BuildOperationProgressEventListenerAdapter::stop@64 (line 79)
                      ; - org.gradle.internal.operations.DefaultBuildOperationRunner$BuildOperationTrackingListener::stop@9 (line 248)
                      ; - org.gradle.internal.operations.DefaultBuildOperationRunner$2::execute@62 (line 73)
                      ; - org.gradle.internal.operations.DefaultBuildOperationRunner$2::execute@8 (line 59)
                      ; - org.gradle.internal.operations.DefaultBuildOperationRunner::execute@141 (line 166)
  0x000002a7f04264e0: 1ce1 3cff 

  0x000002a7f04264e4: ;   {other}
  0x000002a7f04264e4: 0f1f 8400 | 548d 00fc | baf6 ffff | ff48 8b6c | 2430 4c8b | 5424 484c | 8954 2430 | 4c8b 5424 
  0x000002a7f0426504: 404c 8954 | 2438 4889 

  0x000002a7f042650c: ;   {runtime_call UncommonTrapBlob}
  0x000002a7f042650c: 5c24 48e8 

  0x000002a7f0426510: ; ImmutableOopMap {rbp=Oop [48]=Oop [56]=Oop [72]=Oop [104]=Oop [112]=Oop }
                      ;*invokeinterface finished {reexecute=0 rethrow=0 return_oop=0}
                      ; - org.gradle.internal.operations.BuildOperationProgressEventListenerAdapter::stop@86 (line 79)
                      ; - org.gradle.internal.operations.DefaultBuildOperationRunner$BuildOperationTrackingListener::stop@9 (line 248)
                      ; - org.gradle.internal.operations.DefaultBuildOperationRunner$2::execute@62 (line 73)
                      ; - org.gradle.internal.operations.DefaultBuildOperationRunner$2::execute@8 (line 59)
                      ; - org.gradle.internal.operations.DefaultBuildOperationRunner::execute@141 (line 166)
  0x000002a7f0426510: ece0 3cff 

  0x000002a7f0426514: ;   {other}
  0x000002a7f0426514: 0f1f 8400 | 848d 00fd | baf6 ffff | ff48 8b6c 

  0x000002a7f0426524: ;   {runtime_call UncommonTrapBlob}
  0x000002a7f0426524: 2430 90e8 

  0x000002a7f0426528: ; ImmutableOopMap {rbp=Oop [64]=Oop [72]=Oop [104]=Oop [112]=Oop }
                      ;*getfield listeners {reexecute=1 rethrow=0 return_oop=0}
                      ; - (reexecute) org.gradle.internal.operations.DefaultBuildOperationListenerManager::access$000@1 (line 28)
                      ; - org.gradle.internal.operations.DefaultBuildOperationListenerManager$1::finished@4 (line 58)
                      ; - org.gradle.internal.operations.BuildOperationProgressEventListenerAdapter::stop@86 (line 79)
                      ; - org.gradle.internal.operations.DefaultBuildOperationRunner$BuildOperationTrackingListener::stop@9 (line 248)
                      ; - org.gradle.internal.operations.DefaultBuildOperationRunner$2::execute@62 (line 73)
                      ; - org.gradle.internal.operations.DefaultBuildOperationRunner$2::execute@8 (line 59)
                      ; - org.gradle.internal.operations.DefaultBuildOperationRunner::execute@141 (line 166)
  0x000002a7f0426528: d4e0 3cff 

  0x000002a7f042652c: ;   {other}
  0x000002a7f042652c: 0f1f 8400 | 9c8d 00fe | baf6 ffff | ff48 8b6c 

  0x000002a7f042653c: ;   {runtime_call UncommonTrapBlob}
  0x000002a7f042653c: 2430 90e8 

  0x000002a7f0426540: ; ImmutableOopMap {rbp=Oop [64]=Oop [72]=Oop [104]=Oop [112]=Oop }
                      ;*invokeinterface size {reexecute=0 rethrow=0 return_oop=0}
                      ; - org.gradle.internal.operations.DefaultBuildOperationListenerManager$1::finished@9 (line 59)
                      ; - org.gradle.internal.operations.BuildOperationProgressEventListenerAdapter::stop@86 (line 79)
                      ; - org.gradle.internal.operations.DefaultBuildOperationRunner$BuildOperationTrackingListener::stop@9 (line 248)
                      ; - org.gradle.internal.operations.DefaultBuildOperationRunner$2::execute@62 (line 73)
                      ; - org.gradle.internal.operations.DefaultBuildOperationRunner$2::execute@8 (line 59)
                      ; - org.gradle.internal.operations.DefaultBuildOperationRunner::execute@141 (line 166)
  0x000002a7f0426540: bce0 3cff 

  0x000002a7f0426544: ;   {other}
  0x000002a7f0426544: 0f1f 8400 | b48d 00ff | baf6 ffff | ff48 8b6c 

  0x000002a7f0426554: ;   {runtime_call UncommonTrapBlob}
  0x000002a7f0426554: 2430 90e8 

  0x000002a7f0426558: ; ImmutableOopMap {rbp=Oop [64]=Oop [72]=Oop [104]=Oop [112]=Oop }
                      ;*invokevirtual getLevel {reexecute=0 rethrow=0 return_oop=0}
                      ; - org.gradle.internal.logging.slf4j.OutputEventListenerBackedLogger::isLevelAtMost@5 (line 44)
                      ; - org.gradle.internal.logging.slf4j.BuildOperationAwareLogger::isDebugEnabled@4 (line 52)
                      ; - org.gradle.internal.logging.slf4j.OutputEventListenerBackedLogger::isDebugEnabled@1 (line 25)
                      ; - org.gradle.internal.logging.slf4j.BuildOperationAwareLogger::debug@1 (line 167)
                      ; - org.gradle.internal.logging.slf4j.OutputEventListenerBackedLogger::debug@3 (line 25)
                      ; - org.gradle.internal.operations.DefaultBuildOperationRunner$BuildOperationTrackingListener::stop@23 (line 249)
                      ; - org.gradle.internal.operations.DefaultBuildOperationRunner$2::execute@62 (line 73)
                      ; - org.gradle.internal.operations.DefaultBuildOperationRunner$2::execute@8 (line 59)
                      ; - org.gradle.internal.operations.DefaultBuildOperationRunner::execute@141 (line 166)
  0x000002a7f0426558: a4e0 3cff 

  0x000002a7f042655c: ;   {other}
  0x000002a7f042655c: 0f1f 8400 | 0000 0000 | baf6 ffff | ff48 8b6c 

  0x000002a7f042656c: ;   {runtime_call UncommonTrapBlob}
  0x000002a7f042656c: 2430 90e8 

  0x000002a7f0426570: ; ImmutableOopMap {rbp=Oop [64]=Oop [72]=Oop [104]=Oop [112]=Oop }
                      ;*invokevirtual get {reexecute=0 rethrow=0 return_oop=0}
                      ; - org.gradle.internal.logging.slf4j.OutputEventListenerBackedLoggerContext::getLevel@4 (line 96)
                      ; - org.gradle.internal.logging.slf4j.OutputEventListenerBackedLogger::isLevelAtMost@5 (line 44)
                      ; - org.gradle.internal.logging.slf4j.BuildOperationAwareLogger::isDebugEnabled@4 (line 52)
                      ; - org.gradle.internal.logging.slf4j.OutputEventListenerBackedLogger::isDebugEnabled@1 (line 25)
                      ; - org.gradle.internal.logging.slf4j.BuildOperationAwareLogger::debug@1 (line 167)
                      ; - org.gradle.internal.logging.slf4j.OutputEventListenerBackedLogger::debug@3 (line 25)
                      ; - org.gradle.internal.operations.DefaultBuildOperationRunner$BuildOperationTrackingListener::stop@23 (line 249)
                      ; - org.gradle.internal.operations.DefaultBuildOperationRunner$2::execute@62 (line 73)
                      ; - org.gradle.internal.operations.DefaultBuildOperationRunner$2::execute@8 (line 59)
                      ; - org.gradle.internal.operations.DefaultBuildOperationRunner::execute@141 (line 166)
  0x000002a7f0426570: 8ce0 3cff 

  0x000002a7f0426574: ;   {other}
  0x000002a7f0426574: 0f1f 8400 | 0000 0000 | baf4 ffff | ff48 8b6c | 2430 4c8b | 5424 484c | 8954 2430 | 4c8b 5424 
  0x000002a7f0426594: 404c 8954 | 2438 4489 

  0x000002a7f042659c: ;   {runtime_call UncommonTrapBlob}
  0x000002a7f042659c: 5c24 50e8 

  0x000002a7f04265a0: ; ImmutableOopMap {rbp=Oop [48]=Oop [56]=Oop [80]=NarrowOop [104]=Oop [112]=Oop [120]=Oop }
                      ;*checkcast {reexecute=0 rethrow=0 return_oop=0}
                      ; - org.gradle.internal.logging.slf4j.OutputEventListenerBackedLoggerContext::getLevel@7 (line 96)
                      ; - org.gradle.internal.logging.slf4j.OutputEventListenerBackedLogger::isLevelAtMost@5 (line 44)
                      ; - org.gradle.internal.logging.slf4j.BuildOperationAwareLogger::isDebugEnabled@4 (line 52)
                      ; - org.gradle.internal.logging.slf4j.OutputEventListenerBackedLogger::isDebugEnabled@1 (line 25)
                      ; - org.gradle.internal.logging.slf4j.BuildOperationAwareLogger::debug@1 (line 167)
                      ; - org.gradle.internal.logging.slf4j.OutputEventListenerBackedLogger::debug@3 (line 25)
                      ; - org.gradle.internal.operations.DefaultBuildOperationRunner$BuildOperationTrackingListener::stop@23 (line 249)
                      ; - org.gradle.internal.operations.DefaultBuildOperationRunner$2::execute@62 (line 73)
                      ; - org.gradle.internal.operations.DefaultBuildOperationRunner$2::execute@8 (line 59)
                      ; - org.gradle.internal.operations.DefaultBuildOperationRunner::execute@141 (line 166)
  0x000002a7f04265a0: 5ce0 3cff 

  0x000002a7f04265a4: ;   {other}
  0x000002a7f04265a4: 0f1f 8400 | 0000 0000 | baf6 ffff | ff48 8b6c 

  0x000002a7f04265b4: ;   {runtime_call UncommonTrapBlob}
  0x000002a7f04265b4: 2430 90e8 

  0x000002a7f04265b8: ; ImmutableOopMap {rbp=Oop [64]=Oop [72]=Oop [104]=Oop [112]=Oop }
                      ;*invokevirtual get {reexecute=0 rethrow=0 return_oop=0}
                      ; - org.gradle.internal.operations.BuildOperationState::isRunning@4 (line 37)
                      ; - org.gradle.internal.operations.DefaultBuildOperationRunner::assertParentRunning@5 (line 176)
                      ; - org.gradle.internal.operations.DefaultBuildOperationRunner::access$400@3 (line 24)
                      ; - org.gradle.internal.operations.DefaultBuildOperationRunner$BuildOperationTrackingListener::stop@32 (line 250)
                      ; - org.gradle.internal.operations.DefaultBuildOperationRunner$2::execute@62 (line 73)
                      ; - org.gradle.internal.operations.DefaultBuildOperationRunner$2::execute@8 (line 59)
                      ; - org.gradle.internal.operations.DefaultBuildOperationRunner::execute@141 (line 166)
  0x000002a7f04265b8: 44e0 3cff 

  0x000002a7f04265bc: ;   {other}
  0x000002a7f04265bc: 0f1f 8400 | 0000 0000 | baf6 ffff | ff8b 6c24 

  0x000002a7f04265cc: ;   {runtime_call UncommonTrapBlob}
  0x000002a7f04265cc: 6066 90e8 

  0x000002a7f04265d0: ; ImmutableOopMap {rbp=NarrowOop [104]=Oop [112]=Oop }
                      ;*invokeinterface close {reexecute=0 rethrow=0 return_oop=0}
                      ; - org.gradle.internal.operations.DefaultBuildOperationRunner$BuildOperationTrackingListener::close@6 (line 255)
                      ; - org.gradle.internal.operations.DefaultBuildOperationRunner$2::execute@88 (line 79)
                      ; - org.gradle.internal.operations.DefaultBuildOperationRunner$2::execute@8 (line 59)
                      ; - org.gradle.internal.operations.DefaultBuildOperationRunner::execute@141 (line 166)
  0x000002a7f04265d0: 2ce0 3cff 

  0x000002a7f04265d4: ;   {other}
  0x000002a7f04265d4: 0f1f 8400 | 0000 0000 | baf6 ffff | ff8b 6c24 | 6044 8974 

  0x000002a7f04265e8: ;   {runtime_call UncommonTrapBlob}
  0x000002a7f04265e8: 2420 90e8 

  0x000002a7f04265ec: ; ImmutableOopMap {rbp=NarrowOop [32]=NarrowOop }
                      ;*invokevirtual set {reexecute=0 rethrow=0 return_oop=0}
                      ; - org.gradle.internal.operations.DefaultBuildOperationRunner$BuildOperationTrackingListener::close@19 (line 256)
                      ; - org.gradle.internal.operations.DefaultBuildOperationRunner$2::execute@88 (line 79)
                      ; - org.gradle.internal.operations.DefaultBuildOperationRunner$2::execute@8 (line 59)
                      ; - org.gradle.internal.operations.DefaultBuildOperationRunner::execute@141 (line 166)
  0x000002a7f04265ec: 10e0 3cff 

  0x000002a7f04265f0: ;   {other}
  0x000002a7f04265f0: 0f1f 8400 | 0000 0000 | baf6 ffff | ff48 8b6c | 2430 4c8b | 5424 404c | 8954 2438 

  0x000002a7f042660c: ;   {runtime_call UncommonTrapBlob}
  0x000002a7f042660c: 6666 90e8 

  0x000002a7f0426610: ; ImmutableOopMap {rbp=Oop [56]=Oop [72]=Oop [104]=Oop [112]=Oop [120]=Oop }
                      ;*invokevirtual get {reexecute=0 rethrow=0 return_oop=0}
                      ; - org.gradle.internal.time.MonotonicClock::advance@4 (line 111)
                      ; - org.gradle.internal.time.MonotonicClock::getCurrentTime@66 (line 86)
                      ; - org.gradle.internal.logging.progress.DefaultProgressLoggerFactory$ProgressLoggerImpl::started@147 (line 218)
                      ; - org.gradle.internal.logging.progress.DefaultProgressLoggerFactory$ProgressLoggerImpl::started@6 (line 190)
                      ; - org.gradle.internal.logging.progress.DefaultProgressLoggerFactory$ProgressLoggerImpl::start@8 (line 179)
                      ; - org.gradle.internal.operations.BuildOperationProgressEventListenerAdapter::start@44 (line 50)
                      ; - org.gradle.internal.operations.DefaultBuildOperationRunner$BuildOperationTrackingListener::start@47 (line 233)
                      ; - org.gradle.internal.operations.DefaultBuildOperationRunner$2::execute@4 (line 63)
                      ; - org.gradle.internal.operations.DefaultBuildOperationRunner$2::execute@8 (line 59)
                      ; - org.gradle.internal.operations.DefaultBuildOperationRunner::execute@141 (line 166)
  0x000002a7f0426610: ecdf 3cff 

  0x000002a7f0426614: ;   {other}
  0x000002a7f0426614: 0f1f 8400 | 0000 0000 | baf6 ffff | ff48 8b6c 

  0x000002a7f0426624: ;   {runtime_call UncommonTrapBlob}
  0x000002a7f0426624: 2430 90e8 

  0x000002a7f0426628: ; ImmutableOopMap {rbp=Oop [64]=Oop [72]=Oop [104]=Oop [112]=Oop }
                      ;*invokevirtual get {reexecute=0 rethrow=0 return_oop=0}
                      ; - org.gradle.internal.time.MonotonicClock::advance@4 (line 111)
                      ; - org.gradle.internal.time.MonotonicClock::getCurrentTime@66 (line 86)
                      ; - org.gradle.internal.logging.progress.DefaultProgressLoggerFactory$ProgressLoggerImpl::completed@41 (line 251)
                      ; - org.gradle.internal.operations.BuildOperationProgressEventListenerAdapter::stop@42 (line 78)
                      ; - org.gradle.internal.operations.DefaultBuildOperationRunner$BuildOperationTrackingListener::stop@9 (line 248)
                      ; - org.gradle.internal.operations.DefaultBuildOperationRunner$2::execute@62 (line 73)
                      ; - org.gradle.internal.operations.DefaultBuildOperationRunner$2::execute@8 (line 59)
                      ; - org.gradle.internal.operations.DefaultBuildOperationRunner::execute@141 (line 166)
  0x000002a7f0426628: d4df 3cff 

  0x000002a7f042662c: ;   {other}
  0x000002a7f042662c: 0f1f 8400 | 0000 0000 | baf6 ffff | ff48 8b6c 

  0x000002a7f042663c: ;   {runtime_call UncommonTrapBlob}
  0x000002a7f042663c: 2430 90e8 

  0x000002a7f0426640: ; ImmutableOopMap {rbp=Oop [64]=Oop [72]=Oop [104]=Oop [112]=Oop }
                      ;*invokevirtual get {reexecute=0 rethrow=0 return_oop=0}
                      ; - org.gradle.internal.time.MonotonicClock::advance@4 (line 111)
                      ; - org.gradle.internal.time.MonotonicClock::getCurrentTime@66 (line 86)
                      ; - org.gradle.internal.operations.BuildOperationProgressEventListenerAdapter::stop@64 (line 79)
                      ; - org.gradle.internal.operations.DefaultBuildOperationRunner$BuildOperationTrackingListener::stop@9 (line 248)
                      ; - org.gradle.internal.operations.DefaultBuildOperationRunner$2::execute@62 (line 73)
                      ; - org.gradle.internal.operations.DefaultBuildOperationRunner$2::execute@8 (line 59)
                      ; - org.gradle.internal.operations.DefaultBuildOperationRunner::execute@141 (line 166)
  0x000002a7f0426640: bcdf 3cff 

  0x000002a7f0426644: ;   {other}
  0x000002a7f0426644: 0f1f 8400 | 0000 0000 | baf6 ffff | ff48 8b6c 

  0x000002a7f0426654: ;   {runtime_call UncommonTrapBlob}
  0x000002a7f0426654: 2430 90e8 

  0x000002a7f0426658: ; ImmutableOopMap {rbp=Oop [104]=Oop [128]=Oop [136]=Oop [144]=Oop [168]=Oop }
                      ;*arraylength {reexecute=0 rethrow=0 return_oop=0}
                      ; - java.lang.ThreadLocal$ThreadLocalMap::set@6 (line 546)
                      ; - java.lang.ThreadLocal::set@13 (line 265)
                      ; - java.lang.ThreadLocal::set@5 (line 251)
                      ; - org.gradle.internal.operations.CurrentBuildOperationRef::set@16 (line 56)
                      ; - org.gradle.internal.operations.DefaultBuildOperationRunner$BuildOperationTrackingListener::start@19 (line 230)
                      ; - org.gradle.internal.operations.DefaultBuildOperationRunner$2::execute@4 (line 63)
                      ; - org.gradle.internal.operations.DefaultBuildOperationRunner$2::execute@8 (line 59)
                      ; - org.gradle.internal.operations.DefaultBuildOperationRunner::execute@141 (line 166)
  0x000002a7f0426658: a4df 3cff 

  0x000002a7f042665c: ;   {other}
  0x000002a7f042665c: 0f1f 8400 | 0000 0000 | baf6 ffff | ff48 8b6c | 2430 4c8b | 5424 404c | 8954 2438 

  0x000002a7f0426678: ;   {runtime_call UncommonTrapBlob}
  0x000002a7f0426678: 6666 90e8 

  0x000002a7f042667c: ; ImmutableOopMap {rbp=Oop [56]=Oop [72]=Oop [104]=Oop [112]=Oop [120]=Oop }
                      ;*arraylength {reexecute=0 rethrow=0 return_oop=0}
                      ; - java.lang.ThreadLocal$ThreadLocalMap::set@6 (line 546)
                      ; - java.lang.ThreadLocal::set@13 (line 265)
                      ; - java.lang.ThreadLocal::set@5 (line 251)
                      ; - org.gradle.internal.logging.progress.DefaultProgressLoggerFactory$ProgressLoggerImpl::started@127 (line 214)
                      ; - org.gradle.internal.logging.progress.DefaultProgressLoggerFactory$ProgressLoggerImpl::started@6 (line 190)
                      ; - org.gradle.internal.logging.progress.DefaultProgressLoggerFactory$ProgressLoggerImpl::start@8 (line 179)
                      ; - org.gradle.internal.operations.BuildOperationProgressEventListenerAdapter::start@44 (line 50)
                      ; - org.gradle.internal.operations.DefaultBuildOperationRunner$BuildOperationTrackingListener::start@47 (line 233)
                      ; - org.gradle.internal.operations.DefaultBuildOperationRunner$2::execute@4 (line 63)
                      ; - org.gradle.internal.operations.DefaultBuildOperationRunner$2::execute@8 (line 59)
                      ; - org.gradle.internal.operations.DefaultBuildOperationRunner::execute@141 (line 166)
  0x000002a7f042667c: 80df 3cff 

  0x000002a7f0426680: ;   {other}
  0x000002a7f0426680: 0f1f 8400 | 0000 0000 | baf6 ffff | ff48 8b6c 

  0x000002a7f0426690: ;   {runtime_call UncommonTrapBlob}
  0x000002a7f0426690: 2430 90e8 

  0x000002a7f0426694: ; ImmutableOopMap {rbp=Oop [64]=Oop [72]=Oop [104]=Oop [112]=Oop }
                      ;*arraylength {reexecute=0 rethrow=0 return_oop=0}
                      ; - java.lang.ThreadLocal$ThreadLocalMap::set@6 (line 546)
                      ; - java.lang.ThreadLocal::set@13 (line 265)
                      ; - java.lang.ThreadLocal::set@5 (line 251)
                      ; - org.gradle.internal.logging.progress.DefaultProgressLoggerFactory$ProgressLoggerImpl::completed@22 (line 250)
                      ; - org.gradle.internal.operations.BuildOperationProgressEventListenerAdapter::stop@42 (line 78)
                      ; - org.gradle.internal.operations.DefaultBuildOperationRunner$BuildOperationTrackingListener::stop@9 (line 248)
                      ; - org.gradle.internal.operations.DefaultBuildOperationRunner$2::execute@62 (line 73)
                      ; - org.gradle.internal.operations.DefaultBuildOperationRunner$2::execute@8 (line 59)
                      ; - org.gradle.internal.operations.DefaultBuildOperationRunner::execute@141 (line 166)
  0x000002a7f0426694: 68df 3cff 

  0x000002a7f0426698: ;   {other}
  0x000002a7f0426698: 0f1f 8400 | 0000 0000 | baf6 ffff | ff41 8be8 | 4489 7424 

  0x000002a7f04266ac: ;   {runtime_call UncommonTrapBlob}
  0x000002a7f04266ac: 2066 90e8 

  0x000002a7f04266b0: ; ImmutableOopMap {rbp=NarrowOop [32]=NarrowOop }
                      ;*invokevirtual set {reexecute=0 rethrow=0 return_oop=0}
                      ; - org.gradle.internal.operations.CurrentBuildOperationRef::set@16 (line 56)
                      ; - org.gradle.internal.operations.DefaultBuildOperationRunner$BuildOperationTrackingListener::close@19 (line 256)
                      ; - org.gradle.internal.operations.DefaultBuildOperationRunner$2::execute@88 (line 79)
                      ; - org.gradle.internal.operations.DefaultBuildOperationRunner$2::execute@8 (line 59)
                      ; - org.gradle.internal.operations.DefaultBuildOperationRunner::execute@141 (line 166)
  0x000002a7f04266b0: 4cdf 3cff 

  0x000002a7f04266b4: ;   {other}
  0x000002a7f04266b4: 0f1f 8400 | 0000 0000 | baf6 ffff | ff8b 6c24 

  0x000002a7f04266c4: ;   {runtime_call UncommonTrapBlob}
  0x000002a7f04266c4: 6066 90e8 

  0x000002a7f04266c8: ; ImmutableOopMap {rbp=NarrowOop }
                      ;*arraylength {reexecute=0 rethrow=0 return_oop=0}
                      ; - java.lang.ThreadLocal$ThreadLocalMap::set@6 (line 546)
                      ; - java.lang.ThreadLocal::set@13 (line 265)
                      ; - java.lang.ThreadLocal::set@5 (line 251)
                      ; - org.gradle.internal.operations.CurrentBuildOperationRef::set@16 (line 56)
                      ; - org.gradle.internal.operations.DefaultBuildOperationRunner$BuildOperationTrackingListener::close@19 (line 256)
                      ; - org.gradle.internal.operations.DefaultBuildOperationRunner$2::execute@88 (line 79)
                      ; - org.gradle.internal.operations.DefaultBuildOperationRunner$2::execute@8 (line 59)
                      ; - org.gradle.internal.operations.DefaultBuildOperationRunner::execute@141 (line 166)
  0x000002a7f04266c8: 34df 3cff 

  0x000002a7f04266cc: ;   {other}
  0x000002a7f04266cc: 0f1f 8400 | 0000 0000 | ba45 ffff | ff4c 8b54 | 2430 4c89 | 5424 2048 | ff74 2438 | 488f 4424 
  0x000002a7f04266ec: ;   {runtime_call UncommonTrapBlob}
  0x000002a7f04266ec: 2866 90e8 

  0x000002a7f04266f0: ; ImmutableOopMap {rbp=Oop [32]=Oop [40]=Oop [72]=Oop [88]=Oop }
                      ;*ifnonnull {reexecute=1 rethrow=0 return_oop=0}
                      ; - (reexecute) org.gradle.internal.operations.DefaultBuildOperationRunner::execute@45 (line 158)
  0x000002a7f04266f0: 0cdf 3cff 

  0x000002a7f04266f4: ;   {other}
  0x000002a7f04266f4: 0f1f 8400 | 0000 0000 | ba45 ffff | ff48 8b6c | 2430 48ff | b424 8000 | 0000 488f | 4424 2048 
  0x000002a7f0426714: ffb4 2488 | 0000 0048 | 8f44 2428 | 48ff 7424 | 6848 8f44 | 2440 4c89 | 4424 6844 | 8954 247c 
  0x000002a7f0426734: ;   {runtime_call UncommonTrapBlob}
  0x000002a7f0426734: 6666 90e8 

  0x000002a7f0426738: ; ImmutableOopMap {rbp=Oop [32]=Oop [40]=Oop [64]=Oop [104]=Oop [112]=Oop [124]=NarrowOop [144]=Oop [168]=Oop }
                      ;*ifnull {reexecute=1 rethrow=0 return_oop=0}
                      ; - (reexecute) java.lang.ThreadLocal::get@7 (line 186)
                      ; - java.lang.ThreadLocal::get@4 (line 172)
                      ; - org.gradle.internal.operations.CurrentBuildOperationRef::get@4 (line 37)
                      ; - org.gradle.internal.operations.DefaultBuildOperationRunner$BuildOperationTrackingListener::start@5 (line 229)
                      ; - org.gradle.internal.operations.DefaultBuildOperationRunner$2::execute@4 (line 63)
                      ; - org.gradle.internal.operations.DefaultBuildOperationRunner$2::execute@8 (line 59)
                      ; - org.gradle.internal.operations.DefaultBuildOperationRunner::execute@141 (line 166)
  0x000002a7f0426738: c4de 3cff 

  0x000002a7f042673c: ;   {other}
  0x000002a7f042673c: 0f1f 8400 | 0000 0000 | ba45 ffff | ff48 8b6c | 2430 4c89 | 5c24 204c | 8b5c 2470 | 4c89 5c24 
  0x000002a7f042675c: 284c 8b5c | 2478 4c89 | 5c24 304c | 8b5c 2440 | 4c89 5c24 | 384c 8b5c | 2448 4c89 | 5c24 404c 
  0x000002a7f042677c: 8b5c 2450 | 4c89 5c24 | 484c 8954 | 2458 4489 | 7424 6044 | 8944 2464 | 4c89 5424 | 6848 8944 
  0x000002a7f042679c: 2470 4889 | 5c24 7889 | b424 8400 

  0x000002a7f04267a8: ;   {runtime_call UncommonTrapBlob}
  0x000002a7f04267a8: 0000 90e8 

  0x000002a7f04267ac: ; ImmutableOopMap {rbp=Oop [32]=Oop [40]=Oop [48]=Oop [56]=Oop [64]=Oop [72]=Oop [88]=Oop [96]=NarrowOop [104]=Oop [112]=Oop [120]=Oop [132]=NarrowOop }
                      ;*ifnull {reexecute=1 rethrow=0 return_oop=0}
                      ; - (reexecute) java.lang.ThreadLocal::get@7 (line 186)
                      ; - java.lang.ThreadLocal::get@4 (line 172)
                      ; - org.gradle.internal.logging.progress.DefaultProgressLoggerFactory$ProgressLoggerImpl::started@39 (line 199)
                      ; - org.gradle.internal.logging.progress.DefaultProgressLoggerFactory$ProgressLoggerImpl::started@6 (line 190)
                      ; - org.gradle.internal.logging.progress.DefaultProgressLoggerFactory$ProgressLoggerImpl::start@8 (line 179)
                      ; - org.gradle.internal.operations.BuildOperationProgressEventListenerAdapter::start@44 (line 50)
                      ; - org.gradle.internal.operations.DefaultBuildOperationRunner$BuildOperationTrackingListener::start@47 (line 233)
                      ; - org.gradle.internal.operations.DefaultBuildOperationRunner$2::execute@4 (line 63)
                      ; - org.gradle.internal.operations.DefaultBuildOperationRunner$2::execute@8 (line 59)
                      ; - org.gradle.internal.operations.DefaultBuildOperationRunner::execute@141 (line 166)
  0x000002a7f04267ac: 50de 3cff 

  0x000002a7f04267b0: ;   {other}
  0x000002a7f04267b0: 0f1f 8400 | 0000 0000 | ba45 ffff | ff48 8b6c | 2430 4c8b | 5424 404c | 8954 2438 | 4c8b 5424 
  0x000002a7f04267d0: 484c 8954 | 2440 4c8b | 5424 504c | 8954 2448 | 4c8b 5424 | 584c 8954 | 2450 4489 

  0x000002a7f04267ec: ;   {runtime_call UncommonTrapBlob}
  0x000002a7f04267ec: 5c24 5ce8 

  0x000002a7f04267f0: ; ImmutableOopMap {rbp=Oop [56]=Oop [64]=Oop [72]=Oop [80]=Oop [92]=NarrowOop [104]=Oop [112]=Oop [120]=Oop }
                      ;*ifnull {reexecute=1 rethrow=0 return_oop=0}
                      ; - (reexecute) org.gradle.internal.logging.sink.OutputEventListenerManager$1::onOutput@22 (line 39)
                      ; - org.gradle.internal.logging.services.ProgressLoggingBridge::started@5 (line 39)
                      ; - org.gradle.internal.logging.progress.DefaultProgressLoggerFactory$ProgressLoggerImpl::started@185 (line 215)
                      ; - org.gradle.internal.logging.progress.DefaultProgressLoggerFactory$ProgressLoggerImpl::started@6 (line 190)
                      ; - org.gradle.internal.logging.progress.DefaultProgressLoggerFactory$ProgressLoggerImpl::start@8 (line 179)
                      ; - org.gradle.internal.operations.BuildOperationProgressEventListenerAdapter::start@44 (line 50)
                      ; - org.gradle.internal.operations.DefaultBuildOperationRunner$BuildOperationTrackingListener::start@47 (line 233)
                      ; - org.gradle.internal.operations.DefaultBuildOperationRunner$2::execute@4 (line 63)
                      ; - org.gradle.internal.operations.DefaultBuildOperationRunner$2::execute@8 (line 59)
                      ; - org.gradle.internal.operations.DefaultBuildOperationRunner::execute@141 (line 166)
  0x000002a7f04267f0: 0cde 3cff 

  0x000002a7f04267f4: ;   {other}
  0x000002a7f04267f4: 0f1f 8400 | 0000 0000 | ba45 ffff | ff48 8b6c | 2430 4c8b | 5424 484c | 8954 2430 | 4c8b 5424 
  0x000002a7f0426814: 404c 8954 | 2438 4c8b | 5424 684c | 8954 2440 | 4c8b 5424 | 584c 8954 | 2450 4c8b | 5424 684c 
  0x000002a7f0426834: 8954 2458 | 4c8b 5424 | 704c 8954 | 2460 4489 

  0x000002a7f0426844: ;   {runtime_call UncommonTrapBlob}
  0x000002a7f0426844: 5c24 74e8 

  0x000002a7f0426848: ; ImmutableOopMap {rbp=Oop [48]=Oop [56]=Oop [64]=Oop [80]=Oop [88]=Oop [96]=Oop [116]=NarrowOop [120]=Oop [128]=Oop }
                      ;*ifnull {reexecute=1 rethrow=0 return_oop=0}
                      ; - (reexecute) org.gradle.internal.logging.sink.OutputEventListenerManager$1::onOutput@22 (line 39)
                      ; - org.gradle.internal.logging.services.ProgressLoggingBridge::completed@5 (line 34)
                      ; - org.gradle.internal.logging.progress.DefaultProgressLoggerFactory$ProgressLoggerImpl::completed@55 (line 251)
                      ; - org.gradle.internal.operations.BuildOperationProgressEventListenerAdapter::stop@42 (line 78)
                      ; - org.gradle.internal.operations.DefaultBuildOperationRunner$BuildOperationTrackingListener::stop@9 (line 248)
                      ; - org.gradle.internal.operations.DefaultBuildOperationRunner$2::execute@62 (line 73)
                      ; - org.gradle.internal.operations.DefaultBuildOperationRunner$2::execute@8 (line 59)
                      ; - org.gradle.internal.operations.DefaultBuildOperationRunner::execute@141 (line 166)
  0x000002a7f0426848: b4dd 3cff 

  0x000002a7f042684c: ;   {other}
  0x000002a7f042684c: 0f1f 8400 | 0000 0000 | baf6 ffff 

  0x000002a7f0426858: ;   {runtime_call UncommonTrapBlob}
  0x000002a7f0426858: ff66 90e8 

  0x000002a7f042685c: ; ImmutableOopMap {}
                      ;*invokevirtual get {reexecute=0 rethrow=0 return_oop=0}
                      ; - org.gradle.internal.time.MonotonicClock::advance@4 (line 111)
                      ; - org.gradle.internal.time.MonotonicClock::getCurrentTime@66 (line 86)
                      ; - org.gradle.internal.service.scopes.WorkerSharedGlobalScopeServices$$Lambda/0x000002a78f19d8c0::getCurrentTime@4
                      ; - org.gradle.internal.operations.DefaultBuildOperationRunner::execute@84 (line 163)
  0x000002a7f042685c: a0dd 3cff 

  0x000002a7f0426860: ;   {other}
  0x000002a7f0426860: 0f1f 8400 | 0000 0000 | baf6 ffff | ff48 8b6c | 2430 4c8b | 5424 404c | 8954 2438 

  0x000002a7f042687c: ;   {runtime_call UncommonTrapBlob}
  0x000002a7f042687c: 6666 90e8 

  0x000002a7f0426880: ; ImmutableOopMap {rbp=Oop [56]=Oop [72]=Oop [104]=Oop [112]=Oop [120]=Oop }
                      ;*invokevirtual get {reexecute=0 rethrow=0 return_oop=0}
                      ; - org.gradle.internal.time.MonotonicClock::advance@4 (line 111)
                      ; - org.gradle.internal.time.MonotonicClock::getCurrentTime@66 (line 86)
                      ; - org.gradle.internal.logging.progress.DefaultProgressLoggerFactory$ProgressLoggerImpl::started@147 (line 218)
                      ; - org.gradle.internal.logging.progress.DefaultProgressLoggerFactory$ProgressLoggerImpl::started@6 (line 190)
                      ; - org.gradle.internal.logging.progress.DefaultProgressLoggerFactory$ProgressLoggerImpl::start@8 (line 179)
                      ; - org.gradle.internal.operations.BuildOperationProgressEventListenerAdapter::start@44 (line 50)
                      ; - org.gradle.internal.operations.DefaultBuildOperationRunner$BuildOperationTrackingListener::start@47 (line 233)
                      ; - org.gradle.internal.operations.DefaultBuildOperationRunner$2::execute@4 (line 63)
                      ; - org.gradle.internal.operations.DefaultBuildOperationRunner$2::execute@8 (line 59)
                      ; - org.gradle.internal.operations.DefaultBuildOperationRunner::execute@141 (line 166)
  0x000002a7f0426880: 7cdd 3cff 

  0x000002a7f0426884: ;   {other}
  0x000002a7f0426884: 0f1f 8400 | 0000 0000 | baf6 ffff | ff48 8b6c 

  0x000002a7f0426894: ;   {runtime_call UncommonTrapBlob}
  0x000002a7f0426894: 2430 90e8 

  0x000002a7f0426898: ; ImmutableOopMap {rbp=Oop [64]=Oop [72]=Oop [104]=Oop [112]=Oop }
                      ;*invokevirtual get {reexecute=0 rethrow=0 return_oop=0}
                      ; - org.gradle.internal.time.MonotonicClock::advance@4 (line 111)
                      ; - org.gradle.internal.time.MonotonicClock::getCurrentTime@66 (line 86)
                      ; - org.gradle.internal.logging.progress.DefaultProgressLoggerFactory$ProgressLoggerImpl::completed@41 (line 251)
                      ; - org.gradle.internal.operations.BuildOperationProgressEventListenerAdapter::stop@42 (line 78)
                      ; - org.gradle.internal.operations.DefaultBuildOperationRunner$BuildOperationTrackingListener::stop@9 (line 248)
                      ; - org.gradle.internal.operations.DefaultBuildOperationRunner$2::execute@62 (line 73)
                      ; - org.gradle.internal.operations.DefaultBuildOperationRunner$2::execute@8 (line 59)
                      ; - org.gradle.internal.operations.DefaultBuildOperationRunner::execute@141 (line 166)
  0x000002a7f0426898: 64dd 3cff 

  0x000002a7f042689c: ;   {other}
  0x000002a7f042689c: 0f1f 8400 | 0000 0000 | baf6 ffff | ff48 8b6c 

  0x000002a7f04268ac: ;   {runtime_call UncommonTrapBlob}
  0x000002a7f04268ac: 2430 90e8 

  0x000002a7f04268b0: ; ImmutableOopMap {rbp=Oop [64]=Oop [72]=Oop [104]=Oop [112]=Oop }
                      ;*invokevirtual get {reexecute=0 rethrow=0 return_oop=0}
                      ; - org.gradle.internal.time.MonotonicClock::advance@4 (line 111)
                      ; - org.gradle.internal.time.MonotonicClock::getCurrentTime@66 (line 86)
                      ; - org.gradle.internal.operations.BuildOperationProgressEventListenerAdapter::stop@64 (line 79)
                      ; - org.gradle.internal.operations.DefaultBuildOperationRunner$BuildOperationTrackingListener::stop@9 (line 248)
                      ; - org.gradle.internal.operations.DefaultBuildOperationRunner$2::execute@62 (line 73)
                      ; - org.gradle.internal.operations.DefaultBuildOperationRunner$2::execute@8 (line 59)
                      ; - org.gradle.internal.operations.DefaultBuildOperationRunner::execute@141 (line 166)
  0x000002a7f04268b0: 4cdd 3cff 

  0x000002a7f04268b4: ;   {other}
  0x000002a7f04268b4: 0f1f 8400 | 0000 0000 | e9d6 0000 | 00e9 ae00 | 0000 e9a2 | 0000 00e9 | 9d00 0000 | e99f 0000 
  0x000002a7f04268d4: 00e9 9a00 | 0000 e98e | 0000 00e9 | 8900 0000 | e984 0000 | 0048 8bd0 | e9a9 0000 | 0048 8bd0 
  0x000002a7f04268f4: e9a1 0000 | 0048 8bd0 | e999 0000 | 0048 8bd0 | e991 0000 | 0048 8bd0 | e989 0000 | 00eb 5348 
  0x000002a7f0426914: 8bd0 e97f | 0000 00eb | 7aeb 78eb | 53eb 51eb | 4848 8bd0 | eb70 eb48 | eb46 eb3d | 488b d0eb 
  0x000002a7f0426934: 65eb 3deb | 34eb 32eb | 5aeb 35eb | 2ceb 2a48 | 8bd0 eb52 | eb23 eb21 | eb1f eb1d | eb45 eb43 
  0x000002a7f0426954: eb1e eb15 | eb13 eb11 | eb0f eb37 | eb35 eb10 | eb07 488b | d0eb 2feb | 0048 8be8 | eb05 eb00 
  0x000002a7f0426974: 488b e848 | 8b54 2448 | 4c8b 4424 | 684c 8b4c 

  0x000002a7f0426984: ;   {optimized virtual_call}
  0x000002a7f0426984: 2470 90e8 

  0x000002a7f0426988: ; ImmutableOopMap {rbp=Oop }
                      ;*invokeinterface close {reexecute=0 rethrow=0 return_oop=0}
                      ; - org.gradle.internal.operations.DefaultBuildOperationRunner$2::execute@102 (line 79)
                      ; - org.gradle.internal.operations.DefaultBuildOperationRunner$2::execute@8 (line 59)
                      ; - org.gradle.internal.operations.DefaultBuildOperationRunner::execute@141 (line 166)
  0x000002a7f0426988: f480 3cff 

  0x000002a7f042698c: ;   {other}
  0x000002a7f042698c: 0f1f 8400 | 0000 0000 | 488b c548 | 8bd0 4881 | c4f0 0000 

  0x000002a7f04269a0: ;   {runtime_call _rethrow_Java}
  0x000002a7f04269a0: 005d e9d9 | fd4a ff49 | 8bd7 49ba | c014 cba9 | f97f 0000 

  0x000002a7f04269b4: ;   {other}
  0x000002a7f04269b4: 41ff d20f | 1f84 0000 | 0000 004c | 8b44 2440 | eb21 488b | d84c 8b44 | 2440 453b | 6014 7408 
  0x000002a7f04269d4: 4c8b d3e9 | 4c93 ffff | 4180 7f40 | 000f 8589 | 0000 004d | 8bd0 4c8b | cb49 c1e9 | 0345 8948 
  0x000002a7f04269f4: 144c 8bdb | 4d33 da49 | c1eb 164d | 85db 74d0 | 49c1 ea09 | 48b9 0000 | 777e a702 | 0000 4903 
  0x000002a7f0426a14: ca80 3902 | 74ba 4d8b | 5748 4d8b | 5f58 f083 | 4424 c000 | 8039 0074 | a744 8821 | 4d85 d275 
  0x000002a7f0426a34: 2948 8bfb | 498b d849 | 8bd7 49ba | a014 cba9 | f97f 0000 

  0x000002a7f0426a48: ;   {other}
  0x000002a7f0426a48: 41ff d20f | 1f84 0000 | 0000 004c | 8bc3 488b | dfe9 76ff | ffff 4b89 | 4c13 f849 | 83c2 f84d 
  0x000002a7f0426a68: 8957 48e9 | 64ff ffff | 458b 5014 | 4585 d20f | 846a ffff | ff4d 8b5f | 2849 8bca | 48c1 e103 
  0x000002a7f0426a88: 4d85 db0f | 8416 ffff | ff4d 8b57 | 384b 894c | 1af8 4983 | c3f8 4d89 | 5f28 e940 

  0x000002a7f0426aa4: ;   {internal_word}
  0x000002a7f0426aa4: ffff ff49 | ba5d 0a42 | f0a7 0200 | 004d 8997 | 6004 0000 

  0x000002a7f0426ab8: ;   {runtime_call SafepointBlob}
  0x000002a7f0426ab8: e943 ec3c 

  0x000002a7f0426abc: ;   {runtime_call StubRoutines (final stubs)}
  0x000002a7f0426abc: ffe8 9ee2 | 3aff e957 | 76ff fff4 
[Stub Code]
  0x000002a7f0426ac8: ;   {no_reloc}
  0x000002a7f0426ac8: 48bb 0000 | 0000 0000 

  0x000002a7f0426ad0: ;   {runtime_call nmethod}
  0x000002a7f0426ad0: 0000 e9fb 

  0x000002a7f0426ad4: ;   {static_stub}
  0x000002a7f0426ad4: ffff ff48 | bb00 0000 | 0000 0000 

  0x000002a7f0426ae0: ;   {runtime_call nmethod}
  0x000002a7f0426ae0: 00e9 fbff 

  0x000002a7f0426ae4: ;   {static_stub}
  0x000002a7f0426ae4: ffff 48bb | 0000 0000 | 0000 0000 

  0x000002a7f0426af0: ;   {runtime_call nmethod}
  0x000002a7f0426af0: e9fb ffff 

  0x000002a7f0426af4: ;   {static_stub}
  0x000002a7f0426af4: ff48 bb00 | 0000 0000 

  0x000002a7f0426afc: ;   {runtime_call nmethod}
  0x000002a7f0426afc: 0000 00e9 | fbff ffff 

  0x000002a7f0426b04: ;   {static_stub}
  0x000002a7f0426b04: 48bb 0000 | 0000 0000 

  0x000002a7f0426b0c: ;   {runtime_call nmethod}
  0x000002a7f0426b0c: 0000 e9fb 

  0x000002a7f0426b10: ;   {static_stub}
  0x000002a7f0426b10: ffff ff48 | bb00 0000 | 0000 0000 

  0x000002a7f0426b1c: ;   {runtime_call nmethod}
  0x000002a7f0426b1c: 00e9 fbff 

  0x000002a7f0426b20: ;   {static_stub}
  0x000002a7f0426b20: ffff 48bb | 0000 0000 | 0000 0000 

  0x000002a7f0426b2c: ;   {runtime_call nmethod}
  0x000002a7f0426b2c: e9fb ffff 

  0x000002a7f0426b30: ;   {static_stub}
  0x000002a7f0426b30: ff48 bb00 | 0000 0000 

  0x000002a7f0426b38: ;   {runtime_call nmethod}
  0x000002a7f0426b38: 0000 00e9 | fbff ffff 

  0x000002a7f0426b40: ;   {static_stub}
  0x000002a7f0426b40: 48bb 0000 | 0000 0000 

  0x000002a7f0426b48: ;   {runtime_call nmethod}
  0x000002a7f0426b48: 0000 e9fb 

  0x000002a7f0426b4c: ;   {static_stub}
  0x000002a7f0426b4c: ffff ff48 | bb00 0000 | 0000 0000 

  0x000002a7f0426b58: ;   {runtime_call nmethod}
  0x000002a7f0426b58: 00e9 fbff 

  0x000002a7f0426b5c: ;   {static_stub}
  0x000002a7f0426b5c: ffff 48bb | 0000 0000 | 0000 0000 

  0x000002a7f0426b68: ;   {runtime_call nmethod}
  0x000002a7f0426b68: e9fb ffff 

  0x000002a7f0426b6c: ;   {static_stub}
  0x000002a7f0426b6c: ff48 bb00 | 0000 0000 

  0x000002a7f0426b74: ;   {runtime_call nmethod}
  0x000002a7f0426b74: 0000 00e9 | fbff ffff 

  0x000002a7f0426b7c: ;   {static_stub}
  0x000002a7f0426b7c: 48bb 0000 | 0000 0000 

  0x000002a7f0426b84: ;   {runtime_call nmethod}
  0x000002a7f0426b84: 0000 e9fb 

  0x000002a7f0426b88: ;   {static_stub}
  0x000002a7f0426b88: ffff ff48 | bb00 0000 | 0000 0000 

  0x000002a7f0426b94: ;   {runtime_call nmethod}
  0x000002a7f0426b94: 00e9 fbff 

  0x000002a7f0426b98: ;   {static_stub}
  0x000002a7f0426b98: ffff 48bb | 0000 0000 | 0000 0000 

  0x000002a7f0426ba4: ;   {runtime_call nmethod}
  0x000002a7f0426ba4: e9fb ffff 

  0x000002a7f0426ba8: ;   {static_stub}
  0x000002a7f0426ba8: ff48 bb00 | 0000 0000 

  0x000002a7f0426bb0: ;   {runtime_call nmethod}
  0x000002a7f0426bb0: 0000 00e9 | fbff ffff 

  0x000002a7f0426bb8: ;   {static_stub}
  0x000002a7f0426bb8: 48bb 48d7 | 44cf a702 

  0x000002a7f0426bc0: ;   {runtime_call I2C/C2I adapters}
  0x000002a7f0426bc0: 0000 e9a0 

  0x000002a7f0426bc4: ;   {static_stub}
  0x000002a7f0426bc4: ee3c ff48 | bb00 0000 | 0000 0000 

  0x000002a7f0426bd0: ;   {runtime_call nmethod}
  0x000002a7f0426bd0: 00e9 fbff 

  0x000002a7f0426bd4: ;   {static_stub}
  0x000002a7f0426bd4: ffff 48bb | 0000 0000 | 0000 0000 

  0x000002a7f0426be0: ;   {runtime_call nmethod}
  0x000002a7f0426be0: e9fb ffff 

  0x000002a7f0426be4: ;   {static_stub}
  0x000002a7f0426be4: ff48 bb00 | 0000 0000 

  0x000002a7f0426bec: ;   {runtime_call nmethod}
  0x000002a7f0426bec: 0000 00e9 | fbff ffff 

  0x000002a7f0426bf4: ;   {static_stub}
  0x000002a7f0426bf4: 48bb 0000 | 0000 0000 

  0x000002a7f0426bfc: ;   {runtime_call nmethod}
  0x000002a7f0426bfc: 0000 e9fb 

  0x000002a7f0426c00: ;   {runtime_call ExceptionBlob}
  0x000002a7f0426c00: ffff ffe9 | f839 4aff 
[Deopt Handler Code]
  0x000002a7f0426c08: e800 0000 | 0048 832c 

  0x000002a7f0426c10: ;   {runtime_call DeoptimizationBlob}
  0x000002a7f0426c10: 2405 e989 | dd3c fff4 
[/MachCode]


---------------  P R O C E S S  ---------------

Threads class SMR info:
_java_thread_list=0x000002a8035942d0, length=118, elements={
0x000002a7d5a4f480, 0x000002a78a9c8420, 0x000002a78a9cbba0, 0x000002a78a9cf320,
0x000002a78a9cfd70, 0x000002a78a9d07c0, 0x000002a78a9d1210, 0x000002a78a9d4cc0,
0x000002a78a9db710, 0x000002a78a9f9440, 0x000002a78d50ded0, 0x000002a7d3d96a60,
0x000002a78d2f4ed0, 0x000002a78d4afbc0, 0x000002a78d4e23e0, 0x000002a7d3f90680,
0x000002a7d3411930, 0x000002a7d3f51860, 0x000002a7d3f58fd0, 0x000002a78d326da0,
0x000002a78d326710, 0x000002a78d328e70, 0x000002a78d3259f0, 0x000002a78d327ac0,
0x000002a78d327430, 0x000002a78d3287e0, 0x000002a78d326080, 0x000002a78d328150,
0x000002a80094e6d0, 0x000002a80094ed60, 0x000002a80094f3f0, 0x000002a80094d9b0,
0x000002a80094fa80, 0x000002a80094e040, 0x000002a8009507a0, 0x000002a80094d320,
0x000002a7d4996110, 0x000002a7d49967a0, 0x000002a7d49974c0, 0x000002a7d4995a80,
0x000002a7d4994040, 0x000002a7d4994d60, 0x000002a7d4997b50, 0x000002a7d4996e30,
0x000002a7d4998870, 0x000002a7d49981e0, 0x000002a7d49953f0, 0x000002a7d4998f00,
0x000002a7d4999590, 0x000002a7d4999c20, 0x000002a7d499a940, 0x000002a7d499a2b0,
0x000002a7d499afd0, 0x000002a7d499b660, 0x000002a78d8b6470, 0x000002a78d8b5750,
0x000002a78d8b5de0, 0x000002a78d8b6b00, 0x000002a78d8b7190, 0x000002a78d8b7820,
0x000002a78d8b7eb0, 0x000002a78d8b4a30, 0x000002a78d8b50c0, 0x000002a7d4dd2250,
0x000002a7d4dd0180, 0x000002a7d4dd1530, 0x000002a7d4dd4320, 0x000002a7d4dd3c90,
0x000002a7d4dd0ea0, 0x000002a7d4dd49b0, 0x000002a7d4dd5040, 0x000002a7d4dd1bc0,
0x000002a7d4dd56d0, 0x000002a7d4dd2f70, 0x000002a7d4dd63f0, 0x000002a7d4dd3600,
0x000002a7d4dd5d60, 0x000002a7d4dd6a80, 0x000002a7d4dd7110, 0x000002a7d4dd77a0,
0x000002a804116150, 0x000002a804115ac0, 0x000002a804114da0, 0x000002a804115430,
0x000002a8041167e0, 0x000002a8041139f0, 0x000002a804113360, 0x000002a804114710,
0x000002a804116e70, 0x000002a804114080, 0x000002a804118f40, 0x000002a80411a980,
0x000002a8041195d0, 0x000002a8041188b0, 0x000002a804119c60, 0x000002a804117b90,
0x000002a80411a2f0, 0x000002a804117500, 0x000002a804118220, 0x000002a800b026f0,
0x000002a800afff90, 0x000002a800b01340, 0x000002a800b019d0, 0x000002a800aff270,
0x000002a800b00cb0, 0x000002a800b02d80, 0x000002a800b02060, 0x000002a800aff900,
0x000002a800b03410, 0x000002a800b03aa0, 0x000002a800b00620, 0x000002a800b04130,
0x000002a800b04e50, 0x000002a800b054e0, 0x000002a800b047c0, 0x000002a800b05b70,
0x000002a7d50ca120, 0x000002a7d43ba9c0
}

Java Threads: ( => current thread )
  0x000002a7d5a4f480 JavaThread "main"                              [_thread_blocked, id=3392, stack(0x000000f805400000,0x000000f805500000) (1024K)]
  0x000002a78a9c8420 JavaThread "Reference Handler"          daemon [_thread_blocked, id=13952, stack(0x000000f805c00000,0x000000f805d00000) (1024K)]
  0x000002a78a9cbba0 JavaThread "Finalizer"                  daemon [_thread_blocked, id=8128, stack(0x000000f805d00000,0x000000f805e00000) (1024K)]
  0x000002a78a9cf320 JavaThread "Signal Dispatcher"          daemon [_thread_blocked, id=18888, stack(0x000000f805e00000,0x000000f805f00000) (1024K)]
  0x000002a78a9cfd70 JavaThread "Attach Listener"            daemon [_thread_blocked, id=7356, stack(0x000000f805f00000,0x000000f806000000) (1024K)]
  0x000002a78a9d07c0 JavaThread "Service Thread"             daemon [_thread_blocked, id=20980, stack(0x000000f806000000,0x000000f806100000) (1024K)]
  0x000002a78a9d1210 JavaThread "Monitor Deflation Thread"   daemon [_thread_blocked, id=14256, stack(0x000000f806100000,0x000000f806200000) (1024K)]
  0x000002a78a9d4cc0 JavaThread "C2 CompilerThread0"         daemon [_thread_blocked, id=6492, stack(0x000000f806200000,0x000000f806300000) (1024K)]
  0x000002a78a9db710 JavaThread "C1 CompilerThread0"         daemon [_thread_blocked, id=20340, stack(0x000000f806300000,0x000000f806400000) (1024K)]
  0x000002a78a9f9440 JavaThread "Common-Cleaner"             daemon [_thread_blocked, id=19656, stack(0x000000f806400000,0x000000f806500000) (1024K)]
  0x000002a78d50ded0 JavaThread "Notification Thread"        daemon [_thread_blocked, id=20552, stack(0x000000f806600000,0x000000f806700000) (1024K)]
  0x000002a7d3d96a60 JavaThread "Daemon health stats"               [_thread_blocked, id=8600, stack(0x000000f806d00000,0x000000f806e00000) (1024K)]
  0x000002a78d2f4ed0 JavaThread "Incoming local TCP Connector on port 3206"        [_thread_in_native, id=6632, stack(0x000000f806e00000,0x000000f806f00000) (1024K)]
  0x000002a78d4afbc0 JavaThread "Daemon periodic checks"            [_thread_blocked, id=15544, stack(0x000000f806f00000,0x000000f807000000) (1024K)]
  0x000002a78d4e23e0 JavaThread "Daemon"                            [_thread_blocked, id=12536, stack(0x000000f807000000,0x000000f807100000) (1024K)]
  0x000002a7d3f90680 JavaThread "Handler for socket connection from /127.0.0.1:3206 to /127.0.0.1:3209"        [_thread_in_native, id=18636, stack(0x000000f807100000,0x000000f807200000) (1024K)]
  0x000002a7d3411930 JavaThread "Cancel handler"                    [_thread_blocked, id=6284, stack(0x000000f807200000,0x000000f807300000) (1024K)]
=>0x000002a7d3f51860 JavaThread "Daemon worker"                     [_thread_in_vm, id=5156, stack(0x000000f807300000,0x000000f807400000) (1024K)]
  0x000002a7d3f58fd0 JavaThread "Asynchronous log dispatcher for DefaultDaemonConnection: socket connection from /127.0.0.1:3206 to /127.0.0.1:3209"        [_thread_blocked, id=14528, stack(0x000000f807400000,0x000000f807500000) (1024K)]
  0x000002a78d326da0 JavaThread "Stdin handler"                     [_thread_blocked, id=15568, stack(0x000000f807500000,0x000000f807600000) (1024K)]
  0x000002a78d326710 JavaThread "Daemon client event forwarder"        [_thread_blocked, id=15604, stack(0x000000f807600000,0x000000f807700000) (1024K)]
  0x000002a78d328e70 JavaThread "Cache worker for journal cache (C:\Users\babak\.gradle\caches\journal-1)"        [_thread_blocked, id=12840, stack(0x000000f807700000,0x000000f807800000) (1024K)]
  0x000002a78d3259f0 JavaThread "File lock request listener"        [_thread_in_native, id=19376, stack(0x000000f807800000,0x000000f807900000) (1024K)]
  0x000002a78d327ac0 JavaThread "Cache worker for file hash cache (C:\Users\babak\.gradle\caches\8.12\fileHashes)"        [_thread_blocked, id=4424, stack(0x000000f807900000,0x000000f807a00000) (1024K)]
  0x000002a78d327430 JavaThread "Cache worker for file hash cache (D:\hesabixArc\hesabixUI\hesabix_ui\android\.gradle\8.12\fileHashes)"        [_thread_blocked, id=9660, stack(0x000000f807d00000,0x000000f807e00000) (1024K)]
  0x000002a78d3287e0 JavaThread "Cache worker for Build Output Cleanup Cache (D:\hesabixArc\hesabixUI\hesabix_ui\android\.gradle\buildOutputCleanup)"        [_thread_blocked, id=14944, stack(0x000000f807e00000,0x000000f807f00000) (1024K)]
  0x000002a78d326080 JavaThread "jar transforms"                    [_thread_blocked, id=6532, stack(0x000000f807c00000,0x000000f807d00000) (1024K)]
  0x000002a78d328150 JavaThread "jar transforms Thread 2"           [_thread_blocked, id=19204, stack(0x000000f807f00000,0x000000f808000000) (1024K)]
  0x000002a80094e6d0 JavaThread "jar transforms Thread 3"           [_thread_blocked, id=18328, stack(0x000000f808000000,0x000000f808100000) (1024K)]
  0x000002a80094ed60 JavaThread "jar transforms Thread 4"           [_thread_blocked, id=2560, stack(0x000000f808100000,0x000000f808200000) (1024K)]
  0x000002a80094f3f0 JavaThread "jar transforms Thread 5"           [_thread_blocked, id=4724, stack(0x000000f807a00000,0x000000f807b00000) (1024K)]
  0x000002a80094d9b0 JavaThread "Cache worker for checksums cache (D:\hesabixArc\hesabixUI\hesabix_ui\android\.gradle\8.12\checksums)"        [_thread_blocked, id=4160, stack(0x000000f808400000,0x000000f808500000) (1024K)]
  0x000002a80094fa80 JavaThread "Cache worker for file content cache (C:\Users\babak\.gradle\caches\8.12\fileContent)"        [_thread_blocked, id=12588, stack(0x000000f808500000,0x000000f808600000) (1024K)]
  0x000002a80094e040 JavaThread "jar transforms Thread 6"           [_thread_blocked, id=17136, stack(0x000000f808300000,0x000000f808400000) (1024K)]
  0x000002a8009507a0 JavaThread "jar transforms Thread 7"           [_thread_blocked, id=8328, stack(0x000000f808600000,0x000000f808700000) (1024K)]
  0x000002a80094d320 JavaThread "jar transforms Thread 8"           [_thread_blocked, id=17764, stack(0x000000f808700000,0x000000f808800000) (1024K)]
  0x000002a7d4996110 JavaThread "Cache worker for cache directory md-rule (C:\Users\babak\.gradle\caches\8.12\md-rule)"        [_thread_blocked, id=13036, stack(0x000000f808200000,0x000000f808300000) (1024K)]
  0x000002a7d49967a0 JavaThread "Cache worker for cache directory md-supplier (C:\Users\babak\.gradle\caches\8.12\md-supplier)"        [_thread_blocked, id=17480, stack(0x000000f808800000,0x000000f808900000) (1024K)]
  0x000002a7d49974c0 JavaThread "Cache worker for Build Output Cleanup Cache (C:\Users\babak\Development\flutter\packages\flutter_tools\gradle\.gradle\buildOutputCleanup)"        [_thread_blocked, id=14656, stack(0x000000f808a00000,0x000000f808b00000) (1024K)]
  0x000002a7d4995a80 JavaThread "Unconstrained build operations"        [_thread_blocked, id=15052, stack(0x000000f808c00000,0x000000f808d00000) (1024K)]
  0x000002a7d4994040 JavaThread "Unconstrained build operations Thread 2"        [_thread_blocked, id=4396, stack(0x000000f808d00000,0x000000f808e00000) (1024K)]
  0x000002a7d4994d60 JavaThread "Unconstrained build operations Thread 3"        [_thread_blocked, id=9804, stack(0x000000f808e00000,0x000000f808f00000) (1024K)]
  0x000002a7d4997b50 JavaThread "Unconstrained build operations Thread 4"        [_thread_blocked, id=19192, stack(0x000000f808f00000,0x000000f809000000) (1024K)]
  0x000002a7d4996e30 JavaThread "Unconstrained build operations Thread 5"        [_thread_blocked, id=15220, stack(0x000000f809000000,0x000000f809100000) (1024K)]
  0x000002a7d4998870 JavaThread "Unconstrained build operations Thread 6"        [_thread_blocked, id=17320, stack(0x000000f809100000,0x000000f809200000) (1024K)]
  0x000002a7d49981e0 JavaThread "Unconstrained build operations Thread 7"        [_thread_blocked, id=18448, stack(0x000000f809200000,0x000000f809300000) (1024K)]
  0x000002a7d49953f0 JavaThread "Unconstrained build operations Thread 8"        [_thread_blocked, id=3760, stack(0x000000f809300000,0x000000f809400000) (1024K)]
  0x000002a7d4998f00 JavaThread "Unconstrained build operations Thread 9"        [_thread_blocked, id=16460, stack(0x000000f809400000,0x000000f809500000) (1024K)]
  0x000002a7d4999590 JavaThread "Unconstrained build operations Thread 10"        [_thread_blocked, id=17488, stack(0x000000f809500000,0x000000f809600000) (1024K)]
  0x000002a7d4999c20 JavaThread "Unconstrained build operations Thread 11"        [_thread_blocked, id=15848, stack(0x000000f809600000,0x000000f809700000) (1024K)]
  0x000002a7d499a940 JavaThread "Unconstrained build operations Thread 12"        [_thread_blocked, id=904, stack(0x000000f809700000,0x000000f809800000) (1024K)]
  0x000002a7d499a2b0 JavaThread "Unconstrained build operations Thread 13"        [_thread_blocked, id=16544, stack(0x000000f809800000,0x000000f809900000) (1024K)]
  0x000002a7d499afd0 JavaThread "Unconstrained build operations Thread 14"        [_thread_blocked, id=4124, stack(0x000000f809900000,0x000000f809a00000) (1024K)]
  0x000002a7d499b660 JavaThread "Unconstrained build operations Thread 15"        [_thread_blocked, id=12304, stack(0x000000f808b00000,0x000000f808c00000) (1024K)]
  0x000002a78d8b6470 JavaThread "Unconstrained build operations Thread 16"        [_thread_blocked, id=21396, stack(0x000000f809a00000,0x000000f809b00000) (1024K)]
  0x000002a78d8b5750 JavaThread "Unconstrained build operations Thread 17"        [_thread_blocked, id=18376, stack(0x000000f809b00000,0x000000f809c00000) (1024K)]
  0x000002a78d8b5de0 JavaThread "Unconstrained build operations Thread 18"        [_thread_blocked, id=6852, stack(0x000000f809c00000,0x000000f809d00000) (1024K)]
  0x000002a78d8b6b00 JavaThread "Unconstrained build operations Thread 19"        [_thread_blocked, id=8576, stack(0x000000f809d00000,0x000000f809e00000) (1024K)]
  0x000002a78d8b7190 JavaThread "Unconstrained build operations Thread 20"        [_thread_blocked, id=5616, stack(0x000000f809e00000,0x000000f809f00000) (1024K)]
  0x000002a78d8b7820 JavaThread "Unconstrained build operations Thread 21"        [_thread_blocked, id=16996, stack(0x000000f809f00000,0x000000f80a000000) (1024K)]
  0x000002a78d8b7eb0 JavaThread "Memory manager"                    [_thread_blocked, id=4728, stack(0x000000f80a100000,0x000000f80a200000) (1024K)]
  0x000002a78d8b4a30 JavaThread "File lock release action executor"        [_thread_blocked, id=16280, stack(0x000000f80a000000,0x000000f80a100000) (1024K)]
  0x000002a78d8b50c0 JavaThread "build event listener"              [_thread_blocked, id=20320, stack(0x000000f80a200000,0x000000f80a300000) (1024K)]
  0x000002a7d4dd2250 JavaThread "included builds"                   [_thread_blocked, id=14964, stack(0x000000f80a400000,0x000000f80a500000) (1024K)]
  0x000002a7d4dd0180 JavaThread "Execution worker"                  [_thread_blocked, id=20028, stack(0x000000f80a500000,0x000000f80a600000) (1024K)]
  0x000002a7d4dd1530 JavaThread "Execution worker Thread 2"         [_thread_blocked, id=17496, stack(0x000000f80a600000,0x000000f80a700000) (1024K)]
  0x000002a7d4dd4320 JavaThread "Execution worker Thread 3"         [_thread_blocked, id=16324, stack(0x000000f80a700000,0x000000f80a800000) (1024K)]
  0x000002a7d4dd3c90 JavaThread "Execution worker Thread 4"         [_thread_blocked, id=21492, stack(0x000000f80a800000,0x000000f80a900000) (1024K)]
  0x000002a7d4dd0ea0 JavaThread "Execution worker Thread 5"         [_thread_blocked, id=4720, stack(0x000000f80a900000,0x000000f80aa00000) (1024K)]
  0x000002a7d4dd49b0 JavaThread "Execution worker Thread 6"         [_thread_blocked, id=9080, stack(0x000000f80aa00000,0x000000f80ab00000) (1024K)]
  0x000002a7d4dd5040 JavaThread "Execution worker Thread 7"         [_thread_blocked, id=19760, stack(0x000000f80ab00000,0x000000f80ac00000) (1024K)]
  0x000002a7d4dd1bc0 JavaThread "Cache worker for execution history cache (C:\Users\babak\Development\flutter\packages\flutter_tools\gradle\.gradle\8.12\executionHistory)"        [_thread_blocked, id=19696, stack(0x000000f80ac00000,0x000000f80ad00000) (1024K)]
  0x000002a7d4dd56d0 JavaThread "Unconstrained build operations Thread 22"        [_thread_blocked, id=18196, stack(0x000000f80ad00000,0x000000f80ae00000) (1024K)]
  0x000002a7d4dd2f70 JavaThread "Unconstrained build operations Thread 23"        [_thread_blocked, id=19784, stack(0x000000f80ae00000,0x000000f80af00000) (1024K)]
  0x000002a7d4dd63f0 JavaThread "Unconstrained build operations Thread 24"        [_thread_blocked, id=10704, stack(0x000000f80af00000,0x000000f80b000000) (1024K)]
  0x000002a7d4dd3600 JavaThread "Unconstrained build operations Thread 25"        [_thread_blocked, id=19716, stack(0x000000f80b000000,0x000000f80b100000) (1024K)]
  0x000002a7d4dd5d60 JavaThread "Unconstrained build operations Thread 26"        [_thread_blocked, id=3876, stack(0x000000f80b100000,0x000000f80b200000) (1024K)]
  0x000002a7d4dd6a80 JavaThread "Unconstrained build operations Thread 27"        [_thread_blocked, id=5332, stack(0x000000f80b200000,0x000000f80b300000) (1024K)]
  0x000002a7d4dd7110 JavaThread "Unconstrained build operations Thread 28"        [_thread_blocked, id=8636, stack(0x000000f80b300000,0x000000f80b400000) (1024K)]
  0x000002a7d4dd77a0 JavaThread "Unconstrained build operations Thread 29"        [_thread_blocked, id=19236, stack(0x000000f805200000,0x000000f805300000) (1024K)]
  0x000002a804116150 JavaThread "Unconstrained build operations Thread 30"        [_thread_blocked, id=11040, stack(0x000000f80b400000,0x000000f80b500000) (1024K)]
  0x000002a804115ac0 JavaThread "Unconstrained build operations Thread 31"        [_thread_blocked, id=6612, stack(0x000000f80b500000,0x000000f80b600000) (1024K)]
  0x000002a804114da0 JavaThread "Unconstrained build operations Thread 32"        [_thread_blocked, id=15704, stack(0x000000f80b600000,0x000000f80b700000) (1024K)]
  0x000002a804115430 JavaThread "Unconstrained build operations Thread 33"        [_thread_blocked, id=4792, stack(0x000000f80b700000,0x000000f80b800000) (1024K)]
  0x000002a8041167e0 JavaThread "Unconstrained build operations Thread 34"        [_thread_blocked, id=13604, stack(0x000000f80b800000,0x000000f80b900000) (1024K)]
  0x000002a8041139f0 JavaThread "Unconstrained build operations Thread 35"        [_thread_blocked, id=1904, stack(0x000000f80b900000,0x000000f80ba00000) (1024K)]
  0x000002a804113360 JavaThread "Unconstrained build operations Thread 36"        [_thread_blocked, id=5308, stack(0x000000f80ba00000,0x000000f80bb00000) (1024K)]
  0x000002a804114710 JavaThread "Unconstrained build operations Thread 37"        [_thread_blocked, id=16788, stack(0x000000f80bb00000,0x000000f80bc00000) (1024K)]
  0x000002a804116e70 JavaThread "Unconstrained build operations Thread 38"        [_thread_blocked, id=5948, stack(0x000000f80bc00000,0x000000f80bd00000) (1024K)]
  0x000002a804114080 JavaThread "Unconstrained build operations Thread 39"        [_thread_blocked, id=12800, stack(0x000000f80bd00000,0x000000f80be00000) (1024K)]
  0x000002a804118f40 JavaThread "Unconstrained build operations Thread 40"        [_thread_blocked, id=10700, stack(0x000000f80be00000,0x000000f80bf00000) (1024K)]
  0x000002a80411a980 JavaThread "Unconstrained build operations Thread 41"        [_thread_blocked, id=16196, stack(0x000000f80bf00000,0x000000f80c000000) (1024K)]
  0x000002a8041195d0 JavaThread "Unconstrained build operations Thread 42"        [_thread_blocked, id=16820, stack(0x000000f80c000000,0x000000f80c100000) (1024K)]
  0x000002a8041188b0 JavaThread "Unconstrained build operations Thread 43"        [_thread_blocked, id=18348, stack(0x000000f80c100000,0x000000f80c200000) (1024K)]
  0x000002a804119c60 JavaThread "Unconstrained build operations Thread 44"        [_thread_blocked, id=16900, stack(0x000000f80c200000,0x000000f80c300000) (1024K)]
  0x000002a804117b90 JavaThread "Unconstrained build operations Thread 45"        [_thread_blocked, id=996, stack(0x000000f80c300000,0x000000f80c400000) (1024K)]
  0x000002a80411a2f0 JavaThread "Unconstrained build operations Thread 46"        [_thread_blocked, id=20136, stack(0x000000f80c400000,0x000000f80c500000) (1024K)]
  0x000002a804117500 JavaThread "Unconstrained build operations Thread 47"        [_thread_blocked, id=19680, stack(0x000000f80c500000,0x000000f80c600000) (1024K)]
  0x000002a804118220 JavaThread "Unconstrained build operations Thread 48"        [_thread_blocked, id=17388, stack(0x000000f80c600000,0x000000f80c700000) (1024K)]
  0x000002a800b026f0 JavaThread "Unconstrained build operations Thread 49"        [_thread_blocked, id=16132, stack(0x000000f80c700000,0x000000f80c800000) (1024K)]
  0x000002a800afff90 JavaThread "Unconstrained build operations Thread 50"        [_thread_blocked, id=7936, stack(0x000000f80c800000,0x000000f80c900000) (1024K)]
  0x000002a800b01340 JavaThread "Unconstrained build operations Thread 51"        [_thread_blocked, id=13564, stack(0x000000f80c900000,0x000000f80ca00000) (1024K)]
  0x000002a800b019d0 JavaThread "Unconstrained build operations Thread 52"        [_thread_blocked, id=10772, stack(0x000000f80ca00000,0x000000f80cb00000) (1024K)]
  0x000002a800aff270 JavaThread "Unconstrained build operations Thread 53"        [_thread_blocked, id=17608, stack(0x000000f80cb00000,0x000000f80cc00000) (1024K)]
  0x000002a800b00cb0 JavaThread "Unconstrained build operations Thread 54"        [_thread_blocked, id=20596, stack(0x000000f80cc00000,0x000000f80cd00000) (1024K)]
  0x000002a800b02d80 JavaThread "Unconstrained build operations Thread 55"        [_thread_blocked, id=17056, stack(0x000000f80cd00000,0x000000f80ce00000) (1024K)]
  0x000002a800b02060 JavaThread "Unconstrained build operations Thread 56"        [_thread_blocked, id=8664, stack(0x000000f80ce00000,0x000000f80cf00000) (1024K)]
  0x000002a800aff900 JavaThread "Unconstrained build operations Thread 57"        [_thread_blocked, id=18476, stack(0x000000f80cf00000,0x000000f80d000000) (1024K)]
  0x000002a800b03410 JavaThread "Unconstrained build operations Thread 58"        [_thread_blocked, id=6580, stack(0x000000f80d000000,0x000000f80d100000) (1024K)]
  0x000002a800b03aa0 JavaThread "Unconstrained build operations Thread 59"        [_thread_blocked, id=4332, stack(0x000000f80d100000,0x000000f80d200000) (1024K)]
  0x000002a800b00620 JavaThread "Unconstrained build operations Thread 60"        [_thread_blocked, id=20892, stack(0x000000f80d200000,0x000000f80d300000) (1024K)]
  0x000002a800b04130 JavaThread "Unconstrained build operations Thread 61"        [_thread_blocked, id=8332, stack(0x000000f80d300000,0x000000f80d400000) (1024K)]
  0x000002a800b04e50 JavaThread "Unconstrained build operations Thread 62"        [_thread_blocked, id=1068, stack(0x000000f80d400000,0x000000f80d500000) (1024K)]
  0x000002a800b054e0 JavaThread "Unconstrained build operations Thread 63"        [_thread_blocked, id=1796, stack(0x000000f80d500000,0x000000f80d600000) (1024K)]
  0x000002a800b047c0 JavaThread "Unconstrained build operations Thread 64"        [_thread_blocked, id=13072, stack(0x000000f80d600000,0x000000f80d700000) (1024K)]
  0x000002a800b05b70 JavaThread "Unconstrained build operations Thread 65"        [_thread_blocked, id=2728, stack(0x000000f80d700000,0x000000f80d800000) (1024K)]
  0x000002a7d50ca120 JavaThread "build event listener"              [_thread_blocked, id=404, stack(0x000000f80a300000,0x000000f80a400000) (1024K)]
  0x000002a7d43ba9c0 JavaThread "C2 CompilerThread1"         daemon [_thread_blocked, id=14152, stack(0x000000f808900000,0x000000f808a00000) (1024K)]
Total: 118

Other Threads:
  0x000002a78a9a93e0 VMThread "VM Thread"                           [id=308, stack(0x000000f805b00000,0x000000f805c00000) (1024K)]
  0x000002a78a995cd0 WatcherThread "VM Periodic Task Thread"        [id=9012, stack(0x000000f805a00000,0x000000f805b00000) (1024K)]
  0x000002a7d5afa700 WorkerThread "GC Thread#0"                     [id=14932, stack(0x000000f805500000,0x000000f805600000) (1024K)]
  0x000002a78d812b20 WorkerThread "GC Thread#1"                     [id=19348, stack(0x000000f806700000,0x000000f806800000) (1024K)]
  0x000002a78d631c70 WorkerThread "GC Thread#2"                     [id=18908, stack(0x000000f806800000,0x000000f806900000) (1024K)]
  0x000002a78d632010 WorkerThread "GC Thread#3"                     [id=15020, stack(0x000000f806900000,0x000000f806a00000) (1024K)]
  0x000002a78d644e70 WorkerThread "GC Thread#4"                     [id=12988, stack(0x000000f806a00000,0x000000f806b00000) (1024K)]
  0x000002a78d645210 WorkerThread "GC Thread#5"                     [id=5456, stack(0x000000f806b00000,0x000000f806c00000) (1024K)]
  0x000002a78d604e30 WorkerThread "GC Thread#6"                     [id=2056, stack(0x000000f806500000,0x000000f806600000) (1024K)]
  0x000002a78d6051d0 WorkerThread "GC Thread#7"                     [id=8564, stack(0x000000f806c00000,0x000000f806d00000) (1024K)]
  0x000002a7d5b0d480 ConcurrentGCThread "G1 Main Marker"            [id=8832, stack(0x000000f805600000,0x000000f805700000) (1024K)]
  0x000002a7d5b0de90 WorkerThread "G1 Conc#0"                       [id=20352, stack(0x000000f805700000,0x000000f805800000) (1024K)]
  0x000002a78dac3510 WorkerThread "G1 Conc#1"                       [id=10676, stack(0x000000f807b00000,0x000000f807c00000) (1024K)]
  0x000002a78a865b20 ConcurrentGCThread "G1 Refine#0"               [id=20280, stack(0x000000f805800000,0x000000f805900000) (1024K)]
  0x000002a78a8665a0 ConcurrentGCThread "G1 Service"                [id=8740, stack(0x000000f805900000,0x000000f805a00000) (1024K)]
Total: 15

Threads with active compile tasks:
Total: 0

VM state: not at safepoint (normal execution)

VM Mutex/Monitor currently owned by a thread:  ([mutex/lock_event])
[0x00007ff9aa63c308] Metaspace_lock - owner thread: 0x000002a7d3f51860

Heap address: 0x0000000600000000, size: 8192 MB, Compressed Oops mode: Zero based, Oop shift amount: 3

CDS archive(s) mapped at: [0x000002a78e000000-0x000002a78ec80000-0x000002a78ec80000), size 13107200, SharedBaseAddress: 0x000002a78e000000, ArchiveRelocationMode: 1.
Compressed class space mapped at: 0x000002a78f000000-0x000002a7cf000000, reserved size: 1073741824
Narrow klass base: 0x000002a78e000000, Narrow klass shift: 0, Narrow klass range: 0x100000000

GC Precious Log:
 CardTable entry size: 512
 Card Set container configuration: InlinePtr #cards 4 size 8 Array Of Cards #cards 32 size 80 Howl #buckets 8 coarsen threshold 7372 Howl Bitmap #cards 1024 size 144 coarsen threshold 921 Card regions per heap region 1 cards per card region 8192
 CPUs: 8 total, 8 available
 Memory: 16315M
 Large Page Support: Disabled
 NUMA Support: Disabled
 Compressed Oops: Enabled (Zero based)
 Heap Region Size: 4M
 Heap Min Capacity: 8M
 Heap Initial Capacity: 256M
 Heap Max Capacity: 8G
 Pre-touch: Disabled
 Parallel Workers: 8
 Concurrent Workers: 2
 Concurrent Refinement Workers: 8
 Periodic GC: Disabled

Heap:
 garbage-first heap   total 245760K, used 155558K [0x0000000600000000, 0x0000000800000000)
  region size 4096K, 11 young (45056K), 3 survivors (12288K)
 Metaspace       used 106000K, committed 108416K, reserved 1179648K
  class space    used 14718K, committed 15936K, reserved 1048576K

Heap Regions: E=young(eden), S=young(survivor), O=old, HS=humongous(starts), HC=humongous(continues), CS=collection set, F=free, TAMS=top-at-mark-start, PB=parsable bottom
|   0|0x0000000600000000, 0x0000000600400000, 0x0000000600400000|100%|HS|  |TAMS 0x0000000600000000| PB 0x0000000600000000| Complete 
|   1|0x0000000600400000, 0x0000000600800000, 0x0000000600800000|100%| O|  |TAMS 0x0000000600400000| PB 0x0000000600400000| Untracked 
|   2|0x0000000600800000, 0x0000000600c00000, 0x0000000600c00000|100%| O|  |TAMS 0x0000000600800000| PB 0x0000000600800000| Untracked 
|   3|0x0000000600c00000, 0x0000000601000000, 0x0000000601000000|100%| O|  |TAMS 0x0000000600c00000| PB 0x0000000600c00000| Untracked 
|   4|0x0000000601000000, 0x0000000601400000, 0x0000000601400000|100%| O|  |TAMS 0x0000000601000000| PB 0x0000000601000000| Untracked 
|   5|0x0000000601400000, 0x0000000601800000, 0x0000000601800000|100%| O|  |TAMS 0x0000000601400000| PB 0x0000000601400000| Untracked 
|   6|0x0000000601800000, 0x0000000601c00000, 0x0000000601c00000|100%| O|  |TAMS 0x0000000601800000| PB 0x0000000601800000| Untracked 
|   7|0x0000000601c00000, 0x0000000602000000, 0x0000000602000000|100%|HS|  |TAMS 0x0000000601c00000| PB 0x0000000601c00000| Complete 
|   8|0x0000000602000000, 0x0000000602400000, 0x0000000602400000|100%| O|  |TAMS 0x0000000602000000| PB 0x0000000602000000| Untracked 
|   9|0x0000000602400000, 0x0000000602800000, 0x0000000602800000|100%|HS|  |TAMS 0x0000000602400000| PB 0x0000000602400000| Complete 
|  10|0x0000000602800000, 0x0000000602c00000, 0x0000000602c00000|100%| O|  |TAMS 0x0000000602800000| PB 0x0000000602800000| Untracked 
|  11|0x0000000602c00000, 0x0000000603000000, 0x0000000603000000|100%| O|  |TAMS 0x0000000602c00000| PB 0x0000000602c00000| Untracked 
|  12|0x0000000603000000, 0x0000000603400000, 0x0000000603400000|100%| O|  |TAMS 0x0000000603000000| PB 0x0000000603000000| Untracked 
|  13|0x0000000603400000, 0x0000000603800000, 0x0000000603800000|100%| O|  |TAMS 0x0000000603400000| PB 0x0000000603400000| Untracked 
|  14|0x0000000603800000, 0x0000000603c00000, 0x0000000603c00000|100%| O|  |TAMS 0x0000000603800000| PB 0x0000000603800000| Untracked 
|  15|0x0000000603c00000, 0x0000000604000000, 0x0000000604000000|100%| O|  |TAMS 0x0000000603c00000| PB 0x0000000603c00000| Untracked 
|  16|0x0000000604000000, 0x0000000604400000, 0x0000000604400000|100%| O|  |TAMS 0x0000000604000000| PB 0x0000000604000000| Untracked 
|  17|0x0000000604400000, 0x0000000604800000, 0x0000000604800000|100%| O|  |TAMS 0x0000000604400000| PB 0x0000000604400000| Untracked 
|  18|0x0000000604800000, 0x0000000604c00000, 0x0000000604c00000|100%| O|  |TAMS 0x0000000604800000| PB 0x0000000604800000| Untracked 
|  19|0x0000000604c00000, 0x0000000605000000, 0x0000000605000000|100%| O|  |TAMS 0x0000000604c00000| PB 0x0000000604c00000| Untracked 
|  20|0x0000000605000000, 0x0000000605400000, 0x0000000605400000|100%| O|  |TAMS 0x0000000605000000| PB 0x0000000605000000| Untracked 
|  21|0x0000000605400000, 0x0000000605800000, 0x0000000605800000|100%| O|  |TAMS 0x0000000605400000| PB 0x0000000605400000| Untracked 
|  22|0x0000000605800000, 0x0000000605af4120, 0x0000000605c00000| 73%| O|  |TAMS 0x0000000605800000| PB 0x0000000605800000| Untracked 
|  23|0x0000000605c00000, 0x0000000606000000, 0x0000000606000000|100%| O|  |TAMS 0x0000000605c00000| PB 0x0000000605c00000| Untracked 
|  24|0x0000000606000000, 0x0000000606400000, 0x0000000606400000|100%| O|  |TAMS 0x0000000606000000| PB 0x0000000606000000| Untracked 
|  25|0x0000000606400000, 0x0000000606800000, 0x0000000606800000|100%| O|  |TAMS 0x0000000606400000| PB 0x0000000606400000| Untracked 
|  26|0x0000000606800000, 0x0000000606800000, 0x0000000606c00000|  0%| F|  |TAMS 0x0000000606800000| PB 0x0000000606800000| Untracked 
|  27|0x0000000606c00000, 0x0000000606c00000, 0x0000000607000000|  0%| F|  |TAMS 0x0000000606c00000| PB 0x0000000606c00000| Untracked 
|  28|0x0000000607000000, 0x0000000607000000, 0x0000000607400000|  0%| F|  |TAMS 0x0000000607000000| PB 0x0000000607000000| Untracked 
|  29|0x0000000607400000, 0x0000000607400000, 0x0000000607800000|  0%| F|  |TAMS 0x0000000607400000| PB 0x0000000607400000| Untracked 
|  30|0x0000000607800000, 0x0000000607800000, 0x0000000607c00000|  0%| F|  |TAMS 0x0000000607800000| PB 0x0000000607800000| Untracked 
|  31|0x0000000607c00000, 0x0000000607cf59a0, 0x0000000608000000| 23%| S|CS|TAMS 0x0000000607c00000| PB 0x0000000607c00000| Complete 
|  32|0x0000000608000000, 0x0000000608400000, 0x0000000608400000|100%| S|CS|TAMS 0x0000000608000000| PB 0x0000000608000000| Complete 
|  33|0x0000000608400000, 0x0000000608800000, 0x0000000608800000|100%| S|CS|TAMS 0x0000000608400000| PB 0x0000000608400000| Complete 
|  34|0x0000000608800000, 0x0000000608800000, 0x0000000608c00000|  0%| F|  |TAMS 0x0000000608800000| PB 0x0000000608800000| Untracked 
|  35|0x0000000608c00000, 0x0000000608c00000, 0x0000000609000000|  0%| F|  |TAMS 0x0000000608c00000| PB 0x0000000608c00000| Untracked 
|  36|0x0000000609000000, 0x0000000609000000, 0x0000000609400000|  0%| F|  |TAMS 0x0000000609000000| PB 0x0000000609000000| Untracked 
|  37|0x0000000609400000, 0x0000000609400000, 0x0000000609800000|  0%| F|  |TAMS 0x0000000609400000| PB 0x0000000609400000| Untracked 
|  38|0x0000000609800000, 0x0000000609800000, 0x0000000609c00000|  0%| F|  |TAMS 0x0000000609800000| PB 0x0000000609800000| Untracked 
|  39|0x0000000609c00000, 0x0000000609c00000, 0x000000060a000000|  0%| F|  |TAMS 0x0000000609c00000| PB 0x0000000609c00000| Untracked 
|  40|0x000000060a000000, 0x000000060a000000, 0x000000060a400000|  0%| F|  |TAMS 0x000000060a000000| PB 0x000000060a000000| Untracked 
|  41|0x000000060a400000, 0x000000060a400000, 0x000000060a800000|  0%| F|  |TAMS 0x000000060a400000| PB 0x000000060a400000| Untracked 
|  42|0x000000060a800000, 0x000000060a800000, 0x000000060ac00000|  0%| F|  |TAMS 0x000000060a800000| PB 0x000000060a800000| Untracked 
|  43|0x000000060ac00000, 0x000000060ac00000, 0x000000060b000000|  0%| F|  |TAMS 0x000000060ac00000| PB 0x000000060ac00000| Untracked 
|  44|0x000000060b000000, 0x000000060b000000, 0x000000060b400000|  0%| F|  |TAMS 0x000000060b000000| PB 0x000000060b000000| Untracked 
|  45|0x000000060b400000, 0x000000060b400000, 0x000000060b800000|  0%| F|  |TAMS 0x000000060b400000| PB 0x000000060b400000| Untracked 
|  46|0x000000060b800000, 0x000000060b800000, 0x000000060bc00000|  0%| F|  |TAMS 0x000000060b800000| PB 0x000000060b800000| Untracked 
|  47|0x000000060bc00000, 0x000000060bc00000, 0x000000060c000000|  0%| F|  |TAMS 0x000000060bc00000| PB 0x000000060bc00000| Untracked 
|  48|0x000000060c000000, 0x000000060c000000, 0x000000060c400000|  0%| F|  |TAMS 0x000000060c000000| PB 0x000000060c000000| Untracked 
|  49|0x000000060c400000, 0x000000060c588fe8, 0x000000060c800000| 38%| E|  |TAMS 0x000000060c400000| PB 0x000000060c400000| Complete 
|  50|0x000000060c800000, 0x000000060cc00000, 0x000000060cc00000|100%| E|CS|TAMS 0x000000060c800000| PB 0x000000060c800000| Complete 
|  51|0x000000060cc00000, 0x000000060d000000, 0x000000060d000000|100%| E|CS|TAMS 0x000000060cc00000| PB 0x000000060cc00000| Complete 
|  52|0x000000060d000000, 0x000000060d400000, 0x000000060d400000|100%| E|CS|TAMS 0x000000060d000000| PB 0x000000060d000000| Complete 
|  53|0x000000060d400000, 0x000000060d800000, 0x000000060d800000|100%| E|CS|TAMS 0x000000060d400000| PB 0x000000060d400000| Complete 
|  54|0x000000060d800000, 0x000000060dc00000, 0x000000060dc00000|100%| E|CS|TAMS 0x000000060d800000| PB 0x000000060d800000| Complete 
|  63|0x000000060fc00000, 0x0000000610000000, 0x0000000610000000|100%| E|CS|TAMS 0x000000060fc00000| PB 0x000000060fc00000| Complete 
|2044|0x00000007ff000000, 0x00000007ff400000, 0x00000007ff400000|100%| O|  |TAMS 0x00000007ff000000| PB 0x00000007ff000000| Untracked 
|2045|0x00000007ff400000, 0x00000007ff800000, 0x00000007ff800000|100%| E|CS|TAMS 0x00000007ff400000| PB 0x00000007ff400000| Complete 
|2046|0x00000007ff800000, 0x00000007ffc00000, 0x00000007ffc00000|100%| O|  |TAMS 0x00000007ff800000| PB 0x00000007ff800000| Untracked 
|2047|0x00000007ffc00000, 0x0000000800000000, 0x0000000800000000|100%| O|  |TAMS 0x00000007ffc00000| PB 0x00000007ffc00000| Untracked 

Card table byte_map: [0x000002a781770000,0x000002a782770000] _byte_map_base: 0x000002a77e770000

Marking Bits: (CMBitMap*) 0x000002a7d5afbd20
 Bits: [0x000002a782770000, 0x000002a78a770000)

Polling page: 0x000002a7d5e30000

Metaspace:

Usage:
  Non-class:     89.14 MB used.
      Class:     14.37 MB used.
       Both:    103.52 MB used.

Virtual space:
  Non-class space:      128.00 MB reserved,      90.31 MB ( 71%) committed,  2 nodes.
      Class space:        1.00 GB reserved,      15.56 MB (  2%) committed,  1 nodes.
             Both:        1.12 GB reserved,     105.88 MB (  9%) committed. 

Chunk freelists:
   Non-Class:  4.95 MB
       Class:  460.00 KB
        Both:  5.40 MB

MaxMetaspaceSize: 4.00 GB
CompressedClassSpaceSize: 1.00 GB
Initial GC threshold: 21.00 MB
Current GC threshold: 152.44 MB
CDS: on
 - commit_granule_bytes: 65536.
 - commit_granule_words: 8192.
 - virtual_space_node_default_size: 8388608.
 - enlarge_chunks_in_place: 1.
 - use_allocation_guard: 0.


Internal statistics:

num_allocs_failed_limit: 12.
num_arena_births: 4430.
num_arena_deaths: 0.
num_vsnodes_births: 3.
num_vsnodes_deaths: 0.
num_space_committed: 1694.
num_space_uncommitted: 0.
num_chunks_returned_to_freelist: 12.
num_chunks_taken_from_freelist: 9453.
num_chunk_merges: 9.
num_chunk_splits: 6072.
num_chunks_enlarged: 3741.
num_inconsistent_stats: 0.

CodeHeap 'non-profiled nmethods': size=259264Kb used=7743Kb max_used=7743Kb free=251520Kb
 bounds [0x000002a7efd40000, 0x000002a7f04d0000, 0x000002a7ffa70000]
CodeHeap 'profiled nmethods': size=259264Kb used=21843Kb max_used=21843Kb free=237420Kb
 bounds [0x000002a7dfa70000, 0x000002a7e0fd0000, 0x000002a7ef7a0000]
CodeHeap 'non-nmethods': size=5760Kb used=2948Kb max_used=2978Kb free=2811Kb
 bounds [0x000002a7ef7a0000, 0x000002a7efaa0000, 0x000002a7efd40000]
 total_blobs=12530 nmethods=11503 adapters=931
 compilation: enabled
              stopped_count=0, restarted_count=0
 full_count=0

Compilation events (20 events):
Event: 42.374 Thread 0x000002a78a9db710 13561       1       sun.security.x509.CertificateAlgorithmId::getAlgId (5 bytes)
Event: 42.374 Thread 0x000002a78a9db710 nmethod 13561 0x000002a7f04cf110 code [0x000002a7f04cf2a0, 0x000002a7f04cf370]
Event: 42.374 Thread 0x000002a78a9db710 13562       1       sun.security.x509.BasicConstraintsExtension::getName (3 bytes)
Event: 42.374 Thread 0x000002a78a9db710 nmethod 13562 0x000002a7f04cf410 code [0x000002a7f04cf5a0, 0x000002a7f04cf670]
Event: 42.375 Thread 0x000002a78a9db710 13563       3       sun.security.util.BitArray::toByteArray (11 bytes)
Event: 42.375 Thread 0x000002a78a9db710 nmethod 13563 0x000002a7e0fbbf10 code [0x000002a7e0fbc0c0, 0x000002a7e0fbc390]
Event: 42.375 Thread 0x000002a78a9db710 13564   !   3       sun.security.x509.X500Name::parseDER (115 bytes)
Event: 42.377 Thread 0x000002a78a9db710 nmethod 13564 0x000002a7e0fbc490 code [0x000002a7e0fbc840, 0x000002a7e0fbe0e8]
Event: 42.377 Thread 0x000002a78a9db710 13565       3       sun.util.calendar.BaseCalendar::getFixedDate (324 bytes)
Event: 42.377 Thread 0x000002a78a9d4cc0 13567       4       sun.security.util.ObjectIdentifier::check (80 bytes)
Event: 42.379 Thread 0x000002a78a9db710 nmethod 13565 0x000002a7e0fbea10 code [0x000002a7e0fbed60, 0x000002a7e0fc0c60]
Event: 42.379 Thread 0x000002a78a9db710 13568       3       sun.security.jca.ProviderList$ServiceList::tryGet (304 bytes)
Event: 42.380 Thread 0x000002a78a9d4cc0 nmethod 13567 0x000002a7f04cf710 code [0x000002a7f04cf8a0, 0x000002a7f04cfa60]
Event: 42.381 Thread 0x000002a78a9db710 nmethod 13568 0x000002a7e0fc1690 code [0x000002a7e0fc1a00, 0x000002a7e0fc2fd8]
Event: 42.381 Thread 0x000002a78a9db710 13566       3       java.security.Provider$Service::getDefaultConstructor (84 bytes)
Event: 42.381 Thread 0x000002a78a9db710 nmethod 13566 0x000002a7e0fc3710 code [0x000002a7e0fc3980, 0x000002a7e0fc4740]
Event: 42.381 Thread 0x000002a78a9db710 13569       1       sun.security.util.DerValue::resetTag (6 bytes)
Event: 42.382 Thread 0x000002a78a9db710 nmethod 13569 0x000002a7f04cfb90 code [0x000002a7f04cfd20, 0x000002a7f04cfde8]
Event: 42.382 Thread 0x000002a78a9db710 13570   !   3       java.util.Collections$SynchronizedMap::get (25 bytes)
Event: 42.382 Thread 0x000002a78a9db710 nmethod 13570 0x000002a7e0fc4a10 code [0x000002a7e0fc4bc0, 0x000002a7e0fc4e90]

GC Heap History (20 events):
Event: 31.995 GC heap before
{Heap before GC invocations=29 (full 0):
 garbage-first heap   total 151552K, used 126003K [0x0000000600000000, 0x0000000800000000)
  region size 4096K, 12 young (49152K), 1 survivors (4096K)
 Metaspace       used 76463K, committed 78656K, reserved 1179648K
  class space    used 10808K, committed 11904K, reserved 1048576K
}
Event: 32.002 GC heap after
{Heap after GC invocations=30 (full 0):
 garbage-first heap   total 184320K, used 84152K [0x0000000600000000, 0x0000000800000000)
  region size 4096K, 1 young (4096K), 1 survivors (4096K)
 Metaspace       used 76463K, committed 78656K, reserved 1179648K
  class space    used 10808K, committed 11904K, reserved 1048576K
}
Event: 32.833 GC heap before
{Heap before GC invocations=30 (full 0):
 garbage-first heap   total 184320K, used 157880K [0x0000000600000000, 0x0000000800000000)
  region size 4096K, 19 young (77824K), 1 survivors (4096K)
 Metaspace       used 76472K, committed 78656K, reserved 1179648K
  class space    used 10808K, committed 11904K, reserved 1048576K
}
Event: 32.840 GC heap after
{Heap after GC invocations=31 (full 0):
 garbage-first heap   total 184320K, used 86375K [0x0000000600000000, 0x0000000800000000)
  region size 4096K, 2 young (8192K), 2 survivors (8192K)
 Metaspace       used 76472K, committed 78656K, reserved 1179648K
  class space    used 10808K, committed 11904K, reserved 1048576K
}
Event: 33.927 GC heap before
{Heap before GC invocations=31 (full 0):
 garbage-first heap   total 184320K, used 156007K [0x0000000600000000, 0x0000000800000000)
  region size 4096K, 20 young (81920K), 2 survivors (8192K)
 Metaspace       used 78349K, committed 80640K, reserved 1179648K
  class space    used 11029K, committed 12160K, reserved 1048576K
}
Event: 33.941 GC heap after
{Heap after GC invocations=32 (full 0):
 garbage-first heap   total 192512K, used 107532K [0x0000000600000000, 0x0000000800000000)
  region size 4096K, 3 young (12288K), 3 survivors (12288K)
 Metaspace       used 78349K, committed 80640K, reserved 1179648K
  class space    used 11029K, committed 12160K, reserved 1048576K
}
Event: 34.722 GC heap before
{Heap before GC invocations=32 (full 0):
 garbage-first heap   total 192512K, used 156684K [0x0000000600000000, 0x0000000800000000)
  region size 4096K, 15 young (61440K), 3 survivors (12288K)
 Metaspace       used 82309K, committed 84608K, reserved 1179648K
  class space    used 11456K, committed 12608K, reserved 1048576K
}
Event: 34.730 GC heap after
{Heap after GC invocations=33 (full 0):
 garbage-first heap   total 192512K, used 111064K [0x0000000600000000, 0x0000000800000000)
  region size 4096K, 1 young (4096K), 1 survivors (4096K)
 Metaspace       used 82309K, committed 84608K, reserved 1179648K
  class space    used 11456K, committed 12608K, reserved 1048576K
}
Event: 35.585 GC heap before
{Heap before GC invocations=34 (full 0):
 garbage-first heap   total 192512K, used 160216K [0x0000000600000000, 0x0000000800000000)
  region size 4096K, 13 young (53248K), 1 survivors (4096K)
 Metaspace       used 84590K, committed 86912K, reserved 1179648K
  class space    used 11771K, committed 12928K, reserved 1048576K
}
Event: 35.592 GC heap after
{Heap after GC invocations=35 (full 0):
 garbage-first heap   total 192512K, used 116459K [0x0000000600000000, 0x0000000800000000)
  region size 4096K, 2 young (8192K), 2 survivors (8192K)
 Metaspace       used 84590K, committed 86912K, reserved 1179648K
  class space    used 11771K, committed 12928K, reserved 1048576K
}
Event: 36.368 GC heap before
{Heap before GC invocations=35 (full 0):
 garbage-first heap   total 192512K, used 161515K [0x0000000600000000, 0x0000000800000000)
  region size 4096K, 14 young (57344K), 2 survivors (8192K)
 Metaspace       used 88307K, committed 90560K, reserved 1179648K
  class space    used 12258K, committed 13376K, reserved 1048576K
}
Event: 36.377 GC heap after
{Heap after GC invocations=36 (full 0):
 garbage-first heap   total 192512K, used 116926K [0x0000000600000000, 0x0000000800000000)
  region size 4096K, 1 young (4096K), 1 survivors (4096K)
 Metaspace       used 88307K, committed 90560K, reserved 1179648K
  class space    used 12258K, committed 13376K, reserved 1048576K
}
Event: 37.232 GC heap before
{Heap before GC invocations=36 (full 0):
 garbage-first heap   total 192512K, used 170174K [0x0000000600000000, 0x0000000800000000)
  region size 4096K, 14 young (57344K), 1 survivors (4096K)
 Metaspace       used 91344K, committed 93632K, reserved 1179648K
  class space    used 12661K, committed 13824K, reserved 1048576K
}
Event: 37.240 GC heap after
{Heap after GC invocations=37 (full 0):
 garbage-first heap   total 192512K, used 121171K [0x0000000600000000, 0x0000000800000000)
  region size 4096K, 2 young (8192K), 2 survivors (8192K)
 Metaspace       used 91344K, committed 93632K, reserved 1179648K
  class space    used 12661K, committed 13824K, reserved 1048576K
}
Event: 38.043 GC heap before
{Heap before GC invocations=38 (full 0):
 garbage-first heap   total 204800K, used 166227K [0x0000000600000000, 0x0000000800000000)
  region size 4096K, 14 young (57344K), 2 survivors (8192K)
 Metaspace       used 93089K, committed 95424K, reserved 1179648K
  class space    used 12895K, committed 14080K, reserved 1048576K
}
Event: 38.050 GC heap after
{Heap after GC invocations=39 (full 0):
 garbage-first heap   total 204800K, used 123462K [0x0000000600000000, 0x0000000800000000)
  region size 4096K, 1 young (4096K), 1 survivors (4096K)
 Metaspace       used 93089K, committed 95424K, reserved 1179648K
  class space    used 12895K, committed 14080K, reserved 1048576K
}
Event: 39.159 GC heap before
{Heap before GC invocations=39 (full 0):
 garbage-first heap   total 204800K, used 180806K [0x0000000600000000, 0x0000000800000000)
  region size 4096K, 15 young (61440K), 1 survivors (4096K)
 Metaspace       used 97290K, committed 99648K, reserved 1179648K
  class space    used 13598K, committed 14784K, reserved 1048576K
}
Event: 39.165 GC heap after
{Heap after GC invocations=40 (full 0):
 garbage-first heap   total 245760K, used 122846K [0x0000000600000000, 0x0000000800000000)
  region size 4096K, 2 young (8192K), 2 survivors (8192K)
 Metaspace       used 97290K, committed 99648K, reserved 1179648K
  class space    used 13598K, committed 14784K, reserved 1048576K
}
Event: 41.489 GC heap before
{Heap before GC invocations=40 (full 0):
 garbage-first heap   total 245760K, used 217054K [0x0000000600000000, 0x0000000800000000)
  region size 4096K, 25 young (102400K), 2 survivors (8192K)
 Metaspace       used 102949K, committed 105408K, reserved 1179648K
  class space    used 14387K, committed 15616K, reserved 1048576K
}
Event: 41.498 GC heap after
{Heap after GC invocations=41 (full 0):
 garbage-first heap   total 245760K, used 126886K [0x0000000600000000, 0x0000000800000000)
  region size 4096K, 3 young (12288K), 3 survivors (12288K)
 Metaspace       used 102949K, committed 105408K, reserved 1179648K
  class space    used 14387K, committed 15616K, reserved 1048576K
}

Dll operation events (16 events):
Event: 0.025 Loaded shared library C:\Program Files\Eclipse Adoptium\jdk-21.0.7.6-hotspot\bin\java.dll
Event: 0.149 Loaded shared library C:\Program Files\Eclipse Adoptium\jdk-21.0.7.6-hotspot\bin\jsvml.dll
Event: 0.212 Loaded shared library C:\Program Files\Eclipse Adoptium\jdk-21.0.7.6-hotspot\bin\zip.dll
Event: 0.220 Loaded shared library C:\Program Files\Eclipse Adoptium\jdk-21.0.7.6-hotspot\bin\instrument.dll
Event: 0.229 Loaded shared library C:\Program Files\Eclipse Adoptium\jdk-21.0.7.6-hotspot\bin\net.dll
Event: 0.233 Loaded shared library C:\Program Files\Eclipse Adoptium\jdk-21.0.7.6-hotspot\bin\nio.dll
Event: 0.240 Loaded shared library C:\Program Files\Eclipse Adoptium\jdk-21.0.7.6-hotspot\bin\zip.dll
Event: 0.784 Loaded shared library C:\Program Files\Eclipse Adoptium\jdk-21.0.7.6-hotspot\bin\jimage.dll
Event: 1.079 Loaded shared library C:\Program Files\Eclipse Adoptium\jdk-21.0.7.6-hotspot\bin\verify.dll
Event: 1.397 Loaded shared library C:\Users\babak\.gradle\native\1def1411415f61bf3af743bc5b6707747c0891f09f0c88961ee8f79bc544acac\windows-amd64\native-platform.dll
Event: 1.414 Loaded shared library C:\Users\babak\.gradle\native\0.2.5\x86_64-windows-gnu\gradle-fileevents.dll
Event: 6.130 Loaded shared library C:\Program Files\Eclipse Adoptium\jdk-21.0.7.6-hotspot\bin\management.dll
Event: 6.149 Loaded shared library C:\Program Files\Eclipse Adoptium\jdk-21.0.7.6-hotspot\bin\management_ext.dll
Event: 7.108 Loaded shared library C:\Program Files\Eclipse Adoptium\jdk-21.0.7.6-hotspot\bin\extnet.dll
Event: 7.817 Loaded shared library C:\Program Files\Eclipse Adoptium\jdk-21.0.7.6-hotspot\bin\sunmscapi.dll
Event: 9.182 Loaded shared library C:\Users\babak\AppData\Local\Temp\native-platform6904890200852890167dir\gradle-fileevents.dll

Deoptimization events (20 events):
Event: 42.218 Thread 0x000002a7d3f51860 Uncommon trap: trap_request=0xffffff45 fr.pc=0x000002a7effdba84 relative=0x0000000000000304
Event: 42.218 Thread 0x000002a7d3f51860 Uncommon trap: reason=unstable_if action=reinterpret pc=0x000002a7effdba84 method=java.io.BufferedInputStream.fill()V @ 10 c2
Event: 42.218 Thread 0x000002a7d3f51860 DEOPT PACKING pc=0x000002a7effdba84 sp=0x000000f8073f6b00
Event: 42.218 Thread 0x000002a7d3f51860 DEOPT UNPACKING pc=0x000002a7ef7f46a2 sp=0x000000f8073f6aa8 mode 2
Event: 42.218 Thread 0x000002a7d3f51860 Uncommon trap: trap_request=0xffffff45 fr.pc=0x000002a7f03dac0c relative=0x00000000000007ac
Event: 42.218 Thread 0x000002a7d3f51860 Uncommon trap: reason=unstable_if action=reinterpret pc=0x000002a7f03dac0c method=java.io.BufferedInputStream.implRead([BII)I @ 30 c2
Event: 42.218 Thread 0x000002a7d3f51860 DEOPT PACKING pc=0x000002a7f03dac0c sp=0x000000f8073f6b60
Event: 42.218 Thread 0x000002a7d3f51860 DEOPT UNPACKING pc=0x000002a7ef7f46a2 sp=0x000000f8073f6b28 mode 2
Event: 42.297 Thread 0x000002a7d3f51860 Uncommon trap: trap_request=0xffffff45 fr.pc=0x000002a7f0361084 relative=0x00000000000002c4
Event: 42.297 Thread 0x000002a7d3f51860 Uncommon trap: reason=unstable_if action=reinterpret pc=0x000002a7f0361084 method=java.net.URI$Parser.scan(IIJJ)I @ 42 c2
Event: 42.297 Thread 0x000002a7d3f51860 DEOPT PACKING pc=0x000002a7f0361084 sp=0x000000f8073f5fb0
Event: 42.331 Thread 0x000002a7d3f51860 DEOPT UNPACKING pc=0x000002a7ef7f46a2 sp=0x000000f8073f5e90 mode 2
Event: 42.336 Thread 0x000002a7d3f51860 Uncommon trap: trap_request=0xffffff45 fr.pc=0x000002a7f0002c04 relative=0x00000000000002c4
Event: 42.336 Thread 0x000002a7d3f51860 Uncommon trap: reason=unstable_if action=reinterpret pc=0x000002a7f0002c04 method=java.net.URI$Parser.scan(IIJJ)I @ 42 c2
Event: 42.336 Thread 0x000002a7d3f51860 DEOPT PACKING pc=0x000002a7f0002c04 sp=0x000000f8073f5ee0
Event: 42.336 Thread 0x000002a7d3f51860 DEOPT UNPACKING pc=0x000002a7ef7f46a2 sp=0x000000f8073f5e88 mode 2
Event: 42.384 Thread 0x000002a7d3f51860 Uncommon trap: trap_request=0xffffffc6 fr.pc=0x000002a7f029420c relative=0x0000000000000a2c
Event: 42.384 Thread 0x000002a7d3f51860 Uncommon trap: reason=bimorphic_or_optimized_type_check action=maybe_recompile pc=0x000002a7f029420c method=com.google.common.cache.LocalCache$Segment.setValue(Lcom/google/common/cache/ReferenceEntry;Ljava/lang/Object;Ljava/lang/Object;J)V @ 51 c2
Event: 42.384 Thread 0x000002a7d3f51860 DEOPT PACKING pc=0x000002a7f029420c sp=0x000000f8073f7440
Event: 42.384 Thread 0x000002a7d3f51860 DEOPT UNPACKING pc=0x000002a7ef7f46a2 sp=0x000000f8073f73d8 mode 2

Classes loaded (20 events):
Event: 42.438 Loading class sun/security/ssl/SignatureScheme
Event: 42.439 Loading class sun/security/ssl/SignatureScheme done
Event: 42.440 Loading class sun/security/provider/SHA5$SHA384
Event: 42.440 Loading class sun/security/provider/SHA5$SHA384 done
Event: 42.445 Loading class java/security/spec/EdDSAParameterSpec
Event: 42.445 Loading class java/security/spec/EdDSAParameterSpec done
Event: 42.447 Loading class sun/security/util/math/IntegerFieldModuloP
Event: 42.447 Loading class sun/security/util/math/IntegerFieldModuloP done
Event: 42.450 Loading class sun/security/util/math/intpoly/IntegerPolynomial25519
Event: 42.450 Loading class sun/security/util/math/intpoly/IntegerPolynomial
Event: 42.451 Loading class sun/security/util/math/intpoly/IntegerPolynomial done
Event: 42.451 Loading class sun/security/util/math/intpoly/IntegerPolynomial25519 done
Event: 42.451 Loading class sun/security/util/math/intpoly/Curve25519OrderField
Event: 42.452 Loading class sun/security/util/math/intpoly/Curve25519OrderField done
Event: 42.452 Loading class sun/security/util/math/intpoly/IntegerPolynomial$ImmutableElement
Event: 42.452 Loading class sun/security/util/math/ImmutableIntegerModuloP
Event: 42.452 Loading class sun/security/util/math/IntegerModuloP
Event: 42.452 Loading class sun/security/util/math/IntegerModuloP done
Event: 42.453 Loading class sun/security/util/math/ImmutableIntegerModuloP done
Event: 42.453 Loading class sun/security/util/math/intpoly/IntegerPolynomial$Element

Classes unloaded (0 events):
No events

Classes redefined (0 events):
No events

Internal exceptions (20 events):
Event: 40.845 Thread 0x000002a7d3f51860 Exception <a 'java/lang/ClassNotFoundException'{0x0000000609d17b08}: com/android/build/gradle/internal/api/BaseVariantOutputImplBeanInfo> (0x0000000609d17b08) 
thrown [s\src\hotspot\share\classfile\systemDictionary.cpp, line 312]
Event: 40.846 Thread 0x000002a7d3f51860 Exception <a 'java/lang/ClassNotFoundException'{0x0000000609d28990}: com/android/build/gradle/internal/api/BaseVariantOutputImplCustomizer> (0x0000000609d28990) 
thrown [s\src\hotspot\share\classfile\systemDictionary.cpp, line 312]
Event: 40.848 Thread 0x000002a7d3f51860 Exception <a 'java/lang/ClassNotFoundException'{0x0000000609d4bab8}: com/android/build/gradle/internal/api/ApkVariantOutputImplCustomizer> (0x0000000609d4bab8) 
thrown [s\src\hotspot\share\classfile\systemDictionary.cpp, line 312]
Event: 40.852 Thread 0x000002a7d3f51860 Exception <a 'java/lang/ClassNotFoundException'{0x0000000609d69de0}: com/android/build/gradle/internal/api/ApkVariantOutputImpl_DecoratedCustomizer> (0x0000000609d69de0) 
thrown [s\src\hotspot\share\classfile\systemDictionary.cpp, line 312]
Event: 41.067 Thread 0x000002a7d3f51860 Exception <a 'java/lang/ClassNotFoundException'{0x000000060944e358}: com/android/build/gradle/internal/api/ReadOnlyBuildTypeBeanInfo> (0x000000060944e358) 
thrown [s\src\hotspot\share\classfile\systemDictionary.cpp, line 312]
Event: 41.068 Thread 0x000002a7d3f51860 Exception <a 'java/lang/ClassNotFoundException'{0x000000060945f178}: com/android/build/gradle/internal/api/ReadOnlyBaseConfigBeanInfo> (0x000000060945f178) 
thrown [s\src\hotspot\share\classfile\systemDictionary.cpp, line 312]
Event: 41.070 Thread 0x000002a7d3f51860 Exception <a 'java/lang/ClassNotFoundException'{0x0000000609470370}: com/android/build/gradle/internal/api/ReadOnlyBaseConfigCustomizer> (0x0000000609470370) 
thrown [s\src\hotspot\share\classfile\systemDictionary.cpp, line 312]
Event: 41.072 Thread 0x000002a7d3f51860 Exception <a 'java/lang/ClassNotFoundException'{0x00000006094920f0}: com/android/build/gradle/internal/api/ReadOnlyBuildTypeCustomizer> (0x00000006094920f0) 
thrown [s\src\hotspot\share\classfile\systemDictionary.cpp, line 312]
Event: 41.963 Thread 0x000002a7d3f51860 Exception <a 'java/lang/ClassNotFoundException'{0x000000060d08eeb0}: build_akv63z7dcc7rj0den4g2znrtwBeanInfo> (0x000000060d08eeb0) 
thrown [s\src\hotspot\share\classfile\systemDictionary.cpp, line 312]
Event: 41.964 Thread 0x000002a7d3f51860 Exception <a 'java/lang/ClassNotFoundException'{0x000000060d098a28}: org/gradle/api/internal/project/ProjectScriptBeanInfo> (0x000000060d098a28) 
thrown [s\src\hotspot\share\classfile\systemDictionary.cpp, line 312]
Event: 41.964 Thread 0x000002a7d3f51860 Exception <a 'java/lang/ClassNotFoundException'{0x000000060d0a2730}: org/gradle/plugin/use/internal/PluginsAwareScriptBeanInfo> (0x000000060d0a2730) 
thrown [s\src\hotspot\share\classfile\systemDictionary.cpp, line 312]
Event: 41.965 Thread 0x000002a7d3f51860 Exception <a 'java/lang/ClassNotFoundException'{0x000000060d0ac430}: org/gradle/plugin/use/internal/PluginsAwareScriptCustomizer> (0x000000060d0ac430) 
thrown [s\src\hotspot\share\classfile\systemDictionary.cpp, line 312]
Event: 41.971 Thread 0x000002a7d3f51860 Exception <a 'java/lang/ClassNotFoundException'{0x000000060d0be058}: org/gradle/api/internal/project/ProjectScriptCustomizer> (0x000000060d0be058) 
thrown [s\src\hotspot\share\classfile\systemDictionary.cpp, line 312]
Event: 41.977 Thread 0x000002a7d3f51860 Exception <a 'java/lang/ClassNotFoundException'{0x000000060d0d5308}: build_akv63z7dcc7rj0den4g2znrtwCustomizer> (0x000000060d0d5308) 
thrown [s\src\hotspot\share\classfile\systemDictionary.cpp, line 312]
Event: 41.993 Thread 0x000002a7d3f51860 Exception <a 'java/lang/ClassNotFoundException'{0x000000060d11ec40}: org/gradle/plugin/use/internal/PluginRequestCollector$PluginDependenciesSpecImplBeanInfo> (0x000000060d11ec40) 
thrown [s\src\hotspot\share\classfile\systemDictionary.cpp, line 312]
Event: 41.994 Thread 0x000002a7d3f51860 Exception <a 'java/lang/ClassNotFoundException'{0x000000060d132878}: org/gradle/plugin/use/internal/PluginRequestCollector$PluginDependenciesSpecImplCustomizer> (0x000000060d132878) 
thrown [s\src\hotspot\share\classfile\systemDictionary.cpp, line 312]
Event: 41.996 Thread 0x000002a7d3f51860 Exception <a 'java/lang/NoSuchMethodError'{0x000000060d140f98}: 'java.lang.Object java.lang.invoke.DirectMethodHandle$Holder.invokeVirtual(java.lang.Object, java.lang.Object, java.lang.Object, int)'> (0x000000060d140f98) 
thrown [s\src\hotspot\share\interpreter\linkResolver.cpp, line 773]
Event: 42.002 Thread 0x000002a7d3f51860 Exception <a 'java/lang/ClassNotFoundException'{0x000000060d182cb0}: org/gradle/plugin/use/internal/PluginRequestCollector$PluginDependencySpecImplBeanInfo> (0x000000060d182cb0) 
thrown [s\src\hotspot\share\classfile\systemDictionary.cpp, line 312]
Event: 42.004 Thread 0x000002a7d3f51860 Exception <a 'java/lang/ClassNotFoundException'{0x000000060d195878}: org/gradle/plugin/use/internal/PluginRequestCollector$PluginDependencySpecImplCustomizer> (0x000000060d195878) 
thrown [s\src\hotspot\share\classfile\systemDictionary.cpp, line 312]
Event: 42.109 Thread 0x000002a7d3f51860 Exception <a 'sun/nio/fs/WindowsException'{0x000000060cc375e0}> (0x000000060cc375e0) 
thrown [s\src\hotspot\share\prims\jni.cpp, line 520]

ZGC Phase Switch (0 events):
No events

VM Operations (20 events):
Event: 40.301 Executing VM operation: ICBufferFull
Event: 40.301 Executing VM operation: ICBufferFull done
Event: 41.220 Executing VM operation: HandshakeAllThreads (Deoptimize)
Event: 41.221 Executing VM operation: HandshakeAllThreads (Deoptimize) done
Event: 41.290 Executing VM operation: ICBufferFull
Event: 41.290 Executing VM operation: ICBufferFull done
Event: 41.489 Executing VM operation: G1CollectForAllocation (G1 Evacuation Pause)
Event: 41.498 Executing VM operation: G1CollectForAllocation (G1 Evacuation Pause) done
Event: 42.115 Executing VM operation: HandshakeAllThreads (Deoptimize)
Event: 42.115 Executing VM operation: HandshakeAllThreads (Deoptimize) done
Event: 42.131 Executing VM operation: HandshakeAllThreads (Deoptimize)
Event: 42.132 Executing VM operation: HandshakeAllThreads (Deoptimize) done
Event: 42.137 Executing VM operation: HandshakeAllThreads (Deoptimize)
Event: 42.137 Executing VM operation: HandshakeAllThreads (Deoptimize) done
Event: 42.226 Executing VM operation: HandshakeAllThreads (Deoptimize)
Event: 42.226 Executing VM operation: HandshakeAllThreads (Deoptimize) done
Event: 42.428 Executing VM operation: ICBufferFull
Event: 42.429 Executing VM operation: ICBufferFull done
Event: 42.442 Executing VM operation: HandshakeAllThreads (Deoptimize)
Event: 42.443 Executing VM operation: HandshakeAllThreads (Deoptimize) done

Memory protections (0 events):
No events

Nmethod flushes (20 events):
Event: 37.380 Thread 0x000002a78a9a93e0 flushing  nmethod 0x000002a7e04d9710
Event: 37.380 Thread 0x000002a78a9a93e0 flushing  nmethod 0x000002a7e052cf90
Event: 37.380 Thread 0x000002a78a9a93e0 flushing  nmethod 0x000002a7e052d490
Event: 37.380 Thread 0x000002a78a9a93e0 flushing  nmethod 0x000002a7e052df10
Event: 37.380 Thread 0x000002a78a9a93e0 flushing  nmethod 0x000002a7e0577690
Event: 37.380 Thread 0x000002a78a9a93e0 flushing  nmethod 0x000002a7e0578510
Event: 37.380 Thread 0x000002a78a9a93e0 flushing  nmethod 0x000002a7e057e410
Event: 37.380 Thread 0x000002a78a9a93e0 flushing  nmethod 0x000002a7e0594610
Event: 37.380 Thread 0x000002a78a9a93e0 flushing  nmethod 0x000002a7e05d0c90
Event: 37.380 Thread 0x000002a78a9a93e0 flushing  nmethod 0x000002a7e0602510
Event: 37.380 Thread 0x000002a78a9a93e0 flushing  nmethod 0x000002a7e0604590
Event: 37.380 Thread 0x000002a78a9a93e0 flushing  nmethod 0x000002a7e0607010
Event: 37.380 Thread 0x000002a78a9a93e0 flushing  nmethod 0x000002a7e063d990
Event: 37.380 Thread 0x000002a78a9a93e0 flushing  nmethod 0x000002a7e063e090
Event: 37.380 Thread 0x000002a78a9a93e0 flushing  nmethod 0x000002a7e063f590
Event: 37.380 Thread 0x000002a78a9a93e0 flushing  nmethod 0x000002a7e0642610
Event: 37.380 Thread 0x000002a78a9a93e0 flushing  nmethod 0x000002a7e0675310
Event: 37.380 Thread 0x000002a78a9a93e0 flushing  nmethod 0x000002a7e0681410
Event: 37.380 Thread 0x000002a78a9a93e0 flushing  nmethod 0x000002a7e0683110
Event: 37.380 Thread 0x000002a78a9a93e0 flushing  nmethod 0x000002a7e07adf10

Events (20 events):
Event: 31.642 Thread 0x000002a7d3f51860 Thread added: 0x000002a800b04e50
Event: 31.642 Thread 0x000002a7d3f51860 Thread added: 0x000002a800b054e0
Event: 31.643 Thread 0x000002a7d3f51860 Thread added: 0x000002a800b047c0
Event: 31.644 Thread 0x000002a7d3f51860 Thread added: 0x000002a800b05b70
Event: 33.946 Thread 0x000002a80148ad50 Thread exited: 0x000002a80148ad50
Event: 33.946 Thread 0x000002a801489210 Thread exited: 0x000002a801489210
Event: 34.836 Thread 0x000002a78a9db710 Thread added: 0x000002a80148ad50
Event: 35.342 Thread 0x000002a80148ad50 Thread exited: 0x000002a80148ad50
Event: 35.680 Thread 0x000002a78a9db710 Thread added: 0x000002a80148baf0
Event: 36.234 Thread 0x000002a7d3f51860 Thread added: 0x000002a7d50ca120
Event: 36.388 Thread 0x000002a80148baf0 Thread exited: 0x000002a80148baf0
Event: 36.834 Thread 0x000002a78a9db710 Thread added: 0x000002a80148f170
Event: 38.658 Thread 0x000002a80148f170 Thread exited: 0x000002a80148f170
Event: 39.556 Thread 0x000002a78a9db710 Thread added: 0x000002a80148f170
Event: 40.002 Thread 0x000002a80148f170 Thread exited: 0x000002a80148f170
Event: 40.240 Thread 0x000002a78a9db710 Thread added: 0x000002a80148baf0
Event: 40.369 Thread 0x000002a78a9db710 Thread added: 0x000002a80148c1c0
Event: 41.166 Thread 0x000002a80148c1c0 Thread exited: 0x000002a80148c1c0
Event: 42.174 Thread 0x000002a80148baf0 Thread exited: 0x000002a80148baf0
Event: 42.285 Thread 0x000002a78a9db710 Thread added: 0x000002a7d43ba9c0


Dynamic libraries:
0x00007ff6f06a0000 - 0x00007ff6f06ae000 	C:\Program Files\Eclipse Adoptium\jdk-21.0.7.6-hotspot\bin\java.exe
0x00007ffa64ec0000 - 0x00007ffa65126000 	C:\WINDOWS\SYSTEM32\ntdll.dll
0x00007ffa63df0000 - 0x00007ffa63eb9000 	C:\WINDOWS\System32\KERNEL32.DLL
0x00007ffa625b0000 - 0x00007ffa629ae000 	C:\WINDOWS\System32\KERNELBASE.dll
0x00007ffa623c0000 - 0x00007ffa6250c000 	C:\WINDOWS\System32\ucrtbase.dll
0x00007ffa49730000 - 0x00007ffa49748000 	C:\Program Files\Eclipse Adoptium\jdk-21.0.7.6-hotspot\bin\jli.dll
0x00007ffa41ba0000 - 0x00007ffa41bbe000 	C:\Program Files\Eclipse Adoptium\jdk-21.0.7.6-hotspot\bin\VCRUNTIME140.dll
0x00007ffa63ec0000 - 0x00007ffa64087000 	C:\WINDOWS\System32\USER32.dll
0x00007ffa52cc0000 - 0x00007ffa52f52000 	C:\WINDOWS\WinSxS\amd64_microsoft.windows.common-controls_6595b64144ccf1df_6.0.26100.8875_none_3e0d5d42e32fe9dd\COMCTL32.dll
0x00007ffa622d0000 - 0x00007ffa622f7000 	C:\WINDOWS\System32\win32u.dll
0x00007ffa64ce0000 - 0x00007ffa64d89000 	C:\WINDOWS\System32\msvcrt.dll
0x00007ffa64d90000 - 0x00007ffa64dbb000 	C:\WINDOWS\System32\GDI32.dll
0x00007ffa620e0000 - 0x00007ffa6220a000 	C:\WINDOWS\System32\gdi32full.dll
0x00007ffa62b40000 - 0x00007ffa62be3000 	C:\WINDOWS\System32\msvcp_win.dll
0x00007ffa64dc0000 - 0x00007ffa64df2000 	C:\WINDOWS\System32\IMM32.DLL
0x00007ffa499e0000 - 0x00007ffa499ec000 	C:\Program Files\Eclipse Adoptium\jdk-21.0.7.6-hotspot\bin\vcruntime140_1.dll
0x00007ff9c9d50000 - 0x00007ff9c9ddd000 	C:\Program Files\Eclipse Adoptium\jdk-21.0.7.6-hotspot\bin\msvcp140.dll
0x00007ff9a9990000 - 0x00007ff9aa720000 	C:\Program Files\Eclipse Adoptium\jdk-21.0.7.6-hotspot\bin\server\jvm.dll
0x00007ffa633b0000 - 0x00007ffa63467000 	C:\WINDOWS\System32\ADVAPI32.dll
0x00007ffa64130000 - 0x00007ffa641da000 	C:\WINDOWS\System32\sechost.dll
0x00007ffa63a50000 - 0x00007ffa63b68000 	C:\WINDOWS\System32\RPCRT4.dll
0x00007ffa63630000 - 0x00007ffa636b0000 	C:\WINDOWS\System32\WS2_32.dll
0x00007ffa61f40000 - 0x00007ffa61f9e000 	C:\WINDOWS\SYSTEM32\POWRPROF.dll
0x00007ffa583e0000 - 0x00007ffa58416000 	C:\WINDOWS\SYSTEM32\WINMM.dll
0x00007ffa59c30000 - 0x00007ffa59c3b000 	C:\WINDOWS\SYSTEM32\VERSION.dll
0x00007ffa61f20000 - 0x00007ffa61f34000 	C:\WINDOWS\SYSTEM32\UMPDC.dll
0x00007ffa60d80000 - 0x00007ffa60d9b000 	C:\WINDOWS\SYSTEM32\kernel.appcore.dll
0x00007ffa043c0000 - 0x00007ffa043ca000 	C:\Program Files\Eclipse Adoptium\jdk-21.0.7.6-hotspot\bin\jimage.dll
0x00007ffa53110000 - 0x00007ffa53352000 	C:\WINDOWS\SYSTEM32\DBGHELP.DLL
0x00007ffa636c0000 - 0x00007ffa63a43000 	C:\WINDOWS\System32\combase.dll
0x00007ffa63550000 - 0x00007ffa63629000 	C:\WINDOWS\System32\OLEAUT32.dll
0x00007ffa53360000 - 0x00007ffa5339b000 	C:\WINDOWS\SYSTEM32\dbgcore.DLL
0x00007ffa62300000 - 0x00007ffa623ac000 	C:\WINDOWS\System32\bcryptPrimitives.dll
0x00007ffa043b0000 - 0x00007ffa043bf000 	C:\Program Files\Eclipse Adoptium\jdk-21.0.7.6-hotspot\bin\instrument.dll
0x00007ff9fd530000 - 0x00007ff9fd54f000 	C:\Program Files\Eclipse Adoptium\jdk-21.0.7.6-hotspot\bin\java.dll
0x00007ffa64300000 - 0x00007ffa64a92000 	C:\WINDOWS\System32\SHELL32.dll
0x00007ffa5fb30000 - 0x00007ffa603c2000 	C:\WINDOWS\SYSTEM32\windows.storage.dll
0x00007ffa641f0000 - 0x00007ffa642e7000 	C:\WINDOWS\System32\SHCORE.dll
0x00007ffa64090000 - 0x00007ffa640f7000 	C:\WINDOWS\System32\shlwapi.dll
0x00007ffa62000000 - 0x00007ffa62029000 	C:\WINDOWS\SYSTEM32\profapi.dll
0x00007ff9c9c70000 - 0x00007ff9c9d47000 	C:\Program Files\Eclipse Adoptium\jdk-21.0.7.6-hotspot\bin\jsvml.dll
0x00007ff9fd4c0000 - 0x00007ff9fd4d8000 	C:\Program Files\Eclipse Adoptium\jdk-21.0.7.6-hotspot\bin\zip.dll
0x00007ffa043a0000 - 0x00007ffa043b0000 	C:\Program Files\Eclipse Adoptium\jdk-21.0.7.6-hotspot\bin\net.dll
0x00007ffa5aba0000 - 0x00007ffa5acc7000 	C:\WINDOWS\SYSTEM32\WINHTTP.dll
0x00007ffa61310000 - 0x00007ffa6137c000 	C:\WINDOWS\system32\mswsock.dll
0x00007ff9ccae0000 - 0x00007ff9ccaf6000 	C:\Program Files\Eclipse Adoptium\jdk-21.0.7.6-hotspot\bin\nio.dll
0x00007ff9fd520000 - 0x00007ff9fd530000 	C:\Program Files\Eclipse Adoptium\jdk-21.0.7.6-hotspot\bin\verify.dll
0x00007ff9ccbf0000 - 0x00007ff9ccc17000 	C:\Users\babak\.gradle\native\1def1411415f61bf3af743bc5b6707747c0891f09f0c88961ee8f79bc544acac\windows-amd64\native-platform.dll
0x00000000682b0000 - 0x0000000068323000 	C:\Users\babak\.gradle\native\0.2.5\x86_64-windows-gnu\gradle-fileevents.dll
0x00007ff9fd2e0000 - 0x00007ff9fd2ea000 	C:\Program Files\Eclipse Adoptium\jdk-21.0.7.6-hotspot\bin\management.dll
0x00007ff9fcfa0000 - 0x00007ff9fcfab000 	C:\Program Files\Eclipse Adoptium\jdk-21.0.7.6-hotspot\bin\management_ext.dll
0x00007ffa64aa0000 - 0x00007ffa64aa8000 	C:\WINDOWS\System32\PSAPI.DLL
0x00007ffa61740000 - 0x00007ffa6175b000 	C:\WINDOWS\SYSTEM32\CRYPTSP.dll
0x00007ffa60ce0000 - 0x00007ffa60d19000 	C:\WINDOWS\system32\rsaenh.dll
0x00007ffa613d0000 - 0x00007ffa61402000 	C:\WINDOWS\SYSTEM32\USERENV.dll
0x00007ffa61fd0000 - 0x00007ffa61ffa000 	C:\WINDOWS\SYSTEM32\bcrypt.dll
0x00007ffa61580000 - 0x00007ffa6158c000 	C:\WINDOWS\SYSTEM32\CRYPTBASE.dll
0x00007ffa60730000 - 0x00007ffa60763000 	C:\WINDOWS\SYSTEM32\IPHLPAPI.DLL
0x00007ffa641e0000 - 0x00007ffa641ea000 	C:\WINDOWS\System32\NSI.dll
0x00007ff9d2360000 - 0x00007ff9d2369000 	C:\Program Files\Eclipse Adoptium\jdk-21.0.7.6-hotspot\bin\extnet.dll
0x00007ff9ce670000 - 0x00007ff9ce67e000 	C:\Program Files\Eclipse Adoptium\jdk-21.0.7.6-hotspot\bin\sunmscapi.dll
0x00007ffa629c0000 - 0x00007ffa62b38000 	C:\WINDOWS\System32\CRYPT32.dll
0x00007ffa618b0000 - 0x00007ffa618e0000 	C:\WINDOWS\SYSTEM32\ncrypt.dll
0x00007ffa61860000 - 0x00007ffa6189f000 	C:\WINDOWS\SYSTEM32\NTASN1.dll
0x00007ffa0c9e0000 - 0x00007ffa0c9e8000 	C:\WINDOWS\system32\wshunix.dll
0x00000000681b0000 - 0x0000000068223000 	C:\Users\babak\AppData\Local\Temp\native-platform6904890200852890167dir\gradle-fileevents.dll
0x00007ffa4e110000 - 0x00007ffa4e128000 	C:\WINDOWS\system32\napinsp.dll
0x00007ffa60770000 - 0x00007ffa608c6000 	C:\WINDOWS\SYSTEM32\DNSAPI.dll
0x00007ffa61110000 - 0x00007ffa6111d000 	C:\WINDOWS\SYSTEM32\DSPARSE.dll
0x00007ffa4e0f0000 - 0x00007ffa4e103000 	C:\WINDOWS\System32\winrnr.dll
0x00007ffa3f8a0000 - 0x00007ffa3f8c2000 	C:\WINDOWS\system32\nlansp_c.dll
0x00007ffa3aec0000 - 0x00007ffa3aed6000 	C:\WINDOWS\system32\wshbth.dll
0x00007ffa573b0000 - 0x00007ffa573bb000 	C:\Windows\System32\rasadhlp.dll
0x00007ffa58100000 - 0x00007ffa58186000 	C:\WINDOWS\System32\fwpuclnt.dll

dbghelp: loaded successfully - version: 4.0.5 - missing functions: none
symbol engine: initialized successfully - sym options: 0x614 - pdb path: .;C:\Program Files\Eclipse Adoptium\jdk-21.0.7.6-hotspot\bin;C:\WINDOWS\SYSTEM32;C:\WINDOWS\WinSxS\amd64_microsoft.windows.common-controls_6595b64144ccf1df_6.0.26100.8875_none_3e0d5d42e32fe9dd;C:\Program Files\Eclipse Adoptium\jdk-21.0.7.6-hotspot\bin\server;C:\Users\babak\.gradle\native\1def1411415f61bf3af743bc5b6707747c0891f09f0c88961ee8f79bc544acac\windows-amd64;C:\Users\babak\.gradle\native\0.2.5\x86_64-windows-gnu;C:\Users\babak\AppData\Local\Temp\native-platform6904890200852890167dir

VM Arguments:
jvm_args: --add-opens=java.base/java.lang=ALL-UNNAMED --add-opens=java.base/java.lang.invoke=ALL-UNNAMED --add-opens=java.base/java.util=ALL-UNNAMED --add-opens=java.prefs/java.util.prefs=ALL-UNNAMED --add-exports=jdk.compiler/com.sun.tools.javac.api=ALL-UNNAMED --add-exports=jdk.compiler/com.sun.tools.javac.util=ALL-UNNAMED --add-opens=java.base/java.util=ALL-UNNAMED --add-opens=java.prefs/java.util.prefs=ALL-UNNAMED --add-opens=java.base/java.nio.charset=ALL-UNNAMED --add-opens=java.base/java.net=ALL-UNNAMED --add-opens=java.base/java.util.concurrent.atomic=ALL-UNNAMED --add-opens=java.xml/javax.xml.namespace=ALL-UNNAMED -XX:MaxMetaspaceSize=4G -XX:ReservedCodeCacheSize=512m -XX:+HeapDumpOnOutOfMemoryError -Xmx8G -Dfile.encoding=UTF-8 -Duser.country=US -Duser.language=en -Duser.variant -javaagent:C:\Users\babak\.gradle\wrapper\dists\gradle-8.12-all\5w11e38e9s8f05rwiw2wipzpb\gradle-8.12\lib\agents\gradle-instrumentation-agent-8.12.jar 
java_command: org.gradle.launcher.daemon.bootstrap.GradleDaemon 8.12
java_class_path (initial): C:\Users\babak\.gradle\wrapper\dists\gradle-8.12-all\5w11e38e9s8f05rwiw2wipzpb\gradle-8.12\lib\gradle-daemon-main-8.12.jar
Launcher Type: SUN_STANDARD

[Global flags]
     intx CICompilerCount                          = 4                                         {product} {ergonomic}
     uint ConcGCThreads                            = 2                                         {product} {ergonomic}
     uint G1ConcRefinementThreads                  = 8                                         {product} {ergonomic}
   size_t G1HeapRegionSize                         = 4194304                                   {product} {ergonomic}
    uintx GCDrainStackTargetSize                   = 64                                        {product} {ergonomic}
     bool HeapDumpOnOutOfMemoryError               = true                                   {manageable} {command line}
   size_t InitialHeapSize                          = 268435456                                 {product} {ergonomic}
   size_t MarkStackSize                            = 4194304                                   {product} {ergonomic}
   size_t MaxHeapSize                              = 8589934592                                {product} {command line}
   size_t MaxMetaspaceSize                         = 4294967296                                {product} {command line}
   size_t MaxNewSize                               = 5150605312                                {product} {ergonomic}
   size_t MinHeapDeltaBytes                        = 4194304                                   {product} {ergonomic}
   size_t MinHeapSize                              = 8388608                                   {product} {ergonomic}
    uintx NonNMethodCodeHeapSize                   = 5839372                                {pd product} {ergonomic}
    uintx NonProfiledCodeHeapSize                  = 265515770                              {pd product} {ergonomic}
    uintx ProfiledCodeHeapSize                     = 265515770                              {pd product} {ergonomic}
    uintx ReservedCodeCacheSize                    = 536870912                              {pd product} {command line}
     bool SegmentedCodeCache                       = true                                      {product} {ergonomic}
   size_t SoftMaxHeapSize                          = 8589934592                             {manageable} {ergonomic}
     bool UseCompressedOops                        = true                           {product lp64_product} {ergonomic}
     bool UseG1GC                                  = true                                      {product} {ergonomic}
     bool UseLargePagesIndividualAllocation        = false                                  {pd product} {ergonomic}

Logging:
Log output configuration:
 #0: stdout all=warning uptime,level,tags foldmultilines=false
 #1: stderr all=off uptime,level,tags foldmultilines=false

Environment Variables:
JAVA_HOME=C:\Program Files\Eclipse Adoptium\jdk-21.0.7.6-hotspot\
PATH=C:\Program Files (x86)\Common Files\Oracle\Java\java8path;C:\Program Files (x86)\Common Files\Oracle\Java\javapath;C:\Program Files\Eclipse Adoptium\jdk-21.0.7.6-hotspot\bin;C:\WINDOWS\system32;C:\WINDOWS;C:\WINDOWS\System32\Wbem;C:\WINDOWS\System32\WindowsPowerShell\v1.0\;C:\WINDOWS\System32\OpenSSH\;c:\Users\babak\AppData\Local\Programs\cursor\resources\app\bin;C:\Program Files\Git\cmd;C:\WINDOWS\system32\config\systemprofile\.dnx\bin;C:\Program Files\Microsoft DNX\Dnvm\;C:\Program Files\dotnet\;C:\Program Files\WireSock VPN Client\bin\;C:\Program Files\PuTTY\;C:\Program Files (x86)\Microsoft SQL Server\170\Tools\Binn\;C:\Program Files\Microsoft SQL Server\170\Tools\Binn\;C:\Program Files\Microsoft SQL Server\Client SDK\ODBC\180\Tools\Binn\;C:\Program Files\Microsoft SQL Server\170\DTS\Binn\;C:\Program Files (x86)\Windows Kits\10\Windows Performance Toolkit\;C:\Users\babak\AppData\Local\Programs\Python\Python313\Scripts\;C:\Users\babak\AppData\Local\Programs\Python\Python313\;C:\Users\babak\AppData\Local\Microsoft\WindowsApps;C:\Users\babak\.dotnet\tools;C:\Users\babak\Development\flutter\bin;C:\Users\babak\AppData\Local\Programs\cursor\resources\app\bin;C:\Users\babak\AppData\Local\Microsoft\WinGet\Links
USERNAME=babak
OS=Windows_NT
PROCESSOR_IDENTIFIER=Intel64 Family 6 Model 60 Stepping 3, GenuineIntel
TMP=C:\Users\babak\AppData\Local\Temp
TEMP=C:\Users\babak\AppData\Local\Temp




Periodic native trim disabled

---------------  S Y S T E M  ---------------

OS:
 Windows 11 , 64 bit Build 26100 (10.0.26100.8875)
OS uptime: 2 days 0:44 hours
Hyper-V role detected

CPU: total 8 (initial active 8) (4 cores per cpu, 2 threads per core) family 6 model 60 stepping 3 microcode 0x28, cx8, cmov, fxsr, ht, mmx, sse, sse2, sse3, ssse3, sse4.1, sse4.2, popcnt, lzcnt, tsc, tscinvbit, avx, avx2, aes, erms, clmul, bmi1, bmi2, fma, vzeroupper, clflush, hv, rdtscp, f16c
Processor Information for the first 8 processors :
  Max Mhz: 3601, Current Mhz: 3601, Mhz Limit: 3601

Memory: 4k page, system-wide physical 16315M (3915M free)
TotalPageFile size 18244M (AvailPageFile size 707M)
current process WorkingSet (physical memory assigned to process): 535M, peak: 536M
current process commit charge ("private bytes"): 578M, peak: 580M

vm_info: OpenJDK 64-Bit Server VM (21.0.7+6-LTS) for windows-amd64 JRE (21.0.7+6-LTS), built on 2025-04-15T00:00:00Z by "admin" with MS VC++ 17.7 (VS2022)

END.
